"","pixelxocc","pixel.id","fire","pix","ID","fire.occ","group","elev","fire.yr","sens","int","pue","m.npp","map","m.bare","m.shrub","m.annual","m.perennial","m.litter","group.fire.occ","group.num","fire.num"
"1","NV3984111739119990804-672-after","NV3984111739119990804-672","NV3984111739119990804","672",672,"after","fire",1507.50903320312,1999,0.454261893291782,8.93668289415667,0.507507143437605,85.18,167.840002059936,35.8,14.6,21.5,9.1,15.3,"fire-after",1,1
"2","NV3984111739119990804-672-before","NV3984111739119990804-672","NV3984111739119990804","672",672,"before","fire",1507.50903320312,1999,0.767605832987556,-91.2337699638047,0.372939198675944,86.2111111111111,231.166665818956,38.2222222222222,14.4444444444444,18.6666666666667,9.44444444444444,13.6666666666667,"fire-before",1,0
"3","NV3984111739119990804-735-after","NV3984111739119990804-735","NV3984111739119990804","735",735,"after","fire",1600.29650878906,1999,0.37424779001204,-14.9980067662042,0.29548915564682,56.27,190.430000305176,14.4,14.1,32.2,13.3,16,"fire-after",1,1
"4","NV3984111739119990804-735-before","NV3984111739119990804-735","NV3984111739119990804","735",735,"before","fire",1600.29650878906,1999,0.22785400320179,5.44082068433493,0.249068536526077,63.8777777777778,256.466668446859,23.1111111111111,19.5555555555556,20,10.5555555555556,14.8888888888889,"fire-before",1,0
"5","NV3984111739119990804-80-after","NV3984111739119990804-80","NV3984111739119990804","80",80,"after","fire",1542.7724609375,1999,0.393848279707251,-24.5605280248447,0.264874231576783,50.44,190.430000305176,15.7,10,35.6,13.5,18.6,"fire-after",1,1
"6","NV3984111739119990804-80-before","NV3984111739119990804-80","NV3984111739119990804","80",80,"before","fire",1542.7724609375,1999,0.368755458128845,-29.8734838179,0.252274497858992,64.7,256.466668446859,25,12.1111111111111,28.8888888888889,13.2222222222222,15.1111111111111,"fire-before",1,0
"7","NV3984111739119990804-809-after","NV3984111739119990804-809","NV3984111739119990804","809",809,"after","fire",1553.24145507812,1999,0.5586071058203,9.22444866816692,0.60704720797534,115.6,190.430000305176,16.7,11.5,35.3,13.2,18.5,"fire-after",1,1
"8","NV3984111739119990804-809-before","NV3984111739119990804-809","NV3984111739119990804","809",809,"before","fire",1553.24145507812,1999,0.575821304818317,-44.6567494452547,0.40169829025392,103.022222222222,256.466668446859,25.1111111111111,14.4444444444444,24.5555555555556,12.1111111111111,15.3333333333333,"fire-before",1,0
"9","NV3999711796820000725-903-after","NV3999711796820000725-903","NV3999711796820000725","903",903,"after","fire",1635.29968261719,2000,0.107243736296457,51.7870449628877,0.331342766668575,76.57,231.090000152588,21.6,12.1,17.3,13.3,10.7,"fire-after",1,1
"10","NV3999711796820000725-903-before","NV3999711796820000725-903","NV3999711796820000725","903",903,"before","fire",1635.29968261719,2000,0.032754873239089,85.6559539175823,0.323298706282261,95.3125,294.812500476837,23,16.75,12.75,14.75,10,"fire-before",1,0
"11","NV4007011712019990804-116-after","NV4007011712019990804-116","NV4007011712019990804","116",116,"after","fire",1722.18176269531,1999,0.495724042227958,25.2284243359225,0.605978496665606,138.66,228.820000648498,14.3,10.8,33.1,15.2,15.4,"fire-after",1,1
"12","NV4007011712019990804-116-before","NV4007011712019990804-116","NV4007011712019990804","116",116,"before","fire",1722.18176269531,1999,0.365736579693201,-1.73189622992372,0.3601238664648,111.122222222222,308.566669887967,25.2222222222222,22.7777777777778,14.1111111111111,13.5555555555556,16.4444444444444,"fire-before",1,0
"13","NV4007011712019990804-435-after","NV4007011712019990804-435","NV4007011712019990804","435",435,"after","fire",1720.39001464844,1999,0.508264130810443,15.759001258346,0.577134864197749,132.06,228.820000648498,14.4,12.7,29.5,15,15,"fire-after",1,1
"14","NV4007011712019990804-435-before","NV4007011712019990804-435","NV4007011712019990804","435",435,"before","fire",1720.39001464844,1999,0.324210470487906,8.29278811206933,0.351085661237056,108.333333333333,308.566669887967,24.5555555555556,23.7777777777778,12.6666666666667,13.3333333333333,15.8888888888889,"fire-before",1,0
"15","NV4007011712019990804-553-after","NV4007011712019990804-553","NV4007011712019990804","553",553,"after","fire",1756.97302246094,1999,0.30225162517484,-0.461217068516697,0.300235992506326,68.7,228.820000648498,15.3,16.5,21.2,13.8,14.3,"fire-after",1,1
"16","NV4007011712019990804-553-before","NV4007011712019990804-553","NV4007011712019990804","553",553,"before","fire",1756.97302246094,1999,0.178967779053791,22.6765084001262,0.25245759701877,77.9,308.566669887967,22.5555555555556,23.7777777777778,11,11.7777777777778,15.5555555555556,"fire-before",1,0
"17","NV4007011712019990804-639-after","NV4007011712019990804-639","NV4007011712019990804","639",639,"after","fire",1772.87292480469,1999,0.28692754826878,2.85523821906569,0.299405645511039,68.51,228.820000648498,14.4,16.5,21.9,14.7,15.1,"fire-after",1,1
"18","NV4007011712019990804-639-before","NV4007011712019990804-639","NV4007011712019990804","639",639,"before","fire",1772.87292480469,1999,0.18695171418589,33.2351543460353,0.294659893938752,90.9222222222222,308.566669887967,20.7777777777778,23.2222222222222,9.77777777777778,13.4444444444444,14.5555555555556,"fire-before",1,0
"19","NV4007011712019990804-720-after","NV4007011712019990804-720","NV4007011712019990804","720",720,"after","fire",1709.60803222656,1999,0.345627246528363,-11.3564267747588,0.295996852583019,67.73,228.820000648498,15.2,16.4,24.6,13.1,15,"fire-after",1,1
"20","NV4007011712019990804-720-before","NV4007011712019990804-720","NV4007011712019990804","720",720,"before","fire",1709.60803222656,1999,0.166546162165171,19.0871831358496,0.22840372812581,70.4777777777778,308.566669887967,24,24.6666666666667,12.5555555555556,11.1111111111111,15.4444444444444,"fire-before",1,0
"21","NV4007011712019990804-779-after","NV4007011712019990804-779","NV4007011712019990804","779",779,"after","fire",1551.74584960938,1999,0.310322178143887,-13.2946524786431,0.240508322882963,45.8,190.430000305176,20,17,24.9,9.7,16.1,"fire-after",1,1
"22","NV4007011712019990804-779-before","NV4007011712019990804-779","NV4007011712019990804","779",779,"before","fire",1551.74584960938,1999,0.225623890806328,-2.78722981933904,0.214756085503525,55.0777777777778,256.466668446859,20.3333333333333,20.8888888888889,18.3333333333333,13.1111111111111,14.1111111111111,"fire-before",1,0
"23","NV4015211754320010705-64-after","NV4015211754320010705-64","NV4015211754320010705","64",64,"after","fire",1320.7080078125,2001,0.232969814433238,-14.7153161165384,0.151530243923646,27.38,180.690001487732,21.8,8.3,29.6,6.8,16,"fire-after",1,1
"24","NV4015211754320010705-64-before","NV4015211754320010705-64","NV4015211754320010705","64",64,"before","fire",1320.7080078125,2001,0.155519010276976,6.95576384303254,0.185066315182292,43.5666666666667,235.411109924316,22.2222222222222,10.8888888888889,30.2222222222222,7.66666666666667,13.5555555555556,"fire-before",1,0
"25","NV4016511743619960813-259-after","NV4016511743619960813-259","NV4016511743619960813","259",259,"after","fire",1986.89782714844,1996,0.219783683931559,31.3084859877446,0.365472310108578,78.54,214.900001525879,12,11,37.8,15.4,14.3,"fire-after",1,1
"26","NV4016511743619960813-259-before","NV4016511743619960813-259","NV4016511743619960813","259",259,"before","fire",1986.89782714844,1996,0.291822460939342,16.994119381969,0.360972959586484,88.7111111111111,245.755558013916,14,17,17.4444444444444,18.5555555555556,13.1111111111111,"fire-before",1,0
"27","NV4016511743619960813-308-after","NV4016511743619960813-308","NV4016511743619960813","308",308,"after","fire",1854.53686523438,1996,0.153092530844928,86.6204148878243,0.556165654496782,119.52,214.900001525879,15.7,10,23,15,13.5,"fire-after",1,1
"28","NV4016511743619960813-308-before","NV4016511743619960813-308","NV4016511743619960813","308",308,"before","fire",1854.53686523438,1996,0.569979790951253,-40.9645904707692,0.403291432804539,99.1111111111111,245.755558013916,16,14.2222222222222,18,16.6666666666667,12.7777777777778,"fire-before",1,0
"29","NV4016511743619960813-454-after","NV4016511743619960813-454","NV4016511743619960813","454",454,"after","fire",1942.11010742188,1996,0.481365636761848,52.4171728352466,0.700837398450491,167.383333333333,238.833335240682,12.5,9.66666666666667,40.3333333333333,19.6666666666667,15.8333333333333,"fire-after",1,1
"30","NV4016511743619960813-454-before","NV4016511743619960813-454","NV4016511743619960813","454",454,"before","fire",1942.11010742188,1996,0.70379980583825,-53.4293806805316,0.486391169743411,119.533333333333,245.755558013916,14.7777777777778,15.8888888888889,19.6666666666667,17.6666666666667,15.3333333333333,"fire-before",1,0
"31","NV4027111775119960607-426-after","NV4027111775119960607-426","NV4027111775119960607","426",426,"after","fire",1775.005859375,1996,0.23714894045493,29.376140163792,0.346696002583911,92.97,268.159999847412,15.2,17.8,22.1,18.7,12.9,"fire-after",1,1
"32","NV4027111775119960607-426-before","NV4027111775119960607-426","NV4027111775119960607","426",426,"before","fire",1775.005859375,1996,0.213622083696162,126.64789946234,0.601562191903078,196.3875,326.462504863739,12.75,22.25,15.625,27.875,12.5,"fire-before",1,0
"33","NV4032611769419960607-181-after","NV4032611769419960607-181","NV4032611769419960607","181",181,"after","fire",1385.74645996094,1996,0.853211743015466,-73.7701428868206,0.475116601727837,92.7,195.109999656677,33.6,7.9,31.1,7.4,17.5,"fire-after",1,1
"34","NV4032611769419960607-181-before","NV4032611769419960607-181","NV4032611769419960607","181",181,"before","fire",1385.74645996094,1996,0.535360227088638,-55.4216218822388,0.29356731228417,67.2888888888889,229.211107889811,31.2222222222222,12.1111111111111,23.4444444444444,7.55555555555556,16.3333333333333,"fire-before",1,0
"35","NV4032611769419960607-422-after","NV4032611769419960607-422","NV4032611769419960607","422",422,"after","fire",1368.60388183594,1996,0.261589769948155,-23.8487799247749,0.139357285878963,27.19,195.109999656677,38,12.1,15.9,3.6,16.7,"fire-after",1,1
"36","NV4032611769419960607-422-before","NV4032611769419960607-422","NV4032611769419960607","422",422,"before","fire",1368.60388183594,1996,0.266408381680381,-20.4748714272029,0.177080811059127,40.5888888888889,229.211107889811,33.8888888888889,13.2222222222222,23.3333333333333,5.88888888888889,15.3333333333333,"fire-before",1,0
"37","NV4034111811419990805-129-after","NV4034111811419990805-129","NV4034111811419990805","129",129,"after","fire",1422.82568359375,1999,0.365068933239127,25.3537970926448,0.476725237551611,108.25,227.070000648499,14.9,12.4,32.3,8.8,15.7,"fire-after",1,1
"38","NV4034111811419990805-129-before","NV4034111811419990805-129","NV4034111811419990805","129",129,"before","fire",1422.82568359375,1999,0.251626811919065,24.6990147998251,0.334589840023319,99.6111111111111,297.71110534668,18,14.2222222222222,27.3333333333333,7.77777777777778,13.7777777777778,"fire-before",1,0
"39","NV4034111811419990805-317-after","NV4034111811419990805-317","NV4034111811419990805","317",317,"after","fire",1349.4072265625,1999,0.22344127408139,-6.70414441463409,0.190564928242438,38.86,203.91999912262,18.7,10.4,27.8,7.2,16.1,"fire-after",1,1
"40","NV4034111811419990805-317-before","NV4034111811419990805-317","NV4034111811419990805","317",317,"before","fire",1349.4072265625,1999,0.133323907524923,12.5277097022409,0.180102062896117,48.2333333333333,267.811109754774,18.7777777777778,11.8888888888889,20.6666666666667,6.33333333333333,14.4444444444444,"fire-before",1,0
"41","NV4034111811419990805-429-after","NV4034111811419990805-429","NV4034111811419990805","429",429,"after","fire",1534.7685546875,1999,0.36138091077374,48.8930580634988,0.580989280520697,129.35,222.637498378754,23.125,9.25,30.75,10.625,15.25,"fire-after",1,1
"42","NV4034111811419990805-429-before","NV4034111811419990805-429","NV4034111811419990805","429",429,"before","fire",1534.7685546875,1999,0.184169678818963,50.7662028212021,0.373729413169367,100.088888888889,267.811109754774,21.3333333333333,14.8888888888889,17.5555555555556,7.77777777777778,12.2222222222222,"fire-before",1,0
"43","NV4034111811419990805-453-after","NV4034111811419990805-453","NV4034111811419990805","453",453,"after","fire",1477.33215332031,1999,0.441429320385016,22.2213967057532,0.545929566611779,116.088888888889,212.644443511963,27.7777777777778,10.2222222222222,25.1111111111111,7.55555555555556,17.4444444444444,"fire-after",1,1
"44","NV4034111811419990805-453-before","NV4034111811419990805-453","NV4034111811419990805","453",453,"before","fire",1477.33215332031,1999,0.24174256551888,51.525321920089,0.434136831639017,116.266666666667,267.811109754774,21.4444444444444,11.5555555555556,21.1111111111111,10.4444444444444,14,"fire-before",1,0
"45","NV4034111811419990805-737-after","NV4034111811419990805-737","NV4034111811419990805","737",737,"after","fire",1453.8759765625,1999,0.268996835636663,38.4061655129842,0.457336212246262,93.26,203.91999912262,29.8,11.2,22.1,4.6,14.4,"fire-after",1,1
"46","NV4034111811419990805-737-before","NV4034111811419990805-737","NV4034111811419990805","737",737,"before","fire",1453.8759765625,1999,0.241958231933723,31.556452947082,0.359789239676372,96.3555555555556,267.811109754774,22.7777777777778,11.2222222222222,18.5555555555556,7.77777777777778,13.1111111111111,"fire-before",1,0
"47","NV4034111811419990805-765-after","NV4034111811419990805-765","NV4034111811419990805","765",765,"after","fire",1524.84167480469,1999,0.372597367612798,41.8025734432875,0.569181735174398,121.033333333333,212.644443511963,18,13,30.3333333333333,10.7777777777778,14.8888888888889,"fire-after",1,1
"48","NV4034111811419990805-765-before","NV4034111811419990805-765","NV4034111811419990805","765",765,"before","fire",1524.84167480469,1999,0.194309304144452,43.8173651769518,0.357922252154988,95.8555555555556,267.811109754774,21.2222222222222,18.8888888888889,17.4444444444444,8.88888888888889,15.2222222222222,"fire-before",1,0
"49","NV4034111811419990805-808-after","NV4034111811419990805-808","NV4034111811419990805","808",808,"after","fire",1438.2607421875,1999,0.256471262626169,-1.3169297708454,0.250671598350464,56.92,227.070000648499,14,12.2,34.2,7,18.2,"fire-after",1,1
"50","NV4034111811419990805-808-before","NV4034111811419990805-808","NV4034111811419990805","808",808,"before","fire",1438.2607421875,1999,0.107388787211545,40.2291654574117,0.242516986109484,72.2,297.71110534668,17.3333333333333,14.4444444444444,23.4444444444444,7.55555555555556,15.4444444444444,"fire-before",1,0
"51","NV4034111811419990805-877-after","NV4034111811419990805-877","NV4034111811419990805","877",877,"after","fire",1377.5888671875,1999,0.332874145265485,30.7203045895195,0.483522952256932,98.6,203.91999912262,24.7,10.1,24.3,7,15.6,"fire-after",1,1
"52","NV4034111811419990805-877-before","NV4034111811419990805-877","NV4034111811419990805","877",877,"before","fire",1377.5888671875,1999,0.230850895720654,32.4755654291681,0.352113846532907,94.3,267.811109754774,24.7777777777778,11.5555555555556,25.8888888888889,7.44444444444444,14.5555555555556,"fire-before",1,0
"53","NV4037611762919990804-569-after","NV4037611762919990804-569","NV4037611762919990804","569",569,"after","fire",1410.03466796875,1999,0.364251934531995,-0.893721173698208,0.360541392426899,86.84,240.860000610352,33,12.6,21.9,6.7,17.6,"fire-after",1,1
"54","NV4037611762919990804-569-before","NV4037611762919990804-569","NV4037611762919990804","569",569,"before","fire",1410.03466796875,1999,0.395463604384893,-19.1744642659172,0.333381300963826,102.966666666667,308.855554792616,24.8888888888889,12.3333333333333,25.4444444444444,13,14.5555555555556,"fire-before",1,0
"55","NV4037611762919990804-953-after","NV4037611762919990804-953","NV4037611762919990804","953",953,"after","fire",1384.30969238281,1999,0.445045263471423,-15.7147818965208,0.365853659310211,72.6,198.439999580383,37.7,13.4,17.5,4.5,16.2,"fire-after",1,1
"56","NV4037611762919990804-953-before","NV4037611762919990804-953","NV4037611762919990804","953",953,"before","fire",1384.30969238281,1999,0.425599042802175,-16.4528024171462,0.36190803644264,93.4888888888889,258.322224087185,27.1111111111111,14.5555555555556,24,10.4444444444444,13.8888888888889,"fire-before",1,0
"57","NV4044311880219990630-137-after","NV4044311880219990630-137","NV4044311880219990630","137",137,"after","fire",1854.31396484375,1999,0.12988556653639,85.4673473402657,0.453221340782352,119.8,264.330006599426,13.6,13.9,12.8,13.3,14,"fire-after",1,1
"58","NV4044311880219990630-137-before","NV4044311880219990630-137","NV4044311880219990630","137",137,"before","fire",1854.31396484375,1999,0.112461470905414,108.65294180663,0.395007155264752,151.9,384.549996058146,14.1666666666667,17,9.33333333333333,15.8333333333333,12.5,"fire-before",1,0
"59","NV4044311880219990630-142-after","NV4044311880219990630-142","NV4044311880219990630","142",142,"after","fire",1675.44665527344,1999,0.192803468983945,5.8762577710816,0.21503423213747,56.84,264.330006599426,23.7,8.6,31.8,11.6,12.5,"fire-after",1,1
"60","NV4044311880219990630-142-before","NV4044311880219990630-142","NV4044311880219990630","142",142,"before","fire",1675.44665527344,1999,0.106772438404904,19.0412595112768,0.162148189198754,55.7555555555556,343.855554792616,30,12.2222222222222,17.5555555555556,12.4444444444444,10.8888888888889,"fire-before",1,0
"61","NV4046511744319950729-202-after","NV4046511744319950729-202","NV4046511744319950729","202",202,"after","fire",1478.13049316406,1995,0.231094721743403,-19.0862434431396,0.148783855479761,34.5,231.879997253418,27.6,12.9,21.2,7.3,19.4,"fire-after",1,1
"62","NV4046511744319950729-202-before","NV4046511744319950729-202","NV4046511744319950729","202",202,"before","fire",1478.13049316406,1995,0.315103415633536,-35.3134513304658,0.166080553323022,39.3555555555556,236.966669294569,28.8888888888889,16.3333333333333,13.8888888888889,5.66666666666667,18.4444444444444,"fire-before",1,0
"63","NV4046511744319950729-674-after","NV4046511744319950729-674","NV4046511744319950729","674",674,"after","fire",1471.19506835938,1995,0.204768006699297,-17.9016048310208,0.127565983915691,29.58,231.879997253418,28.3,11.8,18.5,4.9,18.3,"fire-after",1,1
"64","NV4046511744319950729-674-before","NV4046511744319950729-674","NV4046511744319950729","674",674,"before","fire",1471.19506835938,1995,0.258214068284309,-27.2659055041109,0.14315187162484,33.9222222222222,236.966669294569,31.4444444444444,14.7777777777778,14.5555555555556,4.77777777777778,18.3333333333333,"fire-before",1,0
"65","NV4048111756319990804-2-after","NV4048111756319990804-2","NV4048111756319990804","2",2,"after","fire",1551.87890625,1999,0.374567046724743,39.2147691954948,0.544740492924718,125.53,230.440001487732,19.8,10.9,31.5,13.5,17.2,"fire-after",1,1
"66","NV4048111756319990804-2-before","NV4048111756319990804-2","NV4048111756319990804","2",2,"before","fire",1551.87890625,1999,0.313717489410523,20.8053791718145,0.385202720199265,112.111111111111,291.044442918566,22,15.5555555555556,24.3333333333333,15.5555555555556,18.6666666666667,"fire-before",1,0
"67","NV4048111756319990804-233-after","NV4048111756319990804-233","NV4048111756319990804","233",233,"after","fire",1707.63342285156,1999,0.144586515833391,21.625198320923,0.209008579409603,70.16,335.680000305176,20.3,14.3,20.7,17.5,14.8,"fire-after",1,1
"68","NV4048111756319990804-233-before","NV4048111756319990804-233","NV4048111756319990804","233",233,"before","fire",1707.63342285156,1999,0.130157662730466,36.6468645361035,0.218112483132676,90.8777777777778,416.655555301242,20,18.1111111111111,18.5555555555556,21.6666666666667,15.6666666666667,"fire-before",1,0
"69","NV4048111756319990804-347-after","NV4048111756319990804-347","NV4048111756319990804","347",347,"after","fire",1708.80114746094,1999,0.198122541775006,13.8542251165039,0.239394661364819,80.36,335.680000305176,15.6,16.4,26.5,23.9,13.6,"fire-after",1,1
"70","NV4048111756319990804-347-before","NV4048111756319990804-347","NV4048111756319990804","347",347,"before","fire",1708.80114746094,1999,0.127015309047636,38.5783658769984,0.219605856290205,91.5,416.655555301242,20.1111111111111,20.5555555555556,15.8888888888889,24.1111111111111,16.3333333333333,"fire-before",1,0
"71","NV4048111756319990804-42-after","NV4048111756319990804-42","NV4048111756319990804","42",42,"after","fire",1524.22094726562,1999,0.477106005990078,26.0050245578182,0.588595929523382,137.29,233.249999046326,16.2,5,45.5,13.5,17.5,"fire-after",1,1
"72","NV4048111756319990804-42-before","NV4048111756319990804-42","NV4048111756319990804","42",42,"before","fire",1524.22094726562,1999,0.462793651124091,5.72749118514453,0.482545891296782,139.922222222222,289.966663784451,13.3333333333333,6.44444444444444,43.2222222222222,19.8888888888889,14.6666666666667,"fire-before",1,0
"73","NV4048111756319990804-543-after","NV4048111756319990804-543","NV4048111756319990804","543",543,"after","fire",1527.95886230469,1999,0.140532457175082,8.47570035949956,0.17731296535413,40.86,230.440001487732,34.3,15.2,15.3,7.5,20.3,"fire-after",1,1
"74","NV4048111756319990804-543-before","NV4048111756319990804-543","NV4048111756319990804","543",543,"before","fire",1527.95886230469,1999,0.130345557548667,25.6858720385607,0.218599680461942,63.6222222222222,291.044442918566,26.1111111111111,16.4444444444444,17.5555555555556,12.2222222222222,19,"fire-before",1,0
"75","NV4048111756319990804-610-after","NV4048111756319990804-610","NV4048111756319990804","610",610,"after","fire",1495.58715820312,1999,0.453258271307151,11.4275086498679,0.502250805912042,117.15,233.249999046326,19.9,6,39.4,10.6,19,"fire-after",1,1
"76","NV4048111756319990804-610-before","NV4048111756319990804-610","NV4048111756319990804","610",610,"before","fire",1495.58715820312,1999,0.433796017070901,3.65806061141253,0.446411469356588,129.444444444444,289.966663784451,16.5555555555556,7.66666666666667,35.3333333333333,16.5555555555556,15.6666666666667,"fire-before",1,0
"77","NV4048111756319990804-624-after","NV4048111756319990804-624","NV4048111756319990804","624",624,"after","fire",1657.25549316406,1999,0.268357014477968,49.7579172981396,0.416587225550726,139.84,335.680000305176,15.4,8.4,41.3,18.8,14.5,"fire-after",1,1
"78","NV4048111756319990804-624-before","NV4048111756319990804-624","NV4048111756319990804","624",624,"before","fire",1657.25549316406,1999,0.23782627210839,28.7528069738988,0.306834849116587,127.844444444444,416.655555301242,16.5555555555556,11.5555555555556,29.2222222222222,21.1111111111111,17.3333333333333,"fire-before",1,0
"79","NV4048111756319990804-651-after","NV4048111756319990804-651","NV4048111756319990804","651",651,"after","fire",1662.34423828125,1999,0.236711275278461,44.2807590422876,0.368624880503767,123.74,335.680000305176,19,10.9,30.5,17.4,15.4,"fire-after",1,1
"80","NV4048111756319990804-651-before","NV4048111756319990804-651","NV4048111756319990804","651",651,"before","fire",1662.34423828125,1999,0.267102529827854,14.7991360010977,0.30262140342213,126.088888888889,416.655555301242,17.1111111111111,12.3333333333333,28.2222222222222,19,17,"fire-before",1,0
"81","NV4048111756319990804-684-after","NV4048111756319990804-684","NV4048111756319990804","684",684,"after","fire",1666.533203125,1999,0.201207174886494,58.3787754726983,0.375119160764784,125.92,335.680000305176,20,16,23.6,20,15.6,"fire-after",1,1
"82","NV4048111756319990804-684-before","NV4048111756319990804-684","NV4048111756319990804","684",684,"before","fire",1666.533203125,1999,0.283993430106525,10.3614485659502,0.308861569830376,128.688888888889,416.655555301242,19,21,18.7777777777778,22.7777777777778,15.5555555555556,"fire-before",1,0
"83","NV4048111756319990804-71-after","NV4048111756319990804-71","NV4048111756319990804","71",71,"after","fire",1588.37512207031,1999,0.368943031841593,29.6707671935349,0.497700048861116,114.69,230.440001487732,20.1,13.8,25.7,12.8,17.8,"fire-after",1,1
"84","NV4048111756319990804-71-before","NV4048111756319990804-71","NV4048111756319990804","71",71,"before","fire",1588.37512207031,1999,0.357755500472834,6.28836077494253,0.379361687871169,110.411111111111,291.044442918566,22.4444444444444,18,20.6666666666667,13.1111111111111,15.8888888888889,"fire-before",1,0
"85","NV4048111756319990804-731-after","NV4048111756319990804-731","NV4048111756319990804","731",731,"after","fire",1592.275390625,1999,0.297954234349038,28.2527225227865,0.382119875725054,128.27,335.680000305176,16.9,8.6,36.3,15.5,16,"fire-after",1,1
"86","NV4048111756319990804-731-before","NV4048111756319990804-731","NV4048111756319990804","731",731,"before","fire",1592.275390625,1999,0.283059249271047,18.4062357562636,0.327235393143546,136.344444444444,416.655555301242,13.7777777777778,7.66666666666667,37.6666666666667,21,14.8888888888889,"fire-before",1,0
"87","NV4048111756319990804-811-after","NV4048111756319990804-811","NV4048111756319990804","811",811,"after","fire",1572.70666503906,1999,0.191531829997581,63.7265952479611,0.381375118814387,128.02,335.680000305176,19.3,13.9,28.2,14.1,17.2,"fire-after",1,1
"88","NV4048111756319990804-811-before","NV4048111756319990804-811","NV4048111756319990804","811",811,"before","fire",1572.70666503906,1999,0.231607117663973,13.3440522224414,0.263633697059497,109.844444444444,416.655555301242,20.2222222222222,19.7777777777778,19.2222222222222,14.6666666666667,19.5555555555556,"fire-before",1,0
"89","NV4048111756319990804-827-after","NV4048111756319990804-827","NV4048111756319990804","827",827,"after","fire",1629.14672851562,1999,0.299971879123103,25.0654395244126,0.374642516341957,125.76,335.680000305176,18.8,9.6,33.9,15.8,16.8,"fire-after",1,1
"90","NV4048111756319990804-827-before","NV4048111756319990804-827","NV4048111756319990804","827",827,"before","fire",1629.14672851562,1999,0.276555365390352,6.28278177285584,0.291634443763167,121.511111111111,416.655555301242,17.8888888888889,11.2222222222222,28,20.2222222222222,17.4444444444444,"fire-before",1,0
"91","NV4048111756319990804-855-after","NV4048111756319990804-855","NV4048111756319990804","855",855,"after","fire",1609.33178710938,1999,0.207980054379722,68.7652552823443,0.412833650720964,138.58,335.680000305176,14.2,8.1,37.5,14,15.7,"fire-after",1,1
"92","NV4048111756319990804-855-before","NV4048111756319990804-855","NV4048111756319990804","855",855,"before","fire",1609.33178710938,1999,0.268438572189603,52.4646887511796,0.394357183098912,164.311111111111,416.655555301242,10.7777777777778,8.22222222222222,43.1111111111111,18.7777777777778,16,"fire-before",1,0
"93","NV4048211779820010812-14-after","NV4048211779820010812-14","NV4048211779820010812","14",14,"after","fire",2233.66821289062,2001,0.192394661105617,54.4438708631314,0.397796723208743,105.44,265.060001373291,9.7,25.5,11.9,29.7,11.8,"fire-after",1,1
"94","NV4048211779820010812-14-before","NV4048211779820010812-14","NV4048211779820010812","14",14,"before","fire",2233.66821289062,2001,0.0857808818177599,78.8026220322061,0.32626902717835,106.911111111111,327.677781846788,11.1111111111111,27.7777777777778,8.77777777777778,29.6666666666667,12.5555555555556,"fire-before",1,0
"95","NV4048211779820010812-175-after","NV4048211779820010812-175","NV4048211779820010812","175",175,"after","fire",2230.11059570312,2001,0.106996836450128,62.388101325518,0.284523230309878,99.99,351.430004119873,9.7,22.2,17.2,24.6,11.9,"fire-after",1,1
"96","NV4048211779820010812-175-before","NV4048211779820010812-175","NV4048211779820010812","175",175,"before","fire",2230.11059570312,2001,0.0515327066693429,89.2167202306502,0.260672522105668,111.2,426.588882870144,12.1111111111111,26.3333333333333,10.2222222222222,26.6666666666667,11.5555555555556,"fire-before",1,0
"97","NV4048211779820010812-177-after","NV4048211779820010812-177","NV4048211779820010812","177",177,"after","fire",1706.80126953125,2001,0.146280512394002,18.3468871839602,0.215498376609289,57.12,265.060001373291,17.1,12.9,22.2,8,12.6,"fire-after",1,1
"98","NV4048211779820010812-177-before","NV4048211779820010812-177","NV4048211779820010812","177",177,"before","fire",1706.80126953125,2001,0.0756952590580847,31.318567637751,0.171272589511312,56.1222222222222,327.677781846788,18.7777777777778,16.1111111111111,16.7777777777778,8.55555555555556,13,"fire-before",1,0
"99","NV4048211779820010812-214-after","NV4048211779820010812-214","NV4048211779820010812","214",214,"after","fire",1708.93920898438,2001,0.204994599592864,73.575511542411,0.508073823271223,123.34,242.759997367859,10.8,16.1,24.1,20.7,11.4,"fire-after",1,1
"100","NV4048211779820010812-214-before","NV4048211779820010812-214","NV4048211779820010812","214",214,"before","fire",1708.93920898438,2001,0.102165306419565,87.493717539038,0.393800232069111,118.144444444444,300.011109246148,13.4444444444444,20.1111111111111,13.7777777777778,21.2222222222222,12.7777777777778,"fire-before",1,0
"101","NV4048211779820010812-297-after","NV4048211779820010812-297","NV4048211779820010812","297",297,"after","fire",1578.30114746094,2001,0.186567902795971,12.6074633815229,0.228448988378809,68.77,301.030004501343,18.9,11.7,30.6,10.1,16.2,"fire-after",1,1
"102","NV4048211779820010812-297-before","NV4048211779820010812-297","NV4048211779820010812","297",297,"before","fire",1578.30114746094,2001,0.0649681330495911,46.4675798698193,0.192233955903128,70.1888888888889,365.122220781114,18.5555555555556,19.2222222222222,14.2222222222222,8.33333333333333,15.1111111111111,"fire-before",1,0
"103","NV4048211779820010812-319-after","NV4048211779820010812-319","NV4048211779820010812","319",319,"after","fire",1747.3037109375,2001,0.208936647621182,31.8892518945987,0.329246206699801,87.27,265.060001373291,12.3,14,26.5,15.6,11.8,"fire-after",1,1
"104","NV4048211779820010812-319-before","NV4048211779820010812-319","NV4048211779820010812","319",319,"before","fire",1747.3037109375,2001,0.0768574263340255,63.6377512426358,0.271065745506519,88.8222222222222,327.677781846788,16.4444444444444,20.6666666666667,13.3333333333333,14.5555555555556,11.5555555555556,"fire-before",1,0
"105","NV4048211779820010812-417-after","NV4048211779820010812-417","NV4048211779820010812","417",417,"after","fire",2224.78735351562,2001,0.157008776341654,51.4932535272625,0.351278953888145,93.11,265.060001373291,11.1,24.3,9.5,18.9,11.1,"fire-after",1,1
"106","NV4048211779820010812-417-before","NV4048211779820010812-417","NV4048211779820010812","417",417,"before","fire",2224.78735351562,2001,0.0502234377302513,96.8762286611643,0.34586822669083,113.333333333333,327.677781846788,12,25.6666666666667,6.88888888888889,20.5555555555556,11.8888888888889,"fire-before",1,0
"107","NV4048211779820010812-421-after","NV4048211779820010812-421","NV4048211779820010812","421",421,"after","fire",1561.30578613281,2001,0.213124754331604,15.4130542442097,0.264325810750353,79.57,301.030004501343,24.2,9.8,32.4,11.5,19.1,"fire-after",1,1
"108","NV4048211779820010812-421-before","NV4048211779820010812-421","NV4048211779820010812","421",421,"before","fire",1561.30578613281,2001,0.112144717997362,47.6756937381537,0.242719333905865,88.6222222222222,365.122220781114,18.6666666666667,17.8888888888889,18.5555555555556,13.7777777777778,17.2222222222222,"fire-before",1,0
"109","NV4048211779820010812-456-after","NV4048211779820010812-456","NV4048211779820010812","456",456,"after","fire",1750.63562011719,2001,0.162356226012176,39.4559045527337,0.293425900007273,88.33,301.030004501343,9.6,9.7,41.5,13.9,14.4,"fire-after",1,1
"110","NV4048211779820010812-456-before","NV4048211779820010812-456","NV4048211779820010812","456",456,"before","fire",1750.63562011719,2001,0.142427572512192,53.9743062016631,0.290252884502776,105.977777777778,365.122220781114,9.22222222222222,12,33.7777777777778,20.5555555555556,11.4444444444444,"fire-before",1,0
"111","NV4048211779820010812-48-after","NV4048211779820010812-48","NV4048211779820010812","48",48,"after","fire",2009.16979980469,2001,0.11141405378404,78.045758619663,0.333494575380715,117.2,351.430004119873,13.2,17,13.4,24.8,17.2,"fire-after",1,1
"112","NV4048211779820010812-48-before","NV4048211779820010812-48","NV4048211779820010812","48",48,"before","fire",2009.16979980469,2001,0.0552524196155241,147.374376484786,0.400724095982784,170.944444444444,426.588882870144,13.3333333333333,20.2222222222222,6.33333333333333,20.4444444444444,14.3333333333333,"fire-before",1,0
"113","NV4048211779820010812-629-after","NV4048211779820010812-629","NV4048211779820010812","629",629,"after","fire",1860.31274414062,2001,0.17179630647584,24.6036707695875,0.264619330101112,70.14,265.060001373291,10.6,12.6,26.7,14.2,12.2,"fire-after",1,1
"114","NV4048211779820010812-629-before","NV4048211779820010812-629","NV4048211779820010812","629",629,"before","fire",1860.31274414062,2001,0.0997979859086964,24.1317506779946,0.173442743090549,56.8333333333333,327.677781846788,15.4444444444444,21.5555555555556,18.4444444444444,9.55555555555556,10.1111111111111,"fire-before",1,0
"115","NV4048211779820010812-710-after","NV4048211779820010812-710","NV4048211779820010812","710",710,"after","fire",1949.25842285156,2001,0.245297469519705,50.3814523922422,0.435373120810782,115.4,265.060001373291,8.8,19.3,21.2,28,10.8,"fire-after",1,1
"116","NV4048211779820010812-710-before","NV4048211779820010812-710","NV4048211779820010812","710",710,"before","fire",1949.25842285156,2001,0.089090703415229,94.7291781439499,0.37818316983165,123.922222222222,327.677781846788,10.1111111111111,26.3333333333333,10.4444444444444,28.2222222222222,11.6666666666667,"fire-before",1,0
"117","NV4048211779820010812-719-after","NV4048211779820010812-719","NV4048211779820010812","719",719,"after","fire",2056.83959960938,2001,0.113468290539925,54.0026399880067,0.292861172247721,88.16,301.030004501343,13.9,17.8,17.3,13.4,15.5,"fire-after",1,1
"118","NV4048211779820010812-719-before","NV4048211779820010812-719","NV4048211779820010812","719",719,"before","fire",2056.83959960938,2001,0.059121737583832,87.7577843213974,0.299473541244686,109.344444444444,365.122220781114,13.6666666666667,18,11.2222222222222,15.4444444444444,13.5555555555556,"fire-before",1,0
"119","NV4048211779820010812-820-after","NV4048211779820010812-820","NV4048211779820010812","820",820,"after","fire",1900.7197265625,2001,0.276609849907462,35.3866388761026,0.425112258240869,101.3,238.289999961853,10.2,18.3,22.5,30.6,12.7,"fire-after",1,1
"120","NV4048211779820010812-820-before","NV4048211779820010812-820","NV4048211779820010812","820",820,"before","fire",1900.7197265625,2001,0.152710131437074,63.688223841938,0.369640081592335,108.522222222222,293.588892618815,11.3333333333333,22.3333333333333,15.8888888888889,34,12.4444444444444,"fire-before",1,0
"121","NV4048211779820010812-858-after","NV4048211779820010812-858","NV4048211779820010812","858",858,"after","fire",1788.86547851562,2001,0.194365203298597,33.480241976119,0.30558415647763,91.99,301.030004501343,13.9,16.5,24.6,19.5,15.4,"fire-after",1,1
"122","NV4048211779820010812-858-before","NV4048211779820010812-858","NV4048211779820010812","858",858,"before","fire",1788.86547851562,2001,0.0834295305395292,72.9602467529035,0.283253706117827,103.422222222222,365.122220781114,13.6666666666667,19.4444444444444,16.3333333333333,20.8888888888889,14.6666666666667,"fire-before",1,0
"123","NV4048211779820010812-86-after","NV4048211779820010812-86","NV4048211779820010812","86",86,"after","fire",1823.22192382812,2001,0.324765520444691,25.9816241456234,0.433799152362869,103.37,238.289999961853,15.2,17,21.9,17.7,13.1,"fire-after",1,1
"124","NV4048211779820010812-86-before","NV4048211779820010812-86","NV4048211779820010812","86",86,"before","fire",1823.22192382812,2001,0.113517189531418,81.0726140322707,0.389660518078702,114.4,293.588892618815,13.8888888888889,20.8888888888889,14.2222222222222,23.1111111111111,12.8888888888889,"fire-before",1,0
"125","NV4048211779820010812-861-after","NV4048211779820010812-861","NV4048211779820010812","861",861,"after","fire",1797.2705078125,2001,0.135848005959258,23.8594021387067,0.217449300462477,63.58,292.389995574951,17.9,11.7,28.3,13.1,18.6,"fire-after",1,1
"126","NV4048211779820010812-861-before","NV4048211779820010812-861","NV4048211779820010812","861",861,"before","fire",1797.2705078125,2001,0.0911477608315827,44.1155505484914,0.21582665986917,76.3666666666667,353.833334181044,17.1111111111111,18.5555555555556,18.5555555555556,13.5555555555556,19.2222222222222,"fire-before",1,0
"127","NV4048211779820010812-863-after","NV4048211779820010812-863","NV4048211779820010812","863",863,"after","fire",1952.05090332031,2001,0.164750489075597,69.9317349454119,0.363742419547072,127.83,351.430004119873,7.6,10.9,33.9,25,12.7,"fire-after",1,1
"128","NV4048211779820010812-863-before","NV4048211779820010812-863","NV4048211779820010812","863",863,"before","fire",1952.05090332031,2001,0.0845347674212845,101.060630224289,0.321438808483818,137.122222222222,426.588882870144,10.7777777777778,21.8888888888889,13,24,15.3333333333333,"fire-before",1,0
"129","NV4048211779820010812-878-after","NV4048211779820010812-878","NV4048211779820010812","878",878,"after","fire",1710.80920410156,2001,0.218486207034553,15.6390961129071,0.270438158265506,81.41,301.030004501343,20.6,13.1,28.5,14.1,14.7,"fire-after",1,1
"130","NV4048211779820010812-878-before","NV4048211779820010812-878","NV4048211779820010812","878",878,"before","fire",1710.80920410156,2001,0.0713374858223146,64.130876529393,0.246979703357573,90.1777777777778,365.122220781114,17.8888888888889,21.3333333333333,14.8888888888889,16.2222222222222,15.3333333333333,"fire-before",1,0
"131","NV4048211779820010812-905-after","NV4048211779820010812-905","NV4048211779820010812","905",905,"after","fire",1801.23352050781,2001,0.164106714300629,37.8289550553812,0.289771779210171,87.23,301.030004501343,19.1,13,22.7,18.5,15.9,"fire-after",1,1
"132","NV4048211779820010812-905-before","NV4048211779820010812-905","NV4048211779820010812","905",905,"before","fire",1801.23352050781,2001,0.0815891170806846,80.0877781577078,0.300934239342414,109.877777777778,365.122220781114,16.6666666666667,16.6666666666667,16.4444444444444,27.7777777777778,12.8888888888889,"fire-before",1,0
"133","NV4048211779820010812-955-after","NV4048211779820010812-955","NV4048211779820010812","955",955,"after","fire",1573.28173828125,2001,0.160949652763377,-0.22131518249146,0.160114690183792,42.44,265.060001373291,14.2,16.1,19.9,5,11,"fire-after",1,1
"134","NV4048211779820010812-955-before","NV4048211779820010812-955","NV4048211779820010812","955",955,"before","fire",1573.28173828125,2001,0.0775005699814835,24.1825629143835,0.1513003948524,49.5777777777778,327.677781846788,15.2222222222222,18.7777777777778,18.1111111111111,6.55555555555556,11,"fire-before",1,0
"135","NV4050111851919990804-100-after","NV4050111851919990804-100","NV4050111851919990804","100",100,"after","fire",1287.77001953125,1999,0.155581659967411,-13.7744355973975,0.0818979349323943,15.31,186.940000534058,38.6,11.8,18.7,4.5,15.9,"fire-after",1,1
"136","NV4050111851919990804-100-before","NV4050111851919990804-100","NV4050111851919990804","100",100,"before","fire",1287.77001953125,1999,0.11673537704214,-3.35227862652953,0.103260384715799,25.6888888888889,248.777776294284,37.1111111111111,14.7777777777778,17.1111111111111,4.55555555555556,15.6666666666667,"fire-before",1,0
"137","NV4050111851919990804-107-after","NV4050111851919990804-107","NV4050111851919990804","107",107,"after","fire",1757.08435058594,1999,0.255741521692169,13.8983758243281,0.316696637119159,72.21,228.009999275207,11.4,10.8,39.3,11,12.6,"fire-after",1,1
"138","NV4050111851919990804-107-before","NV4050111851919990804-107","NV4050111851919990804","107",107,"before","fire",1757.08435058594,1999,0.178092996409668,21.6070803998776,0.249495134587205,75.5,302.611111534966,13.2222222222222,16.3333333333333,15.7777777777778,10.3333333333333,12.2222222222222,"fire-before",1,0
"139","NV4050111851919990804-109-after","NV4050111851919990804-109","NV4050111851919990804","109",109,"after","fire",1509.89416503906,1999,0.232792734840186,-1.88418255115393,0.224073300654464,48.42,216.090002059936,14.5,13.6,28.5,6.2,12.5,"fire-after",1,1
"140","NV4050111851919990804-109-before","NV4050111851919990804-109","NV4050111851919990804","109",109,"before","fire",1509.89416503906,1999,0.138248229628935,15.1214232389072,0.191957061253531,54.0444444444444,281.544445885552,15.7777777777778,17.2222222222222,16,5.33333333333333,12,"fire-before",1,0
"141","NV4050111851919990804-113-after","NV4050111851919990804-113","NV4050111851919990804","113",113,"after","fire",1467.43359375,1999,0.345227733449508,-13.0617917477507,0.281860965284792,58.1,206.129997253418,28.1,8.2,30.5,6.5,17.8,"fire-after",1,1
"142","NV4050111851919990804-113-before","NV4050111851919990804-113","NV4050111851919990804","113",113,"before","fire",1467.43359375,1999,0.183424248001556,17.1225705876192,0.2475350502489,66.1111111111111,267.077777650621,31.5555555555556,12.6666666666667,17.7777777777778,7.44444444444444,16.1111111111111,"fire-before",1,0
"143","NV4050111851919990804-114-after","NV4050111851919990804-114","NV4050111851919990804","114",114,"after","fire",1501.81140136719,1999,0.324432214974396,-15.443789101166,0.256699268391973,58.53,228.009999275207,18.3,11.5,32.8,8.6,16.3,"fire-after",1,1
"144","NV4050111851919990804-114-before","NV4050111851919990804-114","NV4050111851919990804","114",114,"before","fire",1501.81140136719,1999,0.146184816411291,21.0517391051331,0.215751789673939,65.2888888888889,302.611111534966,24,17.3333333333333,12.3333333333333,6.66666666666667,12.8888888888889,"fire-before",1,0
"145","NV4050111851919990804-122-after","NV4050111851919990804-122","NV4050111851919990804","122",122,"after","fire",1383.80090332031,1999,0.267282152397112,-17.0116342219325,0.18072656969011,35.52,196.539999961853,29.5,9,20.2,4.5,17,"fire-after",1,1
"146","NV4050111851919990804-122-before","NV4050111851919990804-122","NV4050111851919990804","122",122,"before","fire",1383.80090332031,1999,0.210419485655386,-1.96166714291584,0.202720970691999,51.6555555555556,254.811109966702,33.8888888888889,11,15.8888888888889,5.33333333333333,15.8888888888889,"fire-before",1,0
"147","NV4050111851919990804-123-after","NV4050111851919990804-123","NV4050111851919990804","123",123,"after","fire",1284.22729492188,1999,0.1241680275845,-6.91476842483165,0.0855531367023421,15.32,179.069997787476,40,15,12.3,2.6,13.6,"fire-after",1,1
"148","NV4050111851919990804-123-before","NV4050111851919990804-123","NV4050111851919990804","123",123,"before","fire",1284.22729492188,1999,0.128510301992533,-5.53784995613272,0.104957232815246,24.6777777777778,235.122221840753,39.8888888888889,17.5555555555556,9.44444444444444,4,12.5555555555556,"fire-before",1,0
"149","NV4050111851919990804-144-after","NV4050111851919990804-144","NV4050111851919990804","144",144,"after","fire",1577.30456542969,1999,0.162422155445775,-8.58730035987129,0.119843315963044,24.17,201.680000305176,23.5,18.3,12.6,4.1,12,"fire-after",1,1
"150","NV4050111851919990804-144-before","NV4050111851919990804-144","NV4050111851919990804","144",144,"before","fire",1577.30456542969,1999,0.0791012616852929,6.75912924481639,0.104551919724004,27.7666666666667,265.577779346042,20.4444444444444,19.4444444444444,7.55555555555556,4.66666666666667,12.6666666666667,"fire-before",1,0
"151","NV4050111851919990804-146-after","NV4050111851919990804-146","NV4050111851919990804","146",146,"after","fire",1545.09912109375,1999,0.247085286135085,4.00252202728094,0.267285760941483,52.96,198.1399974823,14.2,11.1,29.3,10.1,14.1,"fire-after",1,1
"152","NV4050111851919990804-146-before","NV4050111851919990804-146","NV4050111851919990804","146",146,"before","fire",1545.09912109375,1999,0.116729655249906,27.3765233319674,0.224041810543867,57.1555555555556,255.111112594605,14.5555555555556,14.5555555555556,17.6666666666667,14.4444444444444,16.5555555555556,"fire-before",1,0
"153","NV4050111851919990804-153-after","NV4050111851919990804-153","NV4050111851919990804","153",153,"after","fire",1377.41003417969,1999,0.226232014678823,-17.8564765179703,0.143597573715573,31.03,216.090002059936,31,12.8,19.2,3.2,15.7,"fire-after",1,1
"154","NV4050111851919990804-153-before","NV4050111851919990804-153","NV4050111851919990804","153",153,"before","fire",1377.41003417969,1999,0.139717358784149,3.474464751635,0.152058091490513,42.8111111111111,281.544445885552,37.2222222222222,14.8888888888889,11.2222222222222,3.66666666666667,14.2222222222222,"fire-before",1,0
"155","NV4050111851919990804-154-after","NV4050111851919990804-154","NV4050111851919990804","154",154,"after","fire",1672.3544921875,1999,0.326087937781986,7.71173412822267,0.360121805662429,81.6,226.590000152588,21.5,13,26.9,12.3,13.8,"fire-after",1,1
"156","NV4050111851919990804-154-before","NV4050111851919990804-154","NV4050111851919990804","154",154,"before","fire",1672.3544921875,1999,0.131580101610252,40.14556404944,0.267029051511462,79.1444444444444,296.388891008165,21.8888888888889,19.1111111111111,12.6666666666667,13,15.7777777777778,"fire-before",1,0
"157","NV4050111851919990804-16-after","NV4050111851919990804-16","NV4050111851919990804","16",16,"after","fire",1282.99523925781,1999,0.359329146217598,-36.5414478494488,0.155982191880885,28.03,179.70000076294,25.8,8.9,35.9,7,18.6,"fire-after",1,1
"158","NV4050111851919990804-16-before","NV4050111851919990804-16","NV4050111851919990804","16",16,"before","fire",1282.99523925781,1999,0.141285942486236,0.637735932545013,0.143952062608878,34.4333333333333,239.199999703301,34.2222222222222,14.3333333333333,20.1111111111111,9.22222222222222,15.8888888888889,"fire-before",1,0
"159","NV4050111851919990804-161-after","NV4050111851919990804-161","NV4050111851919990804","161",161,"after","fire",1364.64611816406,1999,0.254748043185936,-21.9612134422306,0.148207443880386,30.55,206.129997253418,29,9.5,24.3,5,16.1,"fire-after",1,1
"160","NV4050111851919990804-161-before","NV4050111851919990804-161","NV4050111851919990804","161",161,"before","fire",1364.64611816406,1999,0.198319138179314,-8.37774580162884,0.166950950697283,44.5888888888889,267.077777650621,30.7777777777778,13,16.4444444444444,5.44444444444444,14.7777777777778,"fire-before",1,0
"161","NV4050111851919990804-163-after","NV4050111851919990804-163","NV4050111851919990804","163",163,"after","fire",1396.52795410156,1999,0.207154749812466,-5.45080800987613,0.180711204076739,37.25,206.129997253418,30.2,11.4,21.7,4,18.3,"fire-after",1,1
"162","NV4050111851919990804-163-before","NV4050111851919990804-163","NV4050111851919990804","163",163,"before","fire",1396.52795410156,1999,0.147547959291432,8.65988560222679,0.179972542416259,48.0666666666667,267.077777650621,33.6666666666667,11,13.5555555555556,4.55555555555556,16.7777777777778,"fire-before",1,0
"163","NV4050111851919990804-164-after","NV4050111851919990804-164","NV4050111851919990804","164",164,"after","fire",1429.99658203125,1999,0.199199315564496,-2.23458760699972,0.187686757189176,36.43,194.100002288818,32.3,11.8,14.2,4,16.7,"fire-after",1,1
"164","NV4050111851919990804-164-before","NV4050111851919990804-164","NV4050111851919990804","164",164,"before","fire",1429.99658203125,1999,0.131162098893879,13.4471113660177,0.183955678290161,46.8555555555556,254.711112976074,38.1111111111111,15.5555555555556,11.3333333333333,5,15.5555555555556,"fire-before",1,0
"165","NV4050111851919990804-165-after","NV4050111851919990804-165","NV4050111851919990804","165",165,"after","fire",1570.00524902344,1999,0.172949858618668,7.71416272995759,0.202133691469124,53.43,264.330006599426,17.6,11.3,26.9,6.3,15.4,"fire-after",1,1
"166","NV4050111851919990804-165-before","NV4050111851919990804-165","NV4050111851919990804","165",165,"before","fire",1570.00524902344,1999,0.141522951356033,19.6254359344719,0.198597602793053,68.2888888888889,343.855554792616,14.5555555555556,12.8888888888889,17.8888888888889,7.33333333333333,15.8888888888889,"fire-before",1,0
"167","NV4050111851919990804-167-after","NV4050111851919990804-167","NV4050111851919990804","167",167,"after","fire",1457.65844726562,1999,0.245556770358621,-11.979544438724,0.185948150335933,37.37,200.970001220703,22,15,16.6,3.5,11.4,"fire-after",1,1
"168","NV4050111851919990804-167-before","NV4050111851919990804-167","NV4050111851919990804","167",167,"before","fire",1457.65844726562,1999,0.120660180784628,5.767124762541,0.142627390240585,37.4444444444444,262.533335155911,19.2222222222222,19.5555555555556,10.5555555555556,2.88888888888889,11.8888888888889,"fire-before",1,0
"169","NV4050111851919990804-173-after","NV4050111851919990804-173","NV4050111851919990804","173",173,"after","fire",1707.80187988281,1999,0.307351882859474,52.8371368159737,0.54053576908743,122.48,226.590000152588,21,14.4,21.1,12.4,15.6,"fire-after",1,1
"170","NV4050111851919990804-173-before","NV4050111851919990804-173","NV4050111851919990804","173",173,"before","fire",1707.80187988281,1999,0.172802884041708,42.0831448358657,0.314789126146532,93.3,296.388891008165,23.7777777777778,19.8888888888889,10,10.3333333333333,15,"fire-before",1,0
"171","NV4050111851919990804-174-after","NV4050111851919990804-174","NV4050111851919990804","174",174,"after","fire",1351.5849609375,1999,0.218067865994059,-14.3815113089391,0.149098408181179,31.09,208.519999504089,24.2,10.3,26.3,4.9,15.4,"fire-after",1,1
"172","NV4050111851919990804-174-before","NV4050111851919990804-174","NV4050111851919990804","174",174,"before","fire",1351.5849609375,1999,0.135410355472149,1.17565294645581,0.139788951182807,37.5333333333333,268.499999576145,32.4444444444444,17.3333333333333,11.8888888888889,3.11111111111111,13.6666666666667,"fire-before",1,0
"173","NV4050111851919990804-18-after","NV4050111851919990804-18","NV4050111851919990804","18",18,"after","fire",1773.97692871094,1999,0.253055206408938,13.3148748754263,0.298248590556309,87.87,294.620000839233,14.5,12.8,26.7,15,13.2,"fire-after",1,1
"174","NV4050111851919990804-18-before","NV4050111851919990804-18","NV4050111851919990804","18",18,"before","fire",1773.97692871094,1999,0.135273701059716,27.3449834058762,0.208122426137271,78.1222222222222,375.366670820448,17,21.6666666666667,11.2222222222222,14.4444444444444,12.8888888888889,"fire-before",1,0
"175","NV4050111851919990804-180-after","NV4050111851919990804-180","NV4050111851919990804","180",180,"after","fire",1316.92150878906,1999,0.484010639550615,4.6632877034837,0.509961044022986,91.64,179.70000076294,25.8,10.1,34,9.3,16.8,"fire-after",1,1
"176","NV4050111851919990804-180-before","NV4050111851919990804-180","NV4050111851919990804","180",180,"before","fire",1316.92150878906,1999,0.35473566632411,-8.75277127947741,0.318143813103649,76.1,239.199999703301,29.1111111111111,14.7777777777778,20.3333333333333,7.33333333333333,15.2222222222222,"fire-before",1,0
"177","NV4050111851919990804-184-after","NV4050111851919990804-184","NV4050111851919990804","184",184,"after","fire",1380.47680664062,1999,0.21470938318096,-16.0168111336141,0.1338817124955,26.53,198.159998893738,18.3,13.3,19.5,4.5,14.9,"fire-after",1,1
"178","NV4050111851919990804-184-before","NV4050111851919990804-184","NV4050111851919990804","184",184,"before","fire",1380.47680664062,1999,0.125828819641127,-0.370534611869739,0.124409448919895,32.4777777777778,261.055555343628,16.6666666666667,17.4444444444444,13.5555555555556,4.11111111111111,14.3333333333333,"fire-before",1,0
"179","NV4050111851919990804-186-after","NV4050111851919990804-186","NV4050111851919990804","186",186,"after","fire",1280.80920410156,1999,0.386885853872263,6.13972435097162,0.420299319727891,77.23,183.75,28.5,11.8,26.4,6.1,16.8,"fire-after",1,1
"180","NV4050111851919990804-186-before","NV4050111851919990804-186","NV4050111851919990804","186",186,"before","fire",1280.80920410156,1999,0.384456921680079,-16.9416849943304,0.315007973312444,76.8444444444444,243.944442537096,28.3333333333333,17.1111111111111,18,7.22222222222222,15.2222222222222,"fire-before",1,0
"181","NV4050111851919990804-190-after","NV4050111851919990804-190","NV4050111851919990804","190",190,"after","fire",1633.25024414062,1999,0.285927126060973,-10.0108560815714,0.242819619957477,56.39,232.229998588562,19.3,14.3,18.9,8.2,13.7,"fire-after",1,1
"182","NV4050111851919990804-190-before","NV4050111851919990804-190","NV4050111851919990804","190",190,"before","fire",1633.25024414062,1999,0.105019472208717,15.7687520140196,0.156935907246424,47.6666666666667,303.733336130778,21.8888888888889,19.4444444444444,8.77777777777778,6.33333333333333,13.5555555555556,"fire-before",1,0
"183","NV4050111851919990804-194-after","NV4050111851919990804-194","NV4050111851919990804","194",194,"after","fire",1473.84375,1999,0.186519129743267,-8.12830088916143,0.151349949402898,34.98,231.11999797821,21,13.7,14.5,4.2,14.9,"fire-after",1,1
"184","NV4050111851919990804-194-before","NV4050111851919990804-194","NV4050111851919990804","194",194,"before","fire",1473.84375,1999,0.100353236400475,14.1052185603406,0.147405484919599,44.1888888888889,299.777779049344,22.6666666666667,18.1111111111111,14.1111111111111,5.11111111111111,15.3333333333333,"fire-before",1,0
"185","NV4050111851919990804-196-after","NV4050111851919990804-196","NV4050111851919990804","196",196,"after","fire",1350.857421875,1999,0.189750950340095,-12.8433628724371,0.127443847814656,26.27,206.129997253418,33.6,10.1,21.9,2.9,14.2,"fire-after",1,1
"186","NV4050111851919990804-196-before","NV4050111851919990804-196","NV4050111851919990804","196",196,"before","fire",1350.857421875,1999,0.120041973619735,2.31723423862449,0.128718226129428,34.3777777777778,267.077777650621,41.1111111111111,14.2222222222222,11.1111111111111,2.55555555555556,12,"fire-before",1,0
"187","NV4050111851919990804-197-after","NV4050111851919990804-197","NV4050111851919990804","197",197,"after","fire",1274.97619628906,1999,0.360634287538897,3.93344966472767,0.38204081632653,70.2,183.75,29,12.5,19.1,3.5,15.7,"fire-after",1,1
"188","NV4050111851919990804-197-before","NV4050111851919990804-197","NV4050111851919990804","197",197,"before","fire",1274.97619628906,1999,0.332336617951486,-14.171671000839,0.274242771445087,66.9,243.944442537096,30.2222222222222,15.1111111111111,19.4444444444444,6.22222222222222,15.8888888888889,"fire-before",1,0
"189","NV4050111851919990804-198-after","NV4050111851919990804-198","NV4050111851919990804","198",198,"after","fire",1308.93359375,1999,0.29091528701533,-28.9374772986055,0.129883138012838,23.34,179.70000076294,27,10.3,29.2,8.3,16.1,"fire-after",1,1
"190","NV4050111851919990804-198-before","NV4050111851919990804-198","NV4050111851919990804","198",198,"before","fire",1308.93359375,1999,0.168091611840008,-2.44084683559067,0.15788740264846,37.7666666666667,239.199999703301,28.1111111111111,15.4444444444444,25.1111111111111,8.55555555555556,16.4444444444444,"fire-before",1,0
"191","NV4050111851919990804-207-after","NV4050111851919990804-207","NV4050111851919990804","207",207,"after","fire",1280.07092285156,1999,0.346795266853606,-6.47363028435006,0.31156462585034,57.25,183.75,43.8,13.6,15.3,3.9,14.1,"fire-after",1,1
"192","NV4050111851919990804-207-before","NV4050111851919990804-207","NV4050111851919990804","207",207,"before","fire",1280.07092285156,1999,0.383334724253729,-28.5012645020762,0.266499660475869,65.0111111111111,243.944442537096,37.5555555555556,16.7777777777778,17.6666666666667,7.44444444444444,14.5555555555556,"fire-before",1,0
"193","NV4050111851919990804-209-after","NV4050111851919990804-209","NV4050111851919990804","209",209,"after","fire",1326.6708984375,1999,0.308390847199982,10.332691061766,0.359804943826367,72.31,200.970001220703,28.5,11.2,19.7,4.4,17.8,"fire-after",1,1
"194","NV4050111851919990804-209-before","NV4050111851919990804-209","NV4050111851919990804","209",209,"before","fire",1326.6708984375,1999,0.380424503253398,-17.2518913919232,0.314711357219285,82.6222222222222,262.533335155911,28.1111111111111,13,14.4444444444444,7.33333333333333,15.6666666666667,"fire-before",1,0
"195","NV4050111851919990804-21-after","NV4050111851919990804-21","NV4050111851919990804","21",21,"after","fire",1452.40295410156,1999,0.210121145972825,-10.4463210698397,0.161673315679758,34.86,215.619997978211,24.2,13.3,19.7,3.4,12.7,"fire-after",1,1
"196","NV4050111851919990804-21-before","NV4050111851919990804-21","NV4050111851919990804","21",21,"before","fire",1452.40295410156,1999,0.134546230357392,4.54390194485653,0.150625147350068,42.5666666666667,282.600000169542,26.5555555555556,12.8888888888889,16,5.33333333333333,12,"fire-before",1,0
"197","NV4050111851919990804-210-after","NV4050111851919990804-210","NV4050111851919990804","210",210,"after","fire",1683.15734863281,1999,0.187949316059797,7.31739168596836,0.217309311419138,54.16,249.230001449585,13.3,18.4,19.7,9.8,9.1,"fire-after",1,1
"198","NV4050111851919990804-210-before","NV4050111851919990804-210","NV4050111851919990804","210",210,"before","fire",1683.15734863281,1999,0.104110123477054,13.466889357123,0.145768885832539,47.1222222222222,323.26666937934,13.2222222222222,20.5555555555556,10.8888888888889,9.22222222222222,9.11111111111111,"fire-before",1,0
"199","NV4050111851919990804-212-after","NV4050111851919990804-212","NV4050111851919990804","212",212,"after","fire",1862.04040527344,1999,0.262004141863109,31.2783395044082,0.368169166013917,108.47,294.620000839233,13.9,10.7,28.4,18,13.5,"fire-after",1,1
"200","NV4050111851919990804-212-before","NV4050111851919990804-212","NV4050111851919990804","212",212,"before","fire",1862.04040527344,1999,0.145853778533261,44.5291305031646,0.264482133058814,99.2777777777778,375.366670820448,15.8888888888889,21.1111111111111,13,21.5555555555556,13,"fire-before",1,0
"201","NV4050111851919990804-213-after","NV4050111851919990804-213","NV4050111851919990804","213",213,"after","fire",1454.26843261719,1999,0.500871540850002,3.62588370273362,0.519020923709047,103.69,199.779999732971,16.8,9.3,35.8,8.1,16,"fire-after",1,1
"202","NV4050111851919990804-213-before","NV4050111851919990804-213","NV4050111851919990804","213",213,"before","fire",1454.26843261719,1999,0.445063001768453,-19.8235085074132,0.370407560283565,98.3555555555556,265.533337063259,19.1111111111111,12.6666666666667,20.3333333333333,8.88888888888889,14.2222222222222,"fire-before",1,0
"203","NV4050111851919990804-216-after","NV4050111851919990804-216","NV4050111851919990804","216",216,"after","fire",1401.81896972656,1999,0.18121136843988,-11.1467088422563,0.12594208628305,25.4,201.680000305176,32.8,11.6,17.3,3.9,15.4,"fire-after",1,1
"204","NV4050111851919990804-216-before","NV4050111851919990804-216","NV4050111851919990804","216",216,"before","fire",1401.81896972656,1999,0.128700636679165,4.70885959921441,0.146431260117653,38.8888888888889,265.577779346042,30.3333333333333,17.1111111111111,11.8888888888889,4.22222222222222,15.7777777777778,"fire-before",1,0
"205","NV4050111851919990804-217-after","NV4050111851919990804-217","NV4050111851919990804","217",217,"after","fire",1380.11682128906,1999,0.1685307657144,-12.9060563475264,0.103401292462601,20.49,198.159998893738,22.8,17.2,14.8,2.9,12.3,"fire-after",1,1
"206","NV4050111851919990804-217-before","NV4050111851919990804-217","NV4050111851919990804","217",217,"before","fire",1380.11682128906,1999,0.0777514864969278,4.2803202915297,0.0941476910745148,24.5777777777778,261.055555343628,18.8888888888889,19.6666666666667,9.88888888888889,3.55555555555556,12.2222222222222,"fire-before",1,0
"207","NV4050111851919990804-218-after","NV4050111851919990804-218","NV4050111851919990804","218",218,"after","fire",1962.69152832031,1999,0.178415486218026,50.1264770114695,0.336863068772634,106.57,316.359998703003,14.8,16,22.5,21.1,13.6,"fire-after",1,1
"208","NV4050111851919990804-218-before","NV4050111851919990804-218","NV4050111851919990804","218",218,"before","fire",1962.69152832031,1999,0.147174638216285,65.0342768081781,0.308221437506896,124.466666666667,403.822224934896,13.6666666666667,21.6666666666667,12.3333333333333,25.3333333333333,13.4444444444444,"fire-before",1,0
"209","NV4050111851919990804-225-after","NV4050111851919990804-225","NV4050111851919990804","225",225,"after","fire",1448.91479492188,1999,0.239218379748488,-13.8855629006787,0.170368900971874,34.36,201.680000305176,27.9,11.9,18.7,6.2,13,"fire-after",1,1
"210","NV4050111851919990804-225-before","NV4050111851919990804-225","NV4050111851919990804","225",225,"before","fire",1448.91479492188,1999,0.16619027666572,-2.39200018134178,0.157183498360578,41.7444444444444,265.577779346042,28.3333333333333,16.7777777777778,14.8888888888889,5.88888888888889,13.6666666666667,"fire-before",1,0
"211","NV4050111851919990804-226-after","NV4050111851919990804-226","NV4050111851919990804","226",226,"after","fire",1728.84375,1999,0.185474596408102,24.3031116531501,0.290628247609853,67.17,231.11999797821,23.4,15,18.2,10.8,16.6,"fire-after",1,1
"212","NV4050111851919990804-226-before","NV4050111851919990804-226","NV4050111851919990804","226",226,"before","fire",1728.84375,1999,0.123719028555179,36.3562288380306,0.244996292511579,73.4444444444444,299.777779049344,26.8888888888889,17.1111111111111,10.8888888888889,11.3333333333333,15.1111111111111,"fire-before",1,0
"213","NV4050111851919990804-23-after","NV4050111851919990804-23","NV4050111851919990804","23",23,"after","fire",1289.67077636719,1999,0.306732320468006,6.20793611400389,0.340517006802721,62.57,183.75,39.4,13,13.5,3.4,15.4,"fire-after",1,1
"214","NV4050111851919990804-23-before","NV4050111851919990804-23","NV4050111851919990804","23",23,"before","fire",1289.67077636719,1999,0.335303446881095,-5.55096798573111,0.312548396886927,76.2444444444444,243.944442537096,23.6666666666667,16.6666666666667,13.6666666666667,6.44444444444444,15.5555555555556,"fire-before",1,0
"215","NV4050111851919990804-236-after","NV4050111851919990804-236","NV4050111851919990804","236",236,"after","fire",1422.51257324219,1999,0.207843422163837,-10.0920951442552,0.156909258075353,31.09,198.1399974823,16.8,14.2,18.6,3.2,12.7,"fire-after",1,1
"216","NV4050111851919990804-236-before","NV4050111851919990804-236","NV4050111851919990804","236",236,"before","fire",1422.51257324219,1999,0.116211515977598,-0.0468491373507428,0.116027873889748,29.6,255.111112594605,19.6666666666667,18.2222222222222,12.1111111111111,2.33333333333333,11.4444444444444,"fire-before",1,0
"217","NV4050111851919990804-238-after","NV4050111851919990804-238","NV4050111851919990804","238",238,"after","fire",1303.8603515625,1999,0.311548794925993,12.8990681101498,0.380549907974561,71.14,186.940000534058,32.5,12.4,17.2,6.9,15.3,"fire-after",1,1
"218","NV4050111851919990804-238-before","NV4050111851919990804-238","NV4050111851919990804","238",238,"before","fire",1303.8603515625,1999,0.297925997947707,4.66041050809171,0.316659224755631,78.7777777777778,248.777776294284,23.2222222222222,17,16.1111111111111,8.88888888888889,15.6666666666667,"fire-before",1,0
"219","NV4050111851919990804-241-after","NV4050111851919990804-241","NV4050111851919990804","241",241,"after","fire",1471.494140625,1999,0.272689485471829,-9.71243035090384,0.2335989669273,58.04,248.46000289917,22.4,6.6,35.3,8.3,15.3,"fire-after",1,1
"220","NV4050111851919990804-241-before","NV4050111851919990804-241","NV4050111851919990804","241",241,"before","fire",1471.494140625,1999,0.16028380164554,10.5843922810946,0.1930742498505,62.3222222222222,322.788887023926,31.4444444444444,11.7777777777778,16.5555555555556,7.88888888888889,13.6666666666667,"fire-before",1,0
"221","NV4050111851919990804-243-after","NV4050111851919990804-243","NV4050111851919990804","243",243,"after","fire",1375.86950683594,1999,0.158768908960837,-1.72703476802552,0.150390532251783,31,206.129997253418,27.3,12.7,20.4,3.1,18.6,"fire-after",1,1
"222","NV4050111851919990804-243-before","NV4050111851919990804-243","NV4050111851919990804","243",243,"before","fire",1375.86950683594,1999,0.142597791521791,5.67085429802897,0.163830760988264,43.7555555555556,267.077777650621,31.1111111111111,12.3333333333333,13.3333333333333,4.44444444444444,16.7777777777778,"fire-before",1,0
"223","NV4050111851919990804-244-after","NV4050111851919990804-244","NV4050111851919990804","244",244,"after","fire",1525.26635742188,1999,0.311097886054275,-0.130934359542778,0.310437068646348,61.51,198.1399974823,16.3,14.9,27.6,8,13.2,"fire-after",1,1
"224","NV4050111851919990804-244-before","NV4050111851919990804-244","NV4050111851919990804","244",244,"before","fire",1525.26635742188,1999,0.163550040247005,13.1987894899164,0.215287455194078,54.9222222222222,255.111112594605,19.2222222222222,21.4444444444444,13.6666666666667,6.66666666666667,12,"fire-before",1,0
"225","NV4050111851919990804-25-after","NV4050111851919990804-25","NV4050111851919990804","25",25,"after","fire",1420.59741210938,1999,0.29324724908838,-17.3577986595788,0.212920540336884,46.01,216.090002059936,20.5,10.9,32.6,7,17.2,"fire-after",1,1
"226","NV4050111851919990804-25-before","NV4050111851919990804-25","NV4050111851919990804","25",25,"before","fire",1420.59741210938,1999,0.162889774831272,5.21706638248499,0.181419944609885,51.0777777777778,281.544445885552,28.3333333333333,14.6666666666667,14.6666666666667,4.77777777777778,14.6666666666667,"fire-before",1,0
"227","NV4050111851919990804-255-after","NV4050111851919990804-255","NV4050111851919990804","255",255,"after","fire",1664.7158203125,1999,0.238803659941338,-11.0419222098461,0.184053946567985,37.12,201.680000305176,15,19.1,18.3,6.9,11.7,"fire-after",1,1
"228","NV4050111851919990804-255-before","NV4050111851919990804-255","NV4050111851919990804","255",255,"before","fire",1664.7158203125,1999,0.155197566571981,2.72741935434811,0.165467323932948,43.9444444444444,265.577779346042,17.8888888888889,20.4444444444444,11.5555555555556,7,12.8888888888889,"fire-before",1,0
"229","NV4050111851919990804-257-after","NV4050111851919990804-257","NV4050111851919990804","257",257,"after","fire",1499.35314941406,1999,0.158299787984771,-5.28598921016353,0.131066459041796,25.44,194.100002288818,15.3,14.5,18.8,4.8,11.8,"fire-after",1,1
"230","NV4050111851919990804-257-before","NV4050111851919990804-257","NV4050111851919990804","257",257,"before","fire",1499.35314941406,1999,0.0967942870137938,8.80097498054656,0.131347058888232,33.4555555555556,254.711112976074,15.3333333333333,15.6666666666667,14,5.44444444444444,12.1111111111111,"fire-before",1,0
"231","NV4050111851919990804-271-after","NV4050111851919990804-271","NV4050111851919990804","271",271,"after","fire",1401.84924316406,1999,0.245819273779394,-15.2190873773613,0.175389882172743,37.9,216.090002059936,27.3,12.3,21.5,4,14.9,"fire-after",1,1
"232","NV4050111851919990804-271-before","NV4050111851919990804-271","NV4050111851919990804","271",271,"before","fire",1401.84924316406,1999,0.127958257611867,6.91850770863062,0.152531669766632,42.9444444444444,281.544445885552,32.7777777777778,16,11.5555555555556,2.88888888888889,12.8888888888889,"fire-before",1,0
"233","NV4050111851919990804-273-after","NV4050111851919990804-273","NV4050111851919990804","273",273,"after","fire",1622.44445800781,1999,0.246468663322889,-5.99741733559933,0.220643329076452,51.24,232.229998588562,17.5,16.8,16.7,6.5,12.5,"fire-after",1,1
"234","NV4050111851919990804-273-before","NV4050111851919990804-273","NV4050111851919990804","273",273,"before","fire",1622.44445800781,1999,0.130631752054443,9.94500436611773,0.163374303441149,49.6222222222222,303.733336130778,19.2222222222222,21,9.44444444444444,7.11111111111111,10.3333333333333,"fire-before",1,0
"235","NV4050111851919990804-283-after","NV4050111851919990804-283","NV4050111851919990804","283",283,"after","fire",1368.99096679688,1999,0.167782280268629,-10.946540984164,0.111385882251715,21.62,194.100002288818,31.2,12,16,4.2,15.1,"fire-after",1,1
"236","NV4050111851919990804-283-before","NV4050111851919990804-283","NV4050111851919990804","283",283,"before","fire",1368.99096679688,1999,0.120296703746781,1.99242603463759,0.128119000981314,32.6333333333333,254.711112976074,30.3333333333333,15,13.2222222222222,4.77777777777778,14.5555555555556,"fire-before",1,0
"237","NV4050111851919990804-293-after","NV4050111851919990804-293","NV4050111851919990804","293",293,"after","fire",1265.63488769531,1999,0.594610446820525,-1.6268913965613,0.585525220838157,104.85,179.069997787476,19.6,9.9,35.6,7.7,19.2,"fire-after",1,1
"238","NV4050111851919990804-293-before","NV4050111851919990804-293","NV4050111851919990804","293",293,"before","fire",1265.63488769531,1999,0.569177341838748,-41.7706856789846,0.391522140420672,92.0555555555556,235.122221840753,22,14.6666666666667,27.6666666666667,12.6666666666667,14.3333333333333,"fire-before",1,0
"239","NV4050111851919990804-298-after","NV4050111851919990804-298","NV4050111851919990804","298",298,"after","fire",1514.67846679688,1999,0.206443697417097,-13.3049605856287,0.132596993077606,23.89,180.169998168945,12,12.6,24.3,3.6,9.7,"fire-after",1,1
"240","NV4050111851919990804-298-before","NV4050111851919990804-298","NV4050111851919990804","298",298,"before","fire",1514.67846679688,1999,0.142625656944063,-0.0667860987136966,0.14233855583143,33.1111111111111,232.622221840752,13.2222222222222,15.4444444444444,22.6666666666667,4.33333333333333,9,"fire-before",1,0
"241","NV4050111851919990804-306-after","NV4050111851919990804-306","NV4050111851919990804","306",306,"after","fire",1481.84057617188,1999,0.182346516382484,-12.2362225423333,0.133250410491683,33.21,249.230001449585,27,13.6,17.4,5,12.5,"fire-after",1,1
"242","NV4050111851919990804-306-before","NV4050111851919990804-306","NV4050111851919990804","306",306,"before","fire",1481.84057617188,1999,0.102593111794914,2.11284422657355,0.109129029124808,35.2777777777778,323.26666937934,24.8888888888889,17.3333333333333,10.7777777777778,3.44444444444444,11,"fire-before",1,0
"243","NV4050111851919990804-307-after","NV4050111851919990804-307","NV4050111851919990804","307",307,"after","fire",1433.13061523438,1999,0.183969488047204,-12.5206459547387,0.123465738542873,25.55,206.940000534058,23.8,12.2,16.6,3.9,13.8,"fire-after",1,1
"244","NV4050111851919990804-307-before","NV4050111851919990804-307","NV4050111851919990804","307",307,"before","fire",1433.13061523438,1999,0.12524865204913,0.409460045664725,0.126769865841073,34.1222222222222,269.166666666667,23.4444444444444,15.4444444444444,12,3.55555555555556,14.4444444444444,"fire-before",1,0
"245","NV4050111851919990804-312-after","NV4050111851919990804-312","NV4050111851919990804","312",312,"after","fire",1471.6396484375,1999,0.194085504182903,-1.73909103834983,0.186448868381836,42.46,227.729995727539,29.6,15.7,15.7,3.8,17.1,"fire-after",1,1
"246","NV4050111851919990804-312-before","NV4050111851919990804-312","NV4050111851919990804","312",312,"before","fire",1471.6396484375,1999,0.163721924814114,11.6030535197537,0.202758776645074,60.2666666666667,297.23333146837,37.3333333333333,16.1111111111111,11.3333333333333,6.11111111111111,15.5555555555556,"fire-before",1,0
"247","NV4050111851919990804-315-after","NV4050111851919990804-315","NV4050111851919990804","315",315,"after","fire",1458.12329101562,1999,0.189211474082503,-5.70594755248458,0.159814526708983,31.02,194.100002288818,23.3,16.6,13.2,2.9,16.7,"fire-after",1,1
"248","NV4050111851919990804-315-before","NV4050111851919990804-315","NV4050111851919990804","315",315,"before","fire",1458.12329101562,1999,0.129393457192085,5.19760406233766,0.14979933584264,38.1555555555556,254.711112976074,21.1111111111111,16.1111111111111,12.7777777777778,2.88888888888889,16.8888888888889,"fire-before",1,0
"249","NV4050111851919990804-320-after","NV4050111851919990804-320","NV4050111851919990804","320",320,"after","fire",1459.12243652344,1999,0.193725686300367,0.0351930041884493,0.193903303160343,38.42,198.1399974823,21.3,17.5,15.9,3.1,11,"fire-after",1,1
"250","NV4050111851919990804-320-before","NV4050111851919990804-320","NV4050111851919990804","320",320,"before","fire",1459.12243652344,1999,0.132953026781644,8.44887208158125,0.166071427605709,42.3666666666667,255.111112594605,23.8888888888889,20.7777777777778,13.4444444444444,3.55555555555556,11.8888888888889,"fire-before",1,0
"251","NV4050111851919990804-322-after","NV4050111851919990804-322","NV4050111851919990804","322",322,"after","fire",1386.08801269531,1999,0.190401579826298,-6.05747712664121,0.161014895659247,33.19,206.129997253418,31,11.1,19,3.6,17.2,"fire-after",1,1
"252","NV4050111851919990804-322-before","NV4050111851919990804-322","NV4050111851919990804","322",322,"before","fire",1386.08801269531,1999,0.157218566401158,2.63263690238434,0.167075758285644,44.6222222222222,267.077777650621,35.3333333333333,11.7777777777778,14.4444444444444,4.44444444444444,16.2222222222222,"fire-before",1,0
"253","NV4050111851919990804-328-after","NV4050111851919990804-328","NV4050111851919990804","328",328,"after","fire",1341.85803222656,1999,0.191820483434735,-11.4099557235512,0.136467279749763,28.13,206.129997253418,35.9,9.1,19.8,4.9,17.9,"fire-after",1,1
"254","NV4050111851919990804-328-before","NV4050111851919990804-328","NV4050111851919990804","328",328,"before","fire",1341.85803222656,1999,0.212668059797227,-8.92113501013492,0.179265299415548,47.8777777777778,267.077777650621,40.6666666666667,9.55555555555556,15.4444444444444,8.55555555555556,17.2222222222222,"fire-before",1,0
"255","NV4050111851919990804-33-after","NV4050111851919990804-33","NV4050111851919990804","33",33,"after","fire",1303.05285644531,1999,0.257930176432118,-26.0600529016366,0.112910405753234,20.29,179.70000076294,35.3,11.5,22.9,7.3,16.9,"fire-after",1,1
"256","NV4050111851919990804-33-before","NV4050111851919990804-33","NV4050111851919990804","33",33,"before","fire",1303.05285644531,1999,0.202015466820595,-13.3109884924376,0.146367521549073,35.0111111111111,239.199999703301,25.3333333333333,15.1111111111111,18.6666666666667,11.8888888888889,15.6666666666667,"fire-before",1,0
"257","NV4050111851919990804-330-after","NV4050111851919990804-330","NV4050111851919990804","330",330,"after","fire",1275.22680664062,1999,0.281766767967888,-25.3648832078456,0.131224403701966,22.11,168.490001678467,28.2,9.4,21.8,5.8,15.8,"fire-after",1,1
"258","NV4050111851919990804-330-before","NV4050111851919990804-330","NV4050111851919990804","330",330,"before","fire",1275.22680664062,1999,0.173625376212138,-5.58061040727481,0.148284561905642,32.6555555555556,220.222220950656,31.6666666666667,14.7777777777778,17.2222222222222,9.22222222222222,15.3333333333333,"fire-before",1,0
"259","NV4050111851919990804-336-after","NV4050111851919990804-336","NV4050111851919990804","336",336,"after","fire",1415.56994628906,1999,0.166842034144971,-4.41629063506364,0.145501111057766,30.11,206.940000534058,26,18.1,14.4,2,14.3,"fire-after",1,1
"260","NV4050111851919990804-336-before","NV4050111851919990804-336","NV4050111851919990804","336",336,"before","fire",1415.56994628906,1999,0.124742556834636,5.74568400756601,0.14608875128999,39.3222222222222,269.166666666667,27,19.1111111111111,12,3.44444444444444,12.2222222222222,"fire-before",1,0
"261","NV4050111851919990804-337-after","NV4050111851919990804-337","NV4050111851919990804","337",337,"after","fire",1293.07775878906,1999,0.504463956040016,-7.92217328526645,0.460378406503946,82.73,179.70000076294,30.6,9.6,28.4,8.1,16.6,"fire-after",1,1
"262","NV4050111851919990804-337-before","NV4050111851919990804-337","NV4050111851919990804","337",337,"before","fire",1293.07775878906,1999,0.485542996369851,-38.1418845876085,0.326086956926211,78,239.199999703301,22.8888888888889,14.7777777777778,20,11.3333333333333,16.5555555555556,"fire-before",1,0
"263","NV4050111851919990804-344-after","NV4050111851919990804-344","NV4050111851919990804","344",344,"after","fire",1542.71826171875,1999,0.239717555989974,-1.52590465615098,0.232399770358956,48.46,208.519999504089,21.6,14.6,22,6.4,12.6,"fire-after",1,1
"264","NV4050111851919990804-344-before","NV4050111851919990804-344","NV4050111851919990804","344",344,"before","fire",1542.71826171875,1999,0.119702616338392,22.215403119434,0.202441548012519,54.3555555555556,268.499999576145,20.7777777777778,17.3333333333333,11.4444444444444,7.11111111111111,13,"fire-before",1,0
"265","NV4050111851919990804-345-after","NV4050111851919990804-345","NV4050111851919990804","345",345,"after","fire",1485.2568359375,1999,0.296398867719098,-20.7627086320575,0.206993068475898,48.07,232.229998588562,18.9,9.7,32.5,7.5,14.1,"fire-after",1,1
"266","NV4050111851919990804-345-before","NV4050111851919990804-345","NV4050111851919990804","345",345,"before","fire",1485.2568359375,1999,0.171669646638512,-2.15290559701828,0.16458150272766,49.9888888888889,303.733336130778,23.5555555555556,16.4444444444444,14.4444444444444,6,12,"fire-before",1,0
"267","NV4050111851919990804-353-after","NV4050111851919990804-353","NV4050111851919990804","353",353,"after","fire",1413.42077636719,1999,0.217148359331027,-12.97448117615,0.152816342489906,30.82,201.680000305176,33.9,10.9,23.5,6,17.4,"fire-after",1,1
"268","NV4050111851919990804-353-before","NV4050111851919990804-353","NV4050111851919990804","353",353,"before","fire",1413.42077636719,1999,0.130126166278343,5.06360394720604,0.149192535308443,39.6222222222222,265.577779346042,37.6666666666667,14.3333333333333,15.1111111111111,5.11111111111111,15.4444444444444,"fire-before",1,0
"269","NV4050111851919990804-354-after","NV4050111851919990804-354","NV4050111851919990804","354",354,"after","fire",1583.53076171875,1999,0.173202488613204,11.5994411818953,0.223390448475461,51.63,231.11999797821,23.3,16.3,19,6.8,17,"fire-after",1,1
"270","NV4050111851919990804-354-before","NV4050111851919990804-354","NV4050111851919990804","354",354,"before","fire",1583.53076171875,1999,0.132004286909995,20.7391591562406,0.201186062897557,60.3111111111111,299.777779049344,25.1111111111111,15.6666666666667,13,8,15.4444444444444,"fire-before",1,0
"271","NV4050111851919990804-355-after","NV4050111851919990804-355","NV4050111851919990804","355",355,"after","fire",1588.51342773438,1999,0.246854162366274,12.8366141028035,0.298518872794587,74.17,248.46000289917,13.9,10.2,35.2,10.8,14.5,"fire-after",1,1
"272","NV4050111851919990804-355-before","NV4050111851919990804-355","NV4050111851919990804","355",355,"before","fire",1588.51342773438,1999,0.190907561444302,13.3882718280531,0.232384428728958,75.0111111111111,322.788887023926,19,16.5555555555556,16.4444444444444,9.55555555555556,12,"fire-before",1,0
"273","NV4050111851919990804-358-after","NV4050111851919990804-358","NV4050111851919990804","358",358,"after","fire",1481.115234375,1999,0.245193809878565,-13.3286887902859,0.183378167010259,39.54,215.619997978211,18.5,13.9,22.1,6.4,12.3,"fire-after",1,1
"274","NV4050111851919990804-358-before","NV4050111851919990804-358","NV4050111851919990804","358",358,"before","fire",1481.115234375,1999,0.138836804568503,1.76471900540223,0.145081387032564,41,282.600000169542,20.6666666666667,19.4444444444444,12.6666666666667,5.44444444444444,9.66666666666667,"fire-before",1,0
"275","NV4050111851919990804-359-after","NV4050111851919990804-359","NV4050111851919990804","359",359,"after","fire",1442.35888671875,1999,0.211543478936092,-7.52058974567999,0.172797525010293,33.54,194.100002288818,22.2,14.6,18.8,3.6,12.3,"fire-after",1,1
"276","NV4050111851919990804-359-before","NV4050111851919990804-359","NV4050111851919990804","359",359,"before","fire",1442.35888671875,1999,0.149685293109839,7.32904795139855,0.178459255367571,45.4555555555556,254.711112976074,23.1111111111111,17.3333333333333,17.3333333333333,4.44444444444444,11.8888888888889,"fire-before",1,0
"277","NV4050111851919990804-36-after","NV4050111851919990804-36","NV4050111851919990804","36",36,"after","fire",1347.73754882812,1999,0.235237419922492,-18.3294887225244,0.146315433958508,30.16,206.129997253418,29.6,9,23.5,4.2,19.2,"fire-after",1,1
"278","NV4050111851919990804-36-before","NV4050111851919990804-36","NV4050111851919990804","36",36,"before","fire",1347.73754882812,1999,0.157063793288042,2.46286225036434,0.166285310226026,44.4111111111111,267.077777650621,39.3333333333333,12.2222222222222,11.2222222222222,5.11111111111111,16.8888888888889,"fire-before",1,0
"279","NV4050111851919990804-367-after","NV4050111851919990804-367","NV4050111851919990804","367",367,"after","fire",1440.37329101562,1999,0.199702619070212,-5.73602427502477,0.171261403945533,34.54,201.680000305176,31.9,12.2,19.2,5.2,16,"fire-after",1,1
"280","NV4050111851919990804-367-before","NV4050111851919990804-367","NV4050111851919990804","367",367,"before","fire",1440.37329101562,1999,0.154776685883542,9.89475146850912,0.192034138268579,51,265.577779346042,31.6666666666667,16.7777777777778,12.6666666666667,5.77777777777778,16.6666666666667,"fire-before",1,0
"281","NV4050111851919990804-37-after","NV4050111851919990804-37","NV4050111851919990804","37",37,"after","fire",1309.61083984375,1999,0.166656547541819,-11.0613279103448,0.11083072715776,21.96,198.1399974823,25.6,12.5,16.5,3,13.9,"fire-after",1,1
"282","NV4050111851919990804-37-before","NV4050111851919990804-37","NV4050111851919990804","37",37,"before","fire",1309.61083984375,1999,0.127747055796527,-2.37858242382603,0.118423344259093,30.2111111111111,255.111112594605,24,15.4444444444444,13.6666666666667,2.77777777777778,14.2222222222222,"fire-before",1,0
"283","NV4050111851919990804-370-after","NV4050111851919990804-370","NV4050111851919990804","370",370,"after","fire",1513.36865234375,1999,0.333328815359131,21.7343153880612,0.433261296026416,94.23,217.490001678467,29.2,10.3,22.8,7.2,17.8,"fire-after",1,1
"284","NV4050111851919990804-370-before","NV4050111851919990804-370","NV4050111851919990804","370",370,"before","fire",1513.36865234375,1999,0.191501234990385,30.0997049864433,0.297610652798322,84.4222222222222,283.666667938232,30.3333333333333,13.4444444444444,10.7777777777778,8.22222222222222,17.4444444444444,"fire-before",1,0
"285","NV4050111851919990804-381-after","NV4050111851919990804-381","NV4050111851919990804","381",381,"after","fire",1436.5537109375,1999,0.207772845918758,-9.78226691740978,0.158407348482237,31.39,198.159998893738,25,16.9,16.6,3.7,13.9,"fire-after",1,1
"286","NV4050111851919990804-381-before","NV4050111851919990804-381","NV4050111851919990804","381",381,"before","fire",1436.5537109375,1999,0.126122654014432,3.34164718151684,0.138923175256427,36.2666666666667,261.055555343628,24.5555555555556,20.4444444444444,11.3333333333333,5.22222222222222,15.4444444444444,"fire-before",1,0
"287","NV4050111851919990804-387-after","NV4050111851919990804-387","NV4050111851919990804","387",387,"after","fire",1335.13464355469,1999,0.289801791037985,-8.50478380333333,0.243126065827625,44.3,182.209998130798,21.1,8.2,33.6,7.4,17.3,"fire-after",1,1
"288","NV4050111851919990804-387-before","NV4050111851919990804-387","NV4050111851919990804","387",387,"before","fire",1335.13464355469,1999,0.216394585769351,3.28985600666353,0.230275183836471,54.5777777777778,237.011113696628,24.4444444444444,11.6666666666667,23.8888888888889,4.55555555555556,14,"fire-before",1,0
"289","NV4050111851919990804-396-after","NV4050111851919990804-396","NV4050111851919990804","396",396,"after","fire",1332.31604003906,1999,0.16180600552245,-8.0130714739292,0.122932131847102,25.34,206.129997253418,33.9,9.6,18.7,3.8,17,"fire-after",1,1
"290","NV4050111851919990804-396-before","NV4050111851919990804-396","NV4050111851919990804","396",396,"before","fire",1332.31604003906,1999,0.1317556310665,4.28877663958185,0.147813787148629,39.4777777777778,267.077777650621,36,12.3333333333333,12.4444444444444,4.11111111111111,16.1111111111111,"fire-before",1,0
"291","NV4050111851919990804-398-after","NV4050111851919990804-398","NV4050111851919990804","398",398,"after","fire",1353.40454101562,1999,0.418278737265211,-3.54871797248256,0.398965986394558,73.31,183.75,24.8,10.1,19.1,5.2,17,"fire-after",1,1
"292","NV4050111851919990804-398-before","NV4050111851919990804-398","NV4050111851919990804","398",398,"before","fire",1353.40454101562,1999,0.286973984231844,-5.39459749497538,0.264859942858858,64.6111111111111,243.944442537096,25.7777777777778,13.8888888888889,17.3333333333333,5.44444444444444,18.3333333333333,"fire-before",1,0
"293","NV4050111851919990804-400-after","NV4050111851919990804-400","NV4050111851919990804","400",400,"after","fire",1343.09436035156,1999,0.426425120100487,5.24408782067932,0.454477371120589,84.96,186.940000534058,18,9.7,27.4,7.2,17.9,"fire-after",1,1
"294","NV4050111851919990804-400-before","NV4050111851919990804-400","NV4050111851919990804","400",400,"before","fire",1343.09436035156,1999,0.31460766895144,2.13260371313227,0.323179992994604,80.4,248.777776294284,18.1111111111111,15.4444444444444,25.6666666666667,9.77777777777778,16,"fire-before",1,0
"295","NV4050111851919990804-402-after","NV4050111851919990804-402","NV4050111851919990804","402",402,"after","fire",1341.29321289062,1999,0.395344494044465,-4.74100684441796,0.371222143147252,72.96,196.539999961853,34,8.8,19.6,3.8,16.5,"fire-after",1,1
"296","NV4050111851919990804-402-before","NV4050111851919990804-402","NV4050111851919990804","402",402,"before","fire",1341.29321289062,1999,0.297430074218758,1.76706820639527,0.304364890391515,77.5555555555556,254.811109966702,35.7777777777778,13.6666666666667,15.3333333333333,5.22222222222222,16.4444444444444,"fire-before",1,0
"297","NV4050111851919990804-405-after","NV4050111851919990804-405","NV4050111851919990804","405",405,"after","fire",1395.90612792969,1999,0.203460747388117,-11.2795066509549,0.147335422302569,29.61,200.970001220703,20.7,14.1,18.3,2.5,12.1,"fire-after",1,1
"298","NV4050111851919990804-405-before","NV4050111851919990804-405","NV4050111851919990804","405",405,"before","fire",1395.90612792969,1999,0.11789673717433,2.48150971895655,0.127348907191074,33.4333333333333,262.533335155911,20.6666666666667,15.5555555555556,12.5555555555556,3,12.1111111111111,"fire-before",1,0
"299","NV4050111851919990804-406-after","NV4050111851919990804-406","NV4050111851919990804","406",406,"after","fire",1298.92724609375,1999,0.211623637677118,-16.5558434231704,0.121523809523809,22.33,183.75,29,12.5,23.4,4.8,16.1,"fire-after",1,1
"300","NV4050111851919990804-406-before","NV4050111851919990804-406","NV4050111851919990804","406",406,"before","fire",1298.92724609375,1999,0.166229055991592,-5.3395432862256,0.14434069800855,35.2111111111111,243.944442537096,27.7777777777778,16.2222222222222,15.5555555555556,6.44444444444444,15.2222222222222,"fire-before",1,0
"301","NV4050111851919990804-407-after","NV4050111851919990804-407","NV4050111851919990804","407",407,"after","fire",1500.65417480469,1999,0.243641090987889,-9.58032845652994,0.202189340640292,46.73,231.11999797821,30.4,10.9,21.5,7.4,16.1,"fire-after",1,1
"302","NV4050111851919990804-407-before","NV4050111851919990804-407","NV4050111851919990804","407",407,"before","fire",1500.65417480469,1999,0.134724134380288,16.2015871000209,0.188769458057711,56.5888888888889,299.777779049344,35.5555555555556,15.6666666666667,11.2222222222222,7.33333333333333,15.3333333333333,"fire-before",1,0
"303","NV4050111851919990804-411-after","NV4050111851919990804-411","NV4050111851919990804","411",411,"after","fire",1483.32202148438,1999,0.144915729675113,1.71707685047707,0.152345103444141,35.21,231.11999797821,25,12.9,17.6,4.3,12.5,"fire-after",1,1
"304","NV4050111851919990804-411-before","NV4050111851919990804-411","NV4050111851919990804","411",411,"before","fire",1483.32202148438,1999,0.102115783076965,13.8212906766362,0.148220903744902,44.4333333333333,299.777779049344,24.3333333333333,16.3333333333333,10.2222222222222,5,11.5555555555556,"fire-before",1,0
"305","NV4050111851919990804-412-after","NV4050111851919990804-412","NV4050111851919990804","412",412,"after","fire",1280.8505859375,1999,0.361433603500046,0.84808542092751,0.366169658849385,65.57,179.069997787476,32.8,13.6,17.6,3.7,15.3,"fire-after",1,1
"306","NV4050111851919990804-412-before","NV4050111851919990804-412","NV4050111851919990804","412",412,"before","fire",1280.8505859375,1999,0.390155317314108,-13.2564072920992,0.333774396836597,78.4777777777778,235.122221840753,23.1111111111111,15.5555555555556,18.3333333333333,7.33333333333333,14.5555555555556,"fire-before",1,0
"307","NV4050111851919990804-420-after","NV4050111851919990804-420","NV4050111851919990804","420",420,"after","fire",1471.6845703125,1999,0.158803063257185,-3.57367494169092,0.140391549091547,27.25,194.100002288818,12.9,15.9,18.7,3.1,11.8,"fire-after",1,1
"308","NV4050111851919990804-420-before","NV4050111851919990804-420","NV4050111851919990804","420",420,"before","fire",1471.6845703125,1999,0.119634594076554,6.74996161454225,0.146135053894247,37.2222222222222,254.711112976074,15,17.6666666666667,16.3333333333333,5.44444444444444,10.2222222222222,"fire-before",1,0
"309","NV4050111851919990804-427-after","NV4050111851919990804-427","NV4050111851919990804","427",427,"after","fire",1487.58117675781,1999,0.154123225786642,-4.94359542902713,0.131489788543965,28.72,218.420002937317,20.5,15.3,13,3.1,10.8,"fire-after",1,1
"310","NV4050111851919990804-427-before","NV4050111851919990804-427","NV4050111851919990804","427",427,"before","fire",1487.58117675781,1999,0.0912201671839006,9.09093893734089,0.123786020507201,34.5555555555556,279.155557420519,21.3333333333333,16.8888888888889,12.7777777777778,4.11111111111111,9.66666666666667,"fire-before",1,0
"311","NV4050111851919990804-428-after","NV4050111851919990804-428","NV4050111851919990804","428",428,"after","fire",1373.16955566406,1999,0.454373916671003,1.37933977486091,0.46175243261687,86.32,186.940000534058,16.1,10.8,26,7.7,16,"fire-after",1,1
"312","NV4050111851919990804-428-before","NV4050111851919990804-428","NV4050111851919990804","428",428,"before","fire",1373.16955566406,1999,0.330394387748097,-8.87255886186091,0.29472979184237,73.3222222222222,248.777776294284,18.3333333333333,16.1111111111111,21.1111111111111,6.55555555555556,14,"fire-before",1,0
"313","NV4050111851919990804-433-after","NV4050111851919990804-433","NV4050111851919990804","433",433,"after","fire",1489.51501464844,1999,0.157847928472325,-8.66477026246993,0.114884966109381,23.17,201.680000305176,15,19.2,14.1,4,7.3,"fire-after",1,1
"314","NV4050111851919990804-433-before","NV4050111851919990804-433","NV4050111851919990804","433",433,"before","fire",1489.51501464844,1999,0.122823877372306,-4.65262593654095,0.105304994776038,27.9666666666667,265.577779346042,15.4444444444444,19.1111111111111,12,5.44444444444444,7.11111111111111,"fire-before",1,0
"315","NV4050111851919990804-434-after","NV4050111851919990804-434","NV4050111851919990804","434",434,"after","fire",1919.14953613281,1999,0.150328176509159,86.0530707758671,0.452597555347094,128.85,284.690004348755,15.1,21.6,12.8,21.1,14.2,"fire-after",1,1
"316","NV4050111851919990804-434-before","NV4050111851919990804-434","NV4050111851919990804","434",434,"before","fire",1919.14953613281,1999,0.131187193861041,93.6755872364177,0.386017407825017,141.9,367.600002288818,15.7777777777778,23.7777777777778,8.11111111111111,24.5555555555556,13.6666666666667,"fire-before",1,0
"317","NV4050111851919990804-436-after","NV4050111851919990804-436","NV4050111851919990804","436",436,"after","fire",1954.6279296875,1999,0.312421052418074,73.3730613772148,0.54764766133487,170.825,311.925005912781,17.375,16.125,26.625,22.25,14.75,"fire-after",1,1
"318","NV4050111851919990804-436-before","NV4050111851919990804-436","NV4050111851919990804","436",436,"before","fire",1954.6279296875,1999,0.174035732484605,81.7022421181009,0.396294278756072,145.677777777778,367.600002288818,22.5555555555556,23.8888888888889,12,23.8888888888889,16.1111111111111,"fire-before",1,0
"319","NV4050111851919990804-44-after","NV4050111851919990804-44","NV4050111851919990804","44",44,"after","fire",1551.99645996094,1999,0.233313519694758,-10.2855666810258,0.193347842009455,49.76,257.359996795654,14.4,14,23.1,7.1,12.3,"fire-after",1,1
"320","NV4050111851919990804-44-before","NV4050111851919990804-44","NV4050111851919990804","44",44,"before","fire",1551.99645996094,1999,0.126872989818156,11.8234443185116,0.162533512272123,53.8888888888889,331.5555551317,15.5555555555556,18.5555555555556,16.2222222222222,6.77777777777778,11.4444444444444,"fire-before",1,0
"321","NV4050111851919990804-440-after","NV4050111851919990804-440","NV4050111851919990804","440",440,"after","fire",1471.74536132812,1999,0.259827063098998,-13.0912302981248,0.203184494681535,46.96,231.11999797821,27.7,9.6,23.1,7.4,16.2,"fire-after",1,1
"322","NV4050111851919990804-440-before","NV4050111851919990804-440","NV4050111851919990804","440",440,"before","fire",1471.74536132812,1999,0.139250037897712,14.6003773509314,0.187954039232408,56.3444444444444,299.777779049344,31.7777777777778,14.3333333333333,13.2222222222222,6.55555555555556,15.6666666666667,"fire-before",1,0
"323","NV4050111851919990804-441-after","NV4050111851919990804-441","NV4050111851919990804","441",441,"after","fire",1633.19140625,1999,0.211898487641922,6.98853961783881,0.239939010761899,59.8,249.230001449585,12.6,16.7,23.8,8.4,10.3,"fire-after",1,1
"324","NV4050111851919990804-441-before","NV4050111851919990804-441","NV4050111851919990804","441",441,"before","fire",1633.19140625,1999,0.0940068396708919,24.099610929602,0.168557089394664,54.4888888888889,323.26666937934,13.5555555555556,19.8888888888889,13.2222222222222,8.11111111111111,9.44444444444444,"fire-before",1,0
"325","NV4050111851919990804-444-after","NV4050111851919990804-444","NV4050111851919990804","444",444,"after","fire",1287.43896484375,1999,0.450445988611127,-5.85945040729465,0.418557823129251,76.91,183.75,25.5,11.6,26.5,4.6,16.8,"fire-after",1,1
"326","NV4050111851919990804-444-before","NV4050111851919990804-444","NV4050111851919990804","444",444,"before","fire",1287.43896484375,1999,0.364429606359298,-14.0116882784433,0.306991576073723,74.8888888888889,243.944442537096,23.8888888888889,16.1111111111111,17.5555555555556,5.66666666666667,14.5555555555556,"fire-before",1,0
"327","NV4050111851919990804-448-after","NV4050111851919990804-448","NV4050111851919990804","448",448,"after","fire",1476.38122558594,1999,0.249757714934966,-13.8598058404159,0.186031540244389,40.46,217.490001678467,23,13,19.4,5.8,13.4,"fire-after",1,1
"328","NV4050111851919990804-448-before","NV4050111851919990804-448","NV4050111851919990804","448",448,"before","fire",1476.38122558594,1999,0.135414754700559,7.78734774441948,0.162867214311059,46.2,283.666667938232,26.6666666666667,17.3333333333333,11.5555555555556,5.66666666666667,13.7777777777778,"fire-before",1,0
"329","NV4050111851919990804-45-after","NV4050111851919990804-45","NV4050111851919990804","45",45,"after","fire",1416.99987792969,1999,0.307062587243876,-17.3048102652076,0.223111631556757,45.99,206.129997253418,19.3,9.1,32.9,5.8,17.5,"fire-after",1,1
"330","NV4050111851919990804-45-before","NV4050111851919990804-45","NV4050111851919990804","45",45,"before","fire",1416.99987792969,1999,0.155844203245367,10.5330320930513,0.195282273255183,52.1555555555556,267.077777650621,28.4444444444444,12.5555555555556,14.1111111111111,3.55555555555556,16.7777777777778,"fire-before",1,0
"331","NV4050111851919990804-455-after","NV4050111851919990804-455","NV4050111851919990804","455",455,"after","fire",1390.14831542969,1999,0.357026827874722,3.79007202909877,0.374566149421156,80.94,216.090002059936,25.2,11.5,19.9,3.8,16.4,"fire-after",1,1
"332","NV4050111851919990804-455-before","NV4050111851919990804-455","NV4050111851919990804","455",455,"before","fire",1390.14831542969,1999,0.276297158713873,2.97673621681676,0.286870040759029,80.7666666666667,281.544445885552,27,16.3333333333333,16.8888888888889,5.33333333333333,17.2222222222222,"fire-before",1,0
"333","NV4050111851919990804-458-after","NV4050111851919990804-458","NV4050111851919990804","458",458,"after","fire",1388.18664550781,1999,0.194499523012171,-9.82297870496357,0.139978910230943,25.22,180.169998168945,18.8,12.4,18.9,4.1,13.2,"fire-after",1,1
"334","NV4050111851919990804-458-before","NV4050111851919990804-458","NV4050111851919990804","458",458,"before","fire",1388.18664550781,1999,0.125125129627181,3.17089211579089,0.138756209627618,32.2777777777778,232.622221840752,21.4444444444444,14.3333333333333,16.6666666666667,4.33333333333333,12.2222222222222,"fire-before",1,0
"335","NV4050111851919990804-46-after","NV4050111851919990804-46","NV4050111851919990804","46",46,"after","fire",1489.51391601562,1999,0.192256613522173,-5.85700912469422,0.162081399428259,31.46,194.100002288818,18.9,19.5,14.6,3.1,14.2,"fire-after",1,1
"336","NV4050111851919990804-46-before","NV4050111851919990804-46","NV4050111851919990804","46",46,"before","fire",1489.51391601562,1999,0.106789702088618,9.05503168218034,0.142339904733411,36.2555555555556,254.711112976074,20.5555555555556,18.4444444444444,11.6666666666667,2.88888888888889,13.8888888888889,"fire-before",1,0
"337","NV4050111851919990804-462-after","NV4050111851919990804-462","NV4050111851919990804","462",462,"after","fire",1376.65942382812,1999,0.231380171454741,-18.0389417262834,0.147901335995801,31.96,216.090002059936,30.9,10.4,22.6,3.9,15.7,"fire-after",1,1
"338","NV4050111851919990804-462-before","NV4050111851919990804-462","NV4050111851919990804","462",462,"before","fire",1376.65942382812,1999,0.120287630205576,6.50035247355152,0.143375823095,40.3666666666667,281.544445885552,36.7777777777778,15.3333333333333,11.1111111111111,3.33333333333333,14.2222222222222,"fire-before",1,0
"339","NV4050111851919990804-463-after","NV4050111851919990804-463","NV4050111851919990804","463",463,"after","fire",1397.21325683594,1999,0.149112466895999,-3.3273339790926,0.133033729240129,27.53,206.940000534058,29.8,17.3,13.9,3,17.4,"fire-after",1,1
"340","NV4050111851919990804-463-before","NV4050111851919990804-463","NV4050111851919990804","463",463,"before","fire",1397.21325683594,1999,0.105474103264131,10.6765538714046,0.145139318885449,39.0666666666667,269.166666666667,32.8888888888889,17.1111111111111,9.22222222222222,4.22222222222222,15,"fire-before",1,0
"341","NV4050111851919990804-465-after","NV4050111851919990804-465","NV4050111851919990804","465",465,"after","fire",1492.03820800781,1999,0.153302904385332,-1.92609409207547,0.143379699494229,27.83,194.100002288818,14.6,15.3,16.9,3.2,12.1,"fire-after",1,1
"342","NV4050111851919990804-465-before","NV4050111851919990804-465","NV4050111851919990804","465",465,"before","fire",1492.03820800781,1999,0.116133451963857,5.14174141875462,0.136320012961051,34.7222222222222,254.711112976074,15.8888888888889,17.4444444444444,13,4.11111111111111,12,"fire-before",1,0
"343","NV4050111851919990804-470-after","NV4050111851919990804-470","NV4050111851919990804","470",470,"after","fire",1636.61267089844,1999,0.182944250741216,-3.01903530691005,0.172697032974906,50.88,294.620000839233,17.8,14.5,21.5,7.2,11.1,"fire-after",1,1
"344","NV4050111851919990804-470-before","NV4050111851919990804-470","NV4050111851919990804","470",470,"before","fire",1636.61267089844,1999,0.0778970571652875,12.3267076518226,0.110736167853724,41.5666666666667,375.366670820448,15.7777777777778,18.8888888888889,9.22222222222222,5.88888888888889,11.1111111111111,"fire-before",1,0
"345","NV4050111851919990804-471-after","NV4050111851919990804-471","NV4050111851919990804","471",471,"after","fire",1284.40209960938,1999,0.27600919263742,-27.0988521275227,0.125208680603636,22.5,179.70000076294,33.6,10.4,26.2,5.6,16.6,"fire-after",1,1
"346","NV4050111851919990804-471-before","NV4050111851919990804-471","NV4050111851919990804","471",471,"before","fire",1284.40209960938,1999,0.164226572357108,-7.14966272576113,0.134336677981567,32.1333333333333,239.199999703301,42.7777777777778,13.5555555555556,21.6666666666667,7.77777777777778,14.7777777777778,"fire-before",1,0
"347","NV4050111851919990804-473-after","NV4050111851919990804-473","NV4050111851919990804","473",473,"after","fire",1464.03625488281,1999,0.134922968883151,2.29660370451209,0.144859814351316,33.48,231.11999797821,26.1,14.5,15.4,4,13.9,"fire-after",1,1
"348","NV4050111851919990804-473-before","NV4050111851919990804-473","NV4050111851919990804","473",473,"before","fire",1464.03625488281,1999,0.102916031816239,14.1925049980007,0.15025945080816,45.0444444444444,299.777779049344,28.6666666666667,16.2222222222222,10.3333333333333,5.66666666666667,13.7777777777778,"fire-before",1,0
"349","NV4050111851919990804-474-after","NV4050111851919990804-474","NV4050111851919990804","474",474,"after","fire",1507.53979492188,1999,0.256086902496931,-13.7376065737325,0.187971042952379,37.91,201.680000305176,21.3,12,19.2,8.4,14.1,"fire-after",1,1
"350","NV4050111851919990804-474-before","NV4050111851919990804-474","NV4050111851919990804","474",474,"before","fire",1507.53979492188,1999,0.150264297303186,3.2264749405598,0.162413186221922,43.1333333333333,265.577779346042,22.6666666666667,15.6666666666667,12.3333333333333,7.77777777777778,14.4444444444444,"fire-before",1,0
"351","NV4050111851919990804-476-after","NV4050111851919990804-476","NV4050111851919990804","476",476,"after","fire",1461.81518554688,1999,0.221325772356628,-7.19448919461953,0.1897723790077,43.27,228.009999275207,28.4,14.1,18.8,4.3,15.7,"fire-after",1,1
"352","NV4050111851919990804-476-before","NV4050111851919990804-476","NV4050111851919990804","476",476,"before","fire",1461.81518554688,1999,0.170832127489073,8.39318890353753,0.198568018814953,60.0888888888889,302.611111534966,31.4444444444444,16,12.3333333333333,5.66666666666667,14.7777777777778,"fire-before",1,0
"353","NV4050111851919990804-481-after","NV4050111851919990804-481","NV4050111851919990804","481",481,"after","fire",1410.00402832031,1999,0.394887339435461,3.05879400794848,0.409042524676748,88.39,216.090002059936,29.1,10.4,27.4,5.3,16.8,"fire-after",1,1
"354","NV4050111851919990804-481-before","NV4050111851919990804-481","NV4050111851919990804","481",481,"before","fire",1410.00402832031,1999,0.276025431948507,7.28657271173737,0.301906151025805,85,281.544445885552,33.1111111111111,14,13.3333333333333,5.22222222222222,15.5555555555556,"fire-before",1,0
"355","NV4050111851919990804-504-after","NV4050111851919990804-504","NV4050111851919990804","504",504,"after","fire",1672.87854003906,1999,0.168091855710657,39.5458970428033,0.327255892502735,81.31,248.46000289917,23.6,9.7,17.1,13.1,20.9,"fire-after",1,1
"356","NV4050111851919990804-504-before","NV4050111851919990804-504","NV4050111851919990804","504",504,"before","fire",1672.87854003906,1999,0.180336577151496,36.6226903048977,0.293793674892854,94.8333333333333,322.788887023926,27.2222222222222,12.8888888888889,12.5555555555556,14.2222222222222,19.5555555555556,"fire-before",1,0
"357","NV4050111851919990804-505-after","NV4050111851919990804-505","NV4050111851919990804","505",505,"after","fire",1662.3203125,1999,0.251897507096539,-5.14041605881735,0.231272317396586,57.64,249.230001449585,14.7,16.5,19.6,8,10.7,"fire-after",1,1
"358","NV4050111851919990804-505-before","NV4050111851919990804-505","NV4050111851919990804","505",505,"before","fire",1662.3203125,1999,0.0843558649972481,22.8750049241708,0.155117892422129,50.1444444444444,323.26666937934,14,21.2222222222222,10.1111111111111,7.44444444444444,11,"fire-before",1,0
"359","NV4050111851919990804-518-after","NV4050111851919990804-518","NV4050111851919990804","518",518,"after","fire",1285.107421875,1999,0.357184527652749,-4.02265695619266,0.335292517006803,61.61,183.75,41.4,11.9,17.1,3.1,15,"fire-after",1,1
"360","NV4050111851919990804-518-before","NV4050111851919990804-518","NV4050111851919990804","518",518,"before","fire",1285.107421875,1999,0.308721326772405,-2.38862973658474,0.298929631123419,72.9222222222222,243.944442537096,27.1111111111111,17,15.8888888888889,6.22222222222222,14.4444444444444,"fire-before",1,0
"361","NV4050111851919990804-520-after","NV4050111851919990804-520","NV4050111851919990804","520",520,"after","fire",1945.70654296875,1999,0.261612045110609,32.5964137481179,0.364647871010707,115.36,316.359998703003,11.5,9.7,40.8,17.3,14.7,"fire-after",1,1
"362","NV4050111851919990804-520-before","NV4050111851919990804-520","NV4050111851919990804","520",520,"before","fire",1945.70654296875,1999,0.12109300003947,61.79995530002,0.274130528644992,110.7,403.822224934896,13.1111111111111,19.5555555555556,15.1111111111111,22.6666666666667,12.2222222222222,"fire-before",1,0
"363","NV4050111851919990804-522-after","NV4050111851919990804-522","NV4050111851919990804","522",522,"after","fire",1382.73205566406,1999,0.340311702147008,-28.8139587526971,0.180385193596576,32.5,180.169998168945,21.2,7.7,31.7,7.5,16.3,"fire-after",1,1
"364","NV4050111851919990804-522-before","NV4050111851919990804-522","NV4050111851919990804","522",522,"before","fire",1382.73205566406,1999,0.175569807471137,2.36967240902223,0.185756591821621,43.2111111111111,232.622221840752,22.8888888888889,11.8888888888889,20.4444444444444,6.22222222222222,13.2222222222222,"fire-before",1,0
"365","NV4050111851919990804-524-after","NV4050111851919990804-524","NV4050111851919990804","524",524,"after","fire",1499.88403320312,1999,0.342236839862902,-18.9376608383156,0.260689834939274,60.54,232.229998588562,26.7,11.1,28.7,9.6,16.3,"fire-after",1,1
"366","NV4050111851919990804-524-before","NV4050111851919990804-524","NV4050111851919990804","524",524,"before","fire",1499.88403320312,1999,0.266772326365447,-11.6720931187903,0.228343574133375,69.3555555555556,303.733336130778,31.1111111111111,15,25,8,13.6666666666667,"fire-before",1,0
"367","NV4050111851919990804-539-after","NV4050111851919990804-539","NV4050111851919990804","539",539,"after","fire",1357.5029296875,1999,0.31472566664761,-8.21616313157536,0.269633941627793,49.13,182.209998130798,20,7.7,33.8,6.3,17,"fire-after",1,1
"368","NV4050111851919990804-539-before","NV4050111851919990804-539","NV4050111851919990804","539",539,"before","fire",1357.5029296875,1999,0.205299398373004,6.78620539481112,0.233931833742669,55.4444444444444,237.011113696628,27.3333333333333,10.2222222222222,22.2222222222222,4.66666666666667,12.8888888888889,"fire-before",1,0
"369","NV4050111851919990804-545-after","NV4050111851919990804-545","NV4050111851919990804","545",545,"after","fire",1293.84509277344,1999,0.490207514495286,-5.40029072880156,0.460155813293984,82.69,179.70000076294,26.2,11.9,30,6.2,17.4,"fire-after",1,1
"370","NV4050111851919990804-545-before","NV4050111851919990804-545","NV4050111851919990804","545",545,"before","fire",1293.84509277344,1999,0.316961824388669,-3.31726829972745,0.303093645860901,72.5,239.199999703301,26.5555555555556,14.8888888888889,20,7.22222222222222,16.2222222222222,"fire-before",1,0
"371","NV4050111851919990804-548-after","NV4050111851919990804-548","NV4050111851919990804","548",548,"after","fire",1373.50793457031,1999,0.215952887608494,-15.7832239695986,0.136303997531227,27.01,198.159998893738,26.6,13.3,18.2,3.7,14.5,"fire-after",1,1
"372","NV4050111851919990804-548-before","NV4050111851919990804-548","NV4050111851919990804","548",548,"before","fire",1373.50793457031,1999,0.139652327446651,2.79853965893993,0.150372419785832,39.2555555555556,261.055555343628,23.4444444444444,17.5555555555556,13.4444444444444,4.55555555555556,14.3333333333333,"fire-before",1,0
"373","NV4050111851919990804-549-after","NV4050111851919990804-549","NV4050111851919990804","549",549,"after","fire",1528.318359375,1999,0.285309775860661,-20.1174888454242,0.198682341990388,46.14,232.229998588562,16,11.4,23.4,7.8,12.3,"fire-after",1,1
"374","NV4050111851919990804-549-before","NV4050111851919990804-549","NV4050111851919990804","549",549,"before","fire",1528.318359375,1999,0.136545701784545,3.6598517959953,0.14859525763053,45.1333333333333,303.733336130778,20.4444444444444,15.1111111111111,15.3333333333333,6.66666666666667,11,"fire-before",1,0
"375","NV4050111851919990804-562-after","NV4050111851919990804-562","NV4050111851919990804","562",562,"after","fire",1493.48376464844,1999,0.140575031047117,5.08314125145288,0.164098290813864,35.46,216.090002059936,14.4,14.3,22.4,3.4,12.9,"fire-after",1,1
"376","NV4050111851919990804-562-before","NV4050111851919990804-562","NV4050111851919990804","562",562,"before","fire",1493.48376464844,1999,0.0989862344978354,13.0976421246762,0.145506925337535,40.9666666666667,281.544445885552,14.7777777777778,16.7777777777778,12.6666666666667,4.33333333333333,11.6666666666667,"fire-before",1,0
"377","NV4050111851919990804-566-after","NV4050111851919990804-566","NV4050111851919990804","566",566,"after","fire",1287.67980957031,1999,0.150267767227059,-7.22844874487831,0.109901157330424,19.68,179.069997787476,27.3,14.8,13.8,2.2,14.4,"fire-after",1,1
"378","NV4050111851919990804-566-before","NV4050111851919990804-566","NV4050111851919990804","566",566,"before","fire",1287.67980957031,1999,0.12541486650116,-3.5989331747252,0.110108218126755,25.8888888888889,235.122221840753,26.8888888888889,16.7777777777778,11.2222222222222,3,12.3333333333333,"fire-before",1,0
"379","NV4050111851919990804-573-after","NV4050111851919990804-573","NV4050111851919990804","573",573,"after","fire",1353.93286132812,1999,0.250984158841601,-20.246025805612,0.146676968904086,28.47,194.100002288818,21.1,12.4,22.6,5.5,14.2,"fire-after",1,1
"380","NV4050111851919990804-573-before","NV4050111851919990804-573","NV4050111851919990804","573",573,"before","fire",1353.93286132812,1999,0.144574022907971,1.10872305101559,0.148926887759689,37.9333333333333,254.711112976074,26.1111111111111,16.3333333333333,15.3333333333333,5.11111111111111,13.5555555555556,"fire-before",1,0
"381","NV4050111851919990804-575-after","NV4050111851919990804-575","NV4050111851919990804","575",575,"after","fire",1400.04040527344,1999,0.136118435115338,-2.38834903546312,0.124577171805686,25.78,206.940000534058,25.6,16.5,11.8,2.2,16.3,"fire-after",1,1
"382","NV4050111851919990804-575-before","NV4050111851919990804-575","NV4050111851919990804","575",575,"before","fire",1400.04040527344,1999,0.0737887080461266,17.0718727509176,0.137213622291022,36.9333333333333,269.166666666667,25.3333333333333,16.5555555555556,8.44444444444444,4.33333333333333,14.7777777777778,"fire-before",1,0
"383","NV4050111851919990804-576-after","NV4050111851919990804-576","NV4050111851919990804","576",576,"after","fire",1598.48156738281,1999,0.248840582651225,-9.01203495924774,0.209847700001159,48.5,231.11999797821,18.1,14.1,21.2,8.2,9.4,"fire-after",1,1
"384","NV4050111851919990804-576-before","NV4050111851919990804-576","NV4050111851919990804","576",576,"before","fire",1598.48156738281,1999,0.133091199334768,14.6244380746319,0.181875462534693,54.5222222222222,299.777779049344,18.8888888888889,16.2222222222222,13.5555555555556,8.33333333333333,8.88888888888889,"fire-before",1,0
"385","NV4050111851919990804-577-after","NV4050111851919990804-577","NV4050111851919990804","577",577,"after","fire",1451.85778808594,1999,0.268857996649089,-11.5001447639727,0.205028586198693,36.94,180.169998168945,13.3,14.1,20.5,4.3,11.7,"fire-after",1,1
"386","NV4050111851919990804-577-before","NV4050111851919990804-577","NV4050111851919990804","577",577,"before","fire",1451.85778808594,1999,0.168932921490292,10.7468929053234,0.215131830692872,50.0444444444444,232.622221840752,16.1111111111111,15.7777777777778,18.3333333333333,5.11111111111111,11.3333333333333,"fire-before",1,0
"387","NV4050111851919990804-578-after","NV4050111851919990804-578","NV4050111851919990804","578",578,"after","fire",1684.16479492188,1999,0.283403448069589,74.8605307892405,0.536187286933693,158.788888888889,296.144449445936,17.6666666666667,10.7777777777778,27.8888888888889,14.4444444444444,13.6666666666667,"fire-after",1,1
"388","NV4050111851919990804-578-before","NV4050111851919990804-578","NV4050111851919990804","578",578,"before","fire",1684.16479492188,1999,0.19746923861683,52.0103074324823,0.338955384178979,124.6,367.600002288818,22.8888888888889,19,15.2222222222222,16.1111111111111,13.7777777777778,"fire-before",1,0
"389","NV4050111851919990804-582-after","NV4050111851919990804-582","NV4050111851919990804","582",582,"after","fire",1900.43627929688,1999,0.0893542691007025,32.601883543194,0.192407384781742,60.87,316.359998703003,17.7,21.4,13.3,11.3,12.1,"fire-after",1,1
"390","NV4050111851919990804-582-before","NV4050111851919990804-582","NV4050111851919990804","582",582,"before","fire",1900.43627929688,1999,0.0615966964173837,34.2814405596483,0.146489103132183,59.1555555555556,403.822224934896,17.2222222222222,24.8888888888889,9.55555555555556,12.2222222222222,11.5555555555556,"fire-before",1,0
"391","NV4050111851919990804-584-after","NV4050111851919990804-584","NV4050111851919990804","584",584,"after","fire",1301.84948730469,1999,0.334723173771298,11.326849716432,0.395314003364072,73.9,186.940000534058,29.8,11.1,24.1,7.7,16.9,"fire-after",1,1
"392","NV4050111851919990804-584-before","NV4050111851919990804-584","NV4050111851919990804","584",584,"before","fire",1301.84948730469,1999,0.297914404334643,1.10773918581349,0.302367129985278,75.2222222222222,248.777776294284,24.5555555555556,17.2222222222222,18,9.11111111111111,16.2222222222222,"fire-before",1,0
"393","NV4050111851919990804-586-after","NV4050111851919990804-586","NV4050111851919990804","586",586,"after","fire",1401.83996582031,1999,0.239226234726281,-15.1972966849649,0.16360650744034,32.88,200.970001220703,22.5,13.5,17.3,2.6,12,"fire-after",1,1
"394","NV4050111851919990804-586-before","NV4050111851919990804-586","NV4050111851919990804","586",586,"before","fire",1401.83996582031,1999,0.126733462851487,3.61713021063036,0.140511256854226,36.8888888888889,262.533335155911,20.2222222222222,14.4444444444444,12.7777777777778,4,11.1111111111111,"fire-before",1,0
"395","NV4050111851919990804-589-after","NV4050111851919990804-589","NV4050111851919990804","589",589,"after","fire",1378.75390625,1999,0.181758382841186,-9.08930252548612,0.134930446631472,26.19,194.100002288818,26,15.2,16.2,4.7,13,"fire-after",1,1
"396","NV4050111851919990804-589-before","NV4050111851919990804-589","NV4050111851919990804","589",589,"before","fire",1378.75390625,1999,0.128718012144073,5.34742520004878,0.149712091034345,38.1333333333333,254.711112976074,28.8888888888889,17.3333333333333,12.8888888888889,4.77777777777778,14.2222222222222,"fire-before",1,0
"397","NV4050111851919990804-597-after","NV4050111851919990804-597","NV4050111851919990804","597",597,"after","fire",1351.28356933594,1999,0.197144745764983,-13.5862026026953,0.128582963979847,25.48,198.159998893738,18.4,15.6,19.8,5.1,14.4,"fire-after",1,1
"398","NV4050111851919990804-597-before","NV4050111851919990804-597","NV4050111851919990804","597",597,"before","fire",1351.28356933594,1999,0.12377310971976,-1.2783245611663,0.118876356768137,31.0333333333333,261.055555343628,20.8888888888889,20.1111111111111,12.5555555555556,3.44444444444444,12.7777777777778,"fire-before",1,0
"399","NV4050111851919990804-599-after","NV4050111851919990804-599","NV4050111851919990804","599",599,"after","fire",1540.45935058594,1999,0.252422359441322,3.76503433582035,0.271424248931891,53.78,198.1399974823,12.6,12,24.7,9.6,14.2,"fire-after",1,1
"400","NV4050111851919990804-599-before","NV4050111851919990804-599","NV4050111851919990804","599",599,"before","fire",1540.45935058594,1999,0.164916754169339,12.7834589139247,0.215026131153785,54.8555555555556,255.111112594605,14.3333333333333,14.6666666666667,15,12.2222222222222,15.1111111111111,"fire-before",1,0
"401","NV4050111851919990804-6-after","NV4050111851919990804-6","NV4050111851919990804","6",6,"after","fire",1311.02575683594,1999,0.484708064910101,-1.2320396341481,0.477851973485965,85.87,179.70000076294,28.2,8.8,31.8,8.6,18.8,"fire-after",1,1
"402","NV4050111851919990804-6-before","NV4050111851919990804-6","NV4050111851919990804","6",6,"before","fire",1311.02575683594,1999,0.384323904059465,-16.0080555147735,0.317400594968205,75.9222222222222,239.199999703301,34.7777777777778,13,22.6666666666667,7.22222222222222,15.6666666666667,"fire-before",1,0
"403","NV4050111851919990804-600-after","NV4050111851919990804-600","NV4050111851919990804","600",600,"after","fire",1577.8974609375,1999,0.164940451126307,-0.18519023348936,0.164022213159185,33.08,201.680000305176,25.5,16.7,13.6,5.4,15,"fire-after",1,1
"404","NV4050111851919990804-600-before","NV4050111851919990804-600","NV4050111851919990804","600",600,"before","fire",1577.8974609375,1999,0.110582810128695,12.231662852176,0.156639610822998,41.6,265.577779346042,26.7777777777778,18.1111111111111,11.3333333333333,7.44444444444444,15.5555555555556,"fire-before",1,0
"405","NV4050111851919990804-603-after","NV4050111851919990804-603","NV4050111851919990804","603",603,"after","fire",1420.57348632812,1999,0.174214595322375,-11.5650533508186,0.114631631827043,22.25,194.100002288818,21.2,11.7,16.7,2.2,9.4,"fire-after",1,1
"406","NV4050111851919990804-603-before","NV4050111851919990804-603","NV4050111851919990804","603",603,"before","fire",1420.57348632812,1999,0.122835724646011,1.31237586219204,0.127988133768872,32.6,254.711112976074,23.6666666666667,12.8888888888889,16.1111111111111,3.44444444444444,8.55555555555556,"fire-before",1,0
"407","NV4050111851919990804-606-after","NV4050111851919990804-606","NV4050111851919990804","606",606,"after","fire",1289.76416015625,1999,0.162218194453378,-10.2784117218548,0.104819345685572,18.77,179.069997787476,36.8,13.3,14.2,3.5,14.3,"fire-after",1,1
"408","NV4050111851919990804-606-before","NV4050111851919990804-606","NV4050111851919990804","606",606,"before","fire",1289.76416015625,1999,0.156170763379523,-1.0525502056933,0.151694154586645,35.6666666666667,235.122221840753,26.3333333333333,16.3333333333333,15.1111111111111,6.33333333333333,15.2222222222222,"fire-before",1,0
"409","NV4050111851919990804-608-after","NV4050111851919990804-608","NV4050111851919990804","608",608,"after","fire",1606.25134277344,1999,0.16933381945276,15.1573187278398,0.230338884859569,57.23,248.46000289917,22.6,13.8,16.5,8.6,14,"fire-after",1,1
"410","NV4050111851919990804-608-before","NV4050111851919990804-608","NV4050111851919990804","608",608,"before","fire",1606.25134277344,1999,0.109437278361964,32.7637516075031,0.210939383684055,68.0888888888889,322.788887023926,28.3333333333333,14.7777777777778,13.6666666666667,8.88888888888889,13.6666666666667,"fire-before",1,0
"411","NV4050111851919990804-609-after","NV4050111851919990804-609","NV4050111851919990804","609",609,"after","fire",1275.48010253906,1999,0.399324236324424,5.324171575387,0.428299319727891,78.7,183.75,27.4,10.4,24.8,5.4,16.4,"fire-after",1,1
"412","NV4050111851919990804-609-before","NV4050111851919990804-609","NV4050111851919990804","609",609,"before","fire",1275.48010253906,1999,0.337393630349719,-9.30530107122914,0.299248465104505,73,243.944442537096,29.5555555555556,16.1111111111111,17.6666666666667,8,15.2222222222222,"fire-before",1,0
"413","NV4050111851919990804-612-after","NV4050111851919990804-612","NV4050111851919990804","612",612,"after","fire",1287.48278808594,1999,0.434647032424276,-9.27639220796065,0.384163265306122,70.59,183.75,31.6,11.6,23.4,4.8,15.3,"fire-after",1,1
"414","NV4050111851919990804-612-before","NV4050111851919990804-612","NV4050111851919990804","612",612,"before","fire",1287.48278808594,1999,0.348072630409654,-17.7992726765925,0.275108177965176,67.1111111111111,243.944442537096,29.7777777777778,16.6666666666667,16.3333333333333,5.77777777777778,13.8888888888889,"fire-before",1,0
"415","NV4050111851919990804-613-after","NV4050111851919990804-613","NV4050111851919990804","613",613,"after","fire",1391.61071777344,1999,0.246446839695295,-18.3423266566437,0.144641173696208,26.06,180.169998168945,19.4,11.4,19.6,3.5,13.1,"fire-after",1,1
"416","NV4050111851919990804-613-before","NV4050111851919990804-613","NV4050111851919990804","613",613,"before","fire",1391.61071777344,1999,0.149747850839213,1.16532222190474,0.154757356004642,36,232.622221840752,20.4444444444444,14.7777777777778,15.6666666666667,4,11.8888888888889,"fire-before",1,0
"417","NV4050111851919990804-614-after","NV4050111851919990804-614","NV4050111851919990804","614",614,"after","fire",1336.19506835938,1999,0.206779688496807,-15.8353950780253,0.12207125245965,22.82,186.940000534058,28.3,11.6,20.8,5.8,15.1,"fire-after",1,1
"418","NV4050111851919990804-614-before","NV4050111851919990804-614","NV4050111851919990804","614",614,"before","fire",1336.19506835938,1999,0.116530721806629,3.43196838120127,0.130326039187155,32.4222222222222,248.777776294284,32.7777777777778,17.6666666666667,13.7777777777778,4.66666666666667,16.1111111111111,"fire-before",1,0
"419","NV4050111851919990804-618-after","NV4050111851919990804-618","NV4050111851919990804","618",618,"after","fire",1866.994140625,1999,0.350352030797281,77.1402410683566,0.58407997823164,192.771428571429,330.042863573347,12.7142857142857,13.1428571428571,33.1428571428571,18.5714285714286,13.7142857142857,"fire-after",1,1
"420","NV4050111851919990804-618-before","NV4050111851919990804-618","NV4050111851919990804","618",618,"before","fire",1866.994140625,1999,0.200984550619951,70.0847453987555,0.391639460746124,143.966666666667,367.600002288818,22,21.4444444444444,10.3333333333333,23,16.6666666666667,"fire-before",1,0
"421","NV4050111851919990804-621-after","NV4050111851919990804-621","NV4050111851919990804","621",621,"after","fire",1391.72924804688,1999,0.237968107059464,-15.0744507662289,0.16295964472844,32.75,200.970001220703,20.3,13.8,22.3,2.4,13.5,"fire-after",1,1
"422","NV4050111851919990804-621-before","NV4050111851919990804-621","NV4050111851919990804","621",621,"before","fire",1391.72924804688,1999,0.132362426865211,-2.5273271520319,0.122735736408812,32.2222222222222,262.533335155911,22.1111111111111,17.4444444444444,13.2222222222222,3,11.4444444444444,"fire-before",1,0
"423","NV4050111851919990804-623-after","NV4050111851919990804-623","NV4050111851919990804","623",623,"after","fire",1377.07946777344,1999,0.258359249378541,-18.3255913647938,0.169456170695315,34.93,206.129997253418,28.9,9.6,25.3,4.5,17.8,"fire-after",1,1
"424","NV4050111851919990804-623-before","NV4050111851919990804-623","NV4050111851919990804","623",623,"before","fire",1377.07946777344,1999,0.155681184933657,3.42101510590363,0.168490244287067,45,267.077777650621,35,11.5555555555556,14.3333333333333,4.33333333333333,16.2222222222222,"fire-before",1,0
"425","NV4050111851919990804-627-after","NV4050111851919990804-627","NV4050111851919990804","627",627,"after","fire",1669.02502441406,1999,0.179061908610728,18.7152120439141,0.260038077733395,60.1,231.11999797821,24.7,15.1,19.8,9.8,15.1,"fire-after",1,1
"426","NV4050111851919990804-627-before","NV4050111851919990804-627","NV4050111851919990804","627",627,"before","fire",1669.02502441406,1999,0.0749797689400473,38.3005091712975,0.202742771564045,60.7777777777778,299.777779049344,26.7777777777778,18.6666666666667,9.44444444444444,8.33333333333333,14.1111111111111,"fire-before",1,0
"427","NV4050111851919990804-628-after","NV4050111851919990804-628","NV4050111851919990804","628",628,"after","fire",1293.25341796875,1999,0.374114548253718,8.26302614965119,0.418316036036135,78.2,186.940000534058,22.7,12.7,26.5,9.9,17.6,"fire-after",1,1
"428","NV4050111851919990804-628-before","NV4050111851919990804-628","NV4050111851919990804","628",628,"before","fire",1293.25341796875,1999,0.334740084083236,-13.9647826436781,0.278606522429566,69.3111111111111,248.777776294284,24,15.2222222222222,19.7777777777778,13.2222222222222,13.6666666666667,"fire-before",1,0
"429","NV4050111851919990804-631-after","NV4050111851919990804-631","NV4050111851919990804","631",631,"after","fire",1792.193359375,1999,0.244978464602172,22.3144445533141,0.320718212378123,94.49,294.620000839233,18,14.7,24.4,15.5,14.5,"fire-after",1,1
"430","NV4050111851919990804-631-before","NV4050111851919990804-631","NV4050111851919990804","631",631,"before","fire",1792.193359375,1999,0.0849889404429036,48.0535399249455,0.213006539394653,79.9555555555555,375.366670820448,19.5555555555556,23.1111111111111,12,15.4444444444444,12.7777777777778,"fire-before",1,0
"431","NV4050111851919990804-632-after","NV4050111851919990804-632","NV4050111851919990804","632",632,"after","fire",1374.81567382812,1999,0.189762646575334,-11.0695703146712,0.133895227299425,26.53,198.1399974823,24,13.2,17.6,2.7,11.3,"fire-after",1,1
"432","NV4050111851919990804-632-before","NV4050111851919990804-632","NV4050111851919990804","632",632,"before","fire",1374.81567382812,1999,0.132562239615111,-1.8181004362435,0.125435539340268,32,255.111112594605,21.3333333333333,17,13.5555555555556,2.88888888888889,11.7777777777778,"fire-before",1,0
"433","NV4050111851919990804-644-after","NV4050111851919990804-644","NV4050111851919990804","644",644,"after","fire",1562.68701171875,1999,0.241733539252292,0.672335890291576,0.244682251556265,55.79,228.009999275207,19.8,13.8,23.3,6.4,14.9,"fire-after",1,1
"434","NV4050111851919990804-644-before","NV4050111851919990804-644","NV4050111851919990804","644",644,"before","fire",1562.68701171875,1999,0.117559979492055,29.0805994894371,0.213658894505216,64.6555555555556,302.611111534966,23.7777777777778,17.8888888888889,12.5555555555556,6.33333333333333,13.1111111111111,"fire-before",1,0
"435","NV4050111851919990804-649-after","NV4050111851919990804-649","NV4050111851919990804","649",649,"after","fire",1272.0244140625,1999,0.116966086594884,-8.86704973742324,0.0717491071096615,14.07,196.100001335144,31,13.9,12.7,2.1,11.5,"fire-after",1,1
"436","NV4050111851919990804-649-before","NV4050111851919990804-649","NV4050111851919990804","649",649,"before","fire",1272.0244140625,1999,0.082547669665802,-0.485533465182665,0.0806803130570338,20.9777777777778,260.011110305786,31.2222222222222,15.6666666666667,8.11111111111111,2.77777777777778,10.7777777777778,"fire-before",1,0
"437","NV4050111851919990804-652-after","NV4050111851919990804-652","NV4050111851919990804","652",652,"after","fire",1455.9306640625,1999,0.137126383417952,-2.7062313352819,0.123183924358858,23.91,194.100002288818,15.6,15.8,15.3,3.2,10.9,"fire-after",1,1
"438","NV4050111851919990804-652-before","NV4050111851919990804-652","NV4050111851919990804","652",652,"before","fire",1455.9306640625,1999,0.0828022201556888,10.9315765694768,0.1257197687532,32.0222222222222,254.711112976074,14.7777777777778,16.5555555555556,13,4.33333333333333,10.7777777777778,"fire-before",1,0
"439","NV4050111851919990804-657-after","NV4050111851919990804-657","NV4050111851919990804","657",657,"after","fire",1421.66613769531,1999,0.308252125479647,-16.2800097784799,0.229272792071589,47.26,206.129997253418,19.8,10.2,29.6,4.4,13.8,"fire-after",1,1
"440","NV4050111851919990804-657-before","NV4050111851919990804-657","NV4050111851919990804","657",657,"before","fire",1421.66613769531,1999,0.196397929278656,4.9020330686281,0.214752257039466,57.3555555555556,267.077777650621,24.1111111111111,12,17.2222222222222,4.77777777777778,11.4444444444444,"fire-before",1,0
"441","NV4050111851919990804-66-after","NV4050111851919990804-66","NV4050111851919990804","66",66,"after","fire",1396.83557128906,1999,0.407423938201986,5.37976035466542,0.432319862600993,93.42,216.090002059936,31,7.7,21.3,5.6,18.2,"fire-after",1,1
"442","NV4050111851919990804-66-before","NV4050111851919990804-66","NV4050111851919990804","66",66,"before","fire",1396.83557128906,1999,0.331039129167429,-0.802228187879469,0.328189745350404,92.4,281.544445885552,35.1111111111111,10,14.6666666666667,6.77777777777778,16.7777777777778,"fire-before",1,0
"443","NV4050111851919990804-663-after","NV4050111851919990804-663","NV4050111851919990804","663",663,"after","fire",1507.20434570312,1999,0.350074164317845,-17.7623879444247,0.272076587021633,61.96,227.729995727539,16.2,8.6,35.3,11.3,19,"fire-after",1,1
"444","NV4050111851919990804-663-before","NV4050111851919990804-663","NV4050111851919990804","663",663,"before","fire",1507.20434570312,1999,0.236773060606275,-0.554623383743329,0.234907107750304,69.8222222222222,297.23333146837,24.1111111111111,15.4444444444444,23.8888888888889,7.22222222222222,14.8888888888889,"fire-before",1,0
"445","NV4050111851919990804-668-after","NV4050111851919990804-668","NV4050111851919990804","668",668,"after","fire",1364.72143554688,1999,0.35723948607715,9.90815142002456,0.407652386361813,80.12,196.539999961853,29.3,8.1,23.2,4.9,17.9,"fire-after",1,1
"446","NV4050111851919990804-668-before","NV4050111851919990804-668","NV4050111851919990804","668",668,"before","fire",1364.72143554688,1999,0.285564344565309,4.84614350551092,0.304582916817297,77.6111111111111,254.811109966702,34,13.3333333333333,15.3333333333333,5.22222222222222,17.5555555555556,"fire-before",1,0
"447","NV4050111851919990804-675-after","NV4050111851919990804-675","NV4050111851919990804","675",675,"after","fire",1381.98510742188,1999,0.308130630857862,-15.954966092425,0.230728184319186,47.56,206.129997253418,16.2,7.6,39.1,8.4,18.6,"fire-after",1,1
"448","NV4050111851919990804-675-before","NV4050111851919990804-675","NV4050111851919990804","675",675,"before","fire",1381.98510742188,1999,0.215694439526886,2.59280843956305,0.225402504579587,60.2,267.077777650621,19.8888888888889,11,26.1111111111111,4.55555555555556,13.5555555555556,"fire-before",1,0
"449","NV4050111851919990804-676-after","NV4050111851919990804-676","NV4050111851919990804","676",676,"after","fire",1426.01196289062,1999,0.275351957981598,-14.730805167451,0.207182190629913,44.77,216.090002059936,21.6,12.1,28.8,5.8,15.3,"fire-after",1,1
"450","NV4050111851919990804-676-before","NV4050111851919990804-676","NV4050111851919990804","676",676,"before","fire",1426.01196289062,1999,0.154868246097412,7.07548324501457,0.179999209781529,50.6777777777778,281.544445885552,27.7777777777778,14.5555555555556,13,5.22222222222222,13,"fire-before",1,0
"451","NV4050111851919990804-677-after","NV4050111851919990804-677","NV4050111851919990804","677",677,"after","fire",1498.603515625,1999,0.239271362781622,1.40373674558455,0.245427832892787,55.96,228.009999275207,15.6,15.1,28.6,8.9,17.6,"fire-after",1,1
"452","NV4050111851919990804-677-before","NV4050111851919990804-677","NV4050111851919990804","677",677,"before","fire",1498.603515625,1999,0.182708859904691,15.7547132613996,0.234771433487945,71.0444444444445,302.611111534966,17.6666666666667,17.8888888888889,18.2222222222222,9.55555555555556,16.5555555555556,"fire-before",1,0
"453","NV4050111851919990804-68-after","NV4050111851919990804-68","NV4050111851919990804","68",68,"after","fire",1402.05969238281,1999,0.269819017607739,-21.7251920706664,0.169281316355645,36.58,216.090002059936,28.1,11.4,23.3,4.7,16.2,"fire-after",1,1
"454","NV4050111851919990804-68-before","NV4050111851919990804-68","NV4050111851919990804","68",68,"before","fire",1402.05969238281,1999,0.141598231964595,5.15602646537652,0.159911597902818,45.0222222222222,281.544445885552,33.7777777777778,15.7777777777778,12.6666666666667,4,15.4444444444444,"fire-before",1,0
"455","NV4050111851919990804-683-after","NV4050111851919990804-683","NV4050111851919990804","683",683,"after","fire",1793.50866699219,1999,0.166560793513645,18.1078588752266,0.228022536856411,67.18,294.620000839233,20.6,16.3,19.5,13.7,13,"fire-after",1,1
"456","NV4050111851919990804-683-before","NV4050111851919990804-683","NV4050111851919990804","683",683,"before","fire",1793.50866699219,1999,0.0921577296546722,25.029282051377,0.15883728326733,59.6222222222222,375.366670820448,26.1111111111111,20.5555555555556,13.1111111111111,11.7777777777778,12.3333333333333,"fire-before",1,0
"457","NV4050111851919990804-690-after","NV4050111851919990804-690","NV4050111851919990804","690",690,"after","fire",1274.20861816406,1999,0.226765942803959,-19.4198400948802,0.118697829212247,21.33,179.70000076294,26.6,14.1,26,4.5,14.5,"fire-after",1,1
"458","NV4050111851919990804-690-before","NV4050111851919990804-690","NV4050111851919990804","690",690,"before","fire",1274.20861816406,1999,0.0707390175396305,21.9792270255086,0.162625418261918,38.9,239.199999703301,26.8888888888889,17.5555555555556,17.7777777777778,5.55555555555556,13.7777777777778,"fire-before",1,0
"459","NV4050111851919990804-692-after","NV4050111851919990804-692","NV4050111851919990804","692",692,"after","fire",1785.64672851562,1999,0.242248871935276,28.9286371471256,0.340438530019322,100.3,294.620000839233,15.7,14,21.5,17.7,10.3,"fire-after",1,1
"460","NV4050111851919990804-692-before","NV4050111851919990804-692","NV4050111851919990804","692",692,"before","fire",1785.64672851562,1999,0.131998647651891,36.2076626336638,0.228458097699824,85.7555555555556,375.366670820448,20.5555555555556,23.4444444444444,12.1111111111111,17.3333333333333,11.5555555555556,"fire-before",1,0
"461","NV4050111851919990804-693-after","NV4050111851919990804-693","NV4050111851919990804","693",693,"after","fire",1418.9423828125,1999,0.230231013520862,-14.8240060609639,0.158596694284818,32.82,206.940000534058,25.4,12.4,19.6,4.4,16.1,"fire-after",1,1
"462","NV4050111851919990804-693-before","NV4050111851919990804-693","NV4050111851919990804","693",693,"before","fire",1418.9423828125,1999,0.105485016203861,16.5847275829052,0.167100103199174,44.9777777777778,269.166666666667,27,17.2222222222222,10.7777777777778,5.55555555555556,15.6666666666667,"fire-before",1,0
"463","NV4050111851919990804-697-after","NV4050111851919990804-697","NV4050111851919990804","697",697,"after","fire",1437.73095703125,1999,0.175408102978395,-4.57950861118777,0.154351923035199,33.57,217.490001678467,30.4,12.1,14.9,4.2,15,"fire-after",1,1
"464","NV4050111851919990804-697-before","NV4050111851919990804-697","NV4050111851919990804","697",697,"before","fire",1437.73095703125,1999,0.0807552312504545,24.9479881881577,0.168703485338559,47.8555555555556,283.666667938232,25.3333333333333,16.7777777777778,11,6.33333333333333,15.6666666666667,"fire-before",1,0
"465","NV4050111851919990804-7-after","NV4050111851919990804-7","NV4050111851919990804","7",7,"after","fire",1439.53088378906,1999,0.261844293719977,-18.9888660825075,0.173777944306383,37.47,215.619997978211,22.8,12.3,26,5.8,15.1,"fire-after",1,1
"466","NV4050111851919990804-7-before","NV4050111851919990804-7","NV4050111851919990804","7",7,"before","fire",1439.53088378906,1999,0.12473600556161,7.43849369602996,0.151057639289732,42.6888888888889,282.600000169542,27.1111111111111,18.3333333333333,13,4.88888888888889,11.7777777777778,"fire-before",1,0
"467","NV4050111851919990804-70-after","NV4050111851919990804-70","NV4050111851919990804","70",70,"after","fire",1801.24621582031,1999,0.257075197919226,63.0032607864184,0.478379984964848,136.19,284.690004348755,25.6,14.4,19.6,14.9,15.5,"fire-after",1,1
"468","NV4050111851919990804-70-before","NV4050111851919990804-70","NV4050111851919990804","70",70,"before","fire",1801.24621582031,1999,0.181356387767021,45.2111692195291,0.304346510014102,111.877777777778,367.600002288818,27,20.5555555555556,9.11111111111111,14.7777777777778,17.4444444444444,"fire-before",1,0
"469","NV4050111851919990804-702-after","NV4050111851919990804-702","NV4050111851919990804","702",702,"after","fire",1645.80151367188,1999,0.227449626616541,3.15184275624038,0.241086883382775,55.72,231.11999797821,15.5,15.4,23.6,9.6,10.1,"fire-after",1,1
"470","NV4050111851919990804-702-before","NV4050111851919990804-702","NV4050111851919990804","702",702,"before","fire",1645.80151367188,1999,0.105049403304144,26.6751898536915,0.194032615930123,58.1666666666667,299.777779049344,17.6666666666667,17.4444444444444,13,8.55555555555556,9.77777777777778,"fire-before",1,0
"471","NV4050111851919990804-704-after","NV4050111851919990804-704","NV4050111851919990804","704",704,"after","fire",1828.59582519531,1999,0.177423582969658,3.680275521837,0.189056771542566,59.81,316.359998703003,14.8,16.1,22.5,10.7,11.9,"fire-after",1,1
"472","NV4050111851919990804-704-before","NV4050111851919990804-704","NV4050111851919990804","704",704,"before","fire",1828.59582519531,1999,0.0739643418772312,25.1759993417357,0.136308605731937,55.0444444444444,403.822224934896,15.2222222222222,20.7777777777778,11.7777777777778,10.4444444444444,11.3333333333333,"fire-before",1,0
"473","NV4050111851919990804-705-after","NV4050111851919990804-705","NV4050111851919990804","705",705,"after","fire",1424.91577148438,1999,0.169137556906336,-6.34166252848648,0.137693375436232,27.77,201.680000305176,23.9,13.6,16.6,3.5,12.4,"fire-after",1,1
"474","NV4050111851919990804-705-before","NV4050111851919990804-705","NV4050111851919990804","705",705,"before","fire",1424.91577148438,1999,0.100894432670707,9.47134728960141,0.136557609435434,36.2666666666667,265.577779346042,27.1111111111111,15.7777777777778,10.6666666666667,3.22222222222222,12.5555555555556,"fire-before",1,0
"475","NV4050111851919990804-708-after","NV4050111851919990804-708","NV4050111851919990804","708",708,"after","fire",1904.89624023438,1999,0.220575488650664,104.621989398427,0.555982998196985,173.425,311.925005912781,15.875,14.5,16,17.375,14.125,"fire-after",1,1
"476","NV4050111851919990804-708-before","NV4050111851919990804-708","NV4050111851919990804","708",708,"before","fire",1904.89624023438,1999,0.162991818458398,71.4397627171897,0.357332847490984,131.355555555556,367.600002288818,20.6666666666667,20.3333333333333,10.2222222222222,17.8888888888889,16.4444444444444,"fire-before",1,0
"477","NV4050111851919990804-709-after","NV4050111851919990804-709","NV4050111851919990804","709",709,"after","fire",1519.28662109375,1999,0.21459413683247,-0.137169305887216,0.213936313572287,44.61,208.519999504089,18.2,16.3,19.6,5.8,13.9,"fire-after",1,1
"478","NV4050111851919990804-709-before","NV4050111851919990804-709","NV4050111851919990804","709",709,"before","fire",1519.28662109375,1999,0.12959854578342,16.5694571787493,0.191309745801692,51.3666666666667,268.499999576145,20.2222222222222,19.1111111111111,15.2222222222222,5.22222222222222,13,"fire-before",1,0
"479","NV4050111851919990804-714-after","NV4050111851919990804-714","NV4050111851919990804","714",714,"after","fire",1600.63061523438,1999,0.162815806726766,16.7000110784891,0.235072691568309,54.33,231.11999797821,31.2,15.3,16.4,7.7,15.7,"fire-after",1,1
"480","NV4050111851919990804-714-before","NV4050111851919990804-714","NV4050111851919990804","714",714,"before","fire",1600.63061523438,1999,0.101661846579788,25.1684818627005,0.185618976232676,55.6444444444444,299.777779049344,34.5555555555556,17.7777777777778,11.6666666666667,6.22222222222222,14.2222222222222,"fire-before",1,0
"481","NV4050111851919990804-726-after","NV4050111851919990804-726","NV4050111851919990804","726",726,"after","fire",1347.67553710938,1999,0.205494602505233,-10.9386018499959,0.15242808139842,31.42,206.129997253418,32.8,8.8,21.4,4.5,19,"fire-after",1,1
"482","NV4050111851919990804-726-before","NV4050111851919990804-726","NV4050111851919990804","726",726,"before","fire",1347.67553710938,1999,0.141835588195534,5.67442186852351,0.163081915458099,43.5555555555556,267.077777650621,39,12.3333333333333,11.2222222222222,4.77777777777778,18,"fire-before",1,0
"483","NV4050111851919990804-729-after","NV4050111851919990804-729","NV4050111851919990804","729",729,"after","fire",1295.396484375,1999,0.599931981731762,-16.7025406089505,0.500801229505738,84.38,168.490001678467,30.2,9.1,32.3,9,15.7,"fire-after",1,1
"484","NV4050111851919990804-729-before","NV4050111851919990804-729","NV4050111851919990804","729",729,"before","fire",1295.396484375,1999,0.602615311227531,-54.2426155507312,0.356306762904948,78.4666666666667,220.222220950656,32.5555555555556,12.8888888888889,22.5555555555556,8.11111111111111,14.3333333333333,"fire-before",1,0
"485","NV4050111851919990804-73-after","NV4050111851919990804-73","NV4050111851919990804","73",73,"after","fire",1905.41748046875,1999,0.114909168562896,31.687335582479,0.21507143848447,68.04,316.359998703003,15.8,19.9,17.1,14,11.9,"fire-after",1,1
"486","NV4050111851919990804-73-before","NV4050111851919990804-73","NV4050111851919990804","73",73,"before","fire",1905.41748046875,1999,0.0633588396414743,43.1476257400199,0.170206910588971,68.7333333333333,403.822224934896,16.6666666666667,25.1111111111111,9.66666666666667,12.8888888888889,10.6666666666667,"fire-before",1,0
"487","NV4050111851919990804-745-after","NV4050111851919990804-745","NV4050111851919990804","745",745,"after","fire",1502.45080566406,1999,0.314589601896352,-12.3095749003751,0.260602605977294,59.42,228.009999275207,19.5,10.5,33.8,8.2,19.6,"fire-after",1,1
"488","NV4050111851919990804-745-before","NV4050111851919990804-745","NV4050111851919990804","745",745,"before","fire",1502.45080566406,1999,0.1816292197644,20.4925354754218,0.249348264750803,75.4555555555556,302.611111534966,22.8888888888889,14.1111111111111,18.8888888888889,9.55555555555556,15.8888888888889,"fire-before",1,0
"489","NV4050111851919990804-748-after","NV4050111851919990804-748","NV4050111851919990804","748",748,"after","fire",1543.92712402344,1999,0.355904224898933,-6.71972206124904,0.326433052219623,74.43,228.009999275207,16,11,36.9,9.7,17.2,"fire-after",1,1
"490","NV4050111851919990804-748-before","NV4050111851919990804-748","NV4050111851919990804","748",748,"before","fire",1543.92712402344,1999,0.151982689033104,33.3083495376193,0.262052505599541,79.3,302.611111534966,19.8888888888889,18.4444444444444,16.4444444444444,9.66666666666667,15.1111111111111,"fire-before",1,0
"491","NV4050111851919990804-752-after","NV4050111851919990804-752","NV4050111851919990804","752",752,"after","fire",1800.26379394531,1999,0.216297167056164,20.9145284603891,0.287285315860772,84.64,294.620000839233,17.8,9.4,29.2,15.7,15.1,"fire-after",1,1
"492","NV4050111851919990804-752-before","NV4050111851919990804-752","NV4050111851919990804","752",752,"before","fire",1800.26379394531,1999,0.117284303204998,29.1420482331104,0.194920519999137,73.1666666666667,375.366670820448,23,21.8888888888889,12.1111111111111,14.1111111111111,13.1111111111111,"fire-before",1,0
"493","NV4050111851919990804-759-after","NV4050111851919990804-759","NV4050111851919990804","759",759,"after","fire",1306.69909667969,1999,0.328429881471278,8.56331778235879,0.374237722264553,69.96,186.940000534058,34.1,11.4,22.9,5.1,16.9,"fire-after",1,1
"494","NV4050111851919990804-759-before","NV4050111851919990804-759","NV4050111851919990804","759",759,"before","fire",1306.69909667969,1999,0.319007777320225,-0.417601017863385,0.317329166697991,78.9444444444444,248.777776294284,23.6666666666667,17.3333333333333,17.8888888888889,9.88888888888889,16.5555555555556,"fire-before",1,0
"495","NV4050111851919990804-760-after","NV4050111851919990804-760","NV4050111851919990804","760",760,"after","fire",1655.78393554688,1999,0.270296033785735,-12.0008187820773,0.218371410702237,50.47,231.11999797821,15.4,14.9,21.2,6.8,10.5,"fire-after",1,1
"496","NV4050111851919990804-760-before","NV4050111851919990804-760","NV4050111851919990804","760",760,"before","fire",1655.78393554688,1999,0.131172392285221,22.3107649014805,0.205596737452606,61.6333333333333,299.777779049344,15.8888888888889,15.7777777777778,14.7777777777778,8.66666666666667,10.3333333333333,"fire-before",1,0
"497","NV4050111851919990804-762-after","NV4050111851919990804-762","NV4050111851919990804","762",762,"after","fire",1269.77429199219,1999,0.183538508696512,-15.3352009729841,0.100081632653061,18.39,183.75,36,13.4,21,2.9,15.1,"fire-after",1,1
"498","NV4050111851919990804-762-before","NV4050111851919990804-762","NV4050111851919990804","762",762,"before","fire",1269.77429199219,1999,0.12891454033021,-2.08131900911228,0.120382601715556,29.3666666666667,243.944442537096,31,17.7777777777778,15.3333333333333,6.55555555555556,15.5555555555556,"fire-before",1,0
"499","NV4050111851919990804-77-after","NV4050111851919990804-77","NV4050111851919990804","77",77,"after","fire",1351.41821289062,1999,0.23051735475877,-17.8734190862897,0.138433795379445,26.87,194.100002288818,22.5,10.8,23.4,5.5,16.5,"fire-after",1,1
"500","NV4050111851919990804-77-before","NV4050111851919990804-77","NV4050111851919990804","77",77,"before","fire",1351.41821289062,1999,0.159777331438709,-1.93039525243393,0.152198568070754,38.7666666666667,254.711112976074,24.4444444444444,15.4444444444444,17.1111111111111,4.88888888888889,15.5555555555556,"fire-before",1,0
"501","NV4050111851919990804-773-after","NV4050111851919990804-773","NV4050111851919990804","773",773,"after","fire",1334.51647949219,1999,0.188017884203226,-14.6576237257142,0.114049253765484,22.6,198.159998893738,31.2,14.1,17.4,2.2,11.9,"fire-after",1,1
"502","NV4050111851919990804-773-before","NV4050111851919990804-773","NV4050111851919990804","773",773,"before","fire",1334.51647949219,1999,0.172679933140249,-10.2679447315172,0.133347520857348,34.8111111111111,261.055555343628,30.1111111111111,17.3333333333333,13.2222222222222,4.55555555555556,11.4444444444444,"fire-before",1,0
"503","NV4050111851919990804-784-after","NV4050111851919990804-784","NV4050111851919990804","784",784,"after","fire",1437.271484375,1999,0.195370217616702,-7.14135968656885,0.158578050680287,30.78,194.100002288818,31.2,11.7,16.7,3.7,14.5,"fire-after",1,1
"504","NV4050111851919990804-784-before","NV4050111851919990804-784","NV4050111851919990804","784",784,"before","fire",1437.271484375,1999,0.138580814864127,9.2685930754937,0.174969463035768,44.5666666666667,254.711112976074,31.3333333333333,15.2222222222222,11.7777777777778,4.66666666666667,14.8888888888889,"fire-before",1,0
"505","NV4050111851919990804-785-after","NV4050111851919990804-785","NV4050111851919990804","785",785,"after","fire",1915.00646972656,1999,0.162901022998748,83.4240647475194,0.454930514108207,129.96,285.670000076294,23.9,18.8,13.8,16.1,16,"fire-after",1,1
"506","NV4050111851919990804-785-before","NV4050111851919990804-785","NV4050111851919990804","785",785,"before","fire",1915.00646972656,1999,0.149399388958252,67.8877825512124,0.337101774559621,121.922222222222,361.677782270643,25.5555555555556,22.5555555555556,11,16.8888888888889,15.5555555555556,"fire-before",1,0
"507","NV4050111851919990804-787-after","NV4050111851919990804-787","NV4050111851919990804","787",787,"after","fire",1815.42626953125,1999,0.248631102927814,-0.000377598364876619,0.248629446867264,56.69,228.009999275207,14.6,14.6,24.4,7.7,11.6,"fire-after",1,1
"508","NV4050111851919990804-787-before","NV4050111851919990804-787","NV4050111851919990804","787",787,"before","fire",1815.42626953125,1999,0.149912586592394,15.8903410937492,0.202423352020494,61.2555555555556,302.611111534966,14.2222222222222,17.1111111111111,11.3333333333333,7.77777777777778,11.3333333333333,"fire-before",1,0
"509","NV4050111851919990804-788-after","NV4050111851919990804-788","NV4050111851919990804","788",788,"after","fire",1377.79760742188,1999,0.223217327134456,-17.8684706045976,0.134619198526961,27.15,201.680000305176,32.9,9.6,26,6.6,15.8,"fire-after",1,1
"510","NV4050111851919990804-788-before","NV4050111851919990804-788","NV4050111851919990804","788",788,"before","fire",1377.79760742188,1999,0.157609854808111,-3.90211968743474,0.142916909874829,37.9555555555556,265.577779346042,35.7777777777778,15.6666666666667,17.1111111111111,5,15.3333333333333,"fire-before",1,0
"511","NV4050111851919990804-791-after","NV4050111851919990804-791","NV4050111851919990804","791",791,"after","fire",1289.25769042969,1999,0.296981016045316,2.76973830167317,0.312054421768707,57.34,183.75,42.5,11.7,13.5,3.2,14.8,"fire-after",1,1
"512","NV4050111851919990804-791-before","NV4050111851919990804-791","NV4050111851919990804","791",791,"before","fire",1289.25769042969,1999,0.32330627980254,-2.23543686183973,0.314142566792354,76.6333333333333,243.944442537096,26,16.2222222222222,15.2222222222222,7.88888888888889,15.7777777777778,"fire-before",1,0
"513","NV4050111851919990804-795-after","NV4050111851919990804-795","NV4050111851919990804","795",795,"after","fire",1496.91662597656,1999,0.249017770641436,-5.96298664718705,0.223217378207419,51.59,231.11999797821,25.2,10.9,28.6,9.1,14.4,"fire-after",1,1
"514","NV4050111851919990804-795-before","NV4050111851919990804-795","NV4050111851919990804","795",795,"before","fire",1496.91662597656,1999,0.137986924353074,18.2568085018078,0.198888064389884,59.6222222222222,299.777779049344,32.4444444444444,14.7777777777778,17,7.88888888888889,13.4444444444444,"fire-before",1,0
"515","NV4050111851919990804-800-after","NV4050111851919990804-800","NV4050111851919990804","800",800,"after","fire",1331.91687011719,1999,0.15450646262281,-5.15841671607515,0.129481396961293,26.69,206.129997253418,35.1,9.7,16.8,4.2,17.9,"fire-after",1,1
"516","NV4050111851919990804-800-before","NV4050111851919990804-800","NV4050111851919990804","800",800,"before","fire",1331.91687011719,1999,0.129171655826501,7.14556567085173,0.15592628039208,41.6444444444444,267.077777650621,38.7777777777778,13.1111111111111,10.6666666666667,4.77777777777778,16.7777777777778,"fire-before",1,0
"517","NV4050111851919990804-801-after","NV4050111851919990804-801","NV4050111851919990804","801",801,"after","fire",1295.3662109375,1999,0.398357298248272,5.93108645272229,0.430084517868354,80.4,186.940000534058,29.5,11.4,28.8,6.8,17.7,"fire-after",1,1
"518","NV4050111851919990804-801-before","NV4050111851919990804-801","NV4050111851919990804","801",801,"before","fire",1295.3662109375,1999,0.295487504346337,0.667053523748355,0.298168827146486,74.1777777777778,248.777776294284,26.3333333333333,14.8888888888889,22.5555555555556,9.22222222222222,16.6666666666667,"fire-before",1,0
"519","NV4050111851919990804-802-after","NV4050111851919990804-802","NV4050111851919990804","802",802,"after","fire",1700.36486816406,1999,0.382113305852499,54.3534811619248,0.60152386626516,149.0125,247.72500038147,20.625,15.625,22.75,14.25,12.625,"fire-after",1,1
"520","NV4050111851919990804-802-before","NV4050111851919990804-802","NV4050111851919990804","802",802,"before","fire",1700.36486816406,1999,0.220676095891865,47.3829455554874,0.3805435774102,112.788888888889,296.388891008165,21.2222222222222,21,13.7777777777778,17.6666666666667,15.2222222222222,"fire-before",1,0
"521","NV4050111851919990804-807-after","NV4050111851919990804-807","NV4050111851919990804","807",807,"after","fire",1620.44384765625,1999,0.20945413238676,-1.70225371837365,0.20262408099458,50.5,249.230001449585,18.1,17.1,14.9,6.1,10.2,"fire-after",1,1
"522","NV4050111851919990804-807-before","NV4050111851919990804-807","NV4050111851919990804","807",807,"before","fire",1620.44384765625,1999,0.0925527419434677,13.0030055922319,0.13277651638083,42.9222222222222,323.26666937934,18.8888888888889,22.5555555555556,8.77777777777778,6.44444444444444,10.3333333333333,"fire-before",1,0
"523","NV4050111851919990804-812-after","NV4050111851919990804-812","NV4050111851919990804","812",812,"after","fire",1443.78967285156,1999,0.150171095865712,-0.866406658650356,0.145984342911162,30.21,206.940000534058,23.6,15.9,11.6,2.7,14.3,"fire-after",1,1
"524","NV4050111851919990804-812-before","NV4050111851919990804-812","NV4050111851919990804","812",812,"before","fire",1443.78967285156,1999,0.0920269602138885,14.7960765424283,0.146996904024768,39.5666666666667,269.166666666667,28.8888888888889,16.2222222222222,8.55555555555556,3,13.3333333333333,"fire-before",1,0
"525","NV4050111851919990804-817-after","NV4050111851919990804-817","NV4050111851919990804","817",817,"after","fire",1712.45129394531,1999,0.318284875982049,5.77786565802361,0.343625280685308,78.35,228.009999275207,13.5,12.4,30.8,11.2,13.5,"fire-after",1,1
"526","NV4050111851919990804-817-before","NV4050111851919990804-817","NV4050111851919990804","817",817,"before","fire",1712.45129394531,1999,0.18087927073276,29.8305894965921,0.279456581213129,84.5666666666667,302.611111534966,17,19.5555555555556,13.2222222222222,14.2222222222222,15.5555555555556,"fire-before",1,0
"527","NV4050111851919990804-819-after","NV4050111851919990804-819","NV4050111851919990804","819",819,"after","fire",1271.98303222656,1999,0.395464800054816,5.62411912915962,0.426872178167561,76.44,179.069997787476,32,10.1,22.8,6.2,15.6,"fire-after",1,1
"528","NV4050111851919990804-819-before","NV4050111851919990804-819","NV4050111851919990804","819",819,"before","fire",1271.98303222656,1999,0.352213778487316,-2.39106393864223,0.342044327382598,80.4222222222222,235.122221840753,24,18,13.7777777777778,6.77777777777778,15.4444444444444,"fire-before",1,0
"529","NV4050111851919990804-82-after","NV4050111851919990804-82","NV4050111851919990804","82",82,"after","fire",1595.78527832031,1999,0.175603467002497,14.1545270614161,0.236846661815741,54.74,231.11999797821,37.4,15.3,16.4,6.5,17,"fire-after",1,1
"530","NV4050111851919990804-82-before","NV4050111851919990804-82","NV4050111851919990804","82",82,"before","fire",1595.78527832031,1999,0.0980427584452393,27.6534040658593,0.19028910223214,57.0444444444444,299.777779049344,38,17.1111111111111,10.7777777777778,6.55555555555556,15.1111111111111,"fire-before",1,0
"531","NV4050111851919990804-821-after","NV4050111851919990804-821","NV4050111851919990804","821",821,"after","fire",1622.05053710938,1999,0.211285527039242,19.5476894178654,0.295863623218129,68.38,231.11999797821,23.7,18,19,12.6,14.1,"fire-after",1,1
"532","NV4050111851919990804-821-before","NV4050111851919990804-821","NV4050111851919990804","821",821,"before","fire",1622.05053710938,1999,0.113746517103596,34.7346550614191,0.229614528306994,68.8333333333333,299.777779049344,23.4444444444444,19,14,11.1111111111111,15,"fire-before",1,0
"533","NV4050111851919990804-825-after","NV4050111851919990804-825","NV4050111851919990804","825",825,"after","fire",1487.39758300781,1999,0.298899146685718,-5.98911722303004,0.271183300668146,58.6,216.090002059936,14.5,10.1,34.3,8.9,14.7,"fire-after",1,1
"534","NV4050111851919990804-825-before","NV4050111851919990804-825","NV4050111851919990804","825",825,"before","fire",1487.39758300781,1999,0.17588825596325,9.9907495481618,0.211373770574406,59.5111111111111,281.544445885552,20.7777777777778,17.2222222222222,15,7,13.3333333333333,"fire-before",1,0
"535","NV4050111851919990804-829-after","NV4050111851919990804-829","NV4050111851919990804","829",829,"after","fire",1272.27026367188,1999,0.428473035858338,3.95333441685438,0.45055006978753,80.68,179.069997787476,31.2,10.5,24.8,6,16.7,"fire-after",1,1
"536","NV4050111851919990804-829-before","NV4050111851919990804-829","NV4050111851919990804","829",829,"before","fire",1272.27026367188,1999,0.378810031898903,-6.82221191119193,0.34979443372285,82.2444444444444,235.122221840753,25,18.1111111111111,16.2222222222222,7,16.1111111111111,"fire-before",1,0
"537","NV4050111851919990804-83-after","NV4050111851919990804-83","NV4050111851919990804","83",83,"after","fire",1563.85290527344,1999,0.182021038589079,4.40707339633414,0.202415658212026,43.74,216.090002059936,10,15,23.4,8.6,13.3,"fire-after",1,1
"538","NV4050111851919990804-83-before","NV4050111851919990804-83","NV4050111851919990804","83",83,"before","fire",1563.85290527344,1999,0.145927066156128,14.9039339082576,0.198863411113599,55.9888888888889,281.544445885552,13.2222222222222,16.8888888888889,15.1111111111111,10.8888888888889,14.1111111111111,"fire-before",1,0
"539","NV4050111851919990804-831-after","NV4050111851919990804-831","NV4050111851919990804","831",831,"after","fire",1617.52001953125,1999,0.374864662582867,29.1143166996276,0.521802772351584,103.39,198.1399974823,12.3,7.6,38.4,12.6,14.7,"fire-after",1,1
"540","NV4050111851919990804-831-before","NV4050111851919990804-831","NV4050111851919990804","831",831,"before","fire",1617.52001953125,1999,0.200433950982601,25.155960651985,0.299041810107736,76.2888888888889,255.111112594605,13.4444444444444,11.3333333333333,21.2222222222222,13.2222222222222,15.1111111111111,"fire-before",1,0
"541","NV4050111851919990804-832-after","NV4050111851919990804-832","NV4050111851919990804","832",832,"after","fire",1820.12341308594,1999,0.240988698021809,-8.32009041343105,0.212748624741885,62.68,294.620000839233,15.8,16.4,17.8,9.9,11.5,"fire-after",1,1
"542","NV4050111851919990804-832-before","NV4050111851919990804-832","NV4050111851919990804","832",832,"before","fire",1820.12341308594,1999,0.0994692849442985,13.6292123282348,0.135778348555208,50.9666666666667,375.366670820448,16.4444444444444,23.4444444444444,11.4444444444444,8.88888888888889,11.3333333333333,"fire-before",1,0
"543","NV4050111851919990804-833-after","NV4050111851919990804-833","NV4050111851919990804","833",833,"after","fire",1776.11535644531,1999,0.10876839115825,32.5781336895243,0.222809535418493,63.65,285.670000076294,20.9,16.8,13.6,9.3,15.4,"fire-after",1,1
"544","NV4050111851919990804-833-before","NV4050111851919990804-833","NV4050111851919990804","833",833,"before","fire",1776.11535644531,1999,0.0692502051687883,48.2759615949878,0.202728024270386,73.3222222222222,361.677782270643,19.7777777777778,19.1111111111111,8.33333333333333,9.88888888888889,14.1111111111111,"fire-before",1,0
"545","NV4050111851919990804-836-after","NV4050111851919990804-836","NV4050111851919990804","836",836,"after","fire",1318.23095703125,1999,0.294198228179074,10.9616794294951,0.34951554494679,69.26,198.159998893738,28.9,14,12.7,3.4,15.1,"fire-after",1,1
"546","NV4050111851919990804-836-before","NV4050111851919990804-836","NV4050111851919990804","836",836,"before","fire",1318.23095703125,1999,0.317324737236404,-1.55049661463141,0.311385401401967,81.2888888888889,261.055555343628,24.7777777777778,15.4444444444444,14.7777777777778,6.55555555555556,14.8888888888889,"fire-before",1,0
"547","NV4050111851919990804-839-after","NV4050111851919990804-839","NV4050111851919990804","839",839,"after","fire",1852.61389160156,1999,0.148734177611235,18.7799364673552,0.212477088526516,62.6,294.620000839233,14,17.7,19.3,11.8,11,"fire-after",1,1
"548","NV4050111851919990804-839-before","NV4050111851919990804-839","NV4050111851919990804","839",839,"before","fire",1852.61389160156,1999,0.104005707771616,22.9597237274441,0.165171830158722,62,375.366670820448,15.1111111111111,20.1111111111111,14.6666666666667,11.8888888888889,10.6666666666667,"fire-before",1,0
"549","NV4050111851919990804-840-after","NV4050111851919990804-840","NV4050111851919990804","840",840,"after","fire",1311.29504394531,1999,0.192583231761001,-6.48059029919514,0.157016630774907,28.61,182.209998130798,29.4,11.2,21.2,2.3,12.9,"fire-after",1,1
"550","NV4050111851919990804-840-before","NV4050111851919990804-840","NV4050111851919990804","840",840,"before","fire",1311.29504394531,1999,0.158233700866856,-0.0698123334591874,0.157939147871554,37.4333333333333,237.011113696628,34.2222222222222,13.4444444444444,14,2.66666666666667,11.3333333333333,"fire-before",1,0
"551","NV4050111851919990804-841-after","NV4050111851919990804-841","NV4050111851919990804","841",841,"after","fire",1585.61401367188,1999,0.224779561184239,-4.54261583933379,0.203757691611236,44.03,216.090002059936,12.7,11,30.8,6.3,11.8,"fire-after",1,1
"552","NV4050111851919990804-841-before","NV4050111851919990804-841","NV4050111851919990804","841",841,"before","fire",1585.61401367188,1999,0.135067909397006,14.7946025141221,0.187615927055774,52.8222222222222,281.544445885552,11.1111111111111,12.7777777777778,16.6666666666667,6.66666666666667,9.88888888888889,"fire-before",1,0
"553","NV4050111851919990804-851-after","NV4050111851919990804-851","NV4050111851919990804","851",851,"after","fire",1724.43518066406,1999,0.159950000911785,24.2269292689921,0.266869676328518,60.47,226.590000152588,13.3,18.2,17.9,9.9,12.5,"fire-after",1,1
"554","NV4050111851919990804-851-before","NV4050111851919990804-851","NV4050111851919990804","851",851,"before","fire",1724.43518066406,1999,0.110551337047163,37.6227007020105,0.237488283212847,70.3888888888889,296.388891008165,13.6666666666667,18.7777777777778,14.1111111111111,13.7777777777778,12.4444444444444,"fire-before",1,0
"555","NV4050111851919990804-853-after","NV4050111851919990804-853","NV4050111851919990804","853",853,"after","fire",1488.40405273438,1999,0.190629829795052,-4.50577608512096,0.165621359289903,29.84,180.169998168945,18.1,12.7,11.9,2.4,10.5,"fire-after",1,1
"556","NV4050111851919990804-853-before","NV4050111851919990804-853","NV4050111851919990804","853",853,"before","fire",1488.40405273438,1999,0.137695165198,12.6468225126896,0.192061521140328,44.6777777777778,232.622221840752,20,15,12,3.88888888888889,9.88888888888889,"fire-before",1,0
"557","NV4050111851919990804-859-after","NV4050111851919990804-859","NV4050111851919990804","859",859,"after","fire",1730.56994628906,1999,0.16199464052281,3.34313887321831,0.173341931486409,51.07,294.620000839233,15.2,16.1,21.8,7.3,11.4,"fire-after",1,1
"558","NV4050111851919990804-859-before","NV4050111851919990804-859","NV4050111851919990804","859",859,"before","fire",1730.56994628906,1999,0.149304431098009,-7.3994627955561,0.129591805095858,48.6444444444444,375.366670820448,17.7777777777778,19.1111111111111,13.2222222222222,8.22222222222222,11.4444444444444,"fire-before",1,0
"559","NV4050111851919990804-860-after","NV4050111851919990804-860","NV4050111851919990804","860",860,"after","fire",1561.74890136719,1999,0.115803287999573,7.8697161188377,0.145575602615233,38.48,264.330006599426,16.3,15.9,12.7,2.9,12.8,"fire-after",1,1
"560","NV4050111851919990804-860-before","NV4050111851919990804-860","NV4050111851919990804","860",860,"before","fire",1561.74890136719,1999,0.118244970098754,4.98525464970107,0.132743077167892,45.6444444444444,343.855554792616,15.3333333333333,16.3333333333333,10.5555555555556,4.88888888888889,11.4444444444444,"fire-before",1,0
"561","NV4050111851919990804-862-after","NV4050111851919990804-862","NV4050111851919990804","862",862,"after","fire",1346.35424804688,1999,0.187960602749385,-10.9243185284815,0.134963374427245,27.82,206.129997253418,25,9.5,23.8,3.7,15.2,"fire-after",1,1
"562","NV4050111851919990804-862-before","NV4050111851919990804-862","NV4050111851919990804","862",862,"before","fire",1346.35424804688,1999,0.132733833405961,2.46085386599932,0.141947830495672,37.9111111111111,267.077777650621,35.2222222222222,13.1111111111111,12.7777777777778,3.33333333333333,12.8888888888889,"fire-before",1,0
"563","NV4050111851919990804-870-after","NV4050111851919990804-870","NV4050111851919990804","870",870,"after","fire",1569.79138183594,1999,0.19881841359605,1.64157638151699,0.205425418193821,51.04,248.46000289917,19.8,8.4,30,10.3,12.6,"fire-after",1,1
"564","NV4050111851919990804-870-before","NV4050111851919990804-870","NV4050111851919990804","870",870,"before","fire",1569.79138183594,1999,0.124912016026971,14.0909004818505,0.168565626942039,54.4111111111111,322.788887023926,20.8888888888889,10.1111111111111,21.2222222222222,8.33333333333333,12.8888888888889,"fire-before",1,0
"565","NV4050111851919990804-875-after","NV4050111851919990804-875","NV4050111851919990804","875",875,"after","fire",1599.18359375,1999,0.52832091090957,25.9153128304952,0.623057933295311,170.4375,273.550003767013,16.25,8.375,36.75,14.625,14.75,"fire-after",1,1
"566","NV4050111851919990804-875-before","NV4050111851919990804-875","NV4050111851919990804","875",875,"before","fire",1599.18359375,1999,0.254145786879795,39.9978976445845,0.37805927725228,122.033333333333,322.788887023926,23.5555555555556,17.4444444444444,13.4444444444444,13,16.7777777777778,"fire-before",1,0
"567","NV4050111851919990804-88-after","NV4050111851919990804-88","NV4050111851919990804","88",88,"after","fire",1378.36584472656,1999,0.230110233594472,-16.2886436345184,0.147910779994086,29.31,198.159998893738,17.1,12.4,21.9,4.8,15.7,"fire-after",1,1
"568","NV4050111851919990804-88-before","NV4050111851919990804-88","NV4050111851919990804","88",88,"before","fire",1378.36584472656,1999,0.154618464330128,-2.08623129430282,0.146626942021566,38.2777777777778,261.055555343628,18.7777777777778,15.3333333333333,15.5555555555556,5.11111111111111,14.4444444444444,"fire-before",1,0
"569","NV4050111851919990804-891-after","NV4050111851919990804-891","NV4050111851919990804","891",891,"after","fire",1321.802734375,1999,0.225485557426702,-19.0597548416102,0.119421257144623,21.46,179.70000076294,27.7,11.6,21.4,6.1,16.1,"fire-after",1,1
"570","NV4050111851919990804-891-before","NV4050111851919990804-891","NV4050111851919990804","891",891,"before","fire",1321.802734375,1999,0.13624609041685,-1.67895367617535,0.129227053300387,30.9111111111111,239.199999703301,30.7777777777778,16.2222222222222,15.8888888888889,4.77777777777778,14.3333333333333,"fire-before",1,0
"571","NV4050111851919990804-894-after","NV4050111851919990804-894","NV4050111851919990804","894",894,"after","fire",1752.84887695312,1999,0.188429644165102,87.7213035369792,0.495501802647097,141.55,285.670000076294,20.1,16.3,15.3,15.7,16.7,"fire-after",1,1
"572","NV4050111851919990804-894-before","NV4050111851919990804-894","NV4050111851919990804","894",894,"before","fire",1752.84887695312,1999,0.131707696023206,58.0086970387954,0.292095477309111,105.644444444444,361.677782270643,24.6666666666667,20.1111111111111,8.88888888888889,14.7777777777778,16.5555555555556,"fire-before",1,0
"573","NV4050111851919990804-895-after","NV4050111851919990804-895","NV4050111851919990804","895",895,"after","fire",1291.38305664062,1999,0.28935501716399,9.58101559611678,0.341496598639456,62.75,183.75,37.6,13.8,15.4,3,15.1,"fire-after",1,1
"574","NV4050111851919990804-895-before","NV4050111851919990804-895","NV4050111851919990804","895",895,"before","fire",1291.38305664062,1999,0.320831711767954,-0.787335297677913,0.317604192872711,77.4777777777778,243.944442537096,22.4444444444444,17.5555555555556,14.5555555555556,8.33333333333333,14.4444444444444,"fire-before",1,0
"575","NV4050111851919990804-896-after","NV4050111851919990804-896","NV4050111851919990804","896",896,"after","fire",1382.65881347656,1999,0.294860953372404,-26.4665040216377,0.17238187627796,37.25,216.090002059936,26.4,8.7,28.3,6.2,18,"fire-after",1,1
"576","NV4050111851919990804-896-before","NV4050111851919990804-896","NV4050111851919990804","896",896,"before","fire",1382.65881347656,1999,0.149641102147949,3.0360454807191,0.16042464103528,45.1666666666667,281.544445885552,37.1111111111111,14.1111111111111,14.6666666666667,4.33333333333333,16.1111111111111,"fire-before",1,0
"577","NV4050111851919990804-902-after","NV4050111851919990804-902","NV4050111851919990804","902",902,"after","fire",1610.22985839844,1999,0.204171327383251,3.67192322797449,0.220058845815649,50.86,231.11999797821,21.5,16.3,18.7,7.9,11.5,"fire-after",1,1
"578","NV4050111851919990804-902-before","NV4050111851919990804-902","NV4050111851919990804","902",902,"before","fire",1610.22985839844,1999,0.0870751632862698,23.4968009396831,0.165455892552449,49.6,299.777779049344,22.3333333333333,17.7777777777778,10.2222222222222,7.22222222222222,12,"fire-before",1,0
"579","NV4050111851919990804-908-after","NV4050111851919990804-908","NV4050111851919990804","908",908,"after","fire",1439.09484863281,1999,0.147760330786155,-7.05030355804462,0.112802459170842,22.75,201.680000305176,21,15.3,12.2,3.2,13.5,"fire-after",1,1
"580","NV4050111851919990804-908-before","NV4050111851919990804-908","NV4050111851919990804","908",908,"before","fire",1439.09484863281,1999,0.113304464975876,-1.55781486495133,0.107438707423466,28.5333333333333,265.577779346042,22.2222222222222,16.6666666666667,12.4444444444444,3.55555555555556,14,"fire-before",1,0
"581","NV4050111851919990804-91-after","NV4050111851919990804-91","NV4050111851919990804","91",91,"after","fire",1281.64318847656,1999,0.346868846951686,7.18619634381737,0.386999502184877,69.3,179.069997787476,30,12.6,18.9,4.1,15.9,"fire-after",1,1
"582","NV4050111851919990804-91-before","NV4050111851919990804-91","NV4050111851919990804","91",91,"before","fire",1281.64318847656,1999,0.372202959111739,-15.0465200553882,0.30820849726296,72.4666666666667,235.122221840753,24.7777777777778,16,16.5555555555556,5.11111111111111,14.6666666666667,"fire-before",1,0
"583","NV4050111851919990804-910-after","NV4050111851919990804-910","NV4050111851919990804","910",910,"after","fire",1718.94738769531,1999,0.130014509476502,39.5051251089206,0.264102911473614,77.81,294.620000839233,18.4,17.7,16.7,15.5,13.8,"fire-after",1,1
"584","NV4050111851919990804-910-before","NV4050111851919990804-910","NV4050111851919990804","910",910,"before","fire",1718.94738769531,1999,0.128745438546722,31.7065866827315,0.213213744199512,80.0333333333333,375.366670820448,20.7777777777778,19.7777777777778,13.2222222222222,16.6666666666667,13.5555555555556,"fire-before",1,0
"585","NV4050111851919990804-911-after","NV4050111851919990804-911","NV4050111851919990804","911",911,"after","fire",1776.11560058594,1999,0.220116240764866,70.0951064594187,0.466331792377805,132.76,284.690004348755,25.7,15.2,15.7,14,14.8,"fire-after",1,1
"586","NV4050111851919990804-911-before","NV4050111851919990804-911","NV4050111851919990804","911",911,"before","fire",1776.11560058594,1999,0.159120497429623,49.8184158917838,0.294643934811547,108.311111111111,367.600002288818,23.7777777777778,20.3333333333333,10.4444444444444,14.4444444444444,15.8888888888889,"fire-before",1,0
"587","NV4050111851919990804-912-after","NV4050111851919990804-912","NV4050111851919990804","912",912,"after","fire",1353.26098632812,1999,0.306751624014307,-21.4574395369788,0.187656104476931,33.81,180.169998168945,16.3,9.1,35,6.8,16.7,"fire-after",1,1
"588","NV4050111851919990804-912-before","NV4050111851919990804-912","NV4050111851919990804","912",912,"before","fire",1353.26098632812,1999,0.166883504496915,7.26807728424531,0.198127627378782,46.0888888888889,232.622221840752,17.2222222222222,13.3333333333333,18.8888888888889,7.55555555555556,12.5555555555556,"fire-before",1,0
"589","NV4050111851919990804-914-after","NV4050111851919990804-914","NV4050111851919990804","914",914,"after","fire",1272.38305664062,1999,0.448578070309225,2.40312594221693,0.461998107009449,82.73,179.069997787476,27.7,9.7,23.9,6.2,17.2,"fire-after",1,1
"590","NV4050111851919990804-914-before","NV4050111851919990804-914","NV4050111851919990804","914",914,"before","fire",1272.38305664062,1999,0.371146284739481,-10.1425168736651,0.328009073827385,77.1222222222222,235.122221840753,30.6666666666667,18.2222222222222,13.4444444444444,6.44444444444444,16.1111111111111,"fire-before",1,0
"591","NV4050111851919990804-920-after","NV4050111851919990804-920","NV4050111851919990804","920",920,"after","fire",1439.87170410156,1999,0.262277648356893,-17.7845634242167,0.163567743239726,29.47,180.169998168945,19.2,9.5,28.8,8.8,14.4,"fire-after",1,1
"592","NV4050111851919990804-920-before","NV4050111851919990804-920","NV4050111851919990804","920",920,"before","fire",1439.87170410156,1999,0.142802263916028,5.76990897285286,0.167606037722311,38.9888888888889,232.622221840752,23.6666666666667,11.3333333333333,18.1111111111111,8,13.8888888888889,"fire-before",1,0
"593","NV4050111851919990804-921-after","NV4050111851919990804-921","NV4050111851919990804","921",921,"after","fire",1305.73315429688,1999,0.318564513918414,15.9175495979599,0.403712419944337,75.47,186.940000534058,32.4,11.9,18.6,6,16.8,"fire-after",1,1
"594","NV4050111851919990804-921-before","NV4050111851919990804-921","NV4050111851919990804","921",921,"before","fire",1305.73315429688,1999,0.294641197271123,3.78870702709326,0.309870479739713,77.0888888888889,248.777776294284,28.4444444444444,16.7777777777778,16.4444444444444,7.33333333333333,15.8888888888889,"fire-before",1,0
"595","NV4050111851919990804-925-after","NV4050111851919990804-925","NV4050111851919990804","925",925,"after","fire",1365.44299316406,1999,0.338473655597433,-32.5277373261664,0.17089129113272,33.17,194.100002288818,29,9.4,31.8,7.8,14.8,"fire-after",1,1
"596","NV4050111851919990804-925-before","NV4050111851919990804-925","NV4050111851919990804","925",925,"before","fire",1365.44299316406,1999,0.207687288494171,-1.43359373666653,0.202058976011389,51.4666666666667,254.711112976074,28.6666666666667,11.2222222222222,28,10,14.3333333333333,"fire-before",1,0
"597","NV4050111851919990804-927-after","NV4050111851919990804-927","NV4050111851919990804","927",927,"after","fire",1563.97912597656,1999,0.523110794189756,23.2896516770366,0.621234457257187,147.45,237.350002527237,15,7.375,44.875,14.5,14.625,"fire-after",1,1
"598","NV4050111851919990804-927-before","NV4050111851919990804-927","NV4050111851919990804","927",927,"before","fire",1563.97912597656,1999,0.347038692235737,23.5376281380872,0.430640512417461,121.244444444444,281.544445885552,22.8888888888889,12.5555555555556,19.3333333333333,13,14.4444444444444,"fire-before",1,0
"599","NV4050111851919990804-928-after","NV4050111851919990804-928","NV4050111851919990804","928",928,"after","fire",1376.04711914062,1999,0.18889322037758,-9.15793638049922,0.146513025582824,31.66,216.090002059936,32.1,11.4,18,3.3,16.4,"fire-after",1,1
"600","NV4050111851919990804-928-before","NV4050111851919990804-928","NV4050111851919990804","928",928,"before","fire",1376.04711914062,1999,0.124258492994641,8.38237810991655,0.154031334307675,43.3666666666667,281.544445885552,37.6666666666667,15.4444444444444,10.7777777777778,3.22222222222222,15.7777777777778,"fire-before",1,0
"601","NV4050111851919990804-934-after","NV4050111851919990804-934","NV4050111851919990804","934",934,"after","fire",1424.9853515625,1999,0.2984240363452,-16.9173799107094,0.217293305715318,45.31,208.519999504089,16.8,10.2,32.8,7.4,14.5,"fire-after",1,1
"602","NV4050111851919990804-934-before","NV4050111851919990804-934","NV4050111851919990804","934",934,"before","fire",1424.9853515625,1999,0.18422217924016,-0.085877270121576,0.183902338382591,49.3777777777778,268.499999576145,22.6666666666667,17.3333333333333,17,4.66666666666667,13.4444444444444,"fire-before",1,0
"603","NV4050111851919990804-936-after","NV4050111851919990804-936","NV4050111851919990804","936",936,"after","fire",1370.00964355469,1999,0.38258044471165,1.96113480581155,0.392684178780099,76.22,194.100002288818,35,12.8,19.6,4.4,15.1,"fire-after",1,1
"604","NV4050111851919990804-936-before","NV4050111851919990804-936","NV4050111851919990804","936",936,"before","fire",1370.00964355469,1999,0.286364379547095,5.50425461330082,0.307974173281607,78.4444444444444,254.711112976074,28.5555555555556,15.8888888888889,14.5555555555556,5.44444444444444,16,"fire-before",1,0
"605","NV4050111851919990804-943-after","NV4050111851919990804-943","NV4050111851919990804","943",943,"after","fire",1388.39416503906,1999,0.119431466634806,-0.915147769190032,0.11500918110843,23.8,206.940000534058,23.1,19.3,10.8,1.3,15,"fire-after",1,1
"606","NV4050111851919990804-943-before","NV4050111851919990804-943","NV4050111851919990804","943",943,"before","fire",1388.39416503906,1999,0.0771270757452629,11.1955176674556,0.118720330237358,31.9555555555556,269.166666666667,23.2222222222222,19.3333333333333,8.66666666666667,3.33333333333333,14,"fire-before",1,0
"607","NV4050111851919990804-951-after","NV4050111851919990804-951","NV4050111851919990804","951",951,"after","fire",1537.44799804688,1999,0.239159400996312,-5.2199873558149,0.216681739249162,50.32,232.229998588562,20.3,15.6,22.6,6.8,13,"fire-after",1,1
"608","NV4050111851919990804-951-before","NV4050111851919990804-951","NV4050111851919990804","951",951,"before","fire",1537.44799804688,1999,0.111182539435557,11.6190452666353,0.149436638951432,45.3888888888889,303.733336130778,27.2222222222222,18.3333333333333,11.2222222222222,4.33333333333333,10.6666666666667,"fire-before",1,0
"609","NV4050111851919990804-956-after","NV4050111851919990804-956","NV4050111851919990804","956",956,"after","fire",1278.96643066406,1999,0.354810916457106,3.38349410100668,0.373224489795918,68.58,183.75,36.6,12.6,18.4,3.5,15.7,"fire-after",1,1
"610","NV4050111851919990804-956-before","NV4050111851919990804-956","NV4050111851919990804","956",956,"before","fire",1278.96643066406,1999,0.350383440873769,-12.5740931581812,0.298838535700252,72.9,243.944442537096,31.8888888888889,17.2222222222222,15.4444444444444,9.22222222222222,16,"fire-before",1,0
"611","NV4050111851919990804-957-after","NV4050111851919990804-957","NV4050111851919990804","957",957,"after","fire",1400.51574707031,1999,0.391692387753285,5.9091911235311,0.419038359650181,90.55,216.090002059936,31.8,8.1,22.4,5.2,19.5,"fire-after",1,1
"612","NV4050111851919990804-957-before","NV4050111851919990804-957","NV4050111851919990804","957",957,"before","fire",1400.51574707031,1999,0.253822988742546,11.3042139481316,0.293973714900813,82.7666666666667,281.544445885552,36.3333333333333,11.2222222222222,11.7777777777778,6.33333333333333,18.7777777777778,"fire-before",1,0
"613","NV4051011878720000813-176-after","NV4051011878720000813-176","NV4051011878720000813","176",176,"after","fire",1647.47827148438,2000,0.232605621847661,28.3463175286008,0.336271204713816,91.95,273.440005302429,13.6,12.9,27.5,15.3,14,"fire-after",1,1
"614","NV4051011878720000813-176-before","NV4051011878720000813-176","NV4051011878720000813","176",176,"before","fire",1647.47827148438,2000,0.131791599519129,55.9215428147225,0.297572385527087,100.377777777778,337.322220272488,13.6666666666667,17.7777777777778,15.4444444444444,16.2222222222222,13.4444444444444,"fire-before",1,0
"615","NV4051011878720000813-204-after","NV4051011878720000813-204","NV4051011878720000813","204",204,"after","fire",1878.3447265625,2000,0.213658716075433,30.2250801478244,0.318895581587811,91.59,287.210000038147,11.7,12.9,33.6,13.1,13.9,"fire-after",1,1
"616","NV4051011878720000813-204-before","NV4051011878720000813-204","NV4051011878720000813","204",204,"before","fire",1878.3447265625,2000,0.119398340057472,47.6812587128351,0.253084112149533,90.2666666666667,356.666666666667,15.2222222222222,19.5555555555556,15.1111111111111,14,11.8888888888889,"fire-before",1,0
"617","NV4051011878720000813-242-after","NV4051011878720000813-242","NV4051011878720000813","242",242,"after","fire",2195.75610351562,2000,0.204386675810607,96.4004338417377,0.480254372019078,167.822222222222,349.444444444445,13.5555555555556,19.5555555555556,23.7777777777778,23.1111111111111,14.7777777777778,"fire-after",1,1
"618","NV4051011878720000813-242-before","NV4051011878720000813-242","NV4051011878720000813","242",242,"before","fire",2195.75610351562,2000,0.158032923534918,149.230108388559,0.523394996731875,213.777777777778,408.444442749023,11.5555555555556,22.4444444444444,9.22222222222222,23.3333333333333,14,"fire-before",1,0
"619","NV4051011878720000813-392-after","NV4051011878720000813-392","NV4051011878720000813","392",392,"after","fire",1974.30346679688,2000,0.116388039201366,91.6868900634597,0.392894839832471,130.28,331.590000152588,13.7,18,12,20.9,14.7,"fire-after",1,1
"620","NV4051011878720000813-392-before","NV4051011878720000813-392","NV4051011878720000813","392",392,"before","fire",1974.30346679688,2000,0.0983428221581332,124.376865249699,0.402856367287024,164.544444444444,408.444442749023,13.8888888888889,19.6666666666667,7.33333333333333,24.6666666666667,14,"fire-before",1,0
"621","NV4051011878720000813-439-after","NV4051011878720000813-439","NV4051011878720000813","439",439,"after","fire",1718.26391601562,2000,0.165855313403436,22.7540366032471,0.234476310999191,77.75,331.590000152588,17.8,8.7,31.7,15.7,13.8,"fire-after",1,1
"622","NV4051011878720000813-439-before","NV4051011878720000813-439","NV4051011878720000813","439",439,"before","fire",1718.26391601562,2000,0.0742291929994187,42.5926097407538,0.178509249924873,72.9111111111111,408.444442749023,22,13.1111111111111,17.5555555555556,14.5555555555556,12.7777777777778,"fire-before",1,0
"623","NV4051011878720000813-489-after","NV4051011878720000813-489","NV4051011878720000813","489",489,"after","fire",1911.76306152344,2000,0.150749094871107,58.903107608687,0.328387466298417,108.89,331.590000152588,16.4,16.3,12.6,18.5,17.4,"fire-after",1,1
"624","NV4051011878720000813-489-before","NV4051011878720000813-489","NV4051011878720000813","489",489,"before","fire",1911.76306152344,2000,0.103241915745221,79.4203021439904,0.297687705261794,121.588888888889,408.444442749023,18.3333333333333,22,8,21.2222222222222,17.4444444444444,"fire-before",1,0
"625","NV4051011878720000813-510-after","NV4051011878720000813-510","NV4051011878720000813","510",510,"after","fire",1915.48547363281,2000,0.252467830224766,50.8587144715139,0.429546324931632,123.37,287.210000038147,12.8,12.5,22.5,17.3,13.7,"fire-after",1,1
"626","NV4051011878720000813-510-before","NV4051011878720000813-510","NV4051011878720000813","510",510,"before","fire",1915.48547363281,2000,0.149944802470967,67.6641315631329,0.339657320872274,121.144444444444,356.666666666667,14.2222222222222,19,12.7777777777778,19,12,"fire-before",1,0
"627","NV4051011878720000813-648-after","NV4051011878720000813-648","NV4051011878720000813","648",648,"after","fire",2092.20458984375,2000,0.302144228343017,112.864085465001,0.619892219919171,220.185714285714,355.199996403285,14.8571428571429,15.4285714285714,25.1428571428571,22.8571428571429,15,"fire-after",1,1
"628","NV4051011878720000813-648-before","NV4051011878720000813-648","NV4051011878720000813","648",648,"before","fire",2092.20458984375,2000,0.296376184872421,90.7359472010215,0.532345099646441,204.7,384.525001049042,14.375,21,12.5,27.25,15.5,"fire-before",1,0
"629","NV4051011878720000813-687-after","NV4051011878720000813-687","NV4051011878720000813","687",687,"after","fire",2046.82421875,2000,0.217744874622134,118.261517569475,0.538573706564208,198.525,368.612499237061,12,24,11.375,27.875,14.125,"fire-after",1,1
"630","NV4051011878720000813-687-before","NV4051011878720000813-687","NV4051011878720000813","687",687,"before","fire",2046.82421875,2000,0.17920925772858,139.047419036028,0.519640916193986,212.244444444444,408.444442749023,8.44444444444444,32.7777777777778,8.77777777777778,28.4444444444444,13.1111111111111,"fire-before",1,0
"631","NV4051011878720000813-738-after","NV4051011878720000813-738","NV4051011878720000813","738",738,"after","fire",1908.78845214844,2000,0.144035911796289,58.9848195146825,0.359749846739511,98.37,273.440005302429,16.5,13.2,17.4,16.4,14.6,"fire-after",1,1
"632","NV4051011878720000813-738-before","NV4051011878720000813-738","NV4051011878720000813","738",738,"before","fire",1908.78845214844,2000,0.0989289144636167,98.8401900350969,0.391943083394599,132.211111111111,337.322220272488,17.3333333333333,18.3333333333333,9.77777777777778,16.5555555555556,13.5555555555556,"fire-before",1,0
"633","NV4051011878720000813-879-after","NV4051011878720000813-879","NV4051011878720000813","879",879,"after","fire",2012.42431640625,2000,0.252646951062664,96.858675944168,0.515412527771653,189.9875,368.612499237061,10.625,13.25,31.375,25.125,13.5,"fire-after",1,1
"634","NV4051011878720000813-879-before","NV4051011878720000813-879","NV4051011878720000813","879",879,"before","fire",2012.42431640625,2000,0.175890776601121,147.202834210907,0.536289447275062,219.044444444444,408.444442749023,11.2222222222222,26.6666666666667,8.88888888888889,27.4444444444444,13.1111111111111,"fire-before",1,0
"635","NV4051011878720000813-941-after","NV4051011878720000813-941","NV4051011878720000813","941",941,"after","fire",1921.12927246094,2000,0.122955090749395,87.6793214396466,0.387375976178085,128.45,331.590000152588,15.5,16.2,11.1,16.4,13.8,"fire-after",1,1
"636","NV4051011878720000813-941-before","NV4051011878720000813-941","NV4051011878720000813","941",941,"before","fire",1921.12927246094,2000,0.101890523888619,102.161159526685,0.352013059132561,143.777777777778,408.444442749023,18.1111111111111,18.1111111111111,8.44444444444444,18.5555555555556,12.3333333333333,"fire-before",1,0
"637","NV4051011878720000813-952-after","NV4051011878720000813-952","NV4051011878720000813","952",952,"after","fire",2128.78686523438,2000,0.151303599092915,94.4492395536932,0.436141017320939,144.62,331.590000152588,19.2,19.6,9.3,22.4,18.7,"fire-after",1,1
"638","NV4051011878720000813-952-before","NV4051011878720000813-952","NV4051011878720000813","952",952,"before","fire",2128.78686523438,2000,0.149303912915679,95.5287576000176,0.383188249686341,156.511111111111,408.444442749023,17.2222222222222,24.2222222222222,9.22222222222222,25,16.4444444444444,"fire-before",1,0
"639","NV4053011891319990910-199-after","NV4053011891319990910-199","NV4053011891319990910","199",199,"after","fire",1522.01330566406,1999,0.203621403849669,12.209421018577,0.255360623245038,60.26,235.980000495911,27.8,9.3,26,6.7,15,"fire-after",1,1
"640","NV4053011891319990910-199-before","NV4053011891319990910-199","NV4053011891319990910","199",199,"before","fire",1522.01330566406,1999,0.180241422565947,9.96342715165871,0.211930592434872,66.6333333333333,314.411112467448,30.3333333333333,14.2222222222222,12.1111111111111,5.44444444444444,15.6666666666667,"fire-before",1,0
"641","NV4053011891319990910-740-after","NV4053011891319990910-740","NV4053011891319990910","740",740,"after","fire",1525.00061035156,1999,0.244472407909007,7.4694010603961,0.276125094766788,65.16,235.980000495911,24.6,9.1,29.2,7.3,15.5,"fire-after",1,1
"642","NV4053011891319990910-740-before","NV4053011891319990910-740","NV4053011891319990910","740",740,"before","fire",1525.00061035156,1999,0.196704888467939,8.25379718900993,0.222956496193364,70.1,314.411112467448,28.5555555555556,14.6666666666667,13.5555555555556,7.22222222222222,15.4444444444444,"fire-before",1,0
"643","NV4053011891319990910-888-after","NV4053011891319990910-888","NV4053011891319990910","888",888,"after","fire",1547.63757324219,1999,0.183518827776549,29.8332269302811,0.309941519816496,73.14,235.980000495911,24.7,6.1,33.6,8.7,20.6,"fire-after",1,1
"644","NV4053011891319990910-888-before","NV4053011891319990910-888","NV4053011891319990910","888",888,"before","fire",1547.63757324219,1999,0.163376286857641,24.9437910093993,0.24271124042733,76.3111111111111,314.411112467448,34.3333333333333,12.8888888888889,12.4444444444444,8.66666666666667,17.3333333333333,"fire-before",1,0
"645","NV4053011891319990910-915-after","NV4053011891319990910-915","NV4053011891319990910","915",915,"after","fire",1470.71545410156,1999,0.182436059791556,14.9287385199167,0.24569878751655,57.98,235.980000495911,30.7,8.5,24.2,6.5,17.3,"fire-after",1,1
"646","NV4053011891319990910-915-before","NV4053011891319990910-915","NV4053011891319990910","915",915,"before","fire",1470.71545410156,1999,0.166238099399908,15.8217831220897,0.216560058436034,68.0888888888889,314.411112467448,35.6666666666667,13,11.6666666666667,6,16.3333333333333,"fire-before",1,0
"647","NV4053511811619990804-159-after","NV4053511811619990804-159","NV4053511811619990804","159",159,"after","fire",2001.49584960938,1999,0.174557389665113,140.769174468564,0.553245461595416,205.657142857143,371.728567395891,14.5714285714286,16.7142857142857,16.7142857142857,26,13,"fire-after",1,1
"648","NV4053511811619990804-159-before","NV4053511811619990804-159","NV4053511811619990804","159",159,"before","fire",2001.49584960938,1999,0.232885799995181,105.236069725135,0.472072274889741,207.7,439.975001811981,11.875,22.125,8.5,27.75,12.25,"fire-before",1,0
"649","NV4053511811619990804-188-after","NV4053511811619990804-188","NV4053511811619990804","188",188,"after","fire",1546.28576660156,1999,0.256166903738609,11.5248010126774,0.30179341656642,76.23,252.590003013611,17.7,7.2,39.4,10.6,14.5,"fire-after",1,1
"650","NV4053511811619990804-188-before","NV4053511811619990804-188","NV4053511811619990804","188",188,"before","fire",1546.28576660156,1999,0.120238783019581,38.8190609628157,0.238661789900288,78.2333333333333,327.799994150797,20.4444444444444,17.7777777777778,20.1111111111111,8,16.1111111111111,"fire-before",1,0
"651","NV4053511811619990804-246-after","NV4053511811619990804-246","NV4053511811619990804","246",246,"after","fire",1774.36389160156,1999,0.623526214245614,19.4433955934515,0.6944357523424,190.414285714286,274.200003487723,11.2857142857143,9.42857142857143,38.5714285714286,18.2857142857143,12.2857142857143,"fire-after",1,1
"652","NV4053511811619990804-246-before","NV4053511811619990804-246","NV4053511811619990804","246",246,"before","fire",1774.36389160156,1999,0.234722245566742,78.6861969870198,0.487949656744423,151.622222222222,310.733331044515,14.1111111111111,15.7777777777778,18.8888888888889,23,13.8888888888889,"fire-before",1,0
"653","NV4053511811619990804-331-after","NV4053511811619990804-331","NV4053511811619990804","331",331,"after","fire",1498.47802734375,1999,0.244606084801866,6.12732088412417,0.273349908425881,58.27,213.170000076294,27.1,11.8,24.7,7.1,18.2,"fire-after",1,1
"654","NV4053511811619990804-331-before","NV4053511811619990804-331","NV4053511811619990804","331",331,"before","fire",1498.47802734375,1999,0.129452393204917,31.5394185839333,0.242849151529697,67.5444444444444,278.133335113525,32.3333333333333,16.1111111111111,15.8888888888889,6.22222222222222,15.7777777777778,"fire-before",1,0
"655","NV4053511811619990804-40-after","NV4053511811619990804-40","NV4053511811619990804","40",40,"after","fire",1574.78601074219,1999,0.246876879941374,21.203255484062,0.346343293960576,73.83,213.170000076294,10.2,12.4,32.8,11.7,13.6,"fire-after",1,1
"656","NV4053511811619990804-40-before","NV4053511811619990804-40","NV4053511811619990804","40",40,"before","fire",1574.78601074219,1999,0.110617741252148,46.7890742583706,0.278843079071769,77.5555555555556,278.133335113525,12.2222222222222,17.5555555555556,19.4444444444444,12,12.2222222222222,"fire-before",1,0
"657","NV4053511811619990804-493-after","NV4053511811619990804-493","NV4053511811619990804","493",493,"after","fire",1515.681640625,1999,0.203598168564905,3.26944068029529,0.217300195549796,51.85,238.610001564026,25.8,12.3,22.3,5.4,14.5,"fire-after",1,1
"658","NV4053511811619990804-493-before","NV4053511811619990804-493","NV4053511811619990804","493",493,"before","fire",1515.681640625,1999,0.0867523462145394,38.6098211514958,0.211006223395049,65.5666666666667,310.733331044515,22.4444444444444,19.3333333333333,14.1111111111111,7,16.3333333333333,"fire-before",1,0
"659","NV4053511811619990804-546-after","NV4053511811619990804-546","NV4053511811619990804","546",546,"after","fire",1557.54064941406,1999,0.17104272382214,21.8763178743095,0.257650735276697,65.08,252.590003013611,22.5,10.2,28.2,7.3,14.7,"fire-after",1,1
"660","NV4053511811619990804-546-before","NV4053511811619990804-546","NV4053511811619990804","546",546,"before","fire",1557.54064941406,1999,0.131890219665963,34.7330534316165,0.237848285716563,77.9666666666667,327.799994150797,19.2222222222222,17.4444444444444,19.7777777777778,8.22222222222222,16.1111111111111,"fire-before",1,0
"661","NV4053511811619990804-611-after","NV4053511811619990804-611","NV4053511811619990804","611",611,"after","fire",1601.69677734375,1999,0.513907102916264,39.0845739179436,0.6480800297326,188.785714285714,291.300002506801,16.2857142857143,5.57142857142857,49.4285714285714,11.8571428571429,14,"fire-after",1,1
"662","NV4053511811619990804-611-before","NV4053511811619990804-611","NV4053511811619990804","611",611,"before","fire",1601.69677734375,1999,0.218151838251095,57.7231620306386,0.394244465037673,129.233333333333,327.799994150797,17.4444444444444,16.4444444444444,21.8888888888889,11.8888888888889,14.3333333333333,"fire-before",1,0
"663","NV4053511811619990804-654-after","NV4053511811619990804-654","NV4053511811619990804","654",654,"after","fire",1484.94189453125,1999,0.366160771123397,45.7703778295613,0.557981640028927,133.14,238.610001564026,19.7,6.2,39.8,9.6,16.3,"fire-after",1,1
"664","NV4053511811619990804-654-before","NV4053511811619990804-654","NV4053511811619990804","654",654,"before","fire",1484.94189453125,1999,0.213110988695869,39.9237570447872,0.341593365885935,106.144444444444,310.733331044515,27.1111111111111,14.3333333333333,19.3333333333333,7.44444444444444,16.4444444444444,"fire-before",1,0
"665","NV4053511811619990804-747-after","NV4053511811619990804-747","NV4053511811619990804","747",747,"after","fire",1469.77416992188,1999,0.427702163718172,21.6459860462699,0.51841917433963,123.7,238.610001564026,20.2,7.7,32,9.1,19.5,"fire-after",1,1
"666","NV4053511811619990804-747-before","NV4053511811619990804-747","NV4053511811619990804","747",747,"before","fire",1469.77416992188,1999,0.210733777742562,22.3957690562371,0.282807697141407,87.8777777777778,310.733331044515,21.5555555555556,18.5555555555556,14.7777777777778,7,17.4444444444444,"fire-before",1,0
"667","NV4053511811619990804-778-after","NV4053511811619990804-778","NV4053511811619990804","778",778,"after","fire",1382.82006835938,1999,0.191918465415913,-2.15086461928929,0.181182929527747,36.3,200.35000038147,25.4,10.9,21.2,6.5,14.2,"fire-after",1,1
"668","NV4053511811619990804-778-before","NV4053511811619990804-778","NV4053511811619990804","778",778,"before","fire",1382.82006835938,1999,0.178846923610449,3.0329210686556,0.19060749645536,49.1555555555556,257.888889312744,30.6666666666667,14.3333333333333,16.2222222222222,6.66666666666667,13.4444444444444,"fire-before",1,0
"669","NV4053511811619990804-828-after","NV4053511811619990804-828","NV4053511811619990804","828",828,"after","fire",1545.27111816406,1999,0.176010445067247,16.7715211500371,0.242408643530918,61.23,252.590003013611,24.2,11.7,25.6,6.2,14.4,"fire-after",1,1
"670","NV4053511811619990804-828-before","NV4053511811619990804-828","NV4053511811619990804","828",828,"before","fire",1545.27111816406,1999,0.116198160565533,34.9769103129516,0.222900146340619,73.0666666666667,327.799994150797,18.8888888888889,18.4444444444444,19.4444444444444,8.33333333333333,16.4444444444444,"fire-before",1,0
"671","NV4053511811619990804-890-after","NV4053511811619990804-890","NV4053511811619990804","890",890,"after","fire",1691.54370117188,1999,0.255940708132989,37.4499872320897,0.412891326240423,98.52,238.610001564026,13.3,9.7,39.2,13.5,13.9,"fire-after",1,1
"672","NV4053511811619990804-890-before","NV4053511811619990804-890","NV4053511811619990804","890",890,"before","fire",1691.54370117188,1999,0.0782019604826977,71.5889332138887,0.308589003202724,95.8888888888889,310.733331044515,17.6666666666667,18.6666666666667,17.5555555555556,14.8888888888889,12.1111111111111,"fire-before",1,0
"673","NV4054411774819960929-664-after","NV4054411774819960929-664","NV4054411774819960929","664",664,"after","fire",1589.85278320312,1996,0.178118047161471,3.99203680952532,0.192405427136978,53.76,279.409997940063,24.8,13.6,20.4,7.2,19.1,"fire-after",1,1
"674","NV4054411774819960929-664-before","NV4054411774819960929-664","NV4054411774819960929","664",664,"before","fire",1589.85278320312,1996,0.157814053273302,23.8470628398257,0.233489652349478,73.5777777777778,315.122220781114,18.1111111111111,20.1111111111111,15.1111111111111,10.3333333333333,17.5555555555556,"fire-before",1,0
"675","NV4056611780919980814-590-after","NV4056611780919980814-590","NV4056611780919980814","590",590,"after","fire",1483.54675292969,1998,0.523635077837373,-10.3552598644638,0.480010105243345,113.94,237.370002746582,24,8,36.5,8.9,16.3,"fire-after",1,1
"676","NV4056611780919980814-590-before","NV4056611780919980814-590","NV4056611780919980814","590",590,"before","fire",1483.54675292969,1998,0.498148371173977,6.04984198493694,0.522160974623784,131.555555555556,251.944442325168,20.6666666666667,8.77777777777778,34.1111111111111,11.8888888888889,16.4444444444444,"fire-before",1,0
"677","NV4056911767919960715-49-after","NV4056911767919960715-49","NV4056911767919960715","49",49,"after","fire",1440.36169433594,1996,0.409775929753054,26.9542559659488,0.54489250896784,108.7,199.488886727227,24,6,34.5555555555556,12.3333333333333,21.5555555555556,"fire-after",1,1
"678","NV4056911767919960715-49-before","NV4056911767919960715-49","NV4056911767919960715","49",49,"before","fire",1440.36169433594,1996,0.859655416462253,-102.980166030994,0.40112798671199,90.0888888888889,224.588889016046,19.1111111111111,6.77777777777778,31.7777777777778,12,17.7777777777778,"fire-before",1,0
"679","NV4062411784719990711-239-after","NV4062411784719990711-239","NV4062411784719990711","239",239,"after","fire",1950.33581542969,1999,0.129529244169375,125.234159306922,0.495571854340291,169.55,342.130002975464,9.3,12.6,31.6,18,12.9,"fire-after",1,1
"680","NV4062411784719990711-239-before","NV4062411784719990711-239","NV4062411784719990711","239",239,"before","fire",1950.33581542969,1999,0.177211047548824,103.075195825542,0.417510692157883,179.088888888889,428.944437238905,13.4444444444444,21.5555555555556,8.66666666666667,17,11.3333333333333,"fire-before",1,0
"681","NV4062411784719990711-31-after","NV4062411784719990711-31","NV4062411784719990711","31",31,"after","fire",1670.13427734375,1999,0.308202373206546,83.4759111229629,0.597521884247603,172.4,288.524997234344,11.625,13.875,26.625,23.875,13.125,"fire-after",1,1
"682","NV4062411784719990711-31-before","NV4062411784719990711-31","NV4062411784719990711","31",31,"before","fire",1670.13427734375,1999,0.236436585612657,72.0966901948891,0.456347862277896,149.611111111111,327.844443851047,15.7777777777778,20.7777777777778,10.2222222222222,20.8888888888889,15.3333333333333,"fire-before",1,0
"683","NV4062411784719990711-679-after","NV4062411784719990711-679","NV4062411784719990711","679",679,"after","fire",1986.23510742188,1999,0.181111091954487,114.526461570722,0.515856541271118,176.49,342.130002975464,10.2,12.4,35.5,18.3,13.1,"fire-after",1,1
"684","NV4062411784719990711-679-before","NV4062411784719990711-679","NV4062411784719990711","679",679,"before","fire",1986.23510742188,1999,0.173523895871721,71.9345568044691,0.341225235624506,146.366666666667,428.944437238905,11,20.1111111111111,14.7777777777778,21,11.7777777777778,"fire-before",1,0
"685","NV4062411784719990711-885-after","NV4062411784719990711-885","NV4062411784719990711","885",885,"after","fire",1942.99304199219,1999,0.151544245589975,110.992166805388,0.475959426486423,162.84,342.130002975464,11,18.8,12.9,25.1,12.4,"fire-after",1,1
"686","NV4062411784719990711-885-before","NV4062411784719990711-885","NV4062411784719990711","885",885,"before","fire",1942.99304199219,1999,0.178757198527339,116.911982964176,0.451314604136171,193.588888888889,428.944437238905,14.1111111111111,23,6.33333333333333,20.4444444444444,12,"fire-before",1,0
"687","NV4063411813020000717-228-after","NV4063411813020000717-228","NV4063411813020000717","228",228,"after","fire",1283.98803710938,2000,0.274753018290838,23.8443243958287,0.395993291936164,77.88,196.669998168945,31.1,16.6,17,4.3,13.5,"fire-after",1,1
"688","NV4063411813020000717-228-before","NV4063411813020000717-228","NV4063411813020000717","228",228,"before","fire",1283.98803710938,2000,0.341364747876466,5.90344162385531,0.364303602405311,93.7555555555556,257.355554368761,18.5555555555556,17.5555555555556,20.6666666666667,13.4444444444444,13.1111111111111,"fire-before",1,0
"689","NV4063411813020000717-348-after","NV4063411813020000717-348","NV4063411813020000717","348",348,"after","fire",1298.04223632812,2000,0.149580283545716,-0.527954091046329,0.146895816692807,28.89,196.669998168945,35.5,12.7,17.3,6.1,13.8,"fire-after",1,1
"690","NV4063411813020000717-348-before","NV4063411813020000717-348","NV4063411813020000717","348",348,"before","fire",1298.04223632812,2000,0.183417882220313,6.51861146226943,0.208747086706528,53.7222222222222,257.355554368761,21.6666666666667,16,18.5555555555556,12.5555555555556,15.5555555555556,"fire-before",1,0
"691","NV4063411813020000717-408-after","NV4063411813020000717-408","NV4063411813020000717","408",408,"after","fire",1373.71569824219,2000,0.268756989239501,7.58356341837607,0.307316827999766,60.44,196.669998168945,13.7,8,40.6,10.4,15.3,"fire-after",1,1
"692","NV4063411813020000717-408-before","NV4063411813020000717-408","NV4063411813020000717","408",408,"before","fire",1373.71569824219,2000,0.286853940960047,1.96543389025204,0.294490977957647,75.7888888888889,257.355554368761,13,9.66666666666667,35.3333333333333,11.5555555555556,13.6666666666667,"fire-before",1,0
"693","NV4063411813020000717-477-after","NV4063411813020000717-477","NV4063411813020000717","477",477,"after","fire",1574.69982910156,2000,0.249193051418961,1.4567331822548,0.253727629472044,81.51,321.249996185303,11.4,11.7,32.1,15.2,13,"fire-after",1,1
"694","NV4063411813020000717-477-before","NV4063411813020000717-477","NV4063411813020000717","477",477,"before","fire",1574.69982910156,2000,0.0727548985293373,41.7116387874785,0.172147207299462,72.2444444444444,419.666665395101,17.3333333333333,21.2222222222222,12.2222222222222,13.5555555555556,12.6666666666667,"fire-before",1,0
"695","NV4063411813020000717-640-after","NV4063411813020000717-640","NV4063411813020000717","640",640,"after","fire",1524.478515625,2000,0.23880490640196,-3.91607527066109,0.226614788683165,72.8,321.249996185303,10.6,10.4,37.2,12.3,14.1,"fire-after",1,1
"696","NV4063411813020000717-640-before","NV4063411813020000717-640","NV4063411813020000717","640",640,"before","fire",1524.478515625,2000,0.0699484578297001,36.2338528419688,0.156288059779872,65.5888888888889,419.666665395101,16,21.2222222222222,14.2222222222222,13.6666666666667,12.2222222222222,"fire-before",1,0
"697","NV4063411813020000717-685-after","NV4063411813020000717-685","NV4063411813020000717","685",685,"after","fire",1561.01293945312,2000,0.212674036230589,23.4884666722103,0.285789886662107,91.81,321.249996185303,9,12.7,40.3,18.7,11.3,"fire-after",1,1
"698","NV4063411813020000717-685-before","NV4063411813020000717-685","NV4063411813020000717","685",685,"before","fire",1561.01293945312,2000,0.0767808282376341,36.9776458472381,0.164892772540918,69.2,419.666665395101,20.8888888888889,19.7777777777778,13.2222222222222,18.2222222222222,9.77777777777778,"fire-before",1,0
"699","NV4063411813020000717-728-after","NV4063411813020000717-728","NV4063411813020000717","728",728,"after","fire",1316.99267578125,2000,0.482706139561978,22.4501875010141,0.592582527200035,121.077777777778,204.322220484416,17.4444444444444,7.55555555555556,39.2222222222222,10.5555555555556,15.2222222222222,"fire-after",1,1
"700","NV4063411813020000717-728-before","NV4063411813020000717-728","NV4063411813020000717","728",728,"before","fire",1316.99267578125,2000,0.448344616066181,9.11602278403859,0.48376651634884,124.5,257.355554368761,19.6666666666667,14,29.3333333333333,11.6666666666667,15.5555555555556,"fire-before",1,0
"701","NV4063411813020000717-730-after","NV4063411813020000717-730","NV4063411813020000717","730",730,"after","fire",1596.61657714844,2000,0.164044121838164,33.6308264852683,0.268731520700792,86.33,321.249996185303,13.8,12.4,27.9,19.1,9.5,"fire-after",1,1
"702","NV4063411813020000717-730-before","NV4063411813020000717-730","NV4063411813020000717","730",730,"before","fire",1596.61657714844,2000,0.060057596542544,32.5958287273462,0.137728356255276,57.8,419.666665395101,22.5555555555556,22.8888888888889,11.2222222222222,15.1111111111111,9.22222222222222,"fire-before",1,0
"703","NV4063411813020000717-739-after","NV4063411813020000717-739","NV4063411813020000717","739",739,"after","fire",1355.53820800781,2000,0.434561644868751,56.9659225434979,0.697866120007995,150.983333333333,216.349997520447,10.5,4.83333333333333,52.5,17.3333333333333,15.8333333333333,"fire-after",1,1
"704","NV4063411813020000717-739-before","NV4063411813020000717-739","NV4063411813020000717","739",739,"before","fire",1355.53820800781,2000,0.502331834851105,4.1110010537059,0.51830584817205,133.388888888889,257.355554368761,14.6666666666667,8.33333333333333,38.5555555555556,13.5555555555556,14.5555555555556,"fire-before",1,0
"705","NV4063411813020000717-743-after","NV4063411813020000717-743","NV4063411813020000717","743",743,"after","fire",1378.96484375,2000,0.467691774353418,31.4613524153429,0.606716753134637,137.3,226.299997965495,15.5,5.66666666666667,42.1666666666667,11.8333333333333,13.3333333333333,"fire-after",1,1
"706","NV4063411813020000717-743-before","NV4063411813020000717-743","NV4063411813020000717","743",743,"before","fire",1378.96484375,2000,0.375271914517885,15.3772439557789,0.435022884313334,111.955555555556,257.355554368761,14.6666666666667,11.5555555555556,31.5555555555556,11.1111111111111,12.4444444444444,"fire-before",1,0
"707","NV4063411813020000717-764-after","NV4063411813020000717-764","NV4063411813020000717","764",764,"after","fire",1353.47680664062,2000,0.42063871640643,41.2664253216154,0.624055205676778,126.6,202.866667641534,14.8888888888889,6.11111111111111,46.5555555555556,13,18,"fire-after",1,1
"708","NV4063411813020000717-764-before","NV4063411813020000717-764","NV4063411813020000717","764",764,"before","fire",1353.47680664062,2000,0.32633673411747,24.3488685440997,0.420748788713216,108.511111111111,257.899996439616,18.6666666666667,14.5555555555556,24.3333333333333,11.5555555555556,14.3333333333333,"fire-before",1,0
"709","NV4063411813020000717-803-after","NV4063411813020000717-803","NV4063411813020000717","803",803,"after","fire",1351.89868164062,2000,0.461530562350627,32.525613512639,0.624545789251015,124.6125,199.525002241135,13.875,7.25,42.5,12.625,15.5,"fire-after",1,1
"710","NV4063411813020000717-803-before","NV4063411813020000717-803","NV4063411813020000717","803",803,"before","fire",1351.89868164062,2000,0.331176186400714,24.3896627063702,0.425746419216056,109.8,257.899996439616,16.5555555555556,14.4444444444444,24.2222222222222,11.8888888888889,13.7777777777778,"fire-before",1,0
"711","NV4063411813020000717-881-after","NV4063411813020000717-881","NV4063411813020000717","881",881,"after","fire",1483.232421875,2000,0.342715375210096,59.052687021112,0.526536971232931,169.15,321.249996185303,7.9,4.5,49.3,15.7,13.6,"fire-after",1,1
"712","NV4063411813020000717-881-before","NV4063411813020000717-881","NV4063411813020000717","881",881,"before","fire",1483.232421875,2000,0.143570290246858,62.9261128200721,0.293513371289117,123.177777777778,419.666665395101,14.5555555555556,15.1111111111111,21.1111111111111,15.5555555555556,12.8888888888889,"fire-before",1,0
"713","NV4063411813020000717-930-after","NV4063411813020000717-930","NV4063411813020000717","930",930,"after","fire",1287.57104492188,2000,0.356355684908924,22.3755281014686,0.470127629332534,92.46,196.669998168945,26.5,13.4,22.8,7.6,15.9,"fire-after",1,1
"714","NV4063411813020000717-930-before","NV4063411813020000717-930","NV4063411813020000717","930",930,"before","fire",1287.57104492188,2000,0.364236026777688,15.0840576297755,0.422847769845653,108.822222222222,257.355554368761,17.4444444444444,16.8888888888889,20.5555555555556,12.5555555555556,15.5555555555556,"fire-before",1,0
"715","NV4066711793919960724-223-after","NV4066711793919960724-223","NV4066711793919960724","223",223,"after","fire",1419.47729492188,1996,0.527812789326821,-8.181907649004,0.496225122383432,128.533333333333,259.022221035427,23.3333333333333,5.88888888888889,44.1111111111111,9.33333333333333,20.8888888888889,"fire-after",1,1
"716","NV4066711793919960724-223-before","NV4066711793919960724-223","NV4066711793919960724","223",223,"before","fire",1419.47729492188,1996,0.535577284997257,-65.470847166417,0.298802541137772,82.6222222222222,276.511109670003,27.5555555555556,8.22222222222222,24.1111111111111,9.66666666666667,17.6666666666667,"fire-before",1,0
"717","NV4066711793919960724-852-after","NV4066711793919960724-852","NV4066711793919960724","852",852,"after","fire",1395.79089355469,1996,0.37025868901921,-6.71414808970029,0.335828926528489,65.49,195.010003089905,14.4,5.7,43.9,11.9,19.1,"fire-after",1,1
"718","NV4066711793919960724-852-before","NV4066711793919960724-852","NV4066711793919960724","852",852,"before","fire",1395.79089355469,1996,0.300917986772035,2.34142884045512,0.311742344398824,67.4333333333333,216.311112509833,23.8888888888889,12.4444444444444,26.7777777777778,8.22222222222222,19.4444444444444,"fire-before",1,0
"719","NV4067711880120000802-139-after","NV4067711880120000802-139","NV4067711880120000802","139",139,"after","fire",1483.89379882812,2000,0.13846887763286,6.01144487345769,0.16550483372623,36.8,222.350001335144,25.6,14.4,17.5,3.9,11.5,"fire-after",1,1
"720","NV4067711880120000802-139-before","NV4067711880120000802-139","NV4067711880120000802","139",139,"before","fire",1483.89379882812,2000,0.139376693223245,14.0049961133822,0.187725357011478,54.3777777777778,289.666663275825,26.6666666666667,15.5555555555556,12.6666666666667,7.22222222222222,11.7777777777778,"fire-before",1,0
"721","NV4067711880120000802-383-after","NV4067711880120000802-383","NV4067711880120000802","383",383,"after","fire",1456.87731933594,2000,0.155966322212801,1.93218868198214,0.164869596924379,35.78,217.020000457764,22.9,13.4,14.1,4.6,12.4,"fire-after",1,1
"722","NV4067711880120000802-383-before","NV4067711880120000802-383","NV4067711880120000802","383",383,"before","fire",1456.87731933594,2000,0.143344574448946,8.68172228076401,0.17415996381604,49.0666666666667,281.73333062066,22.3333333333333,14.7777777777778,15.3333333333333,6.77777777777778,12,"fire-before",1,0
"723","NV4067711880120000802-385-after","NV4067711880120000802-385","NV4067711880120000802","385",385,"after","fire",1510.0703125,2000,0.134752358084962,4.37781299989488,0.154441195384748,34.34,222.350001335144,23.6,15.1,14.6,3.2,11.5,"fire-after",1,1
"724","NV4067711880120000802-385-before","NV4067711880120000802-385","NV4067711880120000802","385",385,"before","fire",1510.0703125,2000,0.128869440460184,12.8041525170092,0.173072499149119,50.1333333333333,289.666663275825,21.8888888888889,14.1111111111111,10.4444444444444,5.11111111111111,12.4444444444444,"fire-before",1,0
"725","NV4067711880120000802-390-after","NV4067711880120000802-390","NV4067711880120000802","390",390,"after","fire",1679.34289550781,2000,0.108055952963158,10.0496970384714,0.154363652793926,33.5,217.020000457764,14.6,17.8,14.2,3.4,14.1,"fire-after",1,1
"726","NV4067711880120000802-390-before","NV4067711880120000802-390","NV4067711880120000802","390",390,"before","fire",1679.34289550781,2000,0.128714200884766,7.54803059766925,0.155505601749694,43.8111111111111,281.73333062066,13.2222222222222,17.3333333333333,13,6.33333333333333,12.7777777777778,"fire-before",1,0
"727","NV4067711880120000802-397-after","NV4067711880120000802-397","NV4067711880120000802","397",397,"after","fire",1560.93566894531,2000,0.128670113774936,16.4926441169177,0.200103950004764,46.2,230.880000114441,19.8,7.4,30.1,9.8,10.9,"fire-after",1,1
"728","NV4067711880120000802-397-before","NV4067711880120000802-397","NV4067711880120000802","397",397,"before","fire",1560.93566894531,2000,0.116945205247762,31.8335174874056,0.216194546092444,69.3428571428571,320.742860521589,18,7.57142857142857,27,16,9.57142857142857,"fire-before",1,0
"729","NV4067711880120000802-409-after","NV4067711880120000802-409","NV4067711880120000802","409",409,"after","fire",1542.94177246094,2000,0.139008952355733,8.73561306420016,0.176845114257457,40.83,230.880000114441,27.3,17.7,13.8,4.4,11.6,"fire-after",1,1
"730","NV4067711880120000802-409-before","NV4067711880120000802-409","NV4067711880120000802","409",409,"before","fire",1542.94177246094,2000,0.150062141759071,20.9692080321697,0.220234994654261,65.8111111111111,298.822224934896,23.6666666666667,17.5555555555556,15.6666666666667,9.33333333333333,12.1111111111111,"fire-before",1,0
"731","NV4067711880120000802-52-after","NV4067711880120000802-52","NV4067711880120000802","52",52,"after","fire",1480.96130371094,2000,0.166830384810826,3.9022007357843,0.183731808640738,42.42,230.880000114441,19.6,13.5,20.5,4.8,12.1,"fire-after",1,1
"732","NV4067711880120000802-52-before","NV4067711880120000802-52","NV4067711880120000802","52",52,"before","fire",1480.96130371094,2000,0.145636812746727,12.8027058048186,0.188480700304313,56.3222222222222,298.822224934896,22.1111111111111,17.6666666666667,13.4444444444444,7.11111111111111,11.7777777777778,"fire-before",1,0
"733","NV4067711880120000802-661-after","NV4067711880120000802-661","NV4067711880120000802","661",661,"after","fire",1489.73059082031,2000,0.17347002647613,1.31924026733902,0.179183991595175,41.37,230.880000114441,29.9,14.6,16.6,4.1,12.7,"fire-after",1,1
"734","NV4067711880120000802-661-before","NV4067711880120000802-661","NV4067711880120000802","661",661,"before","fire",1489.73059082031,2000,0.167079034361001,12.5508489900494,0.209080090315872,62.4777777777778,298.822224934896,26.1111111111111,16.3333333333333,12.3333333333333,9.44444444444444,13.6666666666667,"fire-before",1,0
"735","NV4067711880120000802-694-after","NV4067711880120000802-694","NV4067711880120000802","694",694,"after","fire",1531.98999023438,2000,0.133734177584266,7.97420543558408,0.169597480429786,37.71,222.350001335144,15,18,17.3,3.3,11.1,"fire-after",1,1
"736","NV4067711880120000802-694-before","NV4067711880120000802-694","NV4067711880120000802","694",694,"before","fire",1531.98999023438,2000,0.15321603765166,11.662866057545,0.193479097009787,56.0444444444444,289.666663275825,16.5555555555556,17.5555555555556,15.4444444444444,8.22222222222222,12.3333333333333,"fire-before",1,0
"737","NV4067711880120000802-816-after","NV4067711880120000802-816","NV4067711880120000802","816",816,"after","fire",1480.7763671875,2000,0.197510221881403,1.19633155688499,0.203022762450758,44.06,217.020000457764,16.6,11.2,31.8,5.9,12.1,"fire-after",1,1
"738","NV4067711880120000802-816-before","NV4067711880120000802-816","NV4067711880120000802","816",816,"before","fire",1480.7763671875,2000,0.204927156452552,-2.30147698866514,0.196758165642714,55.4333333333333,281.73333062066,16.1111111111111,14.3333333333333,19,9.22222222222222,11.5555555555556,"fire-before",1,0
"739","NV4067711880120000802-823-after","NV4067711880120000802-823","NV4067711880120000802","823",823,"after","fire",1456.32470703125,2000,0.214168965209447,-1.34894892779306,0.207953183599699,45.13,217.020000457764,28.7,10.7,23.8,4.9,15.2,"fire-after",1,1
"740","NV4067711880120000802-823-before","NV4067711880120000802-823","NV4067711880120000802","823",823,"before","fire",1456.32470703125,2000,0.147080632191736,17.973594733941,0.210877111984685,59.4111111111111,281.73333062066,30.3333333333333,13.7777777777778,14.7777777777778,8.44444444444444,14.3333333333333,"fire-before",1,0
"741","NV4067711880120000802-873-after","NV4067711880120000802-873","NV4067711880120000802","873",873,"after","fire",1642.76867675781,2000,0.108012170953125,8.57919861030875,0.147544004849598,32.02,217.020000457764,16.6,15.3,14.2,2.6,14.1,"fire-after",1,1
"742","NV4067711880120000802-873-before","NV4067711880120000802-873","NV4067711880120000802","873",873,"before","fire",1642.76867675781,2000,0.102377472980144,12.4124091123329,0.146434770300942,41.2555555555556,281.73333062066,15.4444444444444,16,12.3333333333333,4.66666666666667,14.7777777777778,"fire-before",1,0
"743","NV4067711880120000802-906-after","NV4067711880120000802-906","NV4067711880120000802","906",906,"after","fire",1380.68774414062,2000,0.149347487235563,1.29115994100625,0.155722326483363,31.54,202.539999961853,29.4,16.1,15.9,3,13.8,"fire-after",1,1
"744","NV4067711880120000802-906-before","NV4067711880120000802-906","NV4067711880120000802","906",906,"before","fire",1380.68774414062,2000,0.169535677905717,8.62857175774582,0.20201597631234,53.6666666666667,265.655556784736,27.6666666666667,15.3333333333333,14.4444444444444,6.55555555555556,14.7777777777778,"fire-before",1,0
"745","NV4073511746320010704-922-after","NV4073511746320010704-922","NV4073511746320010704","922",922,"after","fire",1480.68615722656,2001,0.141513429085237,0.513468831990275,0.143449732092249,38.04,265.180000305176,23.8,12,23.5,5.8,14.5,"fire-after",1,1
"746","NV4073511746320010704-922-before","NV4073511746320010704-922","NV4073511746320010704","922",922,"before","fire",1480.68615722656,2001,0.149217316763506,6.73063517540046,0.171364849405059,52.0777777777778,303.900000254313,22.3333333333333,14.3333333333333,17.3333333333333,8.22222222222222,14.5555555555556,"fire-before",1,0
"747","NV4074311759720010831-118-after","NV4074311759720010831-118","NV4074311759720010831","118",118,"after","fire",2341.72241210938,2001,0.0674518395213643,145.962763587731,0.365462750081614,179,489.789999008179,8.9,24.7,16.9,35.2,12.7,"fire-after",1,1
"748","NV4074311759720010831-118-before","NV4074311759720010831-118","NV4074311759720010831","118",118,"before","fire",2341.72241210938,2001,0.0591047022210972,147.961025491223,0.346302329878184,178.411111111111,515.188884735107,8.77777777777778,24.8888888888889,11.6666666666667,35.1111111111111,12.2222222222222,"fire-before",1,0
"749","NV4074311759720010831-229-after","NV4074311759720010831-229","NV4074311759720010831","229",229,"after","fire",1899.5419921875,2001,0.0287848418729702,73.9614723275874,0.179791339509424,88.06,489.789999008179,21.8,20,7.1,18,13.9,"fire-after",1,1
"750","NV4074311759720010831-229-before","NV4074311759720010831-229","NV4074311759720010831","229",229,"before","fire",1899.5419921875,2001,0.0256424409775461,75.8892994308922,0.172946277841014,89.1,515.188884735107,21,20.5555555555556,5.44444444444444,18.8888888888889,14.3333333333333,"fire-before",1,0
"751","NV4074311759720010831-382-after","NV4074311759720010831-382","NV4074311759720010831","382",382,"after","fire",1559.38269042969,2001,0.138778171600111,18.8616890665031,0.198406678170775,62.76,316.319997787475,13.4,10.8,23.9,11.5,15.9,"fire-after",1,1
"752","NV4074311759720010831-382-before","NV4074311759720010831-382","NV4074311759720010831","382",382,"before","fire",1559.38269042969,2001,0.0900159842469342,31.9370857009405,0.181485488930559,63.3666666666667,349.155555301242,14.4444444444444,14.1111111111111,16.4444444444444,12.7777777777778,14.4444444444444,"fire-before",1,0
"753","NV4074311759720010831-449-after","NV4074311759720010831-449","NV4074311759720010831","449",449,"after","fire",1688.90637207031,2001,0.165034676515543,45.8262314897466,0.309907690584466,98.03,316.319997787475,8.4,8.7,40,20.3,13.7,"fire-after",1,1
"754","NV4074311759720010831-449-before","NV4074311759720010831-449","NV4074311759720010831","449",449,"before","fire",1688.90637207031,2001,0.0865692284684463,69.8437888016363,0.275406401595508,101.8625,369.86249923706,9.875,16.875,17.375,22.25,12.375,"fire-before",1,0
"755","NV4074311759720010831-467-after","NV4074311759720010831-467","NV4074311759720010831","467",467,"after","fire",1914.76989746094,2001,0.0470677061240161,113.406708264201,0.278609200425347,136.46,489.789999008179,14.6,26.7,7,30.5,12.4,"fire-after",1,1
"756","NV4074311759720010831-467-before","NV4074311759720010831-467","NV4074311759720010831","467",467,"before","fire",1914.76989746094,2001,0.0547609844325285,97.6292828377132,0.233442384635515,127.55,546.387495994568,15.125,32.125,6.375,29.625,12.25,"fire-before",1,0
"757","NV4074311759720010831-491-after","NV4074311759720010831-491","NV4074311759720010831","491",491,"after","fire",1514.6572265625,2001,0.227593704553934,52.1611064940883,0.430460483971465,110.68,257.120000839233,11.4,9.8,28.5,15.5,14,"fire-after",1,1
"758","NV4074311759720010831-491-before","NV4074311759720010831-491","NV4074311759720010831","491",491,"before","fire",1514.6572265625,2001,0.202077927299078,60.078364509375,0.420042725546962,115.777777777778,275.633336173164,13.3333333333333,9.44444444444444,24,17.8888888888889,14.4444444444444,"fire-before",1,0
"759","NV4074311759720010831-526-after","NV4074311759720010831-526","NV4074311759720010831","526",526,"after","fire",1615.53247070312,2001,0.129716722622275,26.2480065871234,0.212696005534254,67.28,316.319997787475,12,17.3,23.5,19.6,13.8,"fire-after",1,1
"760","NV4074311759720010831-526-before","NV4074311759720010831-526","NV4074311759720010831","526",526,"before","fire",1615.53247070312,2001,0.0866336797021593,43.0180361224693,0.209839613187463,73.2666666666667,349.155555301242,13.1111111111111,20,18.6666666666667,22.3333333333333,13.5555555555556,"fire-before",1,0
"761","NV4074311759720010831-54-after","NV4074311759720010831-54","NV4074311759720010831","54",54,"after","fire",1754.39172363281,2001,0.173833694742695,77.0038802618711,0.473319849108487,121.7,257.120000839233,15.7,7.8,33,13.6,20.4,"fire-after",1,1
"762","NV4074311759720010831-54-before","NV4074311759720010831-54","NV4074311759720010831","54",54,"before","fire",1754.39172363281,2001,0.182163158761897,55.22309415595,0.382512996421797,105.433333333333,275.633336173164,14.4444444444444,15.2222222222222,25.6666666666667,14.3333333333333,18.2222222222222,"fire-before",1,0
"763","NV4074311759720010831-58-after","NV4074311759720010831-58","NV4074311759720010831","58",58,"after","fire",1731.76806640625,2001,0.140582127572476,37.1510617173156,0.258029845001572,81.62,316.319997787475,12.7,10,35,16.5,17.7,"fire-after",1,1
"764","NV4074311759720010831-58-before","NV4074311759720010831-58","NV4074311759720010831","58",58,"before","fire",1731.76806640625,2001,0.0832586217036964,45.5964563720965,0.213849287324803,74.6666666666667,349.155555301242,14.6666666666667,17.5555555555556,19.3333333333333,16.4444444444444,14.4444444444444,"fire-before",1,0
"765","NV4074311759720010831-601-after","NV4074311759720010831-601","NV4074311759720010831","601",601,"after","fire",2034.68798828125,2001,0.0867846911144045,92.0637262251507,0.274750403790407,134.57,489.789999008179,8.4,19.5,16.1,29.4,11,"fire-after",1,1
"766","NV4074311759720010831-601-before","NV4074311759720010831-601","NV4074311759720010831","601",601,"before","fire",2034.68798828125,2001,0.0855380184005242,94.4380963138003,0.258378899654401,141.175,546.387495994568,8.875,32.25,6.875,30.25,12,"fire-before",1,0
"767","NV4074311759720010831-810-after","NV4074311759720010831-810","NV4074311759720010831","810",810,"after","fire",1675.68334960938,2001,0.135714940825523,35.8006502183432,0.248893527284658,78.73,316.319997787475,11,7.1,39.7,15.6,17,"fire-after",1,1
"768","NV4074311759720010831-810-before","NV4074311759720010831-810","NV4074311759720010831","810",810,"before","fire",1675.68334960938,2001,0.0790351985018342,46.3044213787481,0.211653513392451,73.9,349.155555301242,13.1111111111111,16.8888888888889,20.7777777777778,16.2222222222222,14.4444444444444,"fire-before",1,0
"769","NV4074311759720010831-868-after","NV4074311759720010831-868","NV4074311759720010831","868",868,"after","fire",1737.18322753906,2001,0.141705551076553,32.7157003969919,0.245131514107105,77.54,316.319997787475,12.1,9.8,38,16.6,16.4,"fire-after",1,1
"770","NV4074311759720010831-868-before","NV4074311759720010831-868","NV4074311759720010831","868",868,"before","fire",1737.18322753906,2001,0.0684849849683358,43.9325314880279,0.194310081607924,67.8444444444444,349.155555301242,13.1111111111111,16.5555555555556,18.4444444444444,14.5555555555556,13,"fire-before",1,0
"771","NV4074311759720010831-944-after","NV4074311759720010831-944","NV4074311759720010831","944",944,"after","fire",1472.31628417969,2001,0.187155192092952,25.3586568519932,0.285780957374623,73.48,257.120000839233,12.7,6.7,41,12.8,17.3,"fire-after",1,1
"772","NV4074311759720010831-944-before","NV4074311759720010831-944","NV4074311759720010831","944",944,"before","fire",1472.31628417969,2001,0.161265818288612,31.8719867166369,0.276897647004039,76.3222222222222,275.633336173164,15.2222222222222,13.7777777777778,23.5555555555556,14.5555555555556,16.8888888888889,"fire-before",1,0
"773","NV4074411720419960708-346-after","NV4074411720419960708-346","NV4074411720419960708","346",346,"after","fire",1701.58544921875,1996,0.253542629860013,-1.71489426583895,0.246956255573905,64.3,260.369998931885,18.4,9.3,28.6,12,18.2,"fire-after",1,1
"774","NV4074411720419960708-346-before","NV4074411720419960708-346","NV4074411720419960708","346",346,"before","fire",1701.58544921875,1996,0.344820580043676,-23.5961466107489,0.259519600508527,71.7888888888889,276.622223324246,17.3333333333333,17.1111111111111,15.8888888888889,11.4444444444444,17.5555555555556,"fire-before",1,0
"775","NV4074411720419960708-486-after","NV4074411720419960708-486","NV4074411720419960708","486",486,"after","fire",1596.48461914062,1996,0.478699054134779,-15.3488722137667,0.419748820710297,109.29,260.369998931885,21.1,8.7,33.1,10.7,18.3,"fire-after",1,1
"776","NV4074411720419960708-486-before","NV4074411720419960708-486","NV4074411720419960708","486",486,"before","fire",1596.48461914062,1996,0.529570486787442,-72.8576321287119,0.266187338271167,73.6333333333333,276.622223324246,21.4444444444444,16.8888888888889,14.4444444444444,10.2222222222222,17.5555555555556,"fire-before",1,0
"777","NV4074411720419960708-691-after","NV4074411720419960708-691","NV4074411720419960708","691",691,"after","fire",1571.88916015625,1996,0.218675335906042,-1.39649697628577,0.213311826354194,55.54,260.369998931885,22.8,13,22.7,10,18,"fire-after",1,1
"778","NV4074411720419960708-691-before","NV4074411720419960708-691","NV4074411720419960708","691",691,"before","fire",1571.88916015625,1996,0.350247110840172,-32.1194678468352,0.234133996496549,64.7666666666667,276.622223324246,23.2222222222222,18.8888888888889,15.1111111111111,10,15.6666666666667,"fire-before",1,0
"779","NV4074411720419960708-789-after","NV4074411720419960708-789","NV4074411720419960708","789",789,"after","fire",1626.28247070312,1996,0.530127044191396,-7.52011927469055,0.49861728411598,119,238.659997940064,17.3,7.6,37,10.5,21.9,"fire-after",1,1
"780","NV4074411720419960708-789-before","NV4074411720419960708-789","NV4074411720419960708","789",789,"before","fire",1626.28247070312,1996,0.488151370409584,-47.0396853636214,0.303343807598048,77.2111111111111,254.533335367838,21.3333333333333,13.3333333333333,14.6666666666667,8.88888888888889,18.8888888888889,"fire-before",1,0
"781","NV4074411720419960708-814-after","NV4074411720419960708-814","NV4074411720419960708","814",814,"after","fire",1655.80798339844,1996,0.379898486486623,9.67583147925339,0.417060338923334,108.59,260.369998931885,21.7,8.8,28.5,12.8,19.7,"fire-after",1,1
"782","NV4074411720419960708-814-before","NV4074411720419960708-814","NV4074411720419960708","814",814,"before","fire",1655.80798339844,1996,0.583440388331808,-83.6481329530616,0.281049163404762,77.7444444444444,276.622223324246,19.5555555555556,16.1111111111111,15,10.6666666666667,16.7777777777778,"fire-before",1,0
"783","NV4075011813819990823-830-after","NV4075011813819990823-830","NV4075011813819990823","830",830,"after","fire",1346.12963867188,1999,0.438603827972448,28.5068413547195,0.587534612035164,112.46,191.409999847412,15.9,12.8,32.1,7.6,16.7,"fire-after",1,1
"784","NV4075011813819990823-830-before","NV4075011813819990823-830","NV4075011813819990823","830",830,"before","fire",1346.12963867188,1999,0.463710919326846,-13.8148682622504,0.407742513517148,100.644444444444,246.833335028754,16.1111111111111,13,24,7.66666666666667,15.5555555555556,"fire-before",1,0
"785","NV4077311800919990804-133-after","NV4077311800919990804-133","NV4077311800919990804","133",133,"after","fire",1341.56298828125,1999,0.206138941574865,68.9740470668982,0.559598238913353,109.2,195.139999389648,18.7,7.3,34.3,9.1,17.4,"fire-after",1,1
"786","NV4077311800919990804-133-before","NV4077311800919990804-133","NV4077311800919990804","133",133,"before","fire",1341.56298828125,1999,0.50844295859632,-27.2341680303846,0.392880717703009,92.5888888888889,235.666666030884,21.4444444444444,11.1111111111111,26.4444444444444,10.7777777777778,15.1111111111111,"fire-before",1,0
"787","NV4077311800919990804-232-after","NV4077311800919990804-232","NV4077311800919990804","232",232,"after","fire",1329.82958984375,1999,0.177679004524466,0.670495531521535,0.181095542281305,35.54,196.249999046326,32,12.7,21.2,8.4,12.4,"fire-after",1,1
"788","NV4077311800919990804-232-before","NV4077311800919990804-232","NV4077311800919990804","232",232,"before","fire",1329.82958984375,1999,0.184052624130925,3.288202861107,0.197142603622748,49.5222222222222,251.200000974867,26.1111111111111,16.5555555555556,15,10,12.6666666666667,"fire-before",1,0
"789","NV4077311800919990804-250-after","NV4077311800919990804-250","NV4077311800919990804","250",250,"after","fire",1537.27380371094,1999,0.298143835181043,58.6476831482524,0.556298966897187,126.38,227.18000125885,15.8,5.2,39.9,13.4,14.4,"fire-after",1,1
"790","NV4077311800919990804-250-before","NV4077311800919990804-250","NV4077311800919990804","250",250,"before","fire",1537.27380371094,1999,0.232514900580068,25.6970059350983,0.32516123848411,90.1888888888889,277.366666793823,23.1111111111111,14.5555555555556,15.8888888888889,9,14.7777777777778,"fire-before",1,0
"791","NV4077311800919990804-251-after","NV4077311800919990804-251","NV4077311800919990804","251",251,"after","fire",1979.49597167969,1999,0.161209001422703,108.200095030825,0.528349901516648,155.71,294.710000991821,11.1,19.3,19.4,27.8,12.9,"fire-after",1,1
"792","NV4077311800919990804-251-before","NV4077311800919990804-251","NV4077311800919990804","251",251,"before","fire",1979.49597167969,1999,0.344019923503343,59.6864493914246,0.52280216054011,174.5375,333.849997520447,14.875,22.75,9.125,23,12.125,"fire-before",1,0
"793","NV4077311800919990804-275-after","NV4077311800919990804-275","NV4077311800919990804","275",275,"after","fire",1385.35656738281,1999,0.17119578362116,1.06459377401469,0.176580678816796,34.91,197.699998855591,15.9,16.4,22.7,6.2,13.7,"fire-after",1,1
"794","NV4077311800919990804-275-before","NV4077311800919990804-275","NV4077311800919990804","275",275,"before","fire",1385.35656738281,1999,0.199587289135037,1.85275209080934,0.206795194790681,53.1555555555556,257.04444249471,14.1111111111111,18.2222222222222,24.2222222222222,8.66666666666667,13.8888888888889,"fire-before",1,0
"795","NV4077311800919990804-362-after","NV4077311800919990804-362","NV4077311800919990804","362",362,"after","fire",1386.34387207031,1999,0.362567503418536,53.9719141169588,0.600140854144347,136.34,227.18000125885,14.2,3.8,53.6,11.3,17.1,"fire-after",1,1
"796","NV4077311800919990804-362-before","NV4077311800919990804-362","NV4077311800919990804","362",362,"before","fire",1386.34387207031,1999,0.445726446491368,-3.55188098738836,0.432920722471082,120.077777777778,277.366666793823,20.5555555555556,8.77777777777778,33.4444444444444,12.4444444444444,18.2222222222222,"fire-before",1,0
"797","NV4077311800919990804-38-after","NV4077311800919990804-38","NV4077311800919990804","38",38,"after","fire",1293.88806152344,1999,0.197626979106235,-1.74161082704922,0.188650066579502,36.6,194.010003089905,26.5,10.6,25.1,6.6,17.7,"fire-after",1,1
"798","NV4077311800919990804-38-before","NV4077311800919990804-38","NV4077311800919990804","38",38,"before","fire",1293.88806152344,1999,0.249296851777273,-5.35977625587303,0.227229059801593,55.1888888888889,242.877776887682,29.5555555555556,11.4444444444444,23.5555555555556,10.2222222222222,15,"fire-before",1,0
"799","NV4077311800919990804-452-after","NV4077311800919990804-452","NV4077311800919990804","452",452,"after","fire",1361.43518066406,1999,0.23462406331204,72.1508184316962,0.521597330980324,131.14,251.419998168945,17.3,5.9,45.4,10.3,21.5,"fire-after",1,1
"800","NV4077311800919990804-452-before","NV4077311800919990804-452","NV4077311800919990804","452",452,"before","fire",1361.43518066406,1999,0.385959910276567,-5.94667679362815,0.365738467982362,107.555555555556,294.077776802911,24.6666666666667,9.88888888888889,28.1111111111111,13.2222222222222,17.4444444444444,"fire-before",1,0
"801","NV4077311800919990804-466-after","NV4077311800919990804-466","NV4077311800919990804","466",466,"after","fire",1416.60510253906,1999,0.139664199518525,-0.409099022316433,0.137579618502961,27,196.249999046326,13.7,12.6,21.6,4.9,12,"fire-after",1,1
"802","NV4077311800919990804-466-before","NV4077311800919990804-466","NV4077311800919990804","466",466,"before","fire",1416.60510253906,1999,0.139318893808264,2.89198262843549,0.150831563462771,37.8888888888889,251.200000974867,13,13.6666666666667,19.4444444444444,6.33333333333333,11.8888888888889,"fire-before",1,0
"803","NV4077311800919990804-478-after","NV4077311800919990804-478","NV4077311800919990804","478",478,"after","fire",1534.12023925781,1999,0.173915062924742,22.6647841917481,0.27954884484198,59.98,214.559999465942,11.5,14.3,30.7,10.8,13.2,"fire-after",1,1
"804","NV4077311800919990804-478-before","NV4077311800919990804-478","NV4077311800919990804","478",478,"before","fire",1534.12023925781,1999,0.109539822991735,34.4980368456172,0.252369121954369,60.9555555555556,241.533334520128,16,22.8888888888889,12.4444444444444,11.5555555555556,11.1111111111111,"fire-before",1,0
"805","NV4077311800919990804-5-after","NV4077311800919990804-5","NV4077311800919990804","5",5,"after","fire",1330.93957519531,1999,0.33837882401044,52.6648826759715,0.596934326595302,121.588888888889,203.688887490167,19.6666666666667,8.22222222222222,32.8888888888889,9.88888888888889,17.8888888888889,"fire-after",1,1
"806","NV4077311800919990804-5-before","NV4077311800919990804-5","NV4077311800919990804","5",5,"before","fire",1330.93957519531,1999,0.596236743904019,-32.6191150943857,0.466383579223302,117.155555555556,251.200000974867,23.6666666666667,9.88888888888889,32.4444444444444,12.8888888888889,16,"fire-before",1,0
"807","NV4077311800919990804-508-after","NV4077311800919990804-508","NV4077311800919990804","508",508,"after","fire",1802.31762695312,1999,0.0925622464805931,30.9709802478992,0.197651928349783,58.25,294.710000991821,12.4,19.5,18.5,14.3,10.8,"fire-after",1,1
"808","NV4077311800919990804-508-before","NV4077311800919990804-508","NV4077311800919990804","508",508,"before","fire",1802.31762695312,1999,0.0950844486020803,38.9619372314364,0.21666320087623,69.4333333333333,320.466664632162,13.1111111111111,22,10,18.7777777777778,10.4444444444444,"fire-before",1,0
"809","NV4077311800919990804-509-after","NV4077311800919990804-509","NV4077311800919990804","509",509,"after","fire",1507.13024902344,1999,0.174190792148638,32.7856237296161,0.326994780828831,70.16,214.559999465942,15.7,10.1,31.7,12.5,15.6,"fire-after",1,1
"810","NV4077311800919990804-509-before","NV4077311800919990804-509","NV4077311800919990804","509",509,"before","fire",1507.13024902344,1999,0.132784210845527,42.5837423384118,0.309090071165039,74.6555555555556,241.533334520128,21.4444444444444,19.3333333333333,14.2222222222222,13.8888888888889,15.1111111111111,"fire-before",1,0
"811","NV4077311800919990804-513-after","NV4077311800919990804-513","NV4077311800919990804","513",513,"after","fire",1403.37036132812,1999,0.308280524992034,52.3468641837472,0.554747581541299,117.822222222222,212.388888465034,16,5.77777777777778,44.3333333333333,10.5555555555556,21,"fire-after",1,1
"812","NV4077311800919990804-513-before","NV4077311800919990804-513","NV4077311800919990804","513",513,"before","fire",1403.37036132812,1999,0.470806554624124,-13.0821437189641,0.41664366342339,100.633333333333,241.533334520128,21.2222222222222,12.1111111111111,23.7777777777778,11,16,"fire-before",1,0
"813","NV4077311800919990804-517-after","NV4077311800919990804-517","NV4077311800919990804","517",517,"after","fire",1280.95104980469,1999,0.158091475493533,3.39524735931559,0.176476959738113,32.59,184.66999912262,29.1,11.3,24.6,7.2,14.4,"fire-after",1,1
"814","NV4077311800919990804-517-before","NV4077311800919990804-517","NV4077311800919990804","517",517,"before","fire",1280.95104980469,1999,0.188855977551516,2.03050423046926,0.197436378543005,46.7222222222222,236.644444995457,28.5555555555556,14.1111111111111,21.5555555555556,11.2222222222222,13.4444444444444,"fire-before",1,0
"815","NV4077311800919990804-525-after","NV4077311800919990804-525","NV4077311800919990804","525",525,"after","fire",1345.93994140625,1999,0.483705134509886,13.2521130323558,0.549978126537101,109.975,199.9624979496,19.625,6.75,37.5,9.25,19.25,"fire-after",1,1
"816","NV4077311800919990804-525-before","NV4077311800919990804-525","NV4077311800919990804","525",525,"before","fire",1345.93994140625,1999,0.426558694314268,-8.25154442758211,0.393710189554876,98.9,251.200000974867,24.8888888888889,13.5555555555556,21.1111111111111,8.11111111111111,15.8888888888889,"fire-before",1,0
"817","NV4077311800919990804-540-after","NV4077311800919990804-540","NV4077311800919990804","540",540,"after","fire",1318.55834960938,1999,0.145151318793067,-0.915946174712355,0.140484077115802,27.57,196.249999046326,36.9,13.9,13.3,3.9,11.5,"fire-after",1,1
"818","NV4077311800919990804-540-before","NV4077311800919990804-540","NV4077311800919990804","540",540,"before","fire",1318.55834960938,1999,0.130550239674106,5.32800188881761,0.151760438193774,38.1222222222222,251.200000974867,36.6666666666667,15.4444444444444,12.8888888888889,5.88888888888889,11.3333333333333,"fire-before",1,0
"819","NV4077311800919990804-616-after","NV4077311800919990804-616","NV4077311800919990804","616",616,"after","fire",1895.94982910156,1999,0.204228308749997,121.35473940229,0.605548407407703,183.111111111111,302.38889058431,9,19.3333333333333,23.5555555555556,34.5555555555556,10.6666666666667,"fire-after",1,1
"820","NV4077311800919990804-616-before","NV4077311800919990804-616","NV4077311800919990804","616",616,"before","fire",1895.94982910156,1999,0.430098644861522,38.0240684794333,0.543994312861653,181.6125,333.849997520447,9.25,24.5,14.5,30.875,11.875,"fire-before",1,0
"821","NV4077311800919990804-665-after","NV4077311800919990804-665","NV4077311800919990804","665",665,"after","fire",1412.98962402344,1999,0.289400373930632,63.7940226861273,0.570208641967571,129.54,227.18000125885,17.7,5.3,43.2,10.2,18.3,"fire-after",1,1
"822","NV4077311800919990804-665-before","NV4077311800919990804-665","NV4077311800919990804","665",665,"before","fire",1412.98962402344,1999,0.508357315781612,-17.7569297741561,0.444337619473419,123.244444444444,277.366666793823,19.6666666666667,8.55555555555556,29.1111111111111,17.2222222222222,15.7777777777778,"fire-before",1,0
"823","NV4077311800919990804-695-after","NV4077311800919990804-695","NV4077311800919990804","695",695,"after","fire",1442.02319335938,1999,0.0946705606452153,29.3879278159269,0.211558350120813,53.19,251.419998168945,20.8,12.3,21.3,7.3,12.4,"fire-after",1,1
"824","NV4077311800919990804-695-before","NV4077311800919990804-695","NV4077311800919990804","695",695,"before","fire",1442.02319335938,1999,0.113695803778701,25.1868130151618,0.199342578210221,58.6222222222222,294.077776802911,25.6666666666667,17.1111111111111,12.6666666666667,9,12.8888888888889,"fire-before",1,0
"825","NV4077311800919990804-716-after","NV4077311800919990804-716","NV4077311800919990804","716",716,"after","fire",1382.85144042969,1999,0.407667583046539,41.0333428132211,0.615457643504847,121.5375,197.475003004074,14.875,3.5,50.625,12.5,19.375,"fire-after",1,1
"826","NV4077311800919990804-716-before","NV4077311800919990804-716","NV4077311800919990804","716",716,"before","fire",1382.85144042969,1999,0.56231079449654,-20.2140497223104,0.477927367707633,114.4875,239.549998044968,18.875,8.625,32,13.5,18,"fire-before",1,0
"827","NV4077311800919990804-722-after","NV4077311800919990804-722","NV4077311800919990804","722",722,"after","fire",1660.90856933594,1999,0.127429361874305,25.3017100708925,0.228064594772089,57.34,251.419998168945,19.3,11.1,25.1,11.7,10.7,"fire-after",1,1
"828","NV4077311800919990804-722-before","NV4077311800919990804-722","NV4077311800919990804","722",722,"before","fire",1660.90856933594,1999,0.103694793264131,24.4612212864024,0.186874221347186,54.9555555555556,294.077776802911,22,19.4444444444444,11.4444444444444,13,10.1111111111111,"fire-before",1,0
"829","NV4077311800919990804-750-after","NV4077311800919990804-750","NV4077311800919990804","750",750,"after","fire",1857.32250976562,1999,0.149230473949494,58.3404745128675,0.381274364402729,95.86,251.419998168945,10,16.5,24.7,22,11.6,"fire-after",1,1
"830","NV4077311800919990804-750-before","NV4077311800919990804-750","NV4077311800919990804","750",750,"before","fire",1857.32250976562,1999,0.122857840401697,110.684243947377,0.455209689415068,151.6,333.033332824707,12,21.3333333333333,8.16666666666667,19.5,11.6666666666667,"fire-before",1,0
"831","NV4077311800919990804-786-after","NV4077311800919990804-786","NV4077311800919990804","786",786,"after","fire",1532.64587402344,1999,0.1032810105172,33.9530885248787,0.238326308314329,59.92,251.419998168945,17.8,18.3,19,8.9,13.9,"fire-after",1,1
"832","NV4077311800919990804-786-before","NV4077311800919990804-786","NV4077311800919990804","786",786,"before","fire",1532.64587402344,1999,0.124756593575024,30.7118583199527,0.229191068882336,67.4,294.077776802911,19,23.1111111111111,10.2222222222222,11.7777777777778,14.3333333333333,"fire-before",1,0
"833","NV4077311800919990804-798-after","NV4077311800919990804-798","NV4077311800919990804","798",798,"after","fire",1294.89587402344,1999,0.10705913563047,7.88945676552995,0.147724341753239,28.66,194.010003089905,31.4,11.9,21.7,6.5,15.7,"fire-after",1,1
"834","NV4077311800919990804-798-before","NV4077311800919990804-798","NV4077311800919990804","798",798,"before","fire",1294.89587402344,1999,0.142194086838422,6.18643852433226,0.167665493088954,40.7222222222222,242.877776887682,32.8888888888889,13.2222222222222,18.4444444444444,6.77777777777778,15.1111111111111,"fire-before",1,0
"835","NV4077311800919990804-87-after","NV4077311800919990804-87","NV4077311800919990804","87",87,"after","fire",1381.57983398438,1999,0.366168192995677,51.2339094542913,0.591689406000316,134.42,227.18000125885,15.9,3.5,51.3,10.7,18.2,"fire-after",1,1
"836","NV4077311800919990804-87-before","NV4077311800919990804-87","NV4077311800919990804","87",87,"before","fire",1381.57983398438,1999,0.458560463382451,-5.90049836293245,0.437287184833379,121.288888888889,277.366666793823,20.4444444444444,8.11111111111111,34.3333333333333,12,17.4444444444444,"fire-before",1,0
"837","NV4077311800919990804-883-after","NV4077311800919990804-883","NV4077311800919990804","883",883,"after","fire",1356.51586914062,1999,0.374941319404418,37.7305065142962,0.563264286424416,112.85,200.35000038147,23.3,11.7,24.2,6.4,17.7,"fire-after",1,1
"838","NV4077311800919990804-883-before","NV4077311800919990804-883","NV4077311800919990804","883",883,"before","fire",1356.51586914062,1999,0.45524953248991,-6.48157407174663,0.430116328461541,110.922222222222,257.888889312744,21.1111111111111,14.1111111111111,21.5555555555556,9.66666666666667,15,"fire-before",1,0
"839","NV4077311800919990804-898-after","NV4077311800919990804-898","NV4077311800919990804","898",898,"after","fire",1335.75756835938,1999,0.29780087931048,52.4782132194879,0.558511804412161,112.422222222222,201.288891898261,19,7.66666666666667,37.4444444444444,10,21.3333333333333,"fire-after",1,1
"840","NV4077311800919990804-898-before","NV4077311800919990804-898","NV4077311800919990804","898",898,"before","fire",1335.75756835938,1999,0.221686845548274,45.0460806768812,0.407154949110967,98.8888888888889,242.877776887682,29.2222222222222,15.4444444444444,16.4444444444444,5.33333333333333,17.1111111111111,"fire-before",1,0
"841","NV4077311800919990804-933-after","NV4077311800919990804-933","NV4077311800919990804","933",933,"after","fire",1318.2265625,1999,0.479999562407788,19.9347485973127,0.584882489413064,111.166666666667,190.066669252184,13.1111111111111,7.22222222222222,45.3333333333333,13.6666666666667,21,"fire-after",1,1
"842","NV4077311800919990804-933-before","NV4077311800919990804-933","NV4077311800919990804","933",933,"before","fire",1318.2265625,1999,0.654683568459102,-48.6858674500188,0.454229380867729,110.322222222222,242.877776887682,21.2222222222222,9.66666666666667,29.6666666666667,12,15.2222222222222,"fire-before",1,0
"843","NV4077311800919990804-938-after","NV4077311800919990804-938","NV4077311800919990804","938",938,"after","fire",1498.88793945312,1999,0.129524901614907,27.9148494731474,0.240553656990163,60.48,251.419998168945,13,11.1,29.7,10.4,13,"fire-after",1,1
"844","NV4077311800919990804-938-before","NV4077311800919990804-938","NV4077311800919990804","938",938,"before","fire",1498.88793945312,1999,0.135541348850859,23.6625236872939,0.216004836927186,63.5222222222222,294.077776802911,16.3333333333333,19,14.8888888888889,10.5555555555556,13.4444444444444,"fire-before",1,0
"845","NV4081411813419990806-131-after","NV4081411813419990806-131","NV4081411813419990806","131",131,"after","fire",1543.65307617188,1999,0.188504672779268,18.8150017951903,0.271595123895745,61.5,226.440000534058,15.7,7.3,31.3,12,13.3,"fire-after",1,1
"846","NV4081411813419990806-131-before","NV4081411813419990806-131","NV4081411813419990806","131",131,"before","fire",1543.65307617188,1999,0.108082598553603,19.9306056117445,0.181960461142067,49.0888888888889,269.777777989706,19.2222222222222,14,12,8.11111111111111,13.6666666666667,"fire-before",1,0
"847","NV4081411813419990806-134-after","NV4081411813419990806-134","NV4081411813419990806","134",134,"after","fire",1588.56042480469,1999,0.345421185627987,60.4615527984925,0.554815875825738,160.2,288.744441138373,15.8888888888889,6.55555555555556,38.6666666666667,13.7777777777778,15.7777777777778,"fire-after",1,1
"848","NV4081411813419990806-134-before","NV4081411813419990806-134","NV4081411813419990806","134",134,"before","fire",1588.56042480469,1999,0.195539736296708,44.9737838179801,0.32519700339875,112.8,346.866664886475,20.4444444444444,18.8888888888889,13.6666666666667,13.3333333333333,15.8888888888889,"fire-before",1,0
"849","NV4081411813419990806-145-after","NV4081411813419990806-145","NV4081411813419990806","145",145,"after","fire",1743.28430175781,1999,0.0739223135822563,42.0916732627793,0.201191304363372,66.54,330.729999542236,19.7,16.4,15.9,12.9,11.7,"fire-after",1,1
"850","NV4081411813419990806-145-before","NV4081411813419990806-145","NV4081411813419990806","145",145,"before","fire",1743.28430175781,1999,0.0612642805472425,37.9277301348179,0.156733328525531,62.2666666666667,397.277766333686,19.7777777777778,22.2222222222222,9.55555555555556,13.3333333333333,10.7777777777778,"fire-before",1,0
"851","NV4081411813419990806-15-after","NV4081411813419990806-15","NV4081411813419990806","15",15,"after","fire",1444.60217285156,1999,0.339464734018996,37.3516054474448,0.504416179697106,114.22,226.440000534058,16.4,6.8,35.5,8.5,15,"fire-after",1,1
"852","NV4081411813419990806-15-before","NV4081411813419990806-15","NV4081411813419990806","15",15,"before","fire",1444.60217285156,1999,0.258114749456707,7.06637642520009,0.284308072264302,76.7,269.777777989706,22.1111111111111,13.2222222222222,16.2222222222222,7.66666666666667,14.1111111111111,"fire-before",1,0
"853","NV4081411813419990806-20-after","NV4081411813419990806-20","NV4081411813419990806","20",20,"after","fire",1989.93237304688,1999,0.276751444725471,122.412422031055,0.617531407800378,221.825,359.212498664856,10.5,12.375,36.5,22.375,15.625,"fire-after",1,1
"854","NV4081411813419990806-20-before","NV4081411813419990806-20","NV4081411813419990806","20",20,"before","fire",1989.93237304688,1999,0.307347577193204,55.8754188223914,0.447993300557094,177.977777777778,397.277766333686,9.44444444444444,18.3333333333333,16.8888888888889,27.1111111111111,11.6666666666667,"fire-before",1,0
"855","NV4081411813419990806-200-after","NV4081411813419990806-200","NV4081411813419990806","200",200,"after","fire",1755.37438964844,1999,0.169326976019868,23.2296896428547,0.252802935140077,70.35,278.279996871948,12.8,17.7,17.3,12.9,11.9,"fire-after",1,1
"856","NV4081411813419990806-200-before","NV4081411813419990806-200","NV4081411813419990806","200",200,"before","fire",1755.37438964844,1999,0.141610026713737,17.7357578748771,0.192741368149161,66.8555555555556,346.866664886475,14.2222222222222,21.2222222222222,10.8888888888889,19.4444444444444,11.6666666666667,"fire-before",1,0
"857","NV4081411813419990806-363-after","NV4081411813419990806-363","NV4081411813419990806","363",363,"after","fire",1583.10083007812,1999,0.157675786546745,12.5819826129897,0.202889178649734,56.46,278.279996871948,19.3,9.4,26.8,10.4,21.4,"fire-after",1,1
"858","NV4081411813419990806-363-before","NV4081411813419990806-363","NV4081411813419990806","363",363,"before","fire",1583.10083007812,1999,0.0963940834609361,23.0418835328944,0.162822731311648,56.4777777777778,346.866664886475,16.4444444444444,14,14.7777777777778,10.1111111111111,19.7777777777778,"fire-before",1,0
"859","NV4081411813419990806-368-after","NV4081411813419990806-368","NV4081411813419990806","368",368,"after","fire",1660.57336425781,1999,0.078251877101587,59.499756722013,0.2581562002787,85.38,330.729999542236,15,13.2,15.3,12.3,12.4,"fire-after",1,1
"860","NV4081411813419990806-368-before","NV4081411813419990806-368","NV4081411813419990806","368",368,"before","fire",1660.57336425781,1999,0.0879409511144014,60.2963487053441,0.239714732118545,95.2333333333333,397.277766333686,14.7777777777778,16.8888888888889,9,14.2222222222222,10.2222222222222,"fire-before",1,0
"861","NV4081411813419990806-375-after","NV4081411813419990806-375","NV4081411813419990806","375",375,"after","fire",1662.29553222656,1999,0.231910357379607,19.2039864738306,0.300919940136888,83.74,278.279996871948,12.9,8.6,37.8,12.6,16,"fire-after",1,1
"862","NV4081411813419990806-375-before","NV4081411813419990806-375","NV4081411813419990806","375",375,"before","fire",1662.29553222656,1999,0.134381915409233,33.7318376253874,0.231629189477577,80.3444444444444,346.866664886475,13.8888888888889,15.8888888888889,21.6666666666667,14.3333333333333,12.3333333333333,"fire-before",1,0
"863","NV4081411813419990806-399-after","NV4081411813419990806-399","NV4081411813419990806","399",399,"after","fire",1943.79626464844,1999,0.172434372088062,66.7149634747178,0.412174792616444,114.7,278.279996871948,15.4,11.1,34.9,23.5,11.9,"fire-after",1,1
"864","NV4081411813419990806-399-before","NV4081411813419990806-399","NV4081411813419990806","399",399,"before","fire",1943.79626464844,1999,0.1593544421127,61.2585894628563,0.335960024787834,116.533333333333,346.866664886475,14.5555555555556,17.8888888888889,19.7777777777778,25.8888888888889,10,"fire-before",1,0
"865","NV4081411813419990806-529-after","NV4081411813419990806-529","NV4081411813419990806","529",529,"after","fire",1632.84399414062,1999,0.118645840472911,34.030261234706,0.221540229496608,73.27,330.729999542236,15,11.8,28.7,12.4,13.8,"fire-after",1,1
"866","NV4081411813419990806-529-before","NV4081411813419990806-529","NV4081411813419990806","529",529,"before","fire",1632.84399414062,1999,0.0931619847112606,24.5332592511419,0.154915400910584,61.5444444444444,397.277766333686,15.1111111111111,18.5555555555556,17.2222222222222,9.77777777777778,10.7777777777778,"fire-before",1,0
"867","NV4081411813419990806-617-after","NV4081411813419990806-617","NV4081411813419990806","617",617,"after","fire",1431.3662109375,1999,0.303395479635209,-2.95540494578262,0.288668526569191,57.93,200.680000305176,20.8,8.3,35.2,9.2,16.6,"fire-after",1,1
"868","NV4081411813419990806-617-before","NV4081411813419990806-617","NV4081411813419990806","617",617,"before","fire",1431.3662109375,1999,0.1425256682341,13.6317218911537,0.19728620144602,49.1111111111111,248.933330112033,28.6666666666667,16.5555555555556,13.3333333333333,6.33333333333333,15,"fire-before",1,0
"869","NV4081411813419990806-799-after","NV4081411813419990806-799","NV4081411813419990806","799",799,"after","fire",1765.62512207031,1999,0.0848315003287561,14.8036779351033,0.129592114592939,42.86,330.729999542236,15,13.7,22.1,9,11.9,"fire-after",1,1
"870","NV4081411813419990806-799-before","NV4081411813419990806-799","NV4081411813419990806","799",799,"before","fire",1765.62512207031,1999,0.0487771585863146,23.8774749442805,0.108879880076712,43.2555555555556,397.277766333686,15.1111111111111,19,12.7777777777778,6.88888888888889,11,"fire-before",1,0
"871","NV4081411813419990806-847-after","NV4081411813419990806-847","NV4081411813419990806","847",847,"after","fire",1378.62182617188,1999,0.393299042226401,33.3527480859806,0.559497706942669,112.28,200.680000305176,26.2,7.6,27.7,7.6,16.9,"fire-after",1,1
"872","NV4081411813419990806-847-before","NV4081411813419990806-847","NV4081411813419990806","847",847,"before","fire",1378.62182617188,1999,0.283610510160466,16.1998912509825,0.348687738845318,86.8,248.933330112033,30.3333333333333,12.3333333333333,12.4444444444444,7.88888888888889,16.7777777777778,"fire-before",1,0
"873","NV4081511806819980814-13-after","NV4081511806819980814-13","NV4081511806819980814","13",13,"after","fire",1283.38842773438,1998,0.187024349725113,-7.55771809517702,0.147261535460307,27.99,190.069999694824,33.6,10.1,22.6,6.2,16,"fire-after",1,1
"874","NV4081511806819980814-13-before","NV4081511806819980814-13","NV4081511806819980814","13",13,"before","fire",1283.38842773438,1998,0.187616402721191,3.91011987268654,0.206654043392847,42.4444444444444,205.388889312744,24.7777777777778,17.2222222222222,14.5555555555556,7.33333333333333,18,"fire-before",1,0
"875","NV4081511806819980814-211-after","NV4081511806819980814-211","NV4081511806819980814","211",211,"after","fire",1423.037109375,1998,0.427709423298695,23.2155696371439,0.527841273647858,122.38,231.850001335144,13.8,8.4,40.9,9.6,13.7,"fire-after",1,1
"876","NV4081511806819980814-211-before","NV4081511806819980814-211","NV4081511806819980814","211",211,"before","fire",1423.037109375,1998,0.356223954653986,-11.2167322684583,0.308984558067076,73.3666666666667,237.444444232517,17.8888888888889,14.6666666666667,15.7777777777778,6.44444444444444,14.6666666666667,"fire-before",1,0
"877","NV4081511806819980814-488-after","NV4081511806819980814-488","NV4081511806819980814","488",488,"after","fire",1295.35925292969,1998,0.157517181316963,-0.0066583305511977,0.157483861342216,31.47,199.829999923706,32.4,9.7,27,7.4,15.6,"fire-after",1,1
"878","NV4081511806819980814-488-before","NV4081511806819980814-488","NV4081511806819980814","488",488,"before","fire",1295.35925292969,1998,0.176602155375603,-0.176806478014583,0.175744842562042,36.2444444444444,206.233331892226,36.5555555555556,17.5555555555556,12,4.55555555555556,15.7777777777778,"fire-before",1,0
"879","NV4081511806819980814-50-after","NV4081511806819980814-50","NV4081511806819980814","50",50,"after","fire",1289.07592773438,1998,0.253929458887175,-10.9727237500509,0.199019166367332,39.77,199.829999923706,33.4,8.1,36,7.6,16.4,"fire-after",1,1
"880","NV4081511806819980814-50-before","NV4081511806819980814-50","NV4081511806819980814","50",50,"before","fire",1289.07592773438,1998,0.266007926998194,-9.70414553902581,0.218953721695934,45.1555555555556,206.233331892226,36.7777777777778,9.44444444444444,22.1111111111111,11,18.1111111111111,"fire-before",1,0
"881","NV4081511806819980814-557-after","NV4081511806819980814-557","NV4081511806819980814","557",557,"after","fire",1290.77600097656,1998,0.120993414769104,4.21188593592102,0.142070760200366,28.39,199.829999923706,34.4,10.4,24.8,7.6,14.7,"fire-after",1,1
"882","NV4081511806819980814-557-before","NV4081511806819980814-557","NV4081511806819980814","557",557,"before","fire",1290.77600097656,1998,0.165406108160745,-0.490030579094096,0.163030010298203,33.6222222222222,206.233331892226,37.1111111111111,16.8888888888889,12.4444444444444,5.22222222222222,14.8888888888889,"fire-before",1,0
"883","NV4081511806819980814-580-after","NV4081511806819980814-580","NV4081511806819980814","580",580,"after","fire",1353.70153808594,1998,0.279036496562911,35.7253878993351,0.433124862720362,100.42,231.850001335144,22.4,9.4,31.5,7.2,17.5,"fire-after",1,1
"884","NV4081511806819980814-580-before","NV4081511806819980814-580","NV4081511806819980814","580",580,"before","fire",1353.70153808594,1998,0.380531467211265,-26.0328605227407,0.270893776563729,64.3222222222222,237.444444232517,26.8888888888889,15.3333333333333,12.8888888888889,5.22222222222222,15.1111111111111,"fire-before",1,0
"885","NV4081511806819980814-774-after","NV4081511806819980814-774","NV4081511806819980814","774",774,"after","fire",1328.61291503906,1998,0.392247595378622,27.6373944877594,0.511451366474612,118.58,231.850001335144,14.1,5.8,45.9,13.1,19.8,"fire-after",1,1
"886","NV4081511806819980814-774-before","NV4081511806819980814-774","NV4081511806819980814","774",774,"before","fire",1328.61291503906,1998,0.515970318082179,-47.7142854174981,0.315021057838491,74.8,237.444444232517,24.3333333333333,12.6666666666667,20.2222222222222,6.55555555555556,15.8888888888889,"fire-before",1,0
"887","NV4081511806819980814-950-after","NV4081511806819980814-950","NV4081511806819980814","950",950,"after","fire",1370.45153808594,1998,0.124355383629825,10.7482041393926,0.170713822609758,39.58,231.850001335144,25.4,12.2,22.7,6.6,14,"fire-after",1,1
"888","NV4081511806819980814-950-before","NV4081511806819980814-950","NV4081511806819980814","950",950,"before","fire",1370.45153808594,1998,0.163064773084439,4.72562002550823,0.182966776017305,43.4444444444444,237.444444232517,22.4444444444444,20.5555555555556,11.7777777777778,7.11111111111111,14.8888888888889,"fire-before",1,0
"889","NV4083311864219990804-321-after","NV4083311864219990804-321","NV4083311864219990804","321",321,"after","fire",1536.11010742188,1999,0.276737976629054,7.18920850012257,0.308207481623976,70.41,228.450002670288,19.8,10.9,31.3,8.9,13.6,"fire-after",1,1
"890","NV4083311864219990804-321-before","NV4083311864219990804-321","NV4083311864219990804","321",321,"before","fire",1536.11010742188,1999,0.241206329626118,3.944188764342,0.254561873104631,75.1777777777778,295.322221120199,23.8888888888889,16.1111111111111,16.8888888888889,11.5555555555556,12.2222222222222,"fire-before",1,0
"891","NV4083311864219990804-376-after","NV4083311864219990804-376","NV4083311864219990804","376",376,"after","fire",1521.20043945312,1999,0.275652435730475,16.0872003213015,0.346071346359772,79.06,228.450002670288,15.6,8.3,37.6,10.5,13.8,"fire-after",1,1
"892","NV4083311864219990804-376-before","NV4083311864219990804-376","NV4083311864219990804","376",376,"before","fire",1521.20043945312,1999,0.319853098945688,-8.35972761281909,0.29154595842267,86.1,295.322221120199,18.1111111111111,10.6666666666667,28.4444444444444,12.4444444444444,11.8888888888889,"fire-before",1,0
"893","NV4083311864219990804-907-after","NV4083311864219990804-907","NV4083311864219990804","907",907,"after","fire",1595.22448730469,1999,0.295407726843315,20.104104013821,0.38340993204721,87.59,228.450002670288,9.6,7.3,54.2,14.3,15,"fire-after",1,1
"894","NV4083311864219990804-907-before","NV4083311864219990804-907","NV4083311864219990804","907",907,"before","fire",1595.22448730469,1999,0.209980414200598,11.3881176865402,0.248542083022346,73.4,295.322221120199,21.1111111111111,17.3333333333333,16.7777777777778,11.4444444444444,12.1111111111111,"fire-before",1,0
"895","NV4085411817720010812-101-after","NV4085411817720010812-101","NV4085411817720010812","101",101,"after","fire",1932.28979492188,2001,0.148484330421013,64.099369511907,0.359518009094249,109.2,303.739999771118,10.1,21.3,23.7,26.4,11.5,"fire-after",1,1
"896","NV4085411817720010812-101-before","NV4085411817720010812-101","NV4085411817720010812","101",101,"before","fire",1932.28979492188,2001,0.145122430801133,75.4463306878022,0.353460974003456,128,362.133331298828,13.1111111111111,23.3333333333333,13.4444444444444,21.7777777777778,12.6666666666667,"fire-before",1,0
"897","NV4085411817720010812-339-after","NV4085411817720010812-339","NV4085411817720010812","339",339,"after","fire",1652.6572265625,2001,0.108823238425502,34.916392465343,0.212010165416244,71.74,338.380001068115,12.7,20.2,20.1,18.3,10.9,"fire-after",1,1
"898","NV4085411817720010812-339-before","NV4085411817720010812-339","NV4085411817720010812","339",339,"before","fire",1652.6572265625,2001,0.0791254354169581,75.5856877640269,0.269373837751896,107.022222222222,397.299986945258,13.8888888888889,21.2222222222222,9.55555555555556,18.8888888888889,12.3333333333333,"fire-before",1,0
"899","NV4085411817720010812-413-after","NV4085411817720010812-413","NV4085411817720010812","413",413,"after","fire",1556.19897460938,2001,0.117352577335232,52.9302347559581,0.273775044942304,92.64,338.380001068115,16.2,16.9,21.5,16.3,12.4,"fire-after",1,1
"900","NV4085411817720010812-413-before","NV4085411817720010812-413","NV4085411817720010812","413",413,"before","fire",1556.19897460938,2001,0.0642797579874845,66.4949863240614,0.23164695785911,92.0333333333333,397.299986945258,17.3333333333333,21.8888888888889,12,16.2222222222222,11.7777777777778,"fire-before",1,0
"901","NV4085411817720010812-446-after","NV4085411817720010812-446","NV4085411817720010812","446",446,"after","fire",1920.2802734375,2001,0.0937255623355573,27.6351441167844,0.175394526309647,59.35,338.380001068115,15.8,18.9,15.7,18.9,11.2,"fire-after",1,1
"902","NV4085411817720010812-446-before","NV4085411817720010812-446","NV4085411817720010812","446",446,"before","fire",1920.2802734375,2001,0.0629893061717733,60.0410161469303,0.214111929176548,85.0666666666667,397.299986945258,14.7777777777778,21.6666666666667,11.5555555555556,22.5555555555556,11.3333333333333,"fire-before",1,0
"903","NV4085411817720010812-487-after","NV4085411817720010812-487","NV4085411817720010812","487",487,"after","fire",1757.90283203125,2001,0.123357111057377,66.708420628645,0.320497664334983,108.45,338.380001068115,9.1,13.9,29.7,26.1,11,"fire-after",1,1
"904","NV4085411817720010812-487-before","NV4085411817720010812-487","NV4085411817720010812","487",487,"before","fire",1757.90283203125,2001,0.120603100495322,94.0073779477551,0.345031345320655,144.525,418.874986171722,12.125,20.625,13.875,22.625,13.375,"fire-before",1,0
"905","NV4085411817720010812-593-after","NV4085411817720010812-593","NV4085411817720010812","593",593,"after","fire",1839.40832519531,2001,0.0850286970412085,77.2333835801649,0.339303351806349,103.06,303.739999771118,16.4,16.3,12,15.8,12.3,"fire-after",1,1
"906","NV4085411817720010812-593-before","NV4085411817720010812-593","NV4085411817720010812","593",593,"before","fire",1839.40832519531,2001,0.0730909317985315,80.4783096234176,0.284043251392732,108.3625,381.499998569489,18.625,21.125,10.375,19,13.375,"fire-before",1,0
"907","NV4085411817720010812-645-after","NV4085411817720010812-645","NV4085411817720010812","645",645,"after","fire",1753.61730957031,2001,0.095376520416796,43.7264929194915,0.224599561912943,76,338.380001068115,15.4,15.4,16.9,18.9,12.7,"fire-after",1,1
"908","NV4085411817720010812-645-before","NV4085411817720010812-645","NV4085411817720010812","645",645,"before","fire",1753.61730957031,2001,0.0615789807869342,49.568005070582,0.186341142124261,74.0333333333333,397.299986945258,15.8888888888889,19.5555555555556,12.1111111111111,17.3333333333333,13.7777777777778,"fire-before",1,0
"909","NV4085411817720010812-78-after","NV4085411817720010812-78","NV4085411817720010812","78",78,"after","fire",1850.37084960938,2001,0.108723188759995,64.9302472712641,0.300608782076113,101.72,338.380001068115,11.2,19.1,19.2,24.4,11.3,"fire-after",1,1
"910","NV4085411817720010812-78-before","NV4085411817720010812-78","NV4085411817720010812","78",78,"before","fire",1850.37084960938,2001,0.104092335234782,92.4858245179484,0.324888103832033,136.0875,418.874986171722,13.625,21.625,10.25,20.875,13,"fire-before",1,0
"911","NV4086611785619980729-28-after","NV4086611785619980729-28","NV4086611785619980729","28",28,"after","fire",1334.34460449219,1998,0.223064696969652,68.4780957499884,0.487010490277929,126.35,259.439996719361,18.4,5.7,41.5,9.7,18.9,"fire-after",1,1
"912","NV4086611785619980729-28-before","NV4086611785619980729-28","NV4086611785619980729","28",28,"before","fire",1334.34460449219,1998,0.562869606705685,-37.7556255583546,0.407219094891818,98.7777777777778,242.566665013631,19.7777777777778,8.66666666666667,28,13.6666666666667,18.5555555555556,"fire-before",1,0
"913","NV4086611785619980729-285-after","NV4086611785619980729-285","NV4086611785619980729","285",285,"after","fire",1372.90124511719,1998,0.145437936935828,17.6475821184981,0.213459762181177,55.38,259.439996719361,18.7,6.9,41.4,9.9,16.7,"fire-after",1,1
"914","NV4086611785619980729-285-before","NV4086611785619980729-285","NV4086611785619980729","285",285,"before","fire",1372.90124511719,1998,0.147650565975205,21.3626724017971,0.235719849529055,57.1777777777778,242.566665013631,22.4444444444444,17.6666666666667,18.8888888888889,12.4444444444444,16.5555555555556,"fire-before",1,0
"915","NV4086611785619980729-63-after","NV4086611785619980729-63","NV4086611785619980729","63",63,"after","fire",1413.27294921875,1998,0.103175403712235,34.462173599379,0.236008328608766,61.23,259.439996719361,13.1,8.2,38.7,9.8,17.8,"fire-after",1,1
"916","NV4086611785619980729-63-before","NV4086611785619980729-63","NV4086611785619980729","63",63,"before","fire",1413.27294921875,1998,0.119752474441758,31.696486091977,0.250423711110638,60.7444444444444,242.566665013631,18.1111111111111,16.2222222222222,17,11.1111111111111,19.2222222222222,"fire-before",1,0
"917","NV4086611785619980729-721-after","NV4086611785619980729-721","NV4086611785619980729","721",721,"after","fire",1311.41906738281,1998,0.120770968671424,2.38545314397476,0.13176080147305,28.6,217.06000328064,34.2,13.2,17.4,8.1,13.2,"fire-after",1,1
"918","NV4086611785619980729-721-before","NV4086611785619980729-721","NV4086611785619980729","721",721,"before","fire",1311.41906738281,1998,0.168625072252541,1.49682327345597,0.175997375451505,35.7333333333333,203.033330705431,35,18,12.3333333333333,7.77777777777778,13.6666666666667,"fire-before",1,0
"919","NV4093511794019990804-564-after","NV4093511794019990804-564","NV4093511794019990804","564",564,"after","fire",1295.79260253906,1999,0.117848039800402,5.03557548316289,0.142956867795556,28.67,200.550001144409,34,12.9,21.4,7.7,15.2,"fire-after",1,1
"920","NV4093511794019990804-564-before","NV4093511794019990804-564","NV4093511794019990804","564",564,"before","fire",1295.79260253906,1999,0.144853310565885,1.16633979008344,0.150125564755056,33.2111111111111,221.222222646077,37.5555555555556,17.5555555555556,11.4444444444444,6.44444444444444,15.6666666666667,"fire-before",1,0
"921","NV4093511794019990804-642-after","NV4093511794019990804-642","NV4093511794019990804","642",642,"after","fire",1300.92297363281,1999,0.128902107971393,4.93868209882034,0.153527797677893,30.79,200.550001144409,34.4,9.8,24.4,7.8,14.6,"fire-after",1,1
"922","NV4093511794019990804-642-before","NV4093511794019990804-642","NV4093511794019990804","642",642,"before","fire",1300.92297363281,1999,0.168901291595559,2.16861419877053,0.178704168417025,39.5333333333333,221.222222646077,35.5555555555556,16.5555555555556,16.8888888888889,8.22222222222222,14.3333333333333,"fire-before",1,0
"923","NV4093511794019990804-749-after","NV4093511794019990804-749","NV4093511794019990804","749",749,"after","fire",1382.31237792969,1999,0.135621670077046,10.7989665140205,0.184487982092034,40.77,220.99000453949,19,11,33,11.4,15.9,"fire-after",1,1
"924","NV4093511794019990804-749-before","NV4093511794019990804-749","NV4093511794019990804","749",749,"before","fire",1382.31237792969,1999,0.223569176599467,-4.22071030155079,0.205842548020154,49.0111111111111,238.100002076891,21,17.2222222222222,16.6666666666667,10.3333333333333,14.6666666666667,"fire-before",1,0
"925","NV4093911702219990804-185-after","NV4093911702219990804-185","NV4093911702219990804","185",185,"after","fire",1358.232421875,1999,0.163941444042885,-5.78469553291731,0.135294410027064,27.32,201.929998397827,36.2,13.9,14.8,6.6,17.6,"fire-after",1,1
"926","NV4093911702219990804-185-before","NV4093911702219990804-185","NV4093911702219990804","185",185,"before","fire",1358.232421875,1999,0.246999143778957,-18.5834161564465,0.169775602608518,40.8555555555556,240.644444359673,34.4444444444444,15.4444444444444,12.5555555555556,9.88888888888889,17.8888888888889,"fire-before",1,0
"927","NV4093911702219990804-19-after","NV4093911702219990804-19","NV4093911702219990804","19",19,"after","fire",1363.36657714844,1999,0.142346152871978,0.756499350532576,0.146128082376331,29.23,200.029997825623,36.3,9.6,15.1,8.2,18.7,"fire-after",1,1
"928","NV4093911702219990804-19-before","NV4093911702219990804-19","NV4093911702219990804","19",19,"before","fire",1363.36657714844,1999,0.264667722275338,-15.5117197121464,0.197925131692611,46,232.41111225552,32.7777777777778,15.5555555555556,12.6666666666667,10.3333333333333,18.3333333333333,"fire-before",1,0
"929","NV4093911702219990804-203-after","NV4093911702219990804-203","NV4093911702219990804","203",203,"after","fire",1372.82495117188,1999,0.236150036457543,-14.3057764835185,0.165304809908616,33.38,201.929998397827,29.9,11.8,22,9.2,17.1,"fire-after",1,1
"930","NV4093911702219990804-203-before","NV4093911702219990804-203","NV4093911702219990804","203",203,"before","fire",1372.82495117188,1999,0.259788797994815,-15.450064277663,0.195585926747262,47.0666666666667,240.644444359673,29.8888888888889,13.8888888888889,12.5555555555556,11.5555555555556,15.7777777777778,"fire-before",1,0
"931","NV4093911702219990804-266-after","NV4093911702219990804-266","NV4093911702219990804","266",266,"after","fire",1383.52819824219,1999,0.390954921033368,16.2595362313133,0.469705034778604,96.98,206.470003128052,36.5,9.5,23.8,9.4,19.4,"fire-after",1,1
"932","NV4093911702219990804-266-before","NV4093911702219990804-266","NV4093911702219990804","266",266,"before","fire",1383.52819824219,1999,0.574659064083698,-42.3103854698985,0.39839843600947,95.6333333333333,240.04444970025,24.5555555555556,15.2222222222222,19.6666666666667,10.3333333333333,17.4444444444444,"fire-before",1,0
"933","NV4093911702219990804-304-after","NV4093911702219990804-304","NV4093911702219990804","304",304,"after","fire",1377.50061035156,1999,0.255465053510652,-15.1260578461068,0.180557620409471,36.46,201.929998397827,30.8,12.1,25.5,10.6,17.9,"fire-after",1,1
"934","NV4093911702219990804-304-before","NV4093911702219990804-304","NV4093911702219990804","304",304,"before","fire",1377.50061035156,1999,0.264789365481069,-11.8089786174313,0.215717056129181,51.9111111111111,240.644444359673,28,14.2222222222222,19.2222222222222,11.6666666666667,17.2222222222222,"fire-before",1,0
"935","NV4093911702219990804-313-after","NV4093911702219990804-313","NV4093911702219990804","313",313,"after","fire",1371.60095214844,1999,0.468149160926642,10.1866406841391,0.518595557029068,104.72,201.929998397827,29.4,8.9,26,8.6,20.3,"fire-after",1,1
"936","NV4093911702219990804-313-before","NV4093911702219990804-313","NV4093911702219990804","313",313,"before","fire",1371.60095214844,1999,0.631140560832696,-59.102691796659,0.385538831052795,92.7777777777778,240.644444359673,30.5555555555556,15.2222222222222,19,11,16.4444444444444,"fire-before",1,0
"937","NV4093911702219990804-316-after","NV4093911702219990804-316","NV4093911702219990804","316",316,"after","fire",1369.41052246094,1999,0.259106357952689,34.6586535537466,0.430743330313105,86.98,201.929998397827,35.9,11.9,16.4,8.6,19,"fire-after",1,1
"938","NV4093911702219990804-316-before","NV4093911702219990804-316","NV4093911702219990804","316",316,"before","fire",1369.41052246094,1999,0.55548015729288,-55.6287693601245,0.324314341235309,78.0444444444445,240.644444359673,36.5555555555556,12.8888888888889,11.8888888888889,9.33333333333333,16.2222222222222,"fire-before",1,0
"939","NV4093911702219990804-343-after","NV4093911702219990804-343","NV4093911702219990804","343",343,"after","fire",1362.10095214844,1999,0.399269206861114,17.2650580668818,0.485066842342801,97.61,201.229998588562,28.6,8.3,24.7,8.2,20.4,"fire-after",1,1
"940","NV4093911702219990804-343-before","NV4093911702219990804-343","NV4093911702219990804","343",343,"before","fire",1362.10095214844,1999,0.599130967444412,-49.1036421370755,0.388947015790204,90.8666666666667,233.622223536173,29.5555555555556,15.3333333333333,19.8888888888889,11.2222222222222,18.6666666666667,"fire-before",1,0
"941","NV4093911702219990804-371-after","NV4093911702219990804-371","NV4093911702219990804","371",371,"after","fire",1368.98791503906,1999,0.144374969626041,-5.75363738527275,0.115881742116885,23.4,201.929998397827,41.1,13.1,13.4,6.8,16.4,"fire-after",1,1
"942","NV4093911702219990804-371-before","NV4093911702219990804-371","NV4093911702219990804","371",371,"before","fire",1368.98791503906,1999,0.190846510261798,-13.7483746421554,0.13371502451843,32.1777777777778,240.644444359673,42.1111111111111,14.7777777777778,10,7.22222222222222,13.4444444444444,"fire-before",1,0
"943","NV4093911702219990804-431-after","NV4093911702219990804-431","NV4093911702219990804","431",431,"after","fire",1374.21276855469,1999,0.421495485744604,10.6674172389007,0.474322788886976,95.78,201.929998397827,29.1,9.2,28.6,9.6,16.8,"fire-after",1,1
"944","NV4093911702219990804-431-before","NV4093911702219990804-431","NV4093911702219990804","431",431,"before","fire",1374.21276855469,1999,0.752709539262253,-83.8131466177685,0.404423307927117,97.3222222222222,240.644444359673,28.6666666666667,14,17.5555555555556,11.4444444444444,17.1111111111111,"fire-before",1,0
"945","NV4093911702219990804-464-after","NV4093911702219990804-464","NV4093911702219990804","464",464,"after","fire",1378.79968261719,1999,0.361868142041556,38.5509744793171,0.558925434410383,109.344444444444,195.633330874973,20.1111111111111,8,32.1111111111111,13.2222222222222,23.1111111111111,"fire-after",1,1
"946","NV4093911702219990804-464-before","NV4093911702219990804-464","NV4093911702219990804","464",464,"before","fire",1378.79968261719,1999,0.715547892681824,-76.9704028249305,0.395696740373946,95.2222222222222,240.644444359673,30.6666666666667,12.7777777777778,20.3333333333333,10.1111111111111,16.6666666666667,"fire-before",1,0
"947","NV4093911702219990804-579-after","NV4093911702219990804-579","NV4093911702219990804","579",579,"after","fire",1373.20764160156,1999,0.160657891249548,-6.5316477226196,0.128311792232841,25.91,201.929998397827,37.1,15.9,13.5,6.4,17,"fire-after",1,1
"948","NV4093911702219990804-579-before","NV4093911702219990804-579","NV4093911702219990804","579",579,"before","fire",1373.20764160156,1999,0.0268512614084512,44.3717264513403,0.211238341564855,50.8333333333333,240.644444359673,40.3333333333333,13.6666666666667,10.8888888888889,7,15.8888888888889,"fire-before",1,0
"949","NV4093911702219990804-583-after","NV4093911702219990804-583","NV4093911702219990804","583",583,"after","fire",1366.30102539062,1999,0.124918870505974,-3.06486732112971,0.10974100022693,22.16,201.929998397827,44.3,12.9,9.7,5.6,14.7,"fire-after",1,1
"950","NV4093911702219990804-583-before","NV4093911702219990804-583","NV4093911702219990804","583",583,"before","fire",1366.30102539062,1999,0.0144871326290478,44.3359742403401,0.1987256441738,47.8222222222222,240.644444359673,40.8888888888889,14.4444444444444,10.6666666666667,7.11111111111111,15,"fire-before",1,0
"951","NV4093911702219990804-588-after","NV4093911702219990804-588","NV4093911702219990804","588",588,"after","fire",1363.35046386719,1999,0.436261130541229,12.661173316944,0.499180046238442,100.45,201.229998588562,24.9,11.1,26,10.5,23.1,"fire-after",1,1
"952","NV4093911702219990804-588-before","NV4093911702219990804-588","NV4093911702219990804","588",588,"before","fire",1363.35046386719,1999,0.623235733981814,-54.1461624044749,0.391467704447196,91.4555555555556,233.622223536173,30.8888888888889,17.5555555555556,18.6666666666667,11,18.6666666666667,"fire-before",1,0
"953","NV4093911702219990804-591-after","NV4093911702219990804-591","NV4093911702219990804","591",591,"after","fire",1370.45422363281,1999,0.318528506650774,36.4447435072469,0.500724896709318,100.16,200.029997825623,27.8,8,26.7,10.2,23.1,"fire-after",1,1
"954","NV4093911702219990804-591-before","NV4093911702219990804-591","NV4093911702219990804","591",591,"before","fire",1370.45422363281,1999,0.721839194358546,-71.1190055860539,0.41583400856578,96.6444444444444,232.41111225552,30.2222222222222,10.4444444444444,18.4444444444444,13.4444444444444,18.7777777777778,"fire-before",1,0
"955","NV4093911702219990804-65-after","NV4093911702219990804-65","NV4093911702219990804","65",65,"after","fire",1360.60986328125,1999,0.189625279725697,-6.46074429121417,0.157326402750022,31.47,200.029997825623,30.9,13.7,18.7,8.4,18.2,"fire-after",1,1
"956","NV4093911702219990804-65-before","NV4093911702219990804-65","NV4093911702219990804","65",65,"before","fire",1360.60986328125,1999,0.262559406623526,-16.3995015043008,0.191996939342397,44.6222222222222,232.41111225552,32.8888888888889,15.8888888888889,13.6666666666667,10.2222222222222,17.2222222222222,"fire-before",1,0
"957","NV4093911702219990804-706-after","NV4093911702219990804-706","NV4093911702219990804","706",706,"after","fire",1367.5009765625,1999,0.372509744143314,15.9091079619655,0.451295006799646,91.13,201.929998397827,32,11.8,22.1,8.8,19.4,"fire-after",1,1
"958","NV4093911702219990804-706-before","NV4093911702219990804-706","NV4093911702219990804","706",706,"before","fire",1367.5009765625,1999,0.599068177430486,-55.517984246877,0.36836272983703,88.6444444444444,240.644444359673,31.1111111111111,14.7777777777778,17.5555555555556,10.7777777777778,17.1111111111111,"fire-before",1,0
"959","NV4093911702219990804-901-after","NV4093911702219990804-901","NV4093911702219990804","901",901,"after","fire",1368.20104980469,1999,0.419409615730489,14.498616967509,0.491209829084351,99.19,201.929998397827,26.9,10,27.7,9.8,23.2,"fire-after",1,1
"960","NV4093911702219990804-901-before","NV4093911702219990804-901","NV4093911702219990804","901",901,"before","fire",1368.20104980469,1999,0.607104737406175,-55.9852710901233,0.37445747542972,90.1111111111111,240.644444359673,28.4444444444444,16.2222222222222,18.8888888888889,10.6666666666667,18.2222222222222,"fire-before",1,0
"961","NV4093911702219990804-917-after","NV4093911702219990804-917","NV4093911702219990804","917",917,"after","fire",1374.10095214844,1999,0.447316924085204,15.0832942361538,0.522012582758156,105.41,201.929998397827,26.2,7.9,32.5,10.5,15.7,"fire-after",1,1
"962","NV4093911702219990804-917-before","NV4093911702219990804-917","NV4093911702219990804","917",917,"before","fire",1374.10095214844,1999,0.621255887125944,-61.035111095932,0.367623972795491,88.4666666666667,240.644444359673,30.5555555555556,15.5555555555556,15.5555555555556,10.2222222222222,18.4444444444444,"fire-before",1,0
"963","NV4098611759420000807-201-after","NV4098611759420000807-201","NV4098611759420000807","201",201,"after","fire",1825.8046875,2000,0.0920997944860652,40.0918724282775,0.218044168054018,69.41,318.329999923706,10.5,14.5,24.7,22.1,14,"fire-after",1,1
"964","NV4098611759420000807-201-before","NV4098611759420000807-201","NV4098611759420000807","201",201,"before","fire",1825.8046875,2000,0.114275962910552,41.874136839796,0.236405468815635,81.0555555555556,342.866668701172,9.88888888888889,17.1111111111111,15.3333333333333,28.7777777777778,14.2222222222222,"fire-before",1,0
"965","NV4098611759420000807-366-after","NV4098611759420000807-366","NV4098611759420000807","366",366,"after","fire",1702.23400878906,2000,0.0787946707835417,110.467292455487,0.425815977232706,135.55,318.329999923706,14,12.8,22.4,17.4,18.1,"fire-after",1,1
"966","NV4098611759420000807-366-before","NV4098611759420000807-366","NV4098611759420000807","366",366,"before","fire",1702.23400878906,2000,0.144377388499506,70.4755835471772,0.349925462956988,119.977777777778,342.866668701172,16.1111111111111,18.6666666666667,12.3333333333333,17.4444444444444,16.7777777777778,"fire-before",1,0
"967","NV4098611759420000807-414-after","NV4098611759420000807-414","NV4098611759420000807","414",414,"after","fire",1602.59375,2000,0.143105922748054,35.9086999737982,0.312526542371818,66.24,211.949997901916,11.8,16.4,31.6,20.2,14,"fire-after",1,1
"968","NV4098611759420000807-414-before","NV4098611759420000807-414","NV4098611759420000807","414",414,"before","fire",1602.59375,2000,0.164466679366636,37.1231651480466,0.326899702588442,74.7111111111111,228.544445037842,11.5555555555556,18.6666666666667,18.3333333333333,25,14.1111111111111,"fire-before",1,0
"969","NV4098611759420000807-495-after","NV4098611759420000807-495","NV4098611759420000807","495",495,"after","fire",1580.20678710938,2000,0.0636996844752891,45.7224794458411,0.207332013997481,66,318.329999923706,8.6,11.5,26.5,16,12.5,"fire-after",1,1
"970","NV4098611759420000807-495-before","NV4098611759420000807-495","NV4098611759420000807","495",495,"before","fire",1580.20678710938,2000,0.0823925516095715,42.5947847482813,0.206623888851061,70.8444444444444,342.866668701172,10.4444444444444,14.8888888888889,15.1111111111111,18.5555555555556,12.5555555555556,"fire-before",1,0
"971","NV4101611790220000802-150-after","NV4101611790220000802-150","NV4101611790220000802","150",150,"after","fire",1392.79797363281,2000,0.210296894144176,2.82161088585868,0.222839616838619,50.13,224.959999084473,16.9,12.1,28.3,12.4,15.5,"fire-after",1,1
"972","NV4101611790220000802-150-before","NV4101611790220000802-150","NV4101611790220000802","150",150,"before","fire",1392.79797363281,2000,0.179639711404327,6.94541661283354,0.208784037181489,49.7555555555556,238.311109542847,20.3333333333333,19,12.3333333333333,10.5555555555556,15.7777777777778,"fire-before",1,0
"973","NV4101611790220000802-516-after","NV4101611790220000802-516","NV4101611790220000802","516",516,"after","fire",1380.28259277344,2000,0.136728155882087,10.9616341779441,0.185455192788893,41.72,224.959999084473,15.3,16.6,27.2,11.4,16,"fire-after",1,1
"974","NV4101611790220000802-516-before","NV4101611790220000802-516","NV4101611790220000802","516",516,"before","fire",1380.28259277344,2000,0.158871830462063,5.53907780748275,0.182114883704979,43.4,238.311109542847,17.5555555555556,20,15,9.44444444444444,15.2222222222222,"fire-before",1,0
"975","NV4101611790220000802-585-after","NV4101611790220000802-585","NV4101611790220000802","585",585,"after","fire",1418.17724609375,2000,0.267467962399752,76.3344773301516,0.579546764874138,141.757142857143,244.600007193429,13.2857142857143,3.71428571428571,48,15.2857142857143,18.8571428571429,"fire-after",1,1
"976","NV4101611790220000802-585-before","NV4101611790220000802-585","NV4101611790220000802","585",585,"before","fire",1418.17724609375,2000,0.534445020956058,11.538005307155,0.584517735452805,134.6875,230.425001382828,13.5,5.25,40.875,21.75,17.75,"fire-before",1,0
"977","NV4101611790220000802-806-after","NV4101611790220000802-806","NV4101611790220000802","806",806,"after","fire",1439.51293945312,2000,0.300716351750997,68.3525886068727,0.598535998470498,137.37,229.510004997254,15.4,5.3,42.8,13.5,21.1,"fire-after",1,1
"978","NV4101611790220000802-806-before","NV4101611790220000802-806","NV4101611790220000802","806",806,"before","fire",1439.51293945312,2000,0.482013893595629,4.47062068474757,0.500769119370617,119.366666666667,238.366668489244,19.2222222222222,9.22222222222222,32.1111111111111,16.1111111111111,17,"fire-before",1,0
"979","NV4101611790220000802-867-after","NV4101611790220000802-867","NV4101611790220000802","867",867,"after","fire",1319.80517578125,2000,0.193352283092409,3.76347057255107,0.210081793173611,47.26,224.959999084473,17.6,10.1,35.3,11.6,18.7,"fire-after",1,1
"980","NV4101611790220000802-867-before","NV4101611790220000802-867","NV4101611790220000802","867",867,"before","fire",1319.80517578125,2000,0.253844239953101,-4.41612469650638,0.23531331747543,56.0777777777778,238.311109542847,22.3333333333333,15.4444444444444,20.5555555555556,13.4444444444444,15.4444444444444,"fire-before",1,0
"981","NV4101711763219960827-117-after","NV4101711763219960827-117","NV4101711763219960827","117",117,"after","fire",1333.65515136719,1996,0.184798428664606,17.4053434308969,0.282818047112361,50.22,177.569997787476,26.2,7.8,39.2,12.7,17.5,"fire-after",1,1
"982","NV4101711763219960827-117-before","NV4101711763219960827-117","NV4101711763219960827","117",117,"before","fire",1333.65515136719,1996,0.583751527545627,-48.4119984159036,0.32938291976583,62.6888888888889,190.322221120199,18.2222222222222,8.88888888888889,38.2222222222222,17.2222222222222,16.2222222222222,"fire-before",1,0
"983","NV4103011783120010810-568-after","NV4103011783120010810-568","NV4103011783120010810","568",568,"after","fire",1381.09387207031,2001,0.27260649507731,64.8447730600051,0.539732232689068,131.02,242.750000953674,13.4,6.4,37.7,11.7,19.2,"fire-after",1,1
"984","NV4103011783120010810-568-before","NV4103011783120010810-568","NV4103011783120010810","568",568,"before","fire",1381.09387207031,2001,0.363517788443295,23.922328219983,0.456802431628224,117.144444444444,256.444441477458,15.4444444444444,11.1111111111111,27.4444444444444,14.8888888888889,17.7777777777778,"fire-before",1,0
"985","NV4104211778619960826-215-after","NV4104211778619960826-215","NV4104211778619960826","215",215,"after","fire",1301.31481933594,1996,0.106339965947091,10.0932236949675,0.162780292467373,29.11,178.830001831055,33.3,14.1,11.5,8.7,14.9,"fire-after",1,1
"986","NV4104211778619960826-215-before","NV4104211778619960826-215","NV4104211778619960826","215",215,"before","fire",1301.31481933594,1996,0.248598436714544,-10.147345058611,0.192307691448575,34.6666666666667,180.266667471992,34.7777777777778,17.3333333333333,11.2222222222222,8.44444444444444,13.7777777777778,"fire-before",1,0
"987","NV4104211778619960826-521-after","NV4104211778619960826-521","NV4104211778619960826","521",521,"after","fire",1345.96643066406,1996,0.106792520659182,11.7231135362054,0.160600358096017,34.99,217.869999885559,23.1,14.9,12.2,7.4,13.5,"fire-after",1,1
"988","NV4104211778619960826-521-before","NV4104211778619960826-521","NV4104211778619960826","521",521,"before","fire",1345.96643066406,1996,0.175277105643878,-1.18326631112306,0.169856461770761,37.0777777777778,218.28888575236,26.8888888888889,16.8888888888889,10.3333333333333,8,13.1111111111111,"fire-before",1,0
"989","NV4104211778619960826-843-after","NV4104211778619960826-843","NV4104211778619960826","843",843,"after","fire",1301.1279296875,1996,0.139043544603652,6.79484266393258,0.177039644779012,31.66,178.830001831055,33.9,13.7,13.6,9,14.7,"fire-after",1,1
"990","NV4104211778619960826-843-before","NV4104211778619960826-843","NV4104211778619960826","843",843,"before","fire",1301.1279296875,1996,0.27907618780031,-13.3525787899941,0.205004930050628,36.9555555555556,180.266667471992,33.8888888888889,15.2222222222222,13.3333333333333,9,14.1111111111111,"fire-before",1,0
"991","NV4105511739819990806-221-after","NV4105511739819990806-221","NV4105511739819990806","221",221,"after","fire",1373.2861328125,1999,0.188547876658728,50.998116699919,0.39862414890481,96.77,242.760004043579,34.1,7.1,25.9,9.8,16.2,"fire-after",1,1
"992","NV4105511739819990806-221-before","NV4105511739819990806-221","NV4105511739819990806","221",221,"before","fire",1373.2861328125,1999,0.394725488586064,-17.7778333359745,0.330886164190312,92.1444444444444,278.477780024211,33.1111111111111,11.7777777777778,19.1111111111111,8,13.4444444444444,"fire-before",1,0
"993","NV4105511739819990806-314-after","NV4105511739819990806-314","NV4105511739819990806","314",314,"after","fire",1354.89123535156,1999,0.237645214567006,38.5092467507763,0.396276150921181,96.2,242.760004043579,31.1,7.4,21.7,8.4,19.7,"fire-after",1,1
"994","NV4105511739819990806-314-before","NV4105511739819990806-314","NV4105511739819990806","314",314,"before","fire",1354.89123535156,1999,0.308709581705766,24.6979076810424,0.397398552434041,110.666666666667,278.477780024211,31.6666666666667,12.8888888888889,19.4444444444444,7.33333333333333,15.8888888888889,"fire-before",1,0
"995","NV4105511739819990806-565-after","NV4105511739819990806-565","NV4105511739819990806","565",565,"after","fire",1383.66979980469,1999,0.0733129051590921,33.2344155601469,0.224784650875852,49.32,219.409998893738,22.6,7.1,35.5,12.2,16.9,"fire-after",1,1
"996","NV4105511739819990806-565-before","NV4105511739819990806-565","NV4105511739819990806","565",565,"before","fire",1383.66979980469,1999,0.19273438373093,6.27318359186059,0.217417920381715,55.2555555555556,254.144439697266,25.5555555555556,14.6666666666667,19.2222222222222,9.44444444444444,17.1111111111111,"fire-before",1,0
"997","NV4105511739819990806-650-after","NV4105511739819990806-650","NV4105511739819990806","650",650,"after","fire",1384.912109375,1999,0.120379665001838,81.3892058960971,0.371209315686252,120.45,324.480003356933,31,6.3,22.2,10.5,16.4,"fire-after",1,1
"998","NV4105511739819990806-650-before","NV4105511739819990806-650","NV4105511739819990806","650",650,"before","fire",1384.912109375,1999,0.222077665488257,24.7074528652859,0.289298667222281,106.333333333333,367.555558946398,31,11.5555555555556,17.3333333333333,7.55555555555556,16.8888888888889,"fire-before",1,0
"999","NV4107011762520010812-104-after","NV4107011762520010812-104","NV4107011762520010812","104",104,"after","fire",1319.00402832031,2001,0.144215868304544,4.76852108678647,0.167589826190481,34.19,204.009997367859,27.9,10.3,24.1,9.8,19.5,"fire-after",1,1
"1000","NV4107011762520010812-104-before","NV4107011762520010812-104","NV4107011762520010812","104",104,"before","fire",1319.00402832031,2001,0.183958691068729,6.92242472279019,0.215724266490459,47.0111111111111,217.922220230102,25.7777777777778,17.2222222222222,17.8888888888889,11.2222222222222,18.8888888888889,"fire-before",1,0
"1001","NV4107011762520010812-135-after","NV4107011762520010812-135","NV4107011762520010812","135",135,"after","fire",1321.06945800781,2001,0.179174821162795,-2.22345479380839,0.168276067069881,34.33,204.009997367859,28.3,11.6,24.6,7.8,16.5,"fire-after",1,1
"1002","NV4107011762520010812-135-before","NV4107011762520010812-135","NV4107011762520010812","135",135,"before","fire",1321.06945800781,2001,0.18992612008068,4.1997671212181,0.209197982843383,45.5888888888889,217.922220230102,25.4444444444444,14.3333333333333,18.1111111111111,14.4444444444444,16.8888888888889,"fire-before",1,0
"1003","NV4107011762520010812-253-after","NV4107011762520010812-253","NV4107011762520010812","253",253,"after","fire",1318.84875488281,2001,0.124689106499814,4.19838136911946,0.144884312251253,30.12,207.890002250671,33.8,13.1,17.2,8.1,15.2,"fire-after",1,1
"1004","NV4107011762520010812-253-before","NV4107011762520010812-253","NV4107011762520010812","253",253,"before","fire",1318.84875488281,2001,0.163364236984125,8.54375647357818,0.201778489169389,44.8777777777778,222.411110136244,24.8888888888889,16.7777777777778,14,14.3333333333333,17.7777777777778,"fire-before",1,0
"1005","NV4107011762520010812-270-after","NV4107011762520010812-270","NV4107011762520010812","270",270,"after","fire",1319.0576171875,2001,0.162285863986667,-1.21760862944043,0.156428878964501,32.52,207.890002250671,30.9,13.2,20.2,8.4,17,"fire-after",1,1
"1006","NV4107011762520010812-270-before","NV4107011762520010812-270","NV4107011762520010812","270",270,"before","fire",1319.0576171875,2001,0.170965820929429,6.55307974950918,0.20042963568893,44.5777777777778,222.411110136244,27.8888888888889,18.6666666666667,15.1111111111111,10,18,"fire-before",1,0
"1007","NV4107011762520010812-325-after","NV4107011762520010812-325","NV4107011762520010812","325",325,"after","fire",1320.92944335938,2001,0.214222845415774,-2.10360212940737,0.203911575592981,41.6,204.009997367859,19.6,9.7,31.6,13,20.5,"fire-after",1,1
"1008","NV4107011762520010812-325-before","NV4107011762520010812-325","NV4107011762520010812","325",325,"before","fire",1320.92944335938,2001,0.284394401159177,-1.72030376606275,0.276500282953855,60.2555555555556,217.922220230102,17.2222222222222,11.8888888888889,30.1111111111111,15.5555555555556,20.4444444444444,"fire-before",1,0
"1009","NV4107011762520010812-461-after","NV4107011762520010812-461","NV4107011762520010812","461",461,"after","fire",1319.05798339844,2001,0.156801163141775,-1.18739415845158,0.151089516859624,31.41,207.890002250671,34.2,13.6,19.5,6.8,17.4,"fire-after",1,1
"1010","NV4107011762520010812-461-before","NV4107011762520010812-461","NV4107011762520010812","461",461,"before","fire",1319.05798339844,2001,0.198692654343397,3.49743506045697,0.214417745856652,47.6888888888889,222.411110136244,26.5555555555556,18.1111111111111,16.5555555555556,12,19,"fire-before",1,0
"1011","NV4107011762520010812-560-after","NV4107011762520010812-560","NV4107011762520010812","560",560,"after","fire",1321.19165039062,2001,0.148342482805868,2.04665047323328,0.15837459152426,32.31,204.009997367859,32.7,11,22.7,8.6,17.5,"fire-after",1,1
"1012","NV4107011762520010812-560-before","NV4107011762520010812-560","NV4107011762520010812","560",560,"before","fire",1321.19165039062,2001,0.219177121722606,4.6808794550108,0.240656709485929,52.4444444444444,217.922220230102,24.3333333333333,16.8888888888889,18.6666666666667,11.6666666666667,19.2222222222222,"fire-before",1,0
"1013","NV4107011762520010812-804-after","NV4107011762520010812-804","NV4107011762520010812","804",804,"after","fire",1321.00402832031,2001,0.171763853037322,-1.89154320603732,0.162492036800657,33.15,204.009997367859,28.8,12.9,20.9,9.5,17.4,"fire-after",1,1
"1014","NV4107011762520010812-804-before","NV4107011762520010812-804","NV4107011762520010812","804",804,"before","fire",1321.00402832031,2001,0.150563933957549,7.79988433650353,0.186355990078617,40.6111111111111,217.922220230102,34.2222222222222,16.2222222222222,15,8.33333333333333,16.8888888888889,"fire-before",1,0
"1015","NV4107011762520010812-84-after","NV4107011762520010812-84","NV4107011762520010812","84",84,"after","fire",1321.02685546875,2001,0.157968764902786,-0.964017452802411,0.153542402587023,33.44,217.790000915527,29.8,13,20.6,7.9,15.9,"fire-after",1,1
"1016","NV4107011762520010812-84-before","NV4107011762520010812-84","NV4107011762520010812","84",84,"before","fire",1321.02685546875,2001,0.160729280863453,7.30370073953403,0.192545983108305,44.2,229.555554919773,30.4444444444444,17.6666666666667,14.3333333333333,12.1111111111111,16.3333333333333,"fire-before",1,0
"1017","NV4108611692019990708-128-after","NV4108611692019990708-128","NV4108611692019990708","128",128,"after","fire",1384.52673339844,1999,0.405708901212721,20.3173312041815,0.504958235857081,103.37,204.709999084473,25.6,7.7,28,11.6,20.1,"fire-after",1,1
"1018","NV4108611692019990708-128-before","NV4108611692019990708-128","NV4108611692019990708","128",128,"before","fire",1384.52673339844,1999,0.746614846821599,-69.2452896698014,0.459289994177926,110.688888888889,241.000000635783,24.1111111111111,14.8888888888889,20,11.2222222222222,17,"fire-before",1,0
"1019","NV4108611692019990708-193-after","NV4108611692019990708-193","NV4108611692019990708","193",193,"after","fire",1382.65759277344,1999,0.34636494349048,41.9956327351704,0.551511897342212,112.9,204.709999084473,20.9,6.5,33.7,14.2,17.1,"fire-after",1,1
"1020","NV4108611692019990708-193-before","NV4108611692019990708-193","NV4108611692019990708","193",193,"before","fire",1382.65759277344,1999,0.696351107835757,-52.253950764479,0.479529735941037,115.566666666667,241.000000635783,21.6666666666667,10.2222222222222,29.4444444444444,14.8888888888889,15.2222222222222,"fire-before",1,0
"1021","NV4108611692019990708-224-after","NV4108611692019990708-224","NV4108611692019990708","224",224,"after","fire",1380.52038574219,1999,0.451871467387555,3.07209671501414,0.466750610451784,96.37,206.470003128052,29.9,9.3,27.3,8.7,19.4,"fire-after",1,1
"1022","NV4108611692019990708-224-before","NV4108611692019990708-224","NV4108611692019990708","224",224,"before","fire",1380.52038574219,1999,0.662811615463624,-53.3931383777878,0.440381401207633,105.711111111111,240.04444970025,25.8888888888889,16.7777777777778,18,9.77777777777778,18.3333333333333,"fire-before",1,0
"1023","NV4108611692019990708-393-after","NV4108611692019990708-393","NV4108611692019990708","393",393,"after","fire",1383.89440917969,1999,0.457459832174077,7.34339817446173,0.49333203288388,100.99,204.709999084473,23.5,8.2,29.9,11.3,22.2,"fire-after",1,1
"1024","NV4108611692019990708-393-before","NV4108611692019990708-393","NV4108611692019990708","393",393,"before","fire",1383.89440917969,1999,0.680002634371877,-59.347301982623,0.433748269948397,104.533333333333,241.000000635783,22.8888888888889,16.3333333333333,17.6666666666667,9.66666666666667,15.3333333333333,"fire-before",1,0
"1025","NV4108611692019990708-913-after","NV4108611692019990708-913","NV4108611692019990708","913",913,"after","fire",1385.89831542969,1999,0.304812130994756,38.0583709004457,0.494167727909868,99.3222222222222,200.98888821072,23,7.11111111111111,27.7777777777778,12.2222222222222,20.4444444444444,"fire-after",1,1
"1026","NV4108611692019990708-913-before","NV4108611692019990708-913","NV4108611692019990708","913",913,"before","fire",1385.89831542969,1999,0.501631930165547,-2.97107326660358,0.489303825357391,117.922222222222,241.000000635783,25.3333333333333,7.66666666666667,23.6666666666667,15,15.7777777777778,"fire-before",1,0
"1027","NV4114511803919990804-115-after","NV4114511803919990804-115","NV4114511803919990804","115",115,"after","fire",1268.70056152344,1999,0.0856611930902619,4.98714945435472,0.113724608092499,20.21,177.709999084473,40.3,13.6,17.6,3.1,14.5,"fire-after",1,1
"1028","NV4114511803919990804-115-before","NV4114511803919990804-115","NV4114511803919990804","115",115,"before","fire",1268.70056152344,1999,0.132243655560869,-2.53319501511113,0.11995255885412,24.7222222222222,206.099998686049,41.8888888888889,15.4444444444444,13.5555555555556,3.55555555555556,14.1111111111111,"fire-before",1,0
"1029","NV4114511803919990804-120-after","NV4114511803919990804-120","NV4114511803919990804","120",120,"after","fire",1349.54724121094,1999,0.108963854427683,9.59411119937747,0.150193382775603,34.95,232.699998855591,25.8,14.8,16.9,6.7,13.6,"fire-after",1,1
"1030","NV4114511803919990804-120-before","NV4114511803919990804-120","NV4114511803919990804","120",120,"before","fire",1349.54724121094,1999,0.100129034424688,11.7343166702303,0.145378981553044,37.7,259.32221836514,27.6666666666667,17.7777777777778,10,5,15,"fire-before",1,0
"1031","NV4114511803919990804-138-after","NV4114511803919990804-138","NV4114511803919990804","138",138,"after","fire",1276.02099609375,1999,0.111655984564659,3.20749820518867,0.128523350151188,24.44,190.159997940063,37.8,13.4,22.2,4.6,13.7,"fire-after",1,1
"1032","NV4114511803919990804-138-before","NV4114511803919990804-138","NV4114511803919990804","138",138,"before","fire",1276.02099609375,1999,0.130829563097179,3.37555577712911,0.146103571314251,32.2888888888889,220.999997456869,34.6666666666667,15.3333333333333,16.7777777777778,6.11111111111111,15,"fire-before",1,0
"1033","NV4114511803919990804-155-after","NV4114511803919990804-155","NV4114511803919990804","155",155,"after","fire",1384.65588378906,1999,0.157841877128608,1.1963149387115,0.163303504815343,35.77,219.040001869202,23.2,9,25.6,10,15.7,"fire-after",1,1
"1034","NV4114511803919990804-155-before","NV4114511803919990804-155","NV4114511803919990804","155",155,"before","fire",1384.65588378906,1999,0.133759765365985,8.58448334751519,0.168822324168785,41.3333333333333,244.833339055379,30.2222222222222,11.8888888888889,12.4444444444444,7.66666666666667,15.3333333333333,"fire-before",1,0
"1035","NV4114511803919990804-170-after","NV4114511803919990804-170","NV4114511803919990804","170",170,"after","fire",1418.86962890625,1999,0.151682513769064,13.3584767088561,0.209309349516398,48.52,231.809998512268,22.3,13.1,22.7,9.8,13.3,"fire-after",1,1
"1036","NV4114511803919990804-170-before","NV4114511803919990804-170","NV4114511803919990804","170",170,"before","fire",1418.86962890625,1999,0.141449244493352,9.42619124197856,0.177564919368745,46.3444444444444,261.000002755059,25.1111111111111,20.4444444444444,12.1111111111111,6.88888888888889,14.3333333333333,"fire-before",1,0
"1037","NV4114511803919990804-179-after","NV4114511803919990804-179","NV4114511803919990804","179",179,"after","fire",1341.03454589844,1999,0.0800345916465097,3.53922289614773,0.0961924754391749,21.07,219.040001869202,46.5,13.1,7.3,4.4,13.9,"fire-after",1,1
"1038","NV4114511803919990804-179-before","NV4114511803919990804-179","NV4114511803919990804","179",179,"before","fire",1341.03454589844,1999,0.022788630981433,43.1761389398704,0.199137730766836,48.7555555555556,244.833339055379,36.5555555555556,14.6666666666667,13.7777777777778,7.88888888888889,13,"fire-before",1,0
"1039","NV4114511803919990804-189-after","NV4114511803919990804-189","NV4114511803919990804","189",189,"after","fire",1271.70727539062,1999,0.20134385019837,-4.44903819526107,0.179120881851316,35.86,200.199996948242,32.3,10.2,27.7,8.9,16.7,"fire-after",1,1
"1040","NV4114511803919990804-189-before","NV4114511803919990804-189","NV4114511803919990804","189",189,"before","fire",1271.70727539062,1999,0.306522218790603,-17.0324761559019,0.231305199878765,52.3777777777778,226.44444571601,30.8888888888889,12.1111111111111,23.4444444444444,12.6666666666667,13.7777777777778,"fire-before",1,0
"1041","NV4114511803919990804-206-after","NV4114511803919990804-206","NV4114511803919990804","206",206,"after","fire",1309.14587402344,1999,0.1346199454635,2.66130798007747,0.146760949032812,32.17,219.199999809265,28,16.6,16.5,6.3,16.9,"fire-after",1,1
"1042","NV4114511803919990804-206-before","NV4114511803919990804-206","NV4114511803919990804","206",206,"before","fire",1309.14587402344,1999,0.13036744313547,7.4327420962609,0.16104181886787,39.0222222222222,242.311112085978,30.6666666666667,18,9.33333333333333,5.66666666666667,17.4444444444444,"fire-before",1,0
"1043","NV4114511803919990804-24-after","NV4114511803919990804-24","NV4114511803919990804","24",24,"after","fire",1436.43371582031,1999,0.14301805397444,13.0869851209575,0.199473708195347,46.24,231.809998512268,24.1,11.4,20.7,10.4,13.6,"fire-after",1,1
"1044","NV4114511803919990804-24-before","NV4114511803919990804-24","NV4114511803919990804","24",24,"before","fire",1436.43371582031,1999,0.120233692260221,11.4523393221646,0.164112386517985,42.8333333333333,261.000002755059,30.8888888888889,19,9.55555555555556,5.66666666666667,14.3333333333333,"fire-before",1,0
"1045","NV4114511803919990804-245-after","NV4114511803919990804-245","NV4114511803919990804","245",245,"after","fire",1270.81604003906,1999,0.117524287295825,3.96539248815806,0.138655015909733,26.02,187.659997940063,34.3,12.4,24,5.1,14.5,"fire-after",1,1
"1046","NV4114511803919990804-245-before","NV4114511803919990804-245","NV4114511803919990804","245",245,"before","fire",1270.81604003906,1999,0.138002823507438,1.42208057192239,0.144603166531198,31.1555555555556,215.455555386014,38.2222222222222,15.8888888888889,20.5555555555556,5.22222222222222,13.8888888888889,"fire-before",1,0
"1047","NV4114511803919990804-261-after","NV4114511803919990804-261","NV4114511803919990804","261",261,"after","fire",1268.81604003906,1999,0.0876160197107165,5.26975721742344,0.117269709680736,20.84,177.709999084473,40.2,14.2,15.7,3.6,14.8,"fire-after",1,1
"1048","NV4114511803919990804-261-before","NV4114511803919990804-261","NV4114511803919990804","261",261,"before","fire",1268.81604003906,1999,0.126737973405669,1.4015260698414,0.133538196980519,27.5222222222222,206.099998686049,40.3333333333333,14,12.8888888888889,4,14,"fire-before",1,0
"1049","NV4114511803919990804-289-after","NV4114511803919990804-289","NV4114511803919990804","289",289,"after","fire",1270.830078125,1999,0.0964898312987446,6.03129674173765,0.13100961589948,22.89,174.719999313354,38.7,12.7,20.5,4,15.4,"fire-after",1,1
"1050","NV4114511803919990804-289-before","NV4114511803919990804-289","NV4114511803919990804","289",289,"before","fire",1270.830078125,1999,0.156550726132115,-2.92900425721717,0.142420667177273,29.5222222222222,207.288891474406,41.5555555555556,15.2222222222222,16.5555555555556,3.66666666666667,15.1111111111111,"fire-before",1,0
"1051","NV4114511803919990804-30-after","NV4114511803919990804-30","NV4114511803919990804","30",30,"after","fire",1417.92395019531,1999,0.132221597369597,10.2820344434105,0.176407392358755,41.05,232.699998855591,22.3,17,16.4,6.6,15.1,"fire-after",1,1
"1052","NV4114511803919990804-30-before","NV4114511803919990804-30","NV4114511803919990804","30",30,"before","fire",1417.92395019531,1999,0.106528104791672,12.2748955471895,0.153862635648977,39.9,259.32221836514,25.7777777777778,17.8888888888889,10,5,15.1111111111111,"fire-before",1,0
"1053","NV4114511803919990804-310-after","NV4114511803919990804-310","NV4114511803919990804","310",310,"after","fire",1267.5419921875,1999,0.148479189614206,-1.0363955953788,0.142941113342551,26.75,187.140000343323,39.3,12.8,17.9,7.1,15.3,"fire-after",1,1
"1054","NV4114511803919990804-310-before","NV4114511803919990804-310","NV4114511803919990804","310",310,"before","fire",1267.5419921875,1999,0.220557521773948,-11.7698282028666,0.164761654433908,34.7555555555556,210.944443808661,36,15.3333333333333,15.6666666666667,7.88888888888889,15.2222222222222,"fire-before",1,0
"1055","NV4114511803919990804-32-after","NV4114511803919990804-32","NV4114511803919990804","32",32,"after","fire",1274.720703125,1999,0.108373296157371,4.67266746634985,0.133272941887103,25.01,187.659997940063,34.9,13.9,18.3,5.6,14.5,"fire-after",1,1
"1056","NV4114511803919990804-32-before","NV4114511803919990804-32","NV4114511803919990804","32",32,"before","fire",1274.720703125,1999,0.121920012305247,5.76498936943664,0.148677221508361,32.0333333333333,215.455555386014,37.1111111111111,16.1111111111111,18,5.22222222222222,15,"fire-before",1,0
"1057","NV4114511803919990804-323-after","NV4114511803919990804-323","NV4114511803919990804","323",323,"after","fire",1270.68884277344,1999,0.0932027089800879,5.18957982478837,0.120856870131927,22.68,187.659997940063,36.6,12.3,17.4,4.3,14.5,"fire-after",1,1
"1058","NV4114511803919990804-323-before","NV4114511803919990804-323","NV4114511803919990804","323",323,"before","fire",1270.68884277344,1999,0.109727293241405,3.11420064922465,0.124181321329217,26.7555555555556,215.455555386014,41.1111111111111,14.8888888888889,11.8888888888889,4.11111111111111,13.5555555555556,"fire-before",1,0
"1059","NV4114511803919990804-333-after","NV4114511803919990804-333","NV4114511803919990804","333",333,"after","fire",1426.12670898438,1999,0.216903564425537,53.2174213546518,0.415194872764307,111.43,268.380000114441,25.5,13.3,20.1,13.8,13.7,"fire-after",1,1
"1060","NV4114511803919990804-333-before","NV4114511803919990804-333","NV4114511803919990804","333",333,"before","fire",1426.12670898438,1999,0.203195383730095,51.3766159861588,0.3772157601365,111.366666666667,295.233334435357,27.4444444444444,15.4444444444444,15.6666666666667,11.7777777777778,15,"fire-before",1,0
"1061","NV4114511803919990804-335-after","NV4114511803919990804-335","NV4114511803919990804","335",335,"after","fire",1301.00817871094,1999,0.139671961056249,4.31916007589971,0.162687841495932,30.53,187.659997940063,21.2,12.7,25.3,7.7,13.3,"fire-after",1,1
"1062","NV4114511803919990804-335-before","NV4114511803919990804-335","NV4114511803919990804","335",335,"before","fire",1301.00817871094,1999,0.162118126099692,0.281860214162146,0.163426331932014,35.2111111111111,215.455555386014,23.5555555555556,17.6666666666667,20,5.55555555555556,15,"fire-before",1,0
"1063","NV4114511803919990804-340-after","NV4114511803919990804-340","NV4114511803919990804","340",340,"after","fire",1353.16613769531,1999,0.12866124138347,5.94503782631127,0.154307407918416,35.77,231.809998512268,24.7,12.8,21,7.4,13.5,"fire-after",1,1
"1064","NV4114511803919990804-340-before","NV4114511803919990804-340","NV4114511803919990804","340",340,"before","fire",1353.16613769531,1999,0.0191559483650024,48.2780752017364,0.204129414618349,53.2777777777778,261.000002755059,24,17.8888888888889,11.5555555555556,5.33333333333333,15.8888888888889,"fire-before",1,0
"1065","NV4114511803919990804-350-after","NV4114511803919990804-350","NV4114511803919990804","350",350,"after","fire",1395.22619628906,1999,0.152215126066065,7.29501185308073,0.183684915548397,42.58,231.809998512268,22.1,13.8,23.8,8.4,13.6,"fire-after",1,1
"1066","NV4114511803919990804-350-before","NV4114511803919990804-350","NV4114511803919990804","350",350,"before","fire",1395.22619628906,1999,0.120593514873279,9.40287006360971,0.156619836575789,40.8777777777778,261.000002755059,26.3333333333333,20.8888888888889,10.6666666666667,6.11111111111111,15.1111111111111,"fire-before",1,0
"1067","NV4114511803919990804-352-after","NV4114511803919990804-352","NV4114511803919990804","352",352,"after","fire",1370.28125,1999,0.112899605648523,8.49047016771539,0.151661795637845,33.22,219.040001869202,21.8,12.2,20.4,8.6,14.3,"fire-after",1,1
"1068","NV4114511803919990804-352-before","NV4114511803919990804-352","NV4114511803919990804","352",352,"before","fire",1370.28125,1999,0.132244193551355,4.71110141102476,0.15148626829984,37.0888888888889,244.833339055379,23.6666666666667,14.8888888888889,11.4444444444444,7.88888888888889,13.8888888888889,"fire-before",1,0
"1069","NV4114511803919990804-41-after","NV4114511803919990804-41","NV4114511803919990804","41",41,"after","fire",1540.39501953125,1999,0.160506089684367,15.9337601645248,0.224996962964002,55.59,247.070001602173,11.6,12.6,27,11.6,12.1,"fire-after",1,1
"1070","NV4114511803919990804-41-before","NV4114511803919990804-41","NV4114511803919990804","41",41,"before","fire",1540.39501953125,1999,0.148659140936465,7.91688780200413,0.176992205119432,49.4555555555556,279.422223832872,15.1111111111111,15.4444444444444,14,9.44444444444444,11.6666666666667,"fire-before",1,0
"1071","NV4114511803919990804-418-after","NV4114511803919990804-418","NV4114511803919990804","418",418,"after","fire",1368.30883789062,1999,0.138539105827887,13.8852500841465,0.198438377529973,46,231.809998512268,19.6,13.4,25.5,9.8,13.9,"fire-after",1,1
"1072","NV4114511803919990804-418-before","NV4114511803919990804-418","NV4114511803919990804","418",418,"before","fire",1368.30883789062,1999,0.114298972491727,12.0346345314254,0.160408682853376,41.8666666666667,261.000002755059,22.2222222222222,19.6666666666667,15,6.77777777777778,13.3333333333333,"fire-before",1,0
"1073","NV4114511803919990804-425-after","NV4114511803919990804-425","NV4114511803919990804","425",425,"after","fire",1418.92492675781,1999,0.177505588292752,17.4044498074156,0.252299098791291,58.71,232.699998855591,21.9,10.9,25.6,13.7,14.3,"fire-after",1,1
"1074","NV4114511803919990804-425-before","NV4114511803919990804-425","NV4114511803919990804","425",425,"before","fire",1418.92492675781,1999,0.126607909551923,24.7677560324224,0.22211748905717,57.6,259.32221836514,25.7777777777778,19.8888888888889,14.1111111111111,9,15.2222222222222,"fire-before",1,0
"1075","NV4114511803919990804-438-after","NV4114511803919990804-438","NV4114511803919990804","438",438,"after","fire",1429.21813964844,1999,0.17471108968484,10.4341307916492,0.216942565477073,53.6,247.070001602173,13.4,10.6,27.5,11.2,14.7,"fire-after",1,1
"1076","NV4114511803919990804-438-before","NV4114511803919990804-438","NV4114511803919990804","438",438,"before","fire",1429.21813964844,1999,0.161784459952378,5.98271530739518,0.183195481686188,51.1888888888889,279.422223832872,15.6666666666667,15.8888888888889,16.1111111111111,8.55555555555556,13.2222222222222,"fire-before",1,0
"1077","NV4114511803919990804-483-after","NV4114511803919990804-483","NV4114511803919990804","483",483,"after","fire",1290.29638671875,1999,0.138160082183823,4.67287926198488,0.163060856527204,30.6,187.659997940063,24.2,13.6,27.1,7,14,"fire-after",1,1
"1078","NV4114511803919990804-483-before","NV4114511803919990804-483","NV4114511803919990804","483",483,"before","fire",1290.29638671875,1999,0.134199525301189,2.30818896591514,0.144912588428198,31.2222222222222,215.455555386014,33.4444444444444,19,15.8888888888889,4.88888888888889,13.2222222222222,"fire-before",1,0
"1079","NV4114511803919990804-484-after","NV4114511803919990804-484","NV4114511803919990804","484",484,"after","fire",1276.71606445312,1999,0.114191469973205,1.03082898005556,0.119684537176503,22.46,187.659997940063,35.5,12.8,17.3,4.2,14.7,"fire-after",1,1
"1080","NV4114511803919990804-484-before","NV4114511803919990804-484","NV4114511803919990804","484",484,"before","fire",1276.71606445312,1999,0.13896928242044,-0.63059281438052,0.13604249404754,29.3111111111111,215.455555386014,36.1111111111111,17.4444444444444,14.7777777777778,5.33333333333333,15.6666666666667,"fire-before",1,0
"1081","NV4114511803919990804-490-after","NV4114511803919990804-490","NV4114511803919990804","490",490,"after","fire",1347.802734375,1999,0.152826447363453,5.48891446762768,0.177865973236691,38.99,219.210000038147,24.4,7.8,25.9,11.2,17.6,"fire-after",1,1
"1082","NV4114511803919990804-490-before","NV4114511803919990804-490","NV4114511803919990804","490",490,"before","fire",1347.802734375,1999,0.131419841092341,8.90422001349665,0.168005843710778,40.8888888888889,243.377777735392,29.7777777777778,15.6666666666667,12.3333333333333,7.11111111111111,16.7777777777778,"fire-before",1,0
"1083","NV4114511803919990804-496-after","NV4114511803919990804-496","NV4114511803919990804","496",496,"after","fire",1413.53515625,1999,0.17046939347611,11.7634901519158,0.221215652168196,51.28,231.809998512268,21.4,12.7,25.4,9.7,12.8,"fire-after",1,1
"1084","NV4114511803919990804-496-before","NV4114511803919990804-496","NV4114511803919990804","496",496,"before","fire",1413.53515625,1999,0.131723819985333,13.7311937320322,0.184333757100616,48.1111111111111,261.000002755059,22.6666666666667,21.3333333333333,14.4444444444444,7.66666666666667,14.3333333333333,"fire-before",1,0
"1085","NV4114511803919990804-507-after","NV4114511803919990804-507","NV4114511803919990804","507",507,"after","fire",1272.52087402344,1999,0.116981865482811,2.46092854316831,0.131066850331939,22.9,174.719999313354,36.9,13.6,17.4,4.1,14.9,"fire-after",1,1
"1086","NV4114511803919990804-507-before","NV4114511803919990804-507","NV4114511803919990804","507",507,"before","fire",1272.52087402344,1999,0.155103020637207,-1.01779987888528,0.15019296553659,31.1333333333333,207.288891474406,41.4444444444444,15.3333333333333,17,4,15.3333333333333,"fire-before",1,0
"1087","NV4114511803919990804-528-after","NV4114511803919990804-528","NV4114511803919990804","528",528,"after","fire",1265.19921875,1999,0.13490644233691,-5.41050084671636,0.107015825158182,20.76,193.990000724793,47.4,12.6,10.6,5.5,14.1,"fire-after",1,1
"1088","NV4114511803919990804-528-before","NV4114511803919990804-528","NV4114511803919990804","528",528,"before","fire",1265.19921875,1999,0.0504934227484858,32.3317065029678,0.199335038363171,43.3,217.222222222222,41.5555555555556,15.4444444444444,13.2222222222222,8.11111111111111,14.6666666666667,"fire-before",1,0
"1089","NV4114511803919990804-538-after","NV4114511803919990804-538","NV4114511803919990804","538",538,"after","fire",1395.31811523438,1999,0.123432086374832,18.6073536418335,0.203394930093541,47.33,232.699998855591,28,11.9,21,10,13.9,"fire-after",1,1
"1090","NV4114511803919990804-538-before","NV4114511803919990804-538","NV4114511803919990804","538",538,"before","fire",1395.31811523438,1999,0.1266852747582,14.5810268488396,0.182912723916871,47.4333333333333,259.32221836514,33.1111111111111,16.5555555555556,12,6.55555555555556,15,"fire-before",1,0
"1091","NV4114511803919990804-541-after","NV4114511803919990804-541","NV4114511803919990804","541",541,"after","fire",1271.11596679688,1999,0.111029457772573,2.58895516088664,0.125597884840405,22.32,177.709999084473,37.2,12.9,15.5,4.2,14.8,"fire-after",1,1
"1092","NV4114511803919990804-541-before","NV4114511803919990804-541","NV4114511803919990804","541",541,"before","fire",1271.11596679688,1999,0.154590023398194,-3.03878139702172,0.139845814682061,28.8222222222222,206.099998686049,40.2222222222222,15.3333333333333,13.1111111111111,4.22222222222222,14.4444444444444,"fire-before",1,0
"1093","NV4114511803919990804-56-after","NV4114511803919990804-56","NV4114511803919990804","56",56,"after","fire",1544.82312011719,1999,0.179869404383899,24.6396659706883,0.279596873566347,69.08,247.070001602173,12.4,12.3,27.3,13.7,13.4,"fire-after",1,1
"1094","NV4114511803919990804-56-before","NV4114511803919990804-56","NV4114511803919990804","56",56,"before","fire",1544.82312011719,1999,0.153458700292164,11.786895364528,0.195641799413077,54.6666666666667,279.422223832872,14.4444444444444,20.1111111111111,13,12.5555555555556,12.6666666666667,"fire-before",1,0
"1095","NV4114511803919990804-567-after","NV4114511803919990804-567","NV4114511803919990804","567",567,"after","fire",1347.75207519531,1999,0.188892528953036,52.3050230579672,0.383784186437437,103,268.380000114441,23.3,11.5,24.9,11.2,16.2,"fire-after",1,1
"1096","NV4114511803919990804-567-before","NV4114511803919990804-567","NV4114511803919990804","567",567,"before","fire",1347.75207519531,1999,0.27152387653146,25.3482116639139,0.357382106979567,105.511111111111,295.233334435357,25.2222222222222,14.6666666666667,18,12.2222222222222,14.8888888888889,"fire-before",1,0
"1097","NV4114511803919990804-581-after","NV4114511803919990804-581","NV4114511803919990804","581",581,"after","fire",1362.90551757812,1999,0.127554385790277,14.3251376984321,0.185534462713975,45.84,247.070001602173,17.9,10.9,27.4,9.9,14.6,"fire-after",1,1
"1098","NV4114511803919990804-581-before","NV4114511803919990804-581","NV4114511803919990804","581",581,"before","fire",1362.90551757812,1999,0.0507100275491238,35.2082691093754,0.176713852965796,49.3777777777778,279.422223832872,23.3333333333333,19.6666666666667,12.2222222222222,6.77777777777778,13.7777777777778,"fire-before",1,0
"1099","NV4114511803919990804-587-after","NV4114511803919990804-587","NV4114511803919990804","587",587,"after","fire",1422.0009765625,1999,0.124782253220965,6.70004849677352,0.151900270193182,37.53,247.070001602173,14.1,16.2,16.4,8.2,11.7,"fire-after",1,1
"1100","NV4114511803919990804-587-before","NV4114511803919990804-587","NV4114511803919990804","587",587,"before","fire",1422.0009765625,1999,0.107368066364323,3.93230946117883,0.121441068172264,33.9333333333333,279.422223832872,14.6666666666667,19,10.6666666666667,5.88888888888889,10.4444444444444,"fire-before",1,0
"1101","NV4114511803919990804-596-after","NV4114511803919990804-596","NV4114511803919990804","596",596,"after","fire",1306.02746582031,1999,0.478174431719951,23.5489416440694,0.599566985748948,116.31,193.990000724793,19.4,7.6,37.5,12.7,16.7,"fire-after",1,1
"1102","NV4114511803919990804-596-before","NV4114511803919990804-596","NV4114511803919990804","596",596,"before","fire",1306.02746582031,1999,0.661596148843453,-51.2800523321056,0.425524296675192,92.4333333333333,217.222222222222,26.7777777777778,13.1111111111111,30.1111111111111,12.4444444444444,14.1111111111111,"fire-before",1,0
"1103","NV4114511803919990804-62-after","NV4114511803919990804-62","NV4114511803919990804","62",62,"after","fire",1277.69738769531,1999,0.114599038689784,5.13434463554182,0.141958863329566,26.64,187.659997940063,31.1,11.3,22.1,6.2,14.7,"fire-after",1,1
"1104","NV4114511803919990804-62-before","NV4114511803919990804-62","NV4114511803919990804","62",62,"before","fire",1277.69738769531,1999,0.155695961104787,-1.13444866007991,0.150430612258026,32.4111111111111,215.455555386014,35,15.7777777777778,16.5555555555556,6.44444444444444,15.3333333333333,"fire-before",1,0
"1105","NV4114511803919990804-622-after","NV4114511803919990804-622","NV4114511803919990804","622",622,"after","fire",1270.81604003906,1999,0.0874879479752746,6.44251684541157,0.123740926865614,21.99,177.709999084473,39.1,12.6,16.1,4.4,15.5,"fire-after",1,1
"1106","NV4114511803919990804-622-before","NV4114511803919990804-622","NV4114511803919990804","622",622,"before","fire",1270.81604003906,1999,0.138222393645887,1.07903151786693,0.143457869263286,29.5666666666667,206.099998686049,41.7777777777778,14.4444444444444,14.1111111111111,5.33333333333333,14.4444444444444,"fire-before",1,0
"1107","NV4114511803919990804-633-after","NV4114511803919990804-633","NV4114511803919990804","633",633,"after","fire",1341.03698730469,1999,0.155288670144295,-2.14443059867218,0.145498537837993,31.87,219.040001869202,28.8,11.3,18.9,9.2,14.9,"fire-after",1,1
"1108","NV4114511803919990804-633-before","NV4114511803919990804-633","NV4114511803919990804","633",633,"before","fire",1341.03698730469,1999,0.0515105309757562,34.7551713713567,0.193464937616003,47.3666666666667,244.833339055379,37.8888888888889,15.3333333333333,14.6666666666667,8.33333333333333,14.7777777777778,"fire-before",1,0
"1109","NV4114511803919990804-636-after","NV4114511803919990804-636","NV4114511803919990804","636",636,"after","fire",1272.89001464844,1999,0.196421995531916,-5.74368290605717,0.167732270289102,33.58,200.199996948242,31.4,9.4,27.3,9.1,14.9,"fire-after",1,1
"1110","NV4114511803919990804-636-before","NV4114511803919990804-636","NV4114511803919990804","636",636,"before","fire",1272.89001464844,1999,0.25885078806847,-15.8708787828727,0.188763492561223,42.7444444444444,226.44444571601,35.5555555555556,12.7777777777778,19.5555555555556,8.66666666666667,13.6666666666667,"fire-before",1,0
"1111","NV4114511803919990804-646-after","NV4114511803919990804-646","NV4114511803919990804","646",646,"after","fire",1267.53894042969,1999,0.197433710029791,-5.93774456275853,0.165704819616917,31.01,187.140000343323,32.3,10.8,19,10.4,14.5,"fire-after",1,1
"1112","NV4114511803919990804-646-before","NV4114511803919990804-646","NV4114511803919990804","646",646,"before","fire",1267.53894042969,1999,0.203175068396559,-4.34754068758777,0.18256518358949,38.5111111111111,210.944443808661,31.6666666666667,17,18.6666666666667,8.88888888888889,14.4444444444444,"fire-before",1,0
"1113","NV4114511803919990804-653-after","NV4114511803919990804-653","NV4114511803919990804","653",653,"after","fire",1355.12280273438,1999,0.143242269958801,6.28129445235222,0.171897810368553,37.68,219.199999809265,28.2,10.1,22.1,9.9,15.2,"fire-after",1,1
"1114","NV4114511803919990804-653-before","NV4114511803919990804-653","NV4114511803919990804","653",653,"before","fire",1355.12280273438,1999,0.137763897561258,9.69605455441057,0.177778796056587,43.0777777777778,242.311112085978,31.6666666666667,16,13,7,16.1111111111111,"fire-before",1,0
"1115","NV4114511803919990804-656-after","NV4114511803919990804-656","NV4114511803919990804","656",656,"after","fire",1270.11596679688,1999,0.0969181984759209,5.41666703757537,0.127398571361414,22.64,177.709999084473,39.7,14.5,18.5,4.7,14.8,"fire-after",1,1
"1116","NV4114511803919990804-656-before","NV4114511803919990804-656","NV4114511803919990804","656",656,"before","fire",1270.11596679688,1999,0.12346811839064,2.77544318414244,0.136934606512119,28.2222222222222,206.099998686049,39,13.8888888888889,14.6666666666667,4.22222222222222,14.3333333333333,"fire-before",1,0
"1117","NV4114511803919990804-660-after","NV4114511803919990804-660","NV4114511803919990804","660",660,"after","fire",1317.19543457031,1999,0.402053560188432,12.0456295676408,0.464147634741942,90.04,193.990000724793,26.9,10.1,23.8,8.2,16,"fire-after",1,1
"1118","NV4114511803919990804-660-before","NV4114511803919990804-660","NV4114511803919990804","660",660,"before","fire",1317.19543457031,1999,0.355588891319553,20.5581908300304,0.450230179028133,97.8,217.222222222222,29.8888888888889,17.2222222222222,16,11.3333333333333,14.3333333333333,"fire-before",1,0
"1119","NV4114511803919990804-667-after","NV4114511803919990804-667","NV4114511803919990804","667",667,"after","fire",1292.29150390625,1999,0.198831484525176,0.490205312272759,0.201409341685373,38.3,190.159997940063,21.6,10.8,31.1,8.5,14.9,"fire-after",1,1
"1120","NV4114511803919990804-667-before","NV4114511803919990804-667","NV4114511803919990804","667",667,"before","fire",1292.29150390625,1999,0.145775282197365,-0.160781439336404,0.145047764363942,32.0555555555556,220.999997456869,33.3333333333333,17.6666666666667,13,4.88888888888889,13.4444444444444,"fire-before",1,0
"1121","NV4114511803919990804-699-after","NV4114511803919990804-699","NV4114511803919990804","699",699,"after","fire",1424.82238769531,1999,0.136395953985092,10.720661663762,0.182466696213221,42.46,232.699998855591,25.3,17.3,16.6,6.8,14.9,"fire-after",1,1
"1122","NV4114511803919990804-699-before","NV4114511803919990804-699","NV4114511803919990804","699",699,"before","fire",1424.82238769531,1999,0.115015398607176,15.6517294648142,0.175371698053819,45.4777777777778,259.32221836514,24.8888888888889,18.5555555555556,11.2222222222222,6.77777777777778,15.1111111111111,"fire-before",1,0
"1123","NV4114511803919990804-727-after","NV4114511803919990804-727","NV4114511803919990804","727",727,"after","fire",1344.9970703125,1999,0.185275870068577,-1.13222862231206,0.179620382358431,35.96,200.199996948242,28.3,12,22.2,9.1,14.7,"fire-after",1,1
"1124","NV4114511803919990804-727-before","NV4114511803919990804-727","NV4114511803919990804","727",727,"before","fire",1344.9970703125,1999,0.173838012973709,2.21312528557368,0.183611382678476,41.5777777777778,226.44444571601,34.5555555555556,13.5555555555556,17.8888888888889,9.33333333333333,14.1111111111111,"fire-before",1,0
"1125","NV4114511803919990804-751-after","NV4114511803919990804-751","NV4114511803919990804","751",751,"after","fire",1367.96118164062,1999,0.186628253984122,4.41108676227688,0.206751824997421,45.32,219.199999809265,16.4,9.6,31.7,11.1,15.6,"fire-after",1,1
"1126","NV4114511803919990804-751-before","NV4114511803919990804-751","NV4114511803919990804","751",751,"before","fire",1367.96118164062,1999,0.139221686167917,11.7094828426115,0.187545853977673,45.4444444444444,242.311112085978,19.7777777777778,18.3333333333333,11.5555555555556,7.33333333333333,15.5555555555556,"fire-before",1,0
"1127","NV4114511803919990804-756-after","NV4114511803919990804-756","NV4114511803919990804","756",756,"after","fire",1271.09631347656,1999,0.17121692302485,-4.05762746706236,0.15094905325005,30.22,200.199996948242,36,10.3,22.1,11.1,14.4,"fire-after",1,1
"1128","NV4114511803919990804-756-before","NV4114511803919990804-756","NV4114511803919990804","756",756,"before","fire",1271.09631347656,1999,0.118261388662135,33.2981431725749,0.265309125104896,60.0777777777778,226.44444571601,33.3333333333333,12.4444444444444,19.5555555555556,11.4444444444444,14.1111111111111,"fire-before",1,0
"1129","NV4114511803919990804-805-after","NV4114511803919990804-805","NV4114511803919990804","805",805,"after","fire",1269.81604003906,1999,0.114183555492354,4.43844045799199,0.139159305201757,24.73,177.709999084473,34.1,12.3,21.7,5.2,14.8,"fire-after",1,1
"1130","NV4114511803919990804-805-before","NV4114511803919990804-805","NV4114511803919990804","805",805,"before","fire",1269.81604003906,1999,0.147421990467879,0.327439069386619,0.14901072929114,30.7111111111111,206.099998686049,37.8888888888889,16,19.1111111111111,4,15.2222222222222,"fire-before",1,0
"1131","NV4114511803919990804-813-after","NV4114511803919990804-813","NV4114511803919990804","813",813,"after","fire",1316.91821289062,1999,0.0473404511662011,4.17601008559284,0.0653552482517195,15.15,231.809998512268,49.3,13.2,7.3,6.4,14.4,"fire-after",1,1
"1132","NV4114511803919990804-813-before","NV4114511803919990804-813","NV4114511803919990804","813",813,"before","fire",1316.91821289062,1999,0.0368037844193177,12.249767720717,0.0837377598653374,21.8555555555556,261.000002755059,51.1111111111111,13.2222222222222,5.44444444444444,6,14,"fire-before",1,0
"1133","NV4114511803919990804-842-after","NV4114511803919990804-842","NV4114511803919990804","842",842,"after","fire",1264.6494140625,1999,0.113690913714184,-1.94076108102723,0.103419075590264,19.54,188.939998626709,48.5,16.9,9.5,5.4,14.8,"fire-after",1,1
"1134","NV4114511803919990804-842-before","NV4114511803919990804-842","NV4114511803919990804","842",842,"before","fire",1264.6494140625,1999,0.024535143443524,34.7642578389209,0.189190612008323,39.9444444444444,211.133332782322,42.2222222222222,17.1111111111111,12.4444444444444,7.33333333333333,14.2222222222222,"fire-before",1,0
"1135","NV4114511803919990804-866-after","NV4114511803919990804-866","NV4114511803919990804","866",866,"after","fire",1321.48986816406,1999,0.395522387403645,45.4092036942048,0.619151843554204,125.722222222222,203.055556615194,16,8.33333333333333,37.3333333333333,13.5555555555556,14,"fire-after",1,1
"1136","NV4114511803919990804-866-before","NV4114511803919990804-866","NV4114511803919990804","866",866,"before","fire",1321.48986816406,1999,0.505578040690208,11.5105478278492,0.558567774936061,121.333333333333,217.222222222222,20,11.7777777777778,30.3333333333333,16.4444444444444,12.8888888888889,"fire-before",1,0
"1137","NV4114511803919990804-874-after","NV4114511803919990804-874","NV4114511803919990804","874",874,"after","fire",1276.97534179688,1999,0.120015135815441,3.88792202055925,0.140460666224969,26.71,190.159997940063,34.1,12.1,20.4,6.4,15.4,"fire-after",1,1
"1138","NV4114511803919990804-874-before","NV4114511803919990804-874","NV4114511803919990804","874",874,"before","fire",1276.97534179688,1999,0.140754839058852,1.61540314817401,0.14806435565054,32.7222222222222,220.999997456869,35.7777777777778,15.5555555555556,12.4444444444444,6.11111111111111,15.7777777777778,"fire-before",1,0
"1139","NV4114511803919990804-876-after","NV4114511803919990804-876","NV4114511803919990804","876",876,"after","fire",1368.33190917969,1999,0.147043566274001,10.5138311207853,0.192398948648626,44.6,231.809998512268,19.3,16.1,24.5,8.4,13.6,"fire-after",1,1
"1140","NV4114511803919990804-876-before","NV4114511803919990804-876","NV4114511803919990804","876",876,"before","fire",1368.33190917969,1999,0.142529518239821,6.79979534672943,0.168582373699408,44,261.000002755059,21.1111111111111,21.4444444444444,14.8888888888889,7.11111111111111,14.3333333333333,"fire-before",1,0
"1141","NV4114511803919990804-884-after","NV4114511803919990804-884","NV4114511803919990804","884",884,"after","fire",1272.48999023438,1999,0.20900258731496,25.0718622068293,0.334249176824658,66.91,200.179999351501,42,14.2,15.9,8.7,14.4,"fire-after",1,1
"1142","NV4114511803919990804-884-before","NV4114511803919990804-884","NV4114511803919990804","884",884,"before","fire",1272.48999023438,1999,0.424105087659575,-15.8400155202049,0.353221962266305,78.9333333333333,223.466663360596,23.7777777777778,21.6666666666667,14.1111111111111,9.55555555555556,16.8888888888889,"fire-before",1,0
"1143","NV4114511803919990804-89-after","NV4114511803919990804-89","NV4114511803919990804","89",89,"after","fire",1272.90905761719,1999,0.176861350335589,-2.79764179744694,0.16288711537009,32.61,200.199996948242,31.3,10.1,25.3,7.8,15.7,"fire-after",1,1
"1144","NV4114511803919990804-89-before","NV4114511803919990804-89","NV4114511803919990804","89",89,"before","fire",1272.90905761719,1999,0.21320272328172,-6.35635027645066,0.185132481786716,41.9222222222222,226.44444571601,33.2222222222222,12.3333333333333,19.7777777777778,9.22222222222222,14.1111111111111,"fire-before",1,0
"1145","NV4114511803919990804-897-after","NV4114511803919990804-897","NV4114511803919990804","897",897,"after","fire",1387.1611328125,1999,0.175662569163538,9.14966010353913,0.215133084509126,49.87,231.809998512268,17.1,12.8,28.8,11,14.2,"fire-after",1,1
"1146","NV4114511803919990804-897-before","NV4114511803919990804-897","NV4114511803919990804","897",897,"before","fire",1387.1611328125,1999,0.145291698229998,6.96775525057221,0.171988078218588,44.8888888888889,261.000002755059,17.6666666666667,21,12.3333333333333,7.33333333333333,13.8888888888889,"fire-before",1,0
"1147","NV4114811712320010704-191-after","NV4114811712320010704-191","NV4114811712320010704","191",191,"after","fire",1411.373046875,2001,0.15310649820767,-0.484524315313037,0.150920411244295,33.45,221.640000343323,40.1,11.6,12.4,6.9,16.6,"fire-after",1,1
"1148","NV4114811712320010704-191-before","NV4114811712320010704-191","NV4114811712320010704","191",191,"before","fire",1411.373046875,2001,0.162134559630242,24.9912564560674,0.26251896987663,65.3555555555556,248.95555390252,22.2222222222222,13.7777777777778,25.5555555555556,13.2222222222222,15.7777777777778,"fire-before",1,0
"1149","NV4114811712320010704-234-after","NV4114811712320010704-234","NV4114811712320010704","234",234,"after","fire",1430.23864746094,2001,0.342721987861695,14.7490984926696,0.409267279640359,90.71,221.640000343323,34.3,10,19.9,9.7,16.7,"fire-after",1,1
"1150","NV4114811712320010704-234-before","NV4114811712320010704-234","NV4114811712320010704","234",234,"before","fire",1430.23864746094,2001,0.39054285126781,21.0499659177305,0.47509595959482,118.277777777778,248.95555390252,20.1111111111111,15.2222222222222,19.3333333333333,13.3333333333333,17.6666666666667,"fire-before",1,0
"1151","NV4114811712320010704-278-after","NV4114811712320010704-278","NV4114811712320010704","278",278,"after","fire",1426.724609375,2001,0.171182694611672,0.38378144003014,0.172874330499055,39.22,226.870003700256,34.4,11,17.3,9.4,15.8,"fire-after",1,1
"1152","NV4114811712320010704-278-before","NV4114811712320010704-278","NV4114811712320010704","278",278,"before","fire",1426.724609375,2001,0.157655700167487,25.1626099461388,0.256491944471774,65.3,254.58889219496,19,14.8888888888889,22.4444444444444,14.7777777777778,17.4444444444444,"fire-before",1,0
"1153","NV4114811712320010704-280-after","NV4114811712320010704-280","NV4114811712320010704","280",280,"after","fire",1391.93237304688,2001,0.197193754623157,-4.35602384237754,0.17754015493163,39.35,221.640000343323,33.4,9.2,19.1,8.1,18.6,"fire-after",1,1
"1154","NV4114811712320010704-280-before","NV4114811712320010704-280","NV4114811712320010704","280",280,"before","fire",1391.93237304688,2001,0.204111148883231,18.9853958720954,0.280371330969907,69.8,248.95555390252,22,12.8888888888889,26.3333333333333,12.3333333333333,16.8888888888889,"fire-before",1,0
"1155","NV4114811712320010704-395-after","NV4114811712320010704-395","NV4114811712320010704","395",395,"after","fire",1428.75939941406,2001,0.206530687774338,-4.39561789958048,0.187155636741201,42.46,226.870003700256,27.6,10.6,22.7,9.1,19.7,"fire-after",1,1
"1156","NV4114811712320010704-395-before","NV4114811712320010704-395","NV4114811712320010704","395",395,"before","fire",1428.75939941406,2001,0.214904616714287,15.8765605920162,0.277266177170185,70.5888888888889,254.58889219496,19,11.8888888888889,28.5555555555556,15.8888888888889,15.3333333333333,"fire-before",1,0
"1157","NV4114811712320010704-494-after","NV4114811712320010704-494","NV4114811712320010704","494",494,"after","fire",1427.52941894531,2001,0.313546971434514,35.7554491436066,0.474869156456265,105.25,221.640000343323,29.5,6.7,27.3,10.7,17.2,"fire-after",1,1
"1158","NV4114811712320010704-494-before","NV4114811712320010704-494","NV4114811712320010704","494",494,"before","fire",1427.52941894531,2001,0.410395844325384,14.974119701126,0.470543607516035,117.144444444444,248.95555390252,16.5555555555556,13.4444444444444,23.3333333333333,14.4444444444444,17.2222222222222,"fire-before",1,0
"1159","NV4114811712320010704-815-after","NV4114811712320010704-815","NV4114811712320010704","815",815,"after","fire",1407.44958496094,2001,0.156179958570705,2.41745222115813,0.166835630020123,37.85,226.870003700256,35.1,8.8,19.6,7.8,18.9,"fire-after",1,1
"1160","NV4114811712320010704-815-before","NV4114811712320010704-815","NV4114811712320010704","815",815,"before","fire",1407.44958496094,2001,0.23891161226754,6.84242396696188,0.265787977170853,67.6666666666667,254.58889219496,20,9.77777777777778,29.3333333333333,13.2222222222222,16.8888888888889,"fire-before",1,0
"1161","NV4114811712320010704-882-after","NV4114811712320010704-882","NV4114811712320010704","882",882,"after","fire",1463.83630371094,2001,0.198546656327595,1.19931831455612,0.203291921501955,51.38,252.739998817444,35.4,9.6,22.8,10.3,16.3,"fire-after",1,1
"1162","NV4114811712320010704-882-before","NV4114811712320010704-882","NV4114811712320010704","882",882,"before","fire",1463.83630371094,2001,0.180285947886407,16.0292577304383,0.237367939815389,66.6555555555556,280.811113781399,23.6666666666667,13.7777777777778,19.6666666666667,12.3333333333333,17.3333333333333,"fire-before",1,0
"1163","NV4114811712320010704-946-after","NV4114811712320010704-946","NV4114811712320010704","946",946,"after","fire",1419.05822753906,2001,0.221792773485578,1.28184960850994,0.227576249421891,50.44,221.640000343323,23.7,6.4,30.5,10.1,21.6,"fire-after",1,1
"1164","NV4114811712320010704-946-before","NV4114811712320010704-946","NV4114811712320010704","946",946,"before","fire",1419.05822753906,2001,0.253818196450506,2.5994392010145,0.264259575083225,65.7888888888889,248.95555390252,19.4444444444444,15.6666666666667,21,13.2222222222222,17.1111111111111,"fire-before",1,0
"1165","NV4115111737319960826-103-after","NV4115111737319960826-103","NV4115111737319960826","103",103,"after","fire",1624.22241210938,1996,0.255595381939234,66.0380247164342,0.485893638803029,139.33,286.749998092651,13.6,7.2,33,14.8,16,"fire-after",1,1
"1166","NV4115111737319960826-103-before","NV4115111737319960826-103","NV4115111737319960826","103",103,"before","fire",1624.22241210938,1996,0.541422480475278,-52.191236820759,0.357815737119568,101.711111111111,284.255555470785,16.7777777777778,17.7777777777778,16.5555555555556,14.4444444444444,15.5555555555556,"fire-before",1,0
"1167","NV4115111737319960826-105-after","NV4115111737319960826-105","NV4115111737319960826","105",105,"after","fire",2281.45629882812,1996,0.113155654674786,72.1453184425346,0.317325112129469,112.13,353.359994888306,12.6,34,8.3,32.3,11.7,"fire-after",1,1
"1168","NV4115111737319960826-105-before","NV4115111737319960826-105","NV4115111737319960826","105",105,"before","fire",2281.45629882812,1996,0.00481371229621018,179.655659355462,0.510253198650155,181.366666666667,355.444448259142,10.3333333333333,36.5555555555556,6.33333333333333,34.6666666666667,11.2222222222222,"fire-before",1,0
"1169","NV4115111737319960826-106-after","NV4115111737319960826-106","NV4115111737319960826","106",106,"after","fire",1553.19299316406,1996,0.328946394189909,77.8112053475881,0.644014035655706,159.05,246.966667175293,16.1666666666667,8,30.8333333333333,18.1666666666667,15.3333333333333,"fire-after",1,1
"1170","NV4115111737319960826-106-before","NV4115111737319960826-106","NV4115111737319960826","106",106,"before","fire",1553.19299316406,1996,0.713000444140103,-46.554081907899,0.51025838874479,117.166666666667,229.622225231595,17.3333333333333,17.4444444444444,19.1111111111111,22.2222222222222,14.6666666666667,"fire-before",1,0
"1171","NV4115111737319960826-111-after","NV4115111737319960826-111","NV4115111737319960826","111",111,"after","fire",1718.55187988281,1996,0.121375951169203,140.49236223627,0.50459616139652,184.99,366.6100025177,11.9,19.6,10.7,31.1,12.2,"fire-after",1,1
"1172","NV4115111737319960826-111-before","NV4115111737319960826-111","NV4115111737319960826","111",111,"before","fire",1718.55187988281,1996,0.203136181404313,108.090646812316,0.494695201759398,183.4,370.733331044515,11.4444444444444,26,8.77777777777778,33.5555555555556,12.3333333333333,"fire-before",1,0
"1173","NV4115111737319960826-12-after","NV4115111737319960826-12","NV4115111737319960826","12",12,"after","fire",1441.59729003906,1996,0.147232067281678,24.580335915966,0.270078467059439,54.04,200.089998245239,24.9,14.9,15.6,9.2,20.9,"fire-after",1,1
"1174","NV4115111737319960826-12-before","NV4115111737319960826-12","NV4115111737319960826","12",12,"before","fire",1441.59729003906,1996,0.31418253561179,-4.61661488626362,0.291673442710757,59.8222222222222,205.099996990628,22.2222222222222,16.2222222222222,13.2222222222222,9.33333333333333,18.2222222222222,"fire-before",1,0
"1175","NV4115111737319960826-172-after","NV4115111737319960826-172","NV4115111737319960826","172",172,"after","fire",1959.74108886719,1996,0.107709564609136,84.5515141081119,0.356273514508724,121.19,340.160003662109,10,16.5,19.6,30.8,11.4,"fire-after",1,1
"1176","NV4115111737319960826-172-before","NV4115111737319960826-172","NV4115111737319960826","172",172,"before","fire",1959.74108886719,1996,0.328763683109678,17.4774201817928,0.380363466790695,128.833333333333,338.71111339993,9.66666666666667,25,10.2222222222222,31.8888888888889,13.1111111111111,"fire-before",1,0
"1177","NV4115111737319960826-192-after","NV4115111737319960826-192","NV4115111737319960826","192",192,"after","fire",1905.29357910156,1996,0.0866249189078669,126.912438261091,0.432803248439299,158.67,366.6100025177,15.8,15.1,17.8,26.2,15.7,"fire-after",1,1
"1178","NV4115111737319960826-192-before","NV4115111737319960826-192","NV4115111737319960826","192",192,"before","fire",1905.29357910156,1996,0.289468178616629,19.2733867989573,0.341455375841804,126.588888888889,370.733331044515,19.5555555555556,22,8,25.4444444444444,17.3333333333333,"fire-before",1,0
"1179","NV4115111737319960826-240-after","NV4115111737319960826-240","NV4115111737319960826","240",240,"after","fire",1555.70349121094,1996,0.139019675238516,45.2261146797337,0.315017322714718,80.95,256.969995498657,19.5,19.2,12.2,18,17.6,"fire-after",1,1
"1180","NV4115111737319960826-240-before","NV4115111737319960826-240","NV4115111737319960826","240",240,"before","fire",1555.70349121094,1996,0.299041687312445,12.8085946788766,0.348863345830157,89.6888888888889,257.088885837131,18.5555555555556,22,12.5555555555556,18.3333333333333,17.8888888888889,"fire-before",1,0
"1181","NV4115111737319960826-295-after","NV4115111737319960826-295","NV4115111737319960826","295",295,"after","fire",1957.32629394531,1996,0.11796864683916,80.6845995559342,0.346304057533961,122.37,353.359994888306,11.4,20.5,15.1,27.5,10.8,"fire-after",1,1
"1182","NV4115111737319960826-295-before","NV4115111737319960826-295","NV4115111737319960826","295",295,"before","fire",1957.32629394531,1996,0.238847001862414,43.6142703157752,0.361550480646186,128.511111111111,355.444448259142,10.1111111111111,28.2222222222222,7.44444444444444,28.6666666666667,11.5555555555556,"fire-before",1,0
"1183","NV4115111737319960826-351-after","NV4115111737319960826-351","NV4115111737319960826","351",351,"after","fire",2132.7392578125,1996,0.0570295705894411,121.700821059447,0.414804793276515,141.1,340.160003662109,13.1,18.2,12.9,31.2,13.5,"fire-after",1,1
"1184","NV4115111737319960826-351-before","NV4115111737319960826-351","NV4115111737319960826","351",351,"before","fire",2132.7392578125,1996,0.19771540602665,83.3093724661722,0.443675367688154,150.277777777778,338.71111339993,13,23.6666666666667,8.22222222222222,34.4444444444444,14.2222222222222,"fire-before",1,0
"1185","NV4115111737319960826-356-after","NV4115111737319960826-356","NV4115111737319960826","356",356,"after","fire",1802.96264648438,1996,0.104653528002096,144.472969835666,0.498731618734741,182.84,366.6100025177,17.1,9.1,25.9,24,14.7,"fire-after",1,1
"1186","NV4115111737319960826-356-before","NV4115111737319960826-356","NV4115111737319960826","356",356,"before","fire",1802.96264648438,1996,0.419640456513095,-7.39692650636277,0.399688307928228,148.177777777778,370.733331044515,17,17.6666666666667,14.4444444444444,26.5555555555556,15.2222222222222,"fire-before",1,0
"1187","NV4115111737319960826-388-after","NV4115111737319960826-388","NV4115111737319960826","388",388,"after","fire",1805.97412109375,1996,0.138760297163195,115.167662103714,0.464681917521259,164.2,353.359994888306,18.5,9.7,29.5,25.1,14.4,"fire-after",1,1
"1188","NV4115111737319960826-388-before","NV4115111737319960826-388","NV4115111737319960826","388",388,"before","fire",1805.97412109375,1996,0.354184152629439,-3.39279071350273,0.344638945973042,122.5,355.444448259142,14.8888888888889,14.2222222222222,19,25.2222222222222,15.5555555555556,"fire-before",1,0
"1189","NV4115111737319960826-47-after","NV4115111737319960826-47","NV4115111737319960826","47",47,"after","fire",2565.62670898438,1996,0.0143911250035721,75.7347521423008,0.228718590585068,80.82,353.359994888306,14,33.2,7,30.8,10.9,"fire-after",1,1
"1190","NV4115111737319960826-47-before","NV4115111737319960826-47","NV4115111737319960826","47",47,"before","fire",2565.62670898438,1996,0.128865933869071,40.2397636809536,0.242075646042198,86.0444444444445,355.444448259142,11.1111111111111,32.5555555555556,6,31.5555555555556,10.7777777777778,"fire-before",1,0
"1191","NV4115111737319960826-512-after","NV4115111737319960826-512","NV4115111737319960826","512",512,"after","fire",1877.10266113281,1996,0.0870264422573265,201.00290263041,0.597482232781483,235.271428571429,393.77142224993,18.7142857142857,15.4285714285714,9.85714285714286,27.7142857142857,14.8571428571429,"fire-after",1,1
"1192","NV4115111737319960826-512-before","NV4115111737319960826-512","NV4115111737319960826","512",512,"before","fire",1877.10266113281,1996,0.412159506691878,28.9224137713676,0.493529222587064,175.422222222222,355.444448259142,12,19.8888888888889,7.11111111111111,30.2222222222222,15,"fire-before",1,0
"1193","NV4115111737319960826-671-after","NV4115111737319960826-671","NV4115111737319960826","671",671,"after","fire",2332.04150390625,1996,0.0408243701293254,84.3043007797832,0.279403445291558,98.73,353.359994888306,14.6,21.1,7.8,24.1,15.1,"fire-after",1,1
"1194","NV4115111737319960826-671-before","NV4115111737319960826-671","NV4115111737319960826","671",671,"before","fire",2332.04150390625,1996,0.133844843279322,66.8367046393611,0.321881834619901,114.411111111111,355.444448259142,13.3333333333333,22.7777777777778,6.44444444444444,27.3333333333333,14.7777777777778,"fire-before",1,0
"1195","NV4115111737319960826-673-after","NV4115111737319960826-673","NV4115111737319960826","673",673,"after","fire",1804.28747558594,1996,0.147590678920041,104.621780829535,0.432966910094976,158.73,366.6100025177,8.3,21.6,10.8,35.2,12,"fire-after",1,1
"1196","NV4115111737319960826-673-before","NV4115111737319960826-673","NV4115111737319960826","673",673,"before","fire",1804.28747558594,1996,0.310559660202056,43.0207382407945,0.426601932742231,158.155555555556,370.733331044515,8.55555555555556,28.3333333333333,7.33333333333333,36.5555555555556,12.7777777777778,"fire-before",1,0
"1197","NV4115111737319960826-69-after","NV4115111737319960826-69","NV4115111737319960826","69",69,"after","fire",1659.32995605469,1996,0.176617076245717,142.070590840626,0.578673316045962,204.48,353.359994888306,21.8,8.5,23,24.2,15.6,"fire-after",1,1
"1198","NV4115111737319960826-69-before","NV4115111737319960826-69","NV4115111737319960826","69",69,"before","fire",1659.32995605469,1996,0.527815836525329,-16.1092087961829,0.482494524362258,171.5,355.444448259142,10,10.4444444444444,31.1111111111111,25.7777777777778,11.6666666666667,"fire-before",1,0
"1199","NV4115111737319960826-736-after","NV4115111737319960826-736","NV4115111737319960826","736",736,"after","fire",1719.34802246094,1996,0.138557034848322,156.169205512791,0.547876982846444,209.033333333333,381.533336639404,10.6666666666667,8.77777777777778,31.6666666666667,25.6666666666667,13.3333333333333,"fire-after",1,1
"1200","NV4115111737319960826-736-before","NV4115111737319960826-736","NV4115111737319960826","736",736,"before","fire",1719.34802246094,1996,0.426272792089187,0.566467855129777,0.427800757900984,158.6,370.733331044515,13.1111111111111,18.1111111111111,13.1111111111111,29.5555555555556,15.8888888888889,"fire-before",1,0
"1201","NV4115111737319960826-742-after","NV4115111737319960826-742","NV4115111737319960826","742",742,"after","fire",2205.197265625,1996,0.316425925320256,130.347733069731,0.658669478542681,250.8625,380.862493515015,11.875,27.5,11.375,29.875,10.5,"fire-after",1,1
"1202","NV4115111737319960826-742-before","NV4115111737319960826-742","NV4115111737319960826","742",742,"before","fire",2205.197265625,1996,0.6137011502269,41.1057571963599,0.717403181627194,284.366666666667,396.383336385091,10.8333333333333,33.3333333333333,8.33333333333333,32.5,10.6666666666667,"fire-before",1,0
"1203","NV4115111737319960826-81-after","NV4115111737319960826-81","NV4115111737319960826","81",81,"after","fire",1675.38745117188,1996,0.119671620303841,50.1525011991948,0.267109592608818,90.86,340.160003662109,24,13.4,16.7,20.6,17,"fire-after",1,1
"1204","NV4115111737319960826-81-before","NV4115111737319960826-81","NV4115111737319960826","81",81,"before","fire",1675.38745117188,1996,0.250950097276516,9.25596869920621,0.278277127105258,94.2555555555556,338.71111339993,18.3333333333333,16.6666666666667,14.5555555555556,29,14.6666666666667,"fire-before",1,0
"1205","NV4115111737319960826-826-after","NV4115111737319960826-826","NV4115111737319960826","826",826,"after","fire",1564.19494628906,1996,0.254536956480658,79.3539542022447,0.590680786686838,139.442857142857,236.071428571429,16.8571428571429,7.71428571428571,38,16,16.1428571428571,"fire-after",1,1
"1206","NV4115111737319960826-826-before","NV4115111737319960826-826","NV4115111737319960826","826",826,"before","fire",1564.19494628906,1996,0.673339323554927,-42.9914515883968,0.486112448869622,111.622222222222,229.622225231595,14.5555555555556,15.4444444444444,22.2222222222222,21.7777777777778,15.2222222222222,"fire-before",1,0
"1207","NV4115111737319960826-880-after","NV4115111737319960826-880","NV4115111737319960826","880",880,"after","fire",1775.17907714844,1996,0.148218448956319,75.0620118602262,0.368885226508414,125.48,340.160003662109,11.5,11.7,19.6,28.7,13.4,"fire-after",1,1
"1208","NV4115111737319960826-880-before","NV4115111737319960826-880","NV4115111737319960826","880",880,"before","fire",1775.17907714844,1996,0.260208593012601,36.686679966695,0.368521188954434,124.822222222222,338.71111339993,13.5555555555556,16.2222222222222,14.1111111111111,28.1111111111111,15,"fire-before",1,0
"1209","NV4115111737319960826-893-after","NV4115111737319960826-893","NV4115111737319960826","893",893,"after","fire",1946.29052734375,1996,0.0836141981149242,75.4261986185722,0.28935380723792,106.08,366.6100025177,14.4,19,16.7,22.7,16.8,"fire-after",1,1
"1210","NV4115111737319960826-893-before","NV4115111737319960826-893","NV4115111737319960826","893",893,"before","fire",1946.29052734375,1996,0.174052104206775,45.0730836321154,0.295630284148473,109.6,370.733331044515,13.3333333333333,24.2222222222222,9.44444444444444,26.1111111111111,15.2222222222222,"fire-before",1,0
"1211","NV4115111737319960826-92-after","NV4115111737319960826-92","NV4115111737319960826","92",92,"after","fire",1521.31274414062,1996,0.0695356382182669,56.4946483988243,0.279662279114487,75.19,268.859998703003,27.6,15,13.2,11.7,21.3,"fire-after",1,1
"1212","NV4115111737319960826-92-before","NV4115111737319960826-92","NV4115111737319960826","92",92,"before","fire",1521.31274414062,1996,0.240629887832938,18.18303729679,0.307018260329338,84.0888888888889,273.888884650336,24.4444444444444,15.7777777777778,12,14.1111111111111,18.2222222222222,"fire-before",1,0
"1213","NV4115111737319960826-939-after","NV4115111737319960826-939","NV4115111737319960826","939",939,"after","fire",1913.40612792969,1996,0.17476883713133,111.220631721384,0.501734472491161,170.67,340.160003662109,12.9,10,36,24.6,15.3,"fire-after",1,1
"1214","NV4115111737319960826-939-before","NV4115111737319960826-939","NV4115111737319960826","939",939,"before","fire",1913.40612792969,1996,0.336197775352706,63.3927438543722,0.523356511356511,177.266666666667,338.71111339993,12,12,21.4444444444444,26.8888888888889,16.4444444444444,"fire-before",1,0
"1215","NV4118411702820010812-11-after","NV4118411702820010812-11","NV4118411702820010812","11",11,"after","fire",1682.62121582031,2001,0.139408595557112,39.5661605189624,0.279391473930937,78.97,282.64999961853,15,11,27.1,17.2,15.9,"fire-after",1,1
"1216","NV4118411702820010812-11-before","NV4118411702820010812-11","NV4118411702820010812","11",11,"before","fire",1682.62121582031,2001,0.143270417441608,31.4415056675444,0.237525813436984,79.2333333333333,333.577779134115,14.2222222222222,17.7777777777778,13.7777777777778,15.5555555555556,15,"fire-before",1,0
"1217","NV4118411702820010812-274-after","NV4118411702820010812-274","NV4118411702820010812","274",274,"after","fire",1538.08325195312,2001,0.185114503213738,17.0103439468472,0.2590146859631,59.62,230.179998397827,20.1,9.1,34.2,12.3,17.9,"fire-after",1,1
"1218","NV4118411702820010812-274-before","NV4118411702820010812-274","NV4118411702820010812","274",274,"before","fire",1538.08325195312,2001,0.190244731255227,7.6490973026261,0.218412438113844,59.3111111111111,271.555556191338,16.7777777777778,19.2222222222222,16.7777777777778,11.8888888888889,16.2222222222222,"fire-before",1,0
"1219","NV4118411702820010812-3-after","NV4118411702820010812-3","NV4118411702820010812","3",3,"after","fire",1695.79455566406,2001,0.119636540623765,55.0347318383307,0.314346365186321,88.85,282.64999961853,17,14.2,23.9,21,13.7,"fire-after",1,1
"1220","NV4118411702820010812-3-before","NV4118411702820010812-3","NV4118411702820010812","3",3,"before","fire",1695.79455566406,2001,0.185291097947915,32.0798959421018,0.28146026132976,93.8888888888889,333.577779134115,13.8888888888889,18.1111111111111,12.5555555555556,23.6666666666667,13.5555555555556,"fire-before",1,0
"1221","NV4118411702820010812-378-after","NV4118411702820010812-378","NV4118411702820010812","378",378,"after","fire",1594.44091796875,2001,0.165496134585188,39.9425176226283,0.306810543488551,86.72,282.64999961853,18.3,8.9,26.4,19.2,15.6,"fire-after",1,1
"1222","NV4118411702820010812-378-before","NV4118411702820010812-378","NV4118411702820010812","378",378,"before","fire",1594.44091796875,2001,0.172315025918015,21.3750918983867,0.236393310610332,78.8555555555556,333.577779134115,21.1111111111111,17.4444444444444,11.5555555555556,14.2222222222222,15.5555555555556,"fire-before",1,0
"1223","NV4118411702820010812-638-after","NV4118411702820010812-638","NV4118411702820010812","638",638,"after","fire",1548.34228515625,2001,0.218827147085236,18.2003676345192,0.297897299840485,68.57,230.179998397827,12.9,6.7,42.9,13.1,18.1,"fire-after",1,1
"1224","NV4118411702820010812-638-before","NV4118411702820010812-638","NV4118411702820010812","638",638,"before","fire",1548.34228515625,2001,0.281846783938984,2.70738427115378,0.291816693261134,79.2444444444444,271.555556191338,12.7777777777778,8.55555555555556,32.3333333333333,17.2222222222222,15.2222222222222,"fire-before",1,0
"1225","NV4118411702820010812-72-after","NV4118411702820010812-72","NV4118411702820010812","72",72,"after","fire",1464.03063964844,2001,0.160805330501139,11.1858292828858,0.209401339540782,48.2,230.179998397827,25.1,7,31.1,10.9,18.9,"fire-after",1,1
"1226","NV4118411702820010812-72-before","NV4118411702820010812-72","NV4118411702820010812","72",72,"before","fire",1464.03063964844,2001,0.283543582726093,-13.1533908672245,0.235106382428278,63.8444444444444,271.555556191338,19.2222222222222,12.4444444444444,24.8888888888889,14.3333333333333,15.5555555555556,"fire-before",1,0
"1227","NV4118411702820010812-780-after","NV4118411702820010812-780","NV4118411702820010812","780",780,"after","fire",1519.04956054688,2001,0.15119681688535,27.7175169315735,0.271613521744599,62.52,230.179998397827,14.7,7.4,35.9,13.4,13.4,"fire-after",1,1
"1228","NV4118411702820010812-780-before","NV4118411702820010812-780","NV4118411702820010812","780",780,"before","fire",1519.04956054688,2001,0.247238627592792,4.98319919427841,0.265589197414192,72.1222222222222,271.555556191338,13.6666666666667,10.5555555555556,31.5555555555556,17.8888888888889,12.8888888888889,"fire-before",1,0
"1229","NV4118411702820010812-900-after","NV4118411702820010812-900","NV4118411702820010812","900",900,"after","fire",1520.54943847656,2001,0.177209409726121,23.4399383531614,0.279042490429552,64.23,230.179998397827,18.2,6.7,36,13.2,19,"fire-after",1,1
"1230","NV4118411702820010812-900-before","NV4118411702820010812-900","NV4118411702820010812","900",900,"before","fire",1520.54943847656,2001,0.214930254607022,5.79005072339973,0.236252045273386,64.1555555555556,271.555556191338,16.5555555555556,16.4444444444444,19.8888888888889,13.5555555555556,16.2222222222222,"fire-before",1,0
"1231","NV4118411702820010812-904-after","NV4118411702820010812-904","NV4118411702820010812","904",904,"after","fire",1565.65649414062,2001,0.133757477764129,30.5434489609932,0.241818503775859,68.35,282.64999961853,19.8,16.9,21.5,16.4,15.6,"fire-after",1,1
"1232","NV4118411702820010812-904-before","NV4118411702820010812-904","NV4118411702820010812","904",904,"before","fire",1565.65649414062,2001,0.156297975881658,14.5069127666834,0.19978682218413,66.6444444444444,333.577779134115,18.5555555555556,22.8888888888889,11.3333333333333,12.4444444444444,15.1111111111111,"fire-before",1,0
"1233","NV4118711717119970809-141-after","NV4118711717119970809-141","NV4118711717119970809","141",141,"after","fire",1448.97509765625,1997,0.133161589638602,21.7799375159528,0.219607065060078,55.33,251.949999809265,27.8,7.2,33.9,11.1,18.4,"fire-after",1,1
"1234","NV4118711717119970809-141-before","NV4118711717119970809-141","NV4118711717119970809","141",141,"before","fire",1448.97509765625,1997,0.411913852980188,-37.0475388149812,0.25457719541443,59.9444444444444,235.466669930352,22.3333333333333,13.2222222222222,23.8888888888889,11.3333333333333,16.7777777777778,"fire-before",1,0
"1235","NV4118711717119970809-258-after","NV4118711717119970809-258","NV4118711717119970809","258",258,"after","fire",1449.12438964844,1997,0.214379892015542,1.69449824039468,0.221427380882573,53.24,240.440002441406,24.9,7.2,30.8,9.5,16.2,"fire-after",1,1
"1236","NV4118711717119970809-258-before","NV4118711717119970809-258","NV4118711717119970809","258",258,"before","fire",1449.12438964844,1997,0.362858987492043,-32.6147918090091,0.216378062406869,48.1777777777778,222.655555937025,29.6666666666667,14.5555555555556,16.8888888888889,8.33333333333333,14,"fire-before",1,0
"1237","NV4118711774819960826-1-after","NV4118711774819960826-1","NV4118711774819960826","1",1,"after","fire",1356.73901367188,1996,0.190262384888399,11.3637418610772,0.249004912302732,48.17,193.449998855591,38.7,6.5,29.3,10.7,23.4,"fire-after",1,1
"1238","NV4118711774819960826-1-before","NV4118711774819960826-1","NV4118711774819960826","1",1,"before","fire",1356.73901367188,1996,0.285048298052084,-3.35850319404309,0.267465534528602,51.0888888888889,191.011110941569,25.8888888888889,17.7777777777778,16.1111111111111,10,22,"fire-before",1,0
"1239","NV4118711774819960826-126-after","NV4118711774819960826-126","NV4118711774819960826","126",126,"after","fire",1806.90612792969,1996,0.252731042589125,43.4071468032411,0.38331027005221,127.42,332.420000076294,7.6,13.3,22.7,25.5,12.4,"fire-after",1,1
"1240","NV4118711774819960826-126-before","NV4118711774819960826-126","NV4118711774819960826","126",126,"before","fire",1806.90612792969,1996,0.226572172384402,42.5106631064933,0.357575756174583,116.033333333333,324.500001271566,13.8888888888889,21.8888888888889,12.7777777777778,24.4444444444444,13.3333333333333,"fire-before",1,0
"1241","NV4118711774819960826-140-after","NV4118711774819960826-140","NV4118711774819960826","140",140,"after","fire",1783.40380859375,1996,0.18803573290782,49.3131616524363,0.336381685741941,111.82,332.420000076294,11,14.3,18.9,22.7,12.5,"fire-after",1,1
"1242","NV4118711774819960826-140-before","NV4118711774819960826-140","NV4118711774819960826","140",140,"before","fire",1783.40380859375,1996,0.132761298060669,58.5189586104982,0.313097071192223,101.6,324.500001271566,16,23.2222222222222,9.88888888888889,22.3333333333333,12.8888888888889,"fire-before",1,0
"1243","NV4118711774819960826-17-after","NV4118711774819960826-17","NV4118711774819960826","17",17,"after","fire",1608.41796875,1996,0.16044159185122,30.3460060245768,0.251729739428417,83.68,332.420000076294,11.2,17.5,18.6,20.6,13,"fire-after",1,1
"1244","NV4118711774819960826-17-before","NV4118711774819960826-17","NV4118711774819960826","17",17,"before","fire",1608.41796875,1996,0.141447936912857,29.533477625251,0.232460194261155,75.4333333333333,324.500001271566,14.5555555555556,23.3333333333333,12.6666666666667,17,11.7777777777778,"fire-before",1,0
"1245","NV4118711774819960826-423-after","NV4118711774819960826-423","NV4118711774819960826","423",423,"after","fire",2205.67797851562,1996,0.136204786284754,58.6628049328306,0.312676734180087,103.94,332.420000076294,10.6,23.6,10.2,26.3,11.8,"fire-after",1,1
"1246","NV4118711774819960826-423-before","NV4118711774819960826-423","NV4118711774819960826","423",423,"before","fire",2205.67797851562,1996,0.102409846380359,67.501338052686,0.310426295650557,100.733333333333,324.500001271566,12,29,9.33333333333333,25.7777777777778,11.2222222222222,"fire-before",1,0
"1247","NV4118711774819960826-469-after","NV4118711774819960826-469","NV4118711774819960826","469",469,"after","fire",2271.2890625,1996,0.113867643341603,31.0081179916971,0.207147584333662,68.86,332.420000076294,12.2,27,8.6,22.4,10.7,"fire-after",1,1
"1248","NV4118711774819960826-469-before","NV4118711774819960826-469","NV4118711774819960826","469",469,"before","fire",2271.2890625,1996,0.0888242651317993,43.7431925184519,0.223626090546414,72.5666666666667,324.500001271566,15.2222222222222,30.3333333333333,7.55555555555556,22.8888888888889,10.2222222222222,"fire-before",1,0
"1249","NV4118711774819960826-479-after","NV4118711774819960826-479","NV4118711774819960826","479",479,"after","fire",1391.7265625,1996,0.130563743390319,13.5802806918687,0.185475719134102,45.87,247.309999465942,32.5,10.1,21,7.8,18.5,"fire-after",1,1
"1250","NV4118711774819960826-479-before","NV4118711774819960826-479","NV4118711774819960826","479",479,"before","fire",1391.7265625,1996,0.164010721051125,8.41643693503403,0.198315296740621,48.6555555555556,245.344440672133,30.3333333333333,17,14.8888888888889,7,15.4444444444444,"fire-before",1,0
"1251","NV4118711774819960826-515-after","NV4118711774819960826-515","NV4118711774819960826","515",515,"after","fire",1386.93383789062,1996,0.273995863410823,50.318083166199,0.477457443107799,118.08,247.309999465942,24.5,5.8,32.3,12.4,20.3,"fire-after",1,1
"1252","NV4118711774819960826-515-before","NV4118711774819960826-515","NV4118711774819960826","515",515,"before","fire",1386.93383789062,1996,0.286335601416758,47.2380409147757,0.478873246799571,117.488888888889,245.344440672133,27.1111111111111,9.66666666666667,28,12,18.8888888888889,"fire-before",1,0
"1253","NV4118711774819960826-552-after","NV4118711774819960826-552","NV4118711774819960826","552",552,"after","fire",1863.0517578125,1996,0.171703615198187,67.0167488320872,0.403451139934983,116.67,289.179998397827,10.8,19.1,12.4,34,12,"fire-after",1,1
"1254","NV4118711774819960826-552-before","NV4118711774819960826-552","NV4118711774819960826","552",552,"before","fire",1863.0517578125,1996,0.231827202381602,60.1873787935601,0.443019221417595,126.255555555556,284.988888634576,8.88888888888889,25.1111111111111,10.5555555555556,35.1111111111111,12.7777777777778,"fire-before",1,0
"1255","NV4118711774819960826-595-after","NV4118711774819960826-595","NV4118711774819960826","595",595,"after","fire",1411.36791992188,1996,0.231058030226171,83.1970386681639,0.567465934669279,140.34,247.309999465942,26.5,5.8,29.3,12.4,17.5,"fire-after",1,1
"1256","NV4118711774819960826-595-before","NV4118711774819960826-595","NV4118711774819960826","595",595,"before","fire",1411.36791992188,1996,0.242404874015825,63.1939784350554,0.499977363785442,122.666666666667,245.344440672133,25.5555555555556,14.2222222222222,19.7777777777778,11.6666666666667,19.6666666666667,"fire-before",1,0
"1257","NV4118711774819960826-598-after","NV4118711774819960826-598","NV4118711774819960826","598",598,"after","fire",1647.96325683594,1996,0.134753815691917,35.6618917941104,0.258074557069922,74.63,289.179998397827,15.3,20.3,11.2,13.5,16.2,"fire-after",1,1
"1258","NV4118711774819960826-598-before","NV4118711774819960826-598","NV4118711774819960826","598",598,"before","fire",1647.96325683594,1996,0.16705755151099,30.7682318346473,0.275020468879672,78.3777777777778,284.988888634576,15.1111111111111,23,7.55555555555556,17.1111111111111,15.3333333333333,"fire-before",1,0
"1259","NV4118711774819960826-659-after","NV4118711774819960826-659","NV4118711774819960826","659",659,"after","fire",1372.04663085938,1996,0.136513772314127,5.75294754091927,0.15640777457152,45.23,289.179998397827,23.6,11.1,21.3,11.2,15.9,"fire-after",1,1
"1260","NV4118711774819960826-659-before","NV4118711774819960826-659","NV4118711774819960826","659",659,"before","fire",1372.04663085938,1996,0.196994485151867,-2.77457272390434,0.187258762691957,53.3666666666667,284.988888634576,25.6666666666667,13.7777777777778,20.2222222222222,12.6666666666667,13.8888888888889,"fire-before",1,0
"1261","NV4118711774819960826-845-after","NV4118711774819960826-845","NV4118711774819960826","845",845,"after","fire",1822.72106933594,1996,0.170675007820195,48.4842138873894,0.316527284687596,105.22,332.420000076294,9.6,17,16.1,26.6,12.6,"fire-after",1,1
"1262","NV4118711774819960826-845-before","NV4118711774819960826-845","NV4118711774819960826","845",845,"before","fire",1822.72106933594,1996,0.155783849349055,45.6814740214758,0.296558807261138,96.2333333333333,324.500001271566,11.1111111111111,21.2222222222222,11.1111111111111,24.6666666666667,12.4444444444444,"fire-before",1,0
"1263","NV4123711703420000630-10-after","NV4123711703420000630-10","NV4123711703420000630","10",10,"after","fire",1726.7998046875,2000,0.224089608495979,60.4061988226202,0.433230623063306,125.13,288.829998016357,12.4,11.5,26.6,27.6,12.6,"fire-after",1,1
"1264","NV4123711703420000630-10-before","NV4123711703420000630-10","NV4123711703420000630","10",10,"before","fire",1726.7998046875,2000,0.268116064141428,32.6188001401155,0.367281447317065,120.811111111111,328.933334350586,14.1111111111111,23.2222222222222,9.88888888888889,26.8888888888889,15,"fire-before",1,0
"1265","NV4123711703420000630-169-after","NV4123711703420000630-169","NV4123711703420000630","169",169,"after","fire",1694.416015625,2000,0.18477521446803,49.5413751717268,0.356299555817508,102.91,288.829998016357,12.6,8.7,31.6,21.7,13.4,"fire-after",1,1
"1266","NV4123711703420000630-169-before","NV4123711703420000630-169","NV4123711703420000630","169",169,"before","fire",1694.416015625,2000,0.14858619921344,39.8472682764651,0.26972706307613,88.7222222222222,328.933334350586,19.1111111111111,22.3333333333333,7.33333333333333,18.3333333333333,14.6666666666667,"fire-before",1,0
"1267","NV4123711703420000630-235-after","NV4123711703420000630-235","NV4123711703420000630","235",235,"after","fire",1504.01574707031,2000,0.223400895394348,6.14002097608702,0.250317825308198,57.1,228.110003471375,24.6,7.7,30.6,12.4,18.3,"fire-after",1,1
"1268","NV4123711703420000630-235-before","NV4123711703420000630-235","NV4123711703420000630","235",235,"before","fire",1504.01574707031,2000,0.182871326141589,28.3616698776726,0.296626407662001,73.9555555555555,249.32222366333,30.7777777777778,12.5555555555556,18.6666666666667,17.1111111111111,16.1111111111111,"fire-before",1,0
"1269","NV4123711703420000630-263-after","NV4123711703420000630-263","NV4123711703420000630","263",263,"after","fire",1442.76171875,2000,0.423932036928999,13.7468615844992,0.484196213752898,110.45,228.110003471375,21.1,10.2,32,11.8,20.1,"fire-after",1,1
"1270","NV4123711703420000630-263-before","NV4123711703420000630-263","NV4123711703420000630","263",263,"before","fire",1442.76171875,2000,0.345988173159753,29.5596815288193,0.464548328345658,115.822222222222,249.32222366333,23.7777777777778,15.8888888888889,20.7777777777778,15.3333333333333,15.2222222222222,"fire-before",1,0
"1271","NV4123711703420000630-267-after","NV4123711703420000630-267","NV4123711703420000630","267",267,"after","fire",1478.34106445312,2000,0.211090172918331,1.63012226936928,0.217612227299807,54.39,249.939999580383,24.6,7.1,33,12.1,17.4,"fire-after",1,1
"1272","NV4123711703420000630-267-before","NV4123711703420000630-267","NV4123711703420000630","267",267,"before","fire",1478.34106445312,2000,0.245942446343263,-7.54074841951886,0.218564683964995,60.2,275.433335834079,27,15.4444444444444,19.4444444444444,15.1111111111111,13.8888888888889,"fire-before",1,0
"1273","NV4123711703420000630-269-after","NV4123711703420000630-269","NV4123711703420000630","269",269,"after","fire",1596.6455078125,2000,0.147729903996375,23.2611721217704,0.228265763434538,65.93,288.829998016357,29.6,13.7,14.4,17.1,14.2,"fire-after",1,1
"1274","NV4123711703420000630-269-before","NV4123711703420000630-269","NV4123711703420000630","269",269,"before","fire",1596.6455078125,2000,0.118128430556403,23.1102881221475,0.188386703916791,61.9666666666667,328.933334350586,26.8888888888889,21.7777777777778,6.33333333333333,11.5555555555556,15,"fire-before",1,0
"1275","NV4123711703420000630-497-after","NV4123711703420000630-497","NV4123711703420000630","497",497,"after","fire",1452.13366699219,2000,0.397916943932104,17.3765333142423,0.474951965580236,107.133333333333,225.566670099894,19.7777777777778,7,33.2222222222222,12.3333333333333,20.1111111111111,"fire-after",1,1
"1276","NV4123711703420000630-497-before","NV4123711703420000630-497","NV4123711703420000630","497",497,"before","fire",1452.13366699219,2000,0.461779010272825,-7.92065857116125,0.430010247525639,107.211111111111,249.32222366333,21.6666666666667,16.8888888888889,24.6666666666667,15.1111111111111,16.6666666666667,"fire-before",1,0
"1277","NV4123711703420000630-527-after","NV4123711703420000630-527","NV4123711703420000630","527",527,"after","fire",1495.43054199219,2000,0.347159114801701,21.4610509921368,0.433023926469169,108.23,249.939999580383,26.5,11,25.1,11.5,15.7,"fire-after",1,1
"1278","NV4123711703420000630-527-before","NV4123711703420000630-527","NV4123711703420000630","527",527,"before","fire",1495.43054199219,2000,0.43954553717713,-17.3432713334571,0.376578317610416,103.722222222222,275.433335834079,23.6666666666667,17.4444444444444,17.8888888888889,16,13.7777777777778,"fire-before",1,0
"1279","NV4123711703420000630-558-after","NV4123711703420000630-558","NV4123711703420000630","558",558,"after","fire",1458.57360839844,2000,0.362553395541268,31.2644822787907,0.501157570816565,113.044444444444,225.566670099894,21.2222222222222,6.33333333333333,31.1111111111111,13.6666666666667,20.2222222222222,"fire-after",1,1
"1280","NV4123711703420000630-558-before","NV4123711703420000630-558","NV4123711703420000630","558",558,"before","fire",1458.57360839844,2000,0.485819119930384,-13.6255032792053,0.431168944430568,107.5,249.32222366333,19.6666666666667,16.2222222222222,23.5555555555556,15.5555555555556,16.3333333333333,"fire-before",1,0
"1281","NV4123711703420000630-605-after","NV4123711703420000630-605","NV4123711703420000630","605",605,"after","fire",1458.04602050781,2000,0.453415806838392,7.75783961414038,0.487808474916104,110.033333333333,225.566670099894,19.3333333333333,7.44444444444444,35.5555555555556,11.7777777777778,21.7777777777778,"fire-after",1,1
"1282","NV4123711703420000630-605-before","NV4123711703420000630-605","NV4123711703420000630","605",605,"before","fire",1458.04602050781,2000,0.44746597815491,-2.60765713171365,0.437006994220791,108.955555555556,249.32222366333,17.8888888888889,15.7777777777778,27.5555555555556,16.4444444444444,15.7777777777778,"fire-before",1,0
"1283","NV4123711703420000630-619-after","NV4123711703420000630-619","NV4123711703420000630","619",619,"after","fire",1666.99829101562,2000,0.138475996392453,34.0139782366548,0.256240696978465,74.01,288.829998016357,21.9,13.1,20.7,18.1,15.8,"fire-after",1,1
"1284","NV4123711703420000630-619-before","NV4123711703420000630-619","NV4123711703420000630","619",619,"before","fire",1666.99829101562,2000,0.130581454805912,33.1029622218966,0.23121875350734,76.0555555555556,328.933334350586,18.7777777777778,20.1111111111111,9.44444444444444,15.8888888888889,16.4444444444444,"fire-before",1,0
"1285","NV4123711703420000630-686-after","NV4123711703420000630-686","NV4123711703420000630","686",686,"after","fire",1786.57897949219,2000,0.17869707106145,85.4719820762921,0.43471618444169,145.13,333.850004196167,7.7,9.1,36.3,28.1,12.1,"fire-after",1,1
"1286","NV4123711703420000630-686-before","NV4123711703420000630-686","NV4123711703420000630","686",686,"before","fire",1786.57897949219,2000,0.223888015067796,59.059059350976,0.38039574188034,143.544444444444,377.355550130208,10,18.3333333333333,14.7777777777778,30.7777777777778,12,"fire-before",1,0
"1287","NV4123711703420000630-755-after","NV4123711703420000630-755","NV4123711703420000630","755",755,"after","fire",1430.87255859375,2000,0.457681824230777,8.62901624866517,0.496894723076116,109.344444444444,220.055555767483,20.6666666666667,7.44444444444444,36.5555555555556,10.7777777777778,23.3333333333333,"fire-after",1,1
"1288","NV4123711703420000630-755-before","NV4123711703420000630-755","NV4123711703420000630","755",755,"before","fire",1430.87255859375,2000,0.46746634753126,-4.38992764434268,0.449474021403832,109.666666666667,243.988887998793,19.6666666666667,17.3333333333333,20.8888888888889,14.6666666666667,16.4444444444444,"fire-before",1,0
"1289","NV4123711703420000630-796-after","NV4123711703420000630-796","NV4123711703420000630","796",796,"after","fire",1451.9384765625,2000,0.464075413183127,7.3697558878173,0.496383316281038,113.23,228.110003471375,19.9,6,34,11.9,20.3,"fire-after",1,1
"1290","NV4123711703420000630-796-before","NV4123711703420000630-796","NV4123711703420000630","796",796,"before","fire",1451.9384765625,2000,0.387796630698996,23.9136817049793,0.483711392542572,120.6,249.32222366333,22.6666666666667,12.1111111111111,25.4444444444444,15.1111111111111,15.2222222222222,"fire-before",1,0
"1291","NV4123711703420000630-85-after","NV4123711703420000630-85","NV4123711703420000630","85",85,"after","fire",1524.755859375,2000,0.321662102870498,40.6737741435225,0.484396255914463,121.07,249.939999580383,26.4,8.9,23.7,13.9,18.3,"fire-after",1,1
"1292","NV4123711703420000630-85-before","NV4123711703420000630-85","NV4123711703420000630","85",85,"before","fire",1524.755859375,2000,0.372462697274818,-1.09975429527314,0.368469882491006,101.488888888889,275.433335834079,26.1111111111111,18.7777777777778,13.4444444444444,14.5555555555556,16.2222222222222,"fire-before",1,0
"1293","NV4123711703420000630-918-after","NV4123711703420000630-918","NV4123711703420000630","918",918,"after","fire",1468.30041503906,2000,0.196045880635677,5.07029267618315,0.216331920023912,54.07,249.939999580383,25.9,7.5,32.3,13.4,17,"fire-after",1,1
"1294","NV4123711703420000630-918-before","NV4123711703420000630-918","NV4123711703420000630","918",918,"before","fire",1468.30041503906,2000,0.180674313884733,5.73627102719438,0.201500663788326,55.5,275.433335834079,26,19,14.3333333333333,11.6666666666667,15.3333333333333,"fire-before",1,0
"1295","NV4123711703420000630-929-after","NV4123711703420000630-929","NV4123711703420000630","929",929,"after","fire",1463.16186523438,2000,0.341386273451898,36.923914956684,0.489117388994326,122.25,249.939999580383,23.5,5.2,39,13,17.1,"fire-after",1,1
"1296","NV4123711703420000630-929-before","NV4123711703420000630-929","NV4123711703420000630","929",929,"before","fire",1463.16186523438,2000,0.407917716024044,-4.14302615921001,0.392875868795698,108.211111111111,275.433335834079,21.7777777777778,17.6666666666667,21.3333333333333,16.5555555555556,16.2222222222222,"fire-before",1,0
"1297","NV4123711703420000630-940-after","NV4123711703420000630-940","NV4123711703420000630","940",940,"after","fire",1459.13208007812,2000,0.427170716019166,7.94452402336924,0.462391008183123,104.3,225.566670099894,18.8888888888889,6.55555555555556,31.1111111111111,13.5555555555556,21.6666666666667,"fire-after",1,1
"1298","NV4123711703420000630-940-before","NV4123711703420000630-940","NV4123711703420000630","940",940,"before","fire",1459.13208007812,2000,0.398889529184153,15.1590866988994,0.459690714398068,114.611111111111,249.32222366333,25.3333333333333,11.1111111111111,28.4444444444444,16.3333333333333,14,"fire-before",1,0
"1299","NV4123711703420000630-99-after","NV4123711703420000630-99","NV4123711703420000630","99",99,"after","fire",1980.046875,2000,0.141298901287319,88.9673612123147,0.407787923585005,136.14,333.850004196167,11.1,18.5,13.2,27.7,13.8,"fire-after",1,1
"1300","NV4123711703420000630-99-before","NV4123711703420000630-99","NV4123711703420000630","99",99,"before","fire",1980.046875,2000,0.154219697291509,72.082119065426,0.345238801265345,130.277777777778,377.355550130208,11.4444444444444,27.2222222222222,7.11111111111111,28.8888888888889,13.2222222222222,"fire-before",1,0
"1301","NV4132211765719990818-498-after","NV4132211765719990818-498","NV4132211765719990818","498",498,"after","fire",1395.46618652344,1999,0.2198452212025,45.7177129375438,0.359377382730455,117.75,327.650001525879,22.1,7.1,38.3,12.8,16.5,"fire-after",1,1
"1302","NV4132211765719990818-498-before","NV4132211765719990818-498","NV4132211765719990818","498",498,"before","fire",1395.46618652344,1999,0.295467861197285,-3.13391977040556,0.286914327377572,105.122222222222,366.388891008165,17.6666666666667,16.3333333333333,22.2222222222222,11.6666666666667,19.2222222222222,"fire-before",1,0
"1303","NV4132211765719990818-511-after","NV4132211765719990818-511","NV4132211765719990818","511",511,"after","fire",1426.94360351562,1999,0.17401951492152,55.2625056704314,0.34268273913355,112.28,327.650001525879,18.6,7.8,37.4,14.1,19.9,"fire-after",1,1
"1304","NV4132211765719990818-511-before","NV4132211765719990818-511","NV4132211765719990818","511",511,"before","fire",1426.94360351562,1999,0.233332258573766,6.50965254472728,0.251099316212482,92,366.388891008165,20.8888888888889,15,18,11.3333333333333,17.5555555555556,"fire-before",1,0
"1305","NV4133911718219960826-110-after","NV4133911718219960826-110","NV4133911718219960826","110",110,"after","fire",1596.87963867188,1996,0.175539847374983,27.7487263256299,0.293936939856973,68.89,234.36999797821,21.5,19.9,14.7,17.6,17.2,"fire-after",1,1
"1306","NV4133911718219960826-110-before","NV4133911718219960826-110","NV4133911718219960826","110",110,"before","fire",1596.87963867188,1996,0.289244261852781,2.85164627499542,0.301840490797546,68.3333333333333,226.388888888889,21.5555555555556,20.5555555555556,10.8888888888889,13.7777777777778,15.6666666666667,"fire-before",1,0
"1307","NV4133911718219960826-130-after","NV4133911718219960826-130","NV4133911718219960826","130",130,"after","fire",1448.28466796875,1996,0.195581855689911,5.641480877381,0.219652687818797,51.48,234.36999797821,27.6,16.1,14.4,11.4,19.1,"fire-after",1,1
"1308","NV4133911718219960826-130-before","NV4133911718219960826-130","NV4133911718219960826","130",130,"before","fire",1448.28466796875,1996,0.222068260513082,44.0039910227328,0.416441717791411,94.2777777777778,226.388888888889,27.5555555555556,13.5555555555556,16.4444444444444,12.5555555555556,18,"fire-before",1,0
"1309","NV4133911718219960826-178-after","NV4133911718219960826-178","NV4133911718219960826","178",178,"after","fire",1475.923828125,1996,0.352146858943546,-12.9934250078537,0.29408347143243,65.81,223.780002593994,19.4,8.4,26,13.8,17.9,"fire-after",1,1
"1310","NV4133911718219960826-178-before","NV4133911718219960826-178","NV4133911718219960826","178",178,"before","fire",1475.923828125,1996,0.469421080482044,-35.8332082646735,0.307092158342845,67.7888888888889,220.74444770813,21.8888888888889,13.5555555555556,23,14.3333333333333,16.7777777777778,"fire-before",1,0
"1311","NV4133911718219960826-187-after","NV4133911718219960826-187","NV4133911718219960826","187",187,"after","fire",1440.26245117188,1996,0.203339438834062,2.14286689394371,0.213153796681668,46.54,218.340000152588,25.4,13.3,19.1,9.6,17.5,"fire-after",1,1
"1312","NV4133911718219960826-187-before","NV4133911718219960826-187","NV4133911718219960826","187",187,"before","fire",1440.26245117188,1996,0.300266094422577,-16.7693640375447,0.222176231810748,47.7111111111111,214.744442833795,20.7777777777778,17,14.1111111111111,10,16.2222222222222,"fire-before",1,0
"1313","NV4133911718219960826-282-after","NV4133911718219960826-282","NV4133911718219960826","282",282,"after","fire",1511.40441894531,1996,0.187426383776542,13.4977233523025,0.247743316459716,55.44,223.780002593994,21.8,20.4,15.5,11.8,17.5,"fire-after",1,1
"1314","NV4133911718219960826-282-before","NV4133911718219960826-282","NV4133911718219960826","282",282,"before","fire",1511.40441894531,1996,0.282064090353616,-3.45297073229393,0.266421700394801,58.8111111111111,220.74444770813,18.7777777777778,20.5555555555556,14.3333333333333,10.4444444444444,16.6666666666667,"fire-before",1,0
"1315","NV4133911718219960826-303-after","NV4133911718219960826-303","NV4133911718219960826","303",303,"after","fire",1414.75939941406,1996,0.318585165577615,-17.9771352802933,0.233594928256185,49.41,211.520003318787,27.8,8.5,27.3,12.2,20.6,"fire-after",1,1
"1316","NV4133911718219960826-303-before","NV4133911718219960826-303","NV4133911718219960826","303",303,"before","fire",1414.75939941406,1996,0.469350866954227,-47.6034191523428,0.241061437531883,50.2666666666667,208.522222306993,31.8888888888889,16.1111111111111,16.4444444444444,10.1111111111111,15.4444444444444,"fire-before",1,0
"1317","NV4133911718219960826-329-after","NV4133911718219960826-329","NV4133911718219960826","329",329,"after","fire",1390.91906738281,1996,0.150942364592028,9.37267054054869,0.195253400869873,41.3,211.520003318787,32.4,15.7,14.6,10.3,21.6,"fire-after",1,1
"1318","NV4133911718219960826-329-before","NV4133911718219960826-329","NV4133911718219960826","329",329,"before","fire",1390.91906738281,1996,0.41270388452779,-31.7690422675747,0.260350615336158,54.2888888888889,208.522222306993,23.4444444444444,14.5555555555556,16.3333333333333,12.4444444444444,19.5555555555556,"fire-before",1,0
"1319","NV4133911718219960826-342-after","NV4133911718219960826-342","NV4133911718219960826","342",342,"after","fire",1423.17150878906,1996,0.265669197374984,-6.31488925164773,0.238725094861339,55.95,234.36999797821,26.4,11.6,26.1,11.6,18.6,"fire-after",1,1
"1320","NV4133911718219960826-342-before","NV4133911718219960826-342","NV4133911718219960826","342",342,"before","fire",1423.17150878906,1996,0.411907365378414,-30.8401396620576,0.275680981595092,62.4111111111111,226.388888888889,21.4444444444444,14,20.2222222222222,14.8888888888889,17.5555555555556,"fire-before",1,0
"1321","NV4133911718219960826-349-after","NV4133911718219960826-349","NV4133911718219960826","349",349,"after","fire",1428.94458007812,1996,0.179513762660153,3.62602059822395,0.196206611429539,42.62,217.219999313354,23.9,20.5,16,9.6,18,"fire-after",1,1
"1322","NV4133911718219960826-349-before","NV4133911718219960826-349","NV4133911718219960826","349",349,"before","fire",1428.94458007812,1996,0.266002210172443,-9.56782826817964,0.221169361294327,47.2,213.41111501058,19.1111111111111,18.2222222222222,12.8888888888889,9.11111111111111,15.6666666666667,"fire-before",1,0
"1323","NV4133911718219960826-361-after","NV4133911718219960826-361","NV4133911718219960826","361",361,"after","fire",1494.56091308594,1996,0.239025000271081,4.28098481930803,0.258155328136324,57.77,223.780002593994,28.6,12.3,17.2,13.8,17.7,"fire-after",1,1
"1324","NV4133911718219960826-361-before","NV4133911718219960826-361","NV4133911718219960826","361",361,"before","fire",1494.56091308594,1996,0.41055971222781,-26.0732213713812,0.292444753314527,64.5555555555556,220.74444770813,27.5555555555556,12.6666666666667,19,13.6666666666667,16,"fire-before",1,0
"1325","NV4133911718219960826-372-after","NV4133911718219960826-372","NV4133911718219960826","372",372,"after","fire",1575.17736816406,1996,0.186805966011378,20.2306636728844,0.264793180796031,68.69,259.410003662109,19.7,16.6,24.8,17.9,16.2,"fire-after",1,1
"1326","NV4133911718219960826-372-before","NV4133911718219960826-372","NV4133911718219960826","372",372,"before","fire",1575.17736816406,1996,0.262346704630765,3.21724003216431,0.27549260533277,67.4222222222222,244.733328289456,20.3333333333333,20.8888888888889,13.8888888888889,18.5555555555556,17.1111111111111,"fire-before",1,0
"1327","NV4133911718219960826-373-after","NV4133911718219960826-373","NV4133911718219960826","373",373,"after","fire",1420.24731445312,1996,0.279103916160848,-14.1669524768139,0.213884541694424,46.46,217.219999313354,25.5,10,25.7,10.3,18.9,"fire-after",1,1
"1328","NV4133911718219960826-373-before","NV4133911718219960826-373","NV4133911718219960826","373",373,"before","fire",1420.24731445312,1996,0.394141287461662,-34.3807982955654,0.233040033228203,49.7333333333333,213.41111501058,23.2222222222222,14.8888888888889,17.4444444444444,9.11111111111111,15.3333333333333,"fire-before",1,0
"1329","NV4133911718219960826-394-after","NV4133911718219960826-394","NV4133911718219960826","394",394,"after","fire",1391.03295898438,1996,0.163610155219302,4.59317942502606,0.185325261842592,39.2,211.520003318787,32.1,16.2,16.5,8,18.5,"fire-after",1,1
"1330","NV4133911718219960826-394-before","NV4133911718219960826-394","NV4133911718219960826","394",394,"before","fire",1391.03295898438,1996,0.420204082916286,-35.7774447477316,0.248627910593228,51.8444444444444,208.522222306993,27.2222222222222,15.1111111111111,17.1111111111111,11.4444444444444,15.6666666666667,"fire-before",1,0
"1331","NV4133911718219960826-403-after","NV4133911718219960826-403","NV4133911718219960826","403",403,"after","fire",1414.87768554688,1996,0.225260544015522,1.74119487588193,0.233041377225364,52.15,223.780002593994,22.7,10.9,27,12.3,19.3,"fire-after",1,1
"1332","NV4133911718219960826-403-before","NV4133911718219960826-403","NV4133911718219960826","403",403,"before","fire",1414.87768554688,1996,0.451447045595336,-45.0877620827427,0.247193835374809,54.5666666666667,220.74444770813,22.8888888888889,16.1111111111111,22.5555555555556,13.2222222222222,16.5555555555556,"fire-before",1,0
"1333","NV4133911718219960826-514-after","NV4133911718219960826-514","NV4133911718219960826","514",514,"after","fire",1478.03820800781,1996,0.163968883111738,14.8706131966127,0.227418186883098,53.3,234.36999797821,29.1,19.1,15.4,11.2,19.2,"fire-after",1,1
"1334","NV4133911718219960826-514-before","NV4133911718219960826-514","NV4133911718219960826","514",514,"before","fire",1478.03820800781,1996,0.254233424723557,-3.38895587491646,0.239263803680981,54.1666666666667,226.388888888889,31,18.3333333333333,13.6666666666667,9.77777777777778,17.7777777777778,"fire-before",1,0
"1335","NV4133911718219960826-534-after","NV4133911718219960826-534","NV4133911718219960826","534",534,"after","fire",1418.4404296875,1996,0.251515915026627,-12.2342321170893,0.196845113456899,44.05,223.780002593994,28.7,12.3,22.5,9,20.4,"fire-after",1,1
"1336","NV4133911718219960826-534-before","NV4133911718219960826-534","NV4133911718219960826","534",534,"before","fire",1418.4404296875,1996,0.402920271645276,-36.5646350569683,0.237277894513714,52.3777777777778,220.74444770813,23.6666666666667,16.4444444444444,17.5555555555556,10.5555555555556,17.3333333333333,"fire-before",1,0
"1337","NV4133911718219960826-551-after","NV4133911718219960826-551","NV4133911718219960826","551",551,"after","fire",1531.28137207031,1996,0.151135666952625,27.5383340418778,0.26863506653208,62.96,234.36999797821,24.2,18.3,17,15.6,17.7,"fire-after",1,1
"1338","NV4133911718219960826-551-before","NV4133911718219960826-551","NV4133911718219960826","551",551,"before","fire",1531.28137207031,1996,0.244694802801731,5.89270436571928,0.270723926380368,61.2888888888889,226.388888888889,20.8888888888889,20,12.6666666666667,13.5555555555556,16.8888888888889,"fire-before",1,0
"1339","NV4133911718219960826-561-after","NV4133911718219960826-561","NV4133911718219960826","561",561,"after","fire",1472.06640625,1996,0.217737140219202,13.2289468870444,0.274181851578009,64.26,234.36999797821,27.9,6.9,26,17.7,20.9,"fire-after",1,1
"1340","NV4133911718219960826-561-before","NV4133911718219960826-561","NV4133911718219960826","561",561,"before","fire",1472.06640625,1996,0.339337380242799,-10.4555458049669,0.293153374233129,66.3666666666667,226.388888888889,23.1111111111111,15.8888888888889,16.7777777777778,17.2222222222222,19.2222222222222,"fire-before",1,0
"1341","NV4133911718219960826-59-after","NV4133911718219960826-59","NV4133911718219960826","59",59,"after","fire",1522.32690429688,1996,0.206341886240503,-2.02714946529556,0.198527424821598,51.5,259.410003662109,19.6,12.3,20.7,10.8,13.7,"fire-after",1,1
"1342","NV4133911718219960826-59-before","NV4133911718219960826-59","NV4133911718219960826","59",59,"before","fire",1522.32690429688,1996,0.211700990479951,-7.25473244677731,0.182057572080489,44.5555555555556,244.733328289456,18.4444444444444,18.7777777777778,11.5555555555556,8.11111111111111,13.2222222222222,"fire-before",1,0
"1343","NV4133911718219960826-592-after","NV4133911718219960826-592","NV4133911718219960826","592",592,"after","fire",1424.65100097656,1996,0.25039987965071,2.10551428222836,0.259808737715871,58.14,223.780002593994,22.4,8.7,27.7,13.1,21.1,"fire-after",1,1
"1344","NV4133911718219960826-592-before","NV4133911718219960826-592","NV4133911718219960826","592",592,"before","fire",1424.65100097656,1996,0.440616071041215,-36.1968845866524,0.276639649606995,61.0666666666667,220.74444770813,20.4444444444444,17.4444444444444,21,14.2222222222222,18.1111111111111,"fire-before",1,0
"1345","NV4133911718219960826-620-after","NV4133911718219960826-620","NV4133911718219960826","620",620,"after","fire",1468.63745117188,1996,0.343517287279734,-10.2722994385406,0.29761372431849,66.6,223.780002593994,18.9,7.7,32.5,12.3,18.7,"fire-after",1,1
"1346","NV4133911718219960826-620-before","NV4133911718219960826-620","NV4133911718219960826","620",620,"before","fire",1468.63745117188,1996,0.499911804251687,-44.9971995767577,0.296068853527719,65.3555555555556,220.74444770813,26.1111111111111,14.1111111111111,22.2222222222222,14.5555555555556,16.7777777777778,"fire-before",1,0
"1347","NV4133911718219960826-666-after","NV4133911718219960826-666","NV4133911718219960826","666",666,"after","fire",1761.6416015625,1996,0.191805456799701,42.1149761013447,0.354060721468662,91.9,259.559997558594,15.4,12.2,20.2,24.6,15.6,"fire-after",1,1
"1348","NV4133911718219960826-666-before","NV4133911718219960826-666","NV4133911718219960826","666",666,"before","fire",1761.6416015625,1996,0.322305190036755,6.2927285515961,0.346765134973767,89.2111111111111,257.266668743557,17,21.7777777777778,11.6666666666667,24.8888888888889,16.8888888888889,"fire-before",1,0
"1349","NV4133911718219960826-703-after","NV4133911718219960826-703","NV4133911718219960826","703",703,"after","fire",1435.14233398438,1996,0.20633042325702,0.832339118408976,0.209881812622507,49.19,234.36999797821,24.8,15.3,17.9,10.9,19.1,"fire-after",1,1
"1350","NV4133911718219960826-703-before","NV4133911718219960826-703","NV4133911718219960826","703",703,"before","fire",1435.14233398438,1996,0.322708282782619,-23.0797917966208,0.220760736196319,49.9777777777778,226.388888888889,24.1111111111111,17.5555555555556,14.3333333333333,9,16.5555555555556,"fire-before",1,0
"1351","NV4133911718219960826-771-after","NV4133911718219960826-771","NV4133911718219960826","771",771,"after","fire",1483.00476074219,1996,0.19020630687795,11.121348241572,0.237658405429429,55.7,234.36999797821,25.3,16.6,16.3,10.7,20.9,"fire-after",1,1
"1352","NV4133911718219960826-771-before","NV4133911718219960826-771","NV4133911718219960826","771",771,"before","fire",1483.00476074219,1996,0.345917801438372,-19.3786133811871,0.260319018404908,58.9333333333333,226.388888888889,22.5555555555556,16.8888888888889,15.4444444444444,11.7777777777778,18,"fire-before",1,0
"1353","NV4133911718219960826-777-after","NV4133911718219960826-777","NV4133911718219960826","777",777,"after","fire",1467.04455566406,1996,0.193468281243316,9.91683931615632,0.235781032029269,55.26,234.36999797821,25.1,17.3,17.3,12.7,19.1,"fire-after",1,1
"1354","NV4133911718219960826-777-before","NV4133911718219960826-777","NV4133911718219960826","777",777,"before","fire",1467.04455566406,1996,0.353147638275182,-16.4709236650759,0.28039263803681,63.4777777777778,226.388888888889,24.6666666666667,16.2222222222222,18,16.2222222222222,17.4444444444444,"fire-before",1,0
"1355","NV4133911718219960826-783-after","NV4133911718219960826-783","NV4133911718219960826","783",783,"after","fire",1550.15502929688,1996,0.192655034976454,22.5974398420764,0.289072836047465,67.75,234.36999797821,27.5,9.7,24.5,18.3,18.8,"fire-after",1,1
"1356","NV4133911718219960826-783-before","NV4133911718219960826-783","NV4133911718219960826","783",783,"before","fire",1550.15502929688,1996,0.244909847967068,8.03290941856646,0.28039263803681,63.4777777777778,226.388888888889,29.5555555555556,16.4444444444444,12.1111111111111,13.8888888888889,18.3333333333333,"fire-before",1,0
"1357","NV4133911718219960826-797-after","NV4133911718219960826-797","NV4133911718219960826","797",797,"after","fire",1564.47473144531,1996,0.198061669585395,21.88028689971,0.291419552797666,68.3,234.36999797821,27.1,14.1,17.8,16.5,17.7,"fire-after",1,1
"1358","NV4133911718219960826-797-before","NV4133911718219960826-797","NV4133911718219960826","797",797,"before","fire",1564.47473144531,1996,0.30631376499659,-4.39047735339467,0.286920245398773,64.9555555555555,226.388888888889,24.1111111111111,19.2222222222222,11.4444444444444,13.8888888888889,16.7777777777778,"fire-before",1,0
"1359","NV4133911718219960826-844-after","NV4133911718219960826-844","NV4133911718219960826","844",844,"after","fire",1592.111328125,1996,0.205339763240676,21.2345201044365,0.295942315988962,69.36,234.36999797821,16.2,13.7,22.1,16.3,18.9,"fire-after",1,1
"1360","NV4133911718219960826-844-before","NV4133911718219960826-844","NV4133911718219960826","844",844,"before","fire",1592.111328125,1996,0.302242065132502,-2.93535641194138,0.289276073619632,65.4888888888889,226.388888888889,17.6666666666667,18.1111111111111,13.8888888888889,14.6666666666667,17.7777777777778,"fire-before",1,0
"1361","NV4133911718219960826-848-after","NV4133911718219960826-848","NV4133911718219960826","848",848,"after","fire",1401.82055664062,1996,0.202085917928499,-0.605214030916145,0.199224656480786,42.14,211.520003318787,31.6,14.6,17,10.8,17.4,"fire-after",1,1
"1362","NV4133911718219960826-848-before","NV4133911718219960826-848","NV4133911718219960826","848",848,"before","fire",1401.82055664062,1996,0.383234234983215,-31.4572987872648,0.232375979017803,48.4555555555556,208.522222306993,30.3333333333333,16.7777777777778,15.7777777777778,10.8888888888889,15.4444444444444,"fire-before",1,0
"1363","NV4133911718219960826-854-after","NV4133911718219960826-854","NV4133911718219960826","854",854,"after","fire",1413.48291015625,1996,0.248599338091355,-6.21074804950448,0.22000736649971,47.79,217.219999313354,22.2,15.9,24.1,10.7,19.8,"fire-after",1,1
"1364","NV4133911718219960826-854-before","NV4133911718219960826-854","NV4133911718219960826","854",854,"before","fire",1413.48291015625,1996,0.369182825925951,-24.887718523614,0.252564164698394,53.9,213.41111501058,17.2222222222222,17.3333333333333,18.8888888888889,11.5555555555556,17.5555555555556,"fire-before",1,0
"1365","NV4133911718219960826-90-after","NV4133911718219960826-90","NV4133911718219960826","90",90,"after","fire",1488.96435546875,1996,0.187107572336272,66.00759864984,0.468746003958296,109.86,234.36999797821,35.4,7.5,17.8,15.1,20.8,"fire-after",1,1
"1366","NV4133911718219960826-90-before","NV4133911718219960826-90","NV4133911718219960826","90",90,"before","fire",1488.96435546875,1996,0.49617110129106,-32.4609576533929,0.352785276073619,79.8666666666667,226.388888888889,26.6666666666667,16.7777777777778,14.6666666666667,14.1111111111111,19.4444444444444,"fire-before",1,0
"1367","NV4137211700719960812-284-after","NV4137211700719960812-284","NV4137211700719960812","284",284,"after","fire",2041.25805664062,1996,0.125896086061717,70.1751960565376,0.318020043641136,116.16,365.259996414185,16.3,23.2,13.8,27.4,17.4,"fire-after",1,1
"1368","NV4137211700719960812-284-before","NV4137211700719960812-284","NV4137211700719960812","284",284,"before","fire",2041.25805664062,1996,0.128516525040606,68.297142732814,0.327035494863092,112.511111111111,344.033332400852,14.7777777777778,28.8888888888889,7.33333333333333,26.1111111111111,15.5555555555556,"fire-before",1,0
"1369","NV4137211700719960812-338-after","NV4137211700719960812-338","NV4137211700719960812","338",338,"after","fire",2137.64599609375,1996,0.110778303419221,121.977117290326,0.444724310339756,162.44,365.259996414185,12.9,28.4,10.9,30.6,15.2,"fire-after",1,1
"1370","NV4137211700719960812-338-before","NV4137211700719960812-338","NV4137211700719960812","338",338,"before","fire",2137.64599609375,1996,0.239082262124224,77.1477326434694,0.463327198232857,159.4,344.033332400852,9.55555555555556,35.7777777777778,4.88888888888889,29.6666666666667,13.1111111111111,"fire-before",1,0
"1371","NV4137211700719960812-554-after","NV4137211700719960812-554","NV4137211700719960812","554",554,"after","fire",1745.13305664062,1996,0.214993007863049,14.9406393010596,0.262700767886118,82.27,313.170001983643,18.9,13.7,23.2,18,16.4,"fire-after",1,1
"1372","NV4137211700719960812-554-before","NV4137211700719960812-554","NV4137211700719960812","554",554,"before","fire",1745.13305664062,1996,0.195568608855818,13.6889773454475,0.241832520407449,71.5555555555556,295.888888041178,17.7777777777778,21.5555555555556,8.55555555555556,16.2222222222222,15.7777777777778,"fire-before",1,0
"1373","NV4137211700719960812-909-after","NV4137211700719960812-909","NV4137211700719960812","909",909,"after","fire",2026.82727050781,1996,0.254524409324119,87.4024151629497,0.493812631469969,180.37,365.259996414185,15.8,21.3,15.6,34.3,17.7,"fire-after",1,1
"1374","NV4137211700719960812-909-before","NV4137211700719960812-909","NV4137211700719960812","909",909,"before","fire",2026.82727050781,1996,0.220578626511343,89.2024889537888,0.479863063665398,165.088888888889,344.033332400852,17.1111111111111,25.8888888888889,6.55555555555556,32.5555555555556,19.2222222222222,"fire-before",1,0
"1375","NV4140911774319990813-482-after","NV4140911774319990813-482","NV4140911774319990813","482",482,"after","fire",1984.5986328125,1999,0.114236066289467,150.287929824595,0.401995137730917,209.95,522.269998550415,6.1,28.6,16.9,35.2,10.5,"fire-after",1,1
"1376","NV4140911774319990813-482-before","NV4140911774319990813-482","NV4140911774319990813","482",482,"before","fire",1984.5986328125,1999,0.105300094824051,132.765104224225,0.333977642838708,193.9,580.577784644233,7.44444444444444,35,11.8888888888889,30.2222222222222,11.8888888888889,"fire-before",1,0
"1377","NV4140911774319990813-530-after","NV4140911774319990813-530","NV4140911774319990813","530",530,"after","fire",1569.875,1999,0.194023267208384,102.191325467175,0.537379255858781,159.9375,297.624998092651,12.375,12.625,25.125,22.375,14.75,"fire-after",1,1
"1378","NV4140911774319990813-530-before","NV4140911774319990813-530","NV4140911774319990813","530",530,"before","fire",1569.875,1999,0.286642156453559,28.3979177206576,0.376222352820922,119.266666666667,317.01111263699,15.8888888888889,21.6666666666667,10.2222222222222,21,16.3333333333333,"fire-before",1,0
"1379","NV4140911774319990813-533-after","NV4140911774319990813-533","NV4140911774319990813","533",533,"after","fire",2108.42724609375,1999,0.127586943150897,138.025167385529,0.391866277151748,204.66,522.269998550415,5.4,29.5,19.5,37.2,9.8,"fire-after",1,1
"1380","NV4140911774319990813-533-before","NV4140911774319990813-533","NV4140911774319990813","533",533,"before","fire",2108.42724609375,1999,0.111828676885024,138.60808784773,0.350570308951891,203.533333333333,580.577784644233,6.88888888888889,39.8888888888889,10.7777777777778,31.7777777777778,12.1111111111111,"fire-before",1,0
"1381","NV4140911774319990813-67-after","NV4140911774319990813-67","NV4140911774319990813","67",67,"after","fire",1762.10876464844,1999,0.0349184973593926,83.4031164347274,0.194611982848156,101.64,522.269998550415,17,22.5,18.3,23.8,13.5,"fire-after",1,1
"1382","NV4140911774319990813-67-before","NV4140911774319990813-67","NV4140911774319990813","67",67,"before","fire",1762.10876464844,1999,0.04234978296621,72.5793234919804,0.167362012871727,97.1666666666667,580.577784644233,17.8888888888889,27.4444444444444,9,24.7777777777778,11.1111111111111,"fire-before",1,0
"1383","NV4140911777419970810-781-after","NV4140911777419970810-781","NV4140911777419970810","781",781,"after","fire",1523.41687011719,1997,0.205328264879937,28.8160690378263,0.300462201015858,91.01,302.899997711182,15.2,10.6,29.5,18.9,14.1,"fire-after",1,1
"1384","NV4140911777419970810-781-before","NV4140911777419970810-781","NV4140911777419970810","781",781,"before","fire",1523.41687011719,1997,0.20655676242356,22.0406446761047,0.285988870685924,79.3555555555556,277.477775149875,18.3333333333333,20.3333333333333,12.8888888888889,17,17.1111111111111,"fire-before",1,0
"1385","NV4143011696219990805-248-after","NV4143011696219990805-248","NV4143011696219990805","248",248,"after","fire",1604.74389648438,1999,0.0903558840029735,25.9110090486599,0.170757438160981,55.03,322.270002365112,17,20.7,11.8,13.7,14.6,"fire-after",1,1
"1386","NV4143011696219990805-248-before","NV4143011696219990805-248","NV4143011696219990805","248",248,"before","fire",1604.74389648438,1999,0.120825841243301,21.0144766905027,0.179772480206673,64.0888888888889,356.499998304579,17.1111111111111,20.6666666666667,9.66666666666667,14.6666666666667,13.8888888888889,"fire-before",1,0
"1387","NV4143011696219990805-254-after","NV4143011696219990805-254","NV4143011696219990805","254",254,"after","fire",1666.90930175781,1999,0.131275221873381,35.9139339363848,0.242715733471778,78.22,322.270002365112,22.1,15.9,15.4,20,16.1,"fire-after",1,1
"1388","NV4143011696219990805-254-before","NV4143011696219990805-254","NV4143011696219990805","254",254,"before","fire",1666.90930175781,1999,0.176796461191488,27.9609507738679,0.25522830104238,90.9888888888889,356.499998304579,21.1111111111111,19.3333333333333,13.6666666666667,22.7777777777778,16.5555555555556,"fire-before",1,0
"1389","NV4143011696219990805-451-after","NV4143011696219990805-451","NV4143011696219990805","451",451,"after","fire",1637.76672363281,1999,0.22295436256958,83.0784970473895,0.480745954829745,154.93,322.270002365112,18.4,13.1,28.7,21.9,16,"fire-after",1,1
"1390","NV4143011696219990805-451-before","NV4143011696219990805-451","NV4143011696219990805","451",451,"before","fire",1637.76672363281,1999,0.363407734933967,3.66736533439225,0.373694874770806,133.222222222222,356.499998304579,18.8888888888889,22.6666666666667,11.3333333333333,23.5555555555556,16.2222222222222,"fire-before",1,0
"1391","NV4143011696219990805-537-after","NV4143011696219990805-537","NV4143011696219990805","537",537,"after","fire",1655.44018554688,1999,0.146805180281888,40.947283886152,0.30184392905846,79.72,264.109999656677,15.6,20.1,15.1,23.5,15.4,"fire-after",1,1
"1392","NV4143011696219990805-537-before","NV4143011696219990805-537","NV4143011696219990805","537",537,"before","fire",1655.44018554688,1999,0.222955667657217,25.4263505266916,0.310445021676602,90.2222222222222,290.622222688463,16.5555555555556,22.7777777777778,14.3333333333333,23.8888888888889,14.7777777777778,"fire-before",1,0
"1393","NV4143011696219990805-556-after","NV4143011696219990805-556","NV4143011696219990805","556",556,"after","fire",1567.71459960938,1999,0.275761985440762,65.5985021199156,0.524137670591604,138.43,264.109999656677,17.2,15.5,28.9,19.9,15,"fire-after",1,1
"1394","NV4143011696219990805-556-before","NV4143011696219990805-556","NV4143011696219990805","556",556,"before","fire",1567.71459960938,1999,0.412567051488437,5.60995759951612,0.431870315869323,125.511111111111,290.622222688463,16,22.2222222222222,13.8888888888889,22.3333333333333,15.6666666666667,"fire-before",1,0
"1395","NV4143011696219990805-57-after","NV4143011696219990805-57","NV4143011696219990805","57",57,"after","fire",1676.72827148438,1999,0.217813294808381,59.2153089669502,0.401557697118165,129.41,322.270002365112,14.2,11.9,32.8,19.2,15.3,"fire-after",1,1
"1396","NV4143011696219990805-57-before","NV4143011696219990805-57","NV4143011696219990805","57",57,"before","fire",1676.72827148438,1999,0.291155343228425,9.11423174380857,0.316721210794073,112.911111111111,356.499998304579,16.4444444444444,21.4444444444444,11.8888888888889,19,15.7777777777778,"fire-before",1,0
"1397","NV4143011696219990805-782-after","NV4143011696219990805-782","NV4143011696219990805","782",782,"after","fire",1584.46875,1999,0.18077990510121,83.7200595554684,0.440562258224535,141.98,322.270002365112,15,8.8,32.3,19.4,16.4,"fire-after",1,1
"1398","NV4143011696219990805-782-before","NV4143011696219990805-782","NV4143011696219990805","782",782,"before","fire",1584.46875,1999,0.308892705480259,3.16863990887968,0.31778089601027,113.288888888889,356.499998304579,15.8888888888889,21.5555555555556,12.8888888888889,20.4444444444444,15.5555555555556,"fire-before",1,0
"1399","NV4143511804519960724-281-after","NV4143511804519960724-281","NV4143511804519960724","281",281,"after","fire",1270.03759765625,1996,0.326560659057805,-30.18120186772,0.172731904706861,33.89,196.200001716614,28.5,10.5,20.5,9.3,19.6,"fire-after",1,1
"1400","NV4143511804519960724-281-before","NV4143511804519960724-281","NV4143511804519960724","281",281,"before","fire",1270.03759765625,1996,0.163001864850744,31.202117336562,0.324587141914271,62.6777777777778,193.100002076891,34.1111111111111,16,16.6666666666667,7.44444444444444,15.7777777777778,"fire-before",1,0
"1401","NV4149411707519960826-119-after","NV4149411707519960826-119","NV4149411707519960826","119",119,"after","fire",1647.50964355469,1996,0.170602795814542,18.9524406057855,0.241141877685122,64.79,268.68000125885,24.7,17.1,20.1,16.7,15.1,"fire-after",1,1
"1402","NV4149411707519960826-119-before","NV4149411707519960826-119","NV4149411707519960826","119",119,"before","fire",1647.50964355469,1996,0.256635856351566,-1.43849978940981,0.251082994191639,65.0444444444445,259.0555551317,26.3333333333333,18.6666666666667,18.1111111111111,16.5555555555556,14.1111111111111,"fire-before",1,0
"1403","NV4149411707519960826-147-after","NV4149411707519960826-147","NV4149411707519960826","147",147,"after","fire",1668.16040039062,1996,0.175278148183603,18.2862418758766,0.245669408323034,63.82,259.780004501343,27.2,19,13.1,15.4,16.4,"fire-after",1,1
"1404","NV4149411707519960826-147-before","NV4149411707519960826-147","NV4149411707519960826","147",147,"before","fire",1668.16040039062,1996,0.305129963002944,-12.8335891048594,0.252331323932756,61.3333333333333,243.066664801704,28.1111111111111,19.2222222222222,12.2222222222222,14.8888888888889,14.7777777777778,"fire-before",1,0
"1405","NV4149411707519960826-156-after","NV4149411707519960826-156","NV4149411707519960826","156",156,"after","fire",1646.26428222656,1996,0.210456589349549,3.08758627143694,0.222341977824169,57.76,259.780004501343,15.3,12.8,20.3,16.2,18.5,"fire-after",1,1
"1406","NV4149411707519960826-156-before","NV4149411707519960826-156","NV4149411707519960826","156",156,"before","fire",1646.26428222656,1996,0.268914618570866,-7.83084611910924,0.236697752776053,57.5333333333333,243.066664801704,16.4444444444444,17.3333333333333,12.6666666666667,16.6666666666667,18.5555555555556,"fire-before",1,0
"1407","NV4149411707519960826-166-after","NV4149411707519960826-166","NV4149411707519960826","166",166,"after","fire",1653.80798339844,1996,0.233942192293762,17.8523241892301,0.307215563513897,74.85,243.640000343323,15.5,11.3,29.7,20.6,15.1,"fire-after",1,1
"1408","NV4149411707519960826-166-before","NV4149411707519960826-166","NV4149411707519960826","166",166,"before","fire",1653.80798339844,1996,0.3660963244802,-7.35224829093036,0.33410684625122,76.7888888888889,229.833329518636,20.8888888888889,19.3333333333333,17.2222222222222,20.8888888888889,17,"fire-before",1,0
"1409","NV4149411707519960826-195-after","NV4149411707519960826-195","NV4149411707519960826","195",195,"after","fire",1519.73364257812,1996,0.19798842250262,13.1865667110555,0.248748937101762,64.62,259.780004501343,16.4,10.2,19.8,19.2,14.3,"fire-after",1,1
"1410","NV4149411707519960826-195-before","NV4149411707519960826-195","NV4149411707519960826","195",195,"before","fire",1519.73364257812,1996,0.253702159776106,-1.64431560754483,0.24693728476173,60.0222222222222,243.066664801704,17.5555555555556,16.6666666666667,13.8888888888889,14.3333333333333,14.1111111111111,"fire-before",1,0
"1411","NV4149411707519960826-26-after","NV4149411707519960826-26","NV4149411707519960826","26",26,"after","fire",1563.24829101562,1996,0.198798368227994,2.26615900687216,0.20752174557654,53.91,259.780004501343,18.7,20.4,15.6,14.9,14.9,"fire-after",1,1
"1412","NV4149411707519960826-26-before","NV4149411707519960826-26","NV4149411707519960826","26",26,"before","fire",1563.24829101562,1996,0.235247456902129,-2.10303697450531,0.22659535737947,55.0777777777778,243.066664801704,16.4444444444444,21.3333333333333,12,15.3333333333333,14.2222222222222,"fire-before",1,0
"1413","NV4149411707519960826-260-after","NV4149411707519960826-260","NV4149411707519960826","260",260,"after","fire",1598.40295410156,1996,0.183371308884787,5.08380055249298,0.202940946518182,52.72,259.780004501343,31.2,16.6,11,12.9,17.2,"fire-after",1,1
"1414","NV4149411707519960826-260-before","NV4149411707519960826-260","NV4149411707519960826","260",260,"before","fire",1598.40295410156,1996,0.290857567000925,-12.9755565210307,0.237474860114252,57.7222222222222,243.066664801704,25.4444444444444,19.6666666666667,11.1111111111111,15.7777777777778,15.7777777777778,"fire-before",1,0
"1415","NV4149411707519960826-279-after","NV4149411707519960826-279","NV4149411707519960826","279",279,"after","fire",1499.95983886719,1996,0.238990079771998,-2.46754311770039,0.228862255464728,55.76,243.640000343323,25.5,12.5,18.4,14.4,16.9,"fire-after",1,1
"1416","NV4149411707519960826-279-before","NV4149411707519960826-279","NV4149411707519960826","279",279,"before","fire",1499.95983886719,1996,0.280888634779959,-9.50201459986659,0.239545568394559,55.0555555555556,229.833329518636,23.6666666666667,19.4444444444444,14.5555555555556,11,18.1111111111111,"fire-before",1,0
"1417","NV4149411707519960826-288-after","NV4149411707519960826-288","NV4149411707519960826","288",288,"after","fire",1582.77600097656,1996,0.215217518100852,16.6253569657365,0.277095428208941,74.45,268.68000125885,15.9,16.2,22.6,21.1,15.4,"fire-after",1,1
"1418","NV4149411707519960826-288-before","NV4149411707519960826-288","NV4149411707519960826","288",288,"before","fire",1582.77600097656,1996,0.360866905989652,-16.0845766598085,0.298777611468902,77.4,259.0555551317,14.7777777777778,22.2222222222222,19.1111111111111,22,15,"fire-before",1,0
"1419","NV4149411707519960826-294-after","NV4149411707519960826-294","NV4149411707519960826","294",294,"after","fire",1573.45764160156,1996,0.260140011815669,10.6008265595462,0.300946949901203,78.18,259.780004501343,10.6,8.8,35.4,22.1,15,"fire-after",1,1
"1420","NV4149411707519960826-294-before","NV4149411707519960826-294","NV4149411707519960826","294",294,"before","fire",1573.45764160156,1996,0.301267952749704,-1.15041870872997,0.296535017817353,72.0777777777778,243.066664801704,13.4444444444444,15.2222222222222,18.4444444444444,20.1111111111111,16.8888888888889,"fire-before",1,0
"1421","NV4149411707519960826-324-after","NV4149411707519960826-324","NV4149411707519960826","324",324,"after","fire",1572.31506347656,1996,0.153975367609062,18.1398980369653,0.221490247585146,59.51,268.68000125885,14,19.5,15.1,15.6,15,"fire-after",1,1
"1422","NV4149411707519960826-324-before","NV4149411707519960826-324","NV4149411707519960826","324",324,"before","fire",1572.31506347656,1996,0.240934038195495,-0.893078792634005,0.237486597000188,61.5222222222222,259.0555551317,16.4444444444444,23,13.7777777777778,15.4444444444444,14,"fire-before",1,0
"1423","NV4149411707519960826-357-after","NV4149411707519960826-357","NV4149411707519960826","357",357,"after","fire",1450.8828125,1996,0.196000521436805,1.40643288984544,0.201773107579735,49.16,243.640000343323,27.6,11.9,17.3,13.2,17.7,"fire-after",1,1
"1424","NV4149411707519960826-357-before","NV4149411707519960826-357","NV4149411707519960826","357",357,"before","fire",1450.8828125,1996,0.302937070533578,-19.013924444243,0.220207883761295,50.6111111111111,229.833329518636,20,18.4444444444444,14.4444444444444,10.7777777777778,16,"fire-before",1,0
"1425","NV4149411707519960826-39-after","NV4149411707519960826-39","NV4149411707519960826","39",39,"after","fire",1629.03625488281,1996,0.155628389240917,18.7557641828375,0.225435461203702,60.57,268.68000125885,22.8,21.3,16.4,13.5,14.7,"fire-after",1,1
"1426","NV4149411707519960826-39-before","NV4149411707519960826-39","NV4149411707519960826","39",39,"before","fire",1629.03625488281,1996,0.2301193732572,3.13074245874155,0.242204589716465,62.7444444444444,259.0555551317,20.8888888888889,20.2222222222222,15.3333333333333,14.7777777777778,14.4444444444444,"fire-before",1,0
"1427","NV4149411707519960826-424-after","NV4149411707519960826-424","NV4149411707519960826","424",424,"after","fire",1647.74975585938,1996,0.165832252585338,18.8741901666135,0.236080094174522,63.43,268.68000125885,14.3,16.7,21.8,15.8,15.3,"fire-after",1,1
"1428","NV4149411707519960826-424-before","NV4149411707519960826-424","NV4149411707519960826","424",424,"before","fire",1647.74975585938,1996,0.268834848469243,-2.55427202005735,0.258974909280682,67.0888888888889,259.0555551317,15,18,16.2222222222222,16.4444444444444,14,"fire-before",1,0
"1429","NV4149411707519960826-442-after","NV4149411707519960826-442","NV4149411707519960826","442",442,"after","fire",1646.23046875,1996,0.222284357180615,4.24496869104181,0.238624986241694,61.99,259.780004501343,16,14.5,19.5,16.3,16.5,"fire-after",1,1
"1430","NV4149411707519960826-442-before","NV4149411707519960826-442","NV4149411707519960826","442",442,"before","fire",1646.23046875,1996,0.302370086736338,-11.540532963248,0.254891206929175,61.9555555555556,243.066664801704,16.4444444444444,16.2222222222222,14.1111111111111,15.8888888888889,16.5555555555556,"fire-before",1,0
"1431","NV4149411707519960826-501-after","NV4149411707519960826-501","NV4149411707519960826","501",501,"after","fire",1581.80480957031,1996,0.253532193120621,2.60740572988985,0.263569169349391,68.47,259.780004501343,11.6,9.3,32.3,18.8,16.7,"fire-after",1,1
"1432","NV4149411707519960826-501-before","NV4149411707519960826-501","NV4149411707519960826","501",501,"before","fire",1581.80480957031,1996,0.293212762667201,-10.9369149654766,0.24821722625994,60.3333333333333,243.066664801704,16,19.6666666666667,15,18,17.7777777777778,"fire-before",1,0
"1433","NV4149411707519960826-519-after","NV4149411707519960826-519","NV4149411707519960826","519",519,"after","fire",1449.87634277344,1996,0.267583132330819,-8.74587556142085,0.230106697631802,53.7,233.369999885559,24.7,7.7,17.5,15.1,18.5,"fire-after",1,1
"1434","NV4149411707519960826-519-before","NV4149411707519960826-519","NV4149411707519960826","519",519,"before","fire",1449.87634277344,1996,0.365424784580193,-25.7992284770735,0.251010151302493,56.6,225.488888422648,22.4444444444444,11,19.5555555555556,15.1111111111111,17,"fire-before",1,0
"1435","NV4149411707519960826-542-after","NV4149411707519960826-542","NV4149411707519960826","542",542,"after","fire",1588.1923828125,1996,0.190042239167246,19.4808262536876,0.265031945519287,68.85,259.780004501343,26.7,19.1,12,16.8,17.1,"fire-after",1,1
"1436","NV4149411707519960826-542-before","NV4149411707519960826-542","NV4149411707519960826","542",542,"before","fire",1588.1923828125,1996,0.272342633455972,3.56925106921059,0.28702688097351,69.7666666666667,243.066664801704,26.4444444444444,19.3333333333333,11.5555555555556,18.2222222222222,17.4444444444444,"fire-before",1,0
"1437","NV4149411707519960826-630-after","NV4149411707519960826-630","NV4149411707519960826","630",630,"after","fire",1635.3193359375,1996,0.242189396557714,17.0529753395294,0.312181907292813,76.06,243.640000343323,23.8,12.7,24.1,19.5,16.8,"fire-after",1,1
"1438","NV4149411707519960826-630-before","NV4149411707519960826-630","NV4149411707519960826","630",630,"before","fire",1635.3193359375,1996,0.35589652711103,-4.94132823449184,0.334396911520719,76.8555555555556,229.833329518636,25.7777777777778,19,16.3333333333333,19.4444444444444,18.3333333333333,"fire-before",1,0
"1439","NV4149411707519960826-670-after","NV4149411707519960826-670","NV4149411707519960826","670",670,"after","fire",1587.88110351562,1996,0.229866531274637,10.049460087763,0.267269613158953,71.81,268.68000125885,12.4,14.7,26.8,22.2,14.3,"fire-after",1,1
"1440","NV4149411707519960826-670-before","NV4149411707519960826-670","NV4149411707519960826","670",670,"before","fire",1587.88110351562,1996,0.349296708166965,-20.4650304176464,0.270298091799745,70.0222222222222,259.0555551317,14.6666666666667,20.4444444444444,15.5555555555556,19.7777777777778,14,"fire-before",1,0
"1441","NV4149411707519960826-696-after","NV4149411707519960826-696","NV4149411707519960826","696",696,"after","fire",1630.88952636719,1996,0.209187286350786,14.2136094816758,0.267525857446036,65.18,243.640000343323,22.3,19.8,19.8,15.9,15.9,"fire-after",1,1
"1442","NV4149411707519960826-696-before","NV4149411707519960826-696","NV4149411707519960826","696",696,"before","fire",1630.88952636719,1996,0.333092018533423,-10.5112032111754,0.287357993650304,66.0444444444445,229.833329518636,20,19.1111111111111,17.3333333333333,15.3333333333333,15.4444444444444,"fire-before",1,0
"1443","NV4149411707519960826-769-after","NV4149411707519960826-769","NV4149411707519960826","769",769,"after","fire",1608.27404785156,1996,0.240652972406279,10.6931697450352,0.281815377363355,73.21,259.780004501343,21.4,12.5,23.3,19.6,15.5,"fire-after",1,1
"1444","NV4149411707519960826-769-before","NV4149411707519960826-769","NV4149411707519960826","769",769,"before","fire",1608.27404785156,1996,0.33638472482548,-5.71946870912385,0.312854271919526,76.0444444444445,243.066664801704,20,21.6666666666667,12.6666666666667,20,17.4444444444444,"fire-before",1,0
"1445","NV4149411707519960826-935-after","NV4149411707519960826-935","NV4149411707519960826","935",935,"after","fire",1432.46789550781,1996,0.226147744503744,-4.10609910895821,0.208552941782864,48.67,233.369999885559,30.4,10.1,19.8,15.2,18,"fire-after",1,1
"1446","NV4149411707519960826-935-before","NV4149411707519960826-935","NV4149411707519960826","935",935,"before","fire",1432.46789550781,1996,0.340572915301127,-21.5287414314453,0.245097073533294,55.2666666666667,225.488888422648,25.2222222222222,9.88888888888889,23.8888888888889,15.2222222222222,16.6666666666667,"fire-before",1,0
"1447","NV4149411707519960826-95-after","NV4149411707519960826-95","NV4149411707519960826","95",95,"after","fire",1542.50732421875,1996,0.154938714089168,9.23073164612118,0.192825479944995,46.98,243.640000343323,11.7,16.7,25.3,11.1,14.5,"fire-after",1,1
"1448","NV4149411707519960826-95-before","NV4149411707519960826-95","NV4149411707519960826","95",95,"before","fire",1542.50732421875,1996,0.231922699980467,-4.67023299412904,0.211602614099492,48.6333333333333,229.833329518636,13.3333333333333,21.1111111111111,18.4444444444444,10.1111111111111,11.8888888888889,"fire-before",1,0
"1449","NV4152811891720000908-265-after","NV4152811891720000908-265","NV4152811891720000908","265",265,"after","fire",1808.33642578125,2000,0.127331465213003,80.1536248208316,0.431750849534375,113.68,263.300003051758,11,16.9,15.1,26.7,12.5,"fire-after",1,1
"1450","NV4152811891720000908-265-before","NV4152811891720000908-265","NV4152811891720000908","265",265,"before","fire",1808.33642578125,2000,0.205038917228186,30.4959345569778,0.29991703073137,96.4,321.422227223714,16,21,9.33333333333333,25.6666666666667,12.4444444444444,"fire-before",1,0
"1451","NV4152811891720000908-655-after","NV4152811891720000908-655","NV4152811891720000908","655",655,"after","fire",2011.99267578125,2000,0.038058004334268,99.5229349338436,0.275571570207251,115.47,419.020002365112,11.6,23.9,9.5,25.3,11.7,"fire-after",1,1
"1452","NV4152811891720000908-655-before","NV4152811891720000908-655","NV4152811891720000908","655",655,"before","fire",2011.99267578125,2000,0.0676779471565716,85.5927003522255,0.239305766910089,119.344444444444,498.711109161377,13.6666666666667,27.6666666666667,5.66666666666667,28.5555555555556,12.7777777777778,"fire-before",1,0
"1453","NV4152811891720000908-678-after","NV4152811891720000908-678","NV4152811891720000908","678",678,"after","fire",1798.28369140625,2000,0.0724799298876478,73.8760342393911,0.35305734493944,92.96,263.300003051758,14,20.4,10.5,20.8,14.6,"fire-after",1,1
"1454","NV4152811891720000908-678-before","NV4152811891720000908-678","NV4152811891720000908","678",678,"before","fire",1798.28369140625,2000,0.121638487441985,46.0582420058289,0.264933624196083,85.1555555555556,321.422227223714,15.3333333333333,22.1111111111111,7,21.4444444444444,14.1111111111111,"fire-before",1,0
"1455","NV4152811891720000908-689-after","NV4152811891720000908-689","NV4152811891720000908","689",689,"after","fire",1785.33654785156,2000,0.166153480361829,66.4456726074964,0.40951450855598,111.811111111111,273.033332824707,14.8888888888889,12.5555555555556,15.4444444444444,21.3333333333333,14.4444444444444,"fire-after",1,1
"1456","NV4152811891720000908-689-before","NV4152811891720000908-689","NV4152811891720000908","689",689,"before","fire",1785.33654785156,2000,0.133543470799336,91.8558366952969,0.419520543211935,134.75,321.200003623962,12.625,11.875,22.5,30.625,11.75,"fire-before",1,0
"1457","NV4152811891720000908-744-after","NV4152811891720000908-744","NV4152811891720000908","744",744,"after","fire",2148.44604492188,2000,0.0438031962122796,154.972380422844,0.392221025488407,174.455555555556,444.788892534044,6.88888888888889,24.1111111111111,16.3333333333333,30.8888888888889,13.3333333333333,"fire-after",1,1
"1458","NV4152811891720000908-744-before","NV4152811891720000908-744","NV4152811891720000908","744",744,"before","fire",2148.44604492188,2000,0.0990518433625748,104.801745332171,0.30919704247074,154.2,498.711109161377,8.88888888888889,30,6.22222222222222,30.5555555555556,16.1111111111111,"fire-before",1,0
"1459","NV4152811891720000908-886-after","NV4152811891720000908-886","NV4152811891720000908","886",886,"after","fire",2253.39990234375,2000,0.00909110958768011,106.370643239069,0.262946874559928,110.18,419.020002365112,9.9,28,9.2,29.5,10.6,"fire-after",1,1
"1460","NV4152811891720000908-886-before","NV4152811891720000908-886","NV4152811891720000908","886",886,"before","fire",2253.39990234375,2000,-0.0555991157854612,154.73900781287,0.254678728381829,127.011111111111,498.711109161377,14,30.7777777777778,6.44444444444444,26.1111111111111,12.1111111111111,"fire-before",1,0
"1461","NV4152811891720000908-98-after","NV4152811891720000908-98","NV4152811891720000908","98",98,"after","fire",2191.40698242188,2000,0.0496883772827183,106.829576033477,0.304639394968005,127.65,419.020002365112,11,24.8,12.3,24.8,12.8,"fire-after",1,1
"1462","NV4152811891720000908-98-before","NV4152811891720000908-98","NV4152811891720000908","98",98,"before","fire",2191.40698242188,2000,0.106276130174878,65.2766910208855,0.23716692009663,118.277777777778,498.711109161377,13.3333333333333,28.1111111111111,7,24.5555555555556,11.7777777777778,"fire-before",1,0
"1463","NV4156911899519970804-369-after","NV4156911899519970804-369","NV4156911899519970804","369",369,"after","fire",2000.880859375,1997,0.083299405883604,71.5260415762028,0.321014321770422,96.59,300.890002250671,12.6,23.8,5.5,23.1,11.7,"fire-after",1,1
"1464","NV4156911899519970804-369-before","NV4156911899519970804-369","NV4156911899519970804","369",369,"before","fire",2000.880859375,1997,0.123411341464211,56.8617713317454,0.298970842436507,96.8333333333333,323.888886769613,11.3333333333333,24.5555555555556,4.66666666666667,24,13.2222222222222,"fire-before",1,0
"1465","NV4156911899519970804-544-after","NV4156911899519970804-544","NV4156911899519970804","544",544,"after","fire",1967.4794921875,1997,0.0779267111943983,93.7126316933301,0.389378175159153,117.16,300.890002250671,11.9,23.6,7.4,24,14,"fire-after",1,1
"1466","NV4156911899519970804-544-before","NV4156911899519970804-544","NV4156911899519970804","544",544,"before","fire",1967.4794921875,1997,0.155010495822998,80.5938230702836,0.403842198182737,130.8,323.888886769613,11.5555555555556,24.4444444444444,4.77777777777778,27.5555555555556,16.8888888888889,"fire-before",1,0
"1467","NV4156911899519970804-790-after","NV4156911899519970804-790","NV4156911899519970804","790",790,"after","fire",1961.78442382812,1997,0.162339051119797,104.977371127287,0.472911501683198,159.85,338.012502193451,9.625,26.25,12.375,34.125,12.5,"fire-after",1,1
"1468","NV4156911899519970804-790-before","NV4156911899519970804-790","NV4156911899519970804","790",790,"before","fire",1961.78442382812,1997,0.220520965503187,76.6423766404793,0.457152661653343,148.066666666667,323.888886769613,9.22222222222222,31,6.44444444444444,29.7777777777778,13.8888888888889,"fire-before",1,0
"1469","NV4158311803020000717-152-after","NV4158311803020000717-152","NV4158311803020000717","152",152,"after","fire",1739.4111328125,2000,0.197873824190329,39.2606692609447,0.337775722224027,94.79,280.629997253418,16.5,9.3,26,20.2,14.9,"fire-after",1,1
"1470","NV4158311803020000717-152-before","NV4158311803020000717-152","NV4158311803020000717","152",152,"before","fire",1739.4111328125,2000,0.130334222954097,46.7523572966314,0.279184941921241,87.6888888888889,314.088891347249,18.6666666666667,19.7777777777778,14.8888888888889,19.7777777777778,16.2222222222222,"fire-before",1,0
"1471","NV4158311803020000717-208-after","NV4158311803020000717-208","NV4158311803020000717","208",208,"after","fire",1540.10375976562,2000,0.0679943990604483,100.395961956025,0.373232795090392,122.76,328.910003662109,22.8,9.3,17.2,15.3,20.7,"fire-after",1,1
"1472","NV4158311803020000717-208-before","NV4158311803020000717-208","NV4158311803020000717","208",208,"before","fire",1540.10375976562,2000,0.155854534848277,47.9221307564346,0.285272759811277,105.633333333333,370.288889143202,19.4444444444444,14.2222222222222,13.6666666666667,14.5555555555556,21.4444444444444,"fire-before",1,0
"1473","NV4158311803020000717-22-after","NV4158311803020000717-22","NV4158311803020000717","22",22,"after","fire",1882.11291503906,2000,0.216294975943106,75.4584186704573,0.445714628219709,146.6,328.910003662109,8.5,14.4,21.8,32.1,11.9,"fire-after",1,1
"1474","NV4158311803020000717-22-before","NV4158311803020000717-22","NV4158311803020000717","22",22,"before","fire",1882.11291503906,2000,0.16618182949866,79.2536038480449,0.380213646741211,140.788888888889,370.288889143202,10,25.4444444444444,11.3333333333333,32.1111111111111,13.7777777777778,"fire-before",1,0
"1475","NV4158311803020000717-231-after","NV4158311803020000717-231","NV4158311803020000717","231",231,"after","fire",1544.88464355469,2000,0.424776658031335,64.154716059843,0.655079576401991,182.483333333333,278.566665649414,12.1666666666667,5.83333333333333,42.3333333333333,21.6666666666667,13,"fire-after",1,1
"1476","NV4158311803020000717-231-before","NV4158311803020000717-231","NV4158311803020000717","231",231,"before","fire",1544.88464355469,2000,0.322071736665635,47.8789784399048,0.483413209663328,143.455555555556,296.755555470784,18.3333333333333,19.3333333333333,16.2222222222222,24.3333333333333,16.6666666666667,"fire-before",1,0
"1477","NV4158311803020000717-256-after","NV4158311803020000717-256","NV4158311803020000717","256",256,"after","fire",1315.30554199219,2000,0.18773024506242,22.2593160798137,0.276771071096235,69.19,249.989999771118,16,5,35.7,14.1,18.9,"fire-after",1,1
"1478","NV4158311803020000717-256-before","NV4158311803020000717-256","NV4158311803020000717","256",256,"before","fire",1315.30554199219,2000,0.169829759506133,28.4576309378433,0.265725625356722,78.8555555555556,296.755555470784,14.5555555555556,12.3333333333333,28.6666666666667,17,19.5555555555556,"fire-before",1,0
"1479","NV4158311803020000717-299-after","NV4158311803020000717-299","NV4158311803020000717","299",299,"after","fire",1649.79638671875,2000,0.353143694329717,32.2976079353422,0.482339294013355,120.58,249.989999771118,12,13.4,23.5,22.6,13.6,"fire-after",1,1
"1480","NV4158311803020000717-299-before","NV4158311803020000717-299","NV4158311803020000717","299",299,"before","fire",1649.79638671875,2000,0.259213915165659,38.965719508147,0.390519694585122,115.888888888889,296.755555470784,11.6666666666667,21.1111111111111,13.4444444444444,27.8888888888889,13.4444444444444,"fire-before",1,0
"1481","NV4158311803020000717-326-after","NV4158311803020000717-326","NV4158311803020000717","326",326,"after","fire",1940.45288085938,2000,0.149859561577205,63.4861631203075,0.340927556486195,113.28,332.270002365112,15,18.3,17.8,24.1,13.1,"fire-after",1,1
"1482","NV4158311803020000717-326-before","NV4158311803020000717-326","NV4158311803020000717","326",326,"before","fire",1940.45288085938,2000,0.0912217804074072,71.1092372242596,0.276428879051964,106.133333333333,383.944447835286,16.7777777777778,25.3333333333333,10.3333333333333,23.6666666666667,14.1111111111111,"fire-before",1,0
"1483","NV4158311803020000717-391-after","NV4158311803020000717-391","NV4158311803020000717","391",391,"after","fire",1259.61401367188,2000,0.179698681983718,3.52420943875085,0.196445543064207,41.34,210.439999580383,38.8,14.4,18.6,8.2,14.4,"fire-after",1,1
"1484","NV4158311803020000717-391-before","NV4158311803020000717-391","NV4158311803020000717","391",391,"before","fire",1259.61401367188,2000,0.196761272465057,9.77091626228273,0.237458350939617,57.0111111111111,240.088886684842,24.8888888888889,19.2222222222222,20.2222222222222,15.5555555555556,13.6666666666667,"fire-before",1,0
"1485","NV4158311803020000717-401-after","NV4158311803020000717-401","NV4158311803020000717","401",401,"after","fire",1327.62890625,2000,0.223648168384431,9.09019443676521,0.260010400654073,65,249.989999771118,15.6,8.5,33.3,14.2,19.2,"fire-after",1,1
"1486","NV4158311803020000717-401-before","NV4158311803020000717-401","NV4158311803020000717","401",401,"before","fire",1327.62890625,2000,0.2487146707309,5.31476195574065,0.266624232515882,79.1222222222222,296.755555470784,13,10.3333333333333,35.2222222222222,19.2222222222222,14.6666666666667,"fire-before",1,0
"1487","NV4158311803020000717-43-after","NV4158311803020000717-43","NV4158311803020000717","43",43,"after","fire",1561.86657714844,2000,0.199719107135925,79.3103877405298,0.440850075660694,145,328.910003662109,17.5,10.4,28.7,17.7,15.6,"fire-after",1,1
"1488","NV4158311803020000717-43-before","NV4158311803020000717-43","NV4158311803020000717","43",43,"before","fire",1561.86657714844,2000,0.118607137536447,83.8033170193962,0.344925883457519,127.722222222222,370.288889143202,22.4444444444444,18.5555555555556,17,18.4444444444444,15.7777777777778,"fire-before",1,0
"1489","NV4158311803020000717-432-after","NV4158311803020000717-432","NV4158311803020000717","432",432,"after","fire",1659.19873046875,2000,0.260969717988484,24.20018025979,0.357774311300004,89.44,249.989999771118,13,13.1,24,17.5,15.1,"fire-after",1,1
"1490","NV4158311803020000717-432-before","NV4158311803020000717-432","NV4158311803020000717","432",432,"before","fire",1659.19873046875,2000,0.143941794631275,43.2289172231788,0.289613599004402,85.9444444444444,296.755555470784,13.5555555555556,20.4444444444444,19.1111111111111,21.7777777777778,14.7777777777778,"fire-before",1,0
"1491","NV4158311803020000717-437-after","NV4158311803020000717-437","NV4158311803020000717","437",437,"after","fire",1674.94226074219,2000,0.274604215687468,72.7978197058489,0.534012762237501,149.86,280.629997253418,21.6,8.6,24.6,17.6,17.2,"fire-after",1,1
"1492","NV4158311803020000717-437-before","NV4158311803020000717-437","NV4158311803020000717","437",437,"before","fire",1674.94226074219,2000,0.144555224553892,39.0745875591931,0.268961367641561,84.4777777777778,314.088891347249,22.2222222222222,19.4444444444444,15.4444444444444,19.3333333333333,18,"fire-before",1,0
"1493","NV4158311803020000717-447-after","NV4158311803020000717-447","NV4158311803020000717","447",447,"after","fire",1803.23999023438,2000,0.189231208832794,87.7499624098202,0.456021398954121,149.99,328.910003662109,16.7,8.5,24.2,18.5,17.9,"fire-after",1,1
"1494","NV4158311803020000717-447-before","NV4158311803020000717-447","NV4158311803020000717","447",447,"before","fire",1803.23999023438,2000,0.124186970320234,31.0927224918387,0.20815579413178,77.0777777777778,370.288889143202,20.7777777777778,20,14.8888888888889,18,17.6666666666667,"fire-before",1,0
"1495","NV4158311803020000717-459-after","NV4158311803020000717-459","NV4158311803020000717","459",459,"after","fire",1848.7646484375,2000,0.182865184879275,80.4438113716854,0.42744215266991,140.59,328.910003662109,8.7,9.1,27.9,29.1,12.4,"fire-after",1,1
"1496","NV4158311803020000717-459-before","NV4158311803020000717-459","NV4158311803020000717","459",459,"before","fire",1848.7646484375,2000,0.209215730333573,61.085295179053,0.374182319853437,138.555555555556,370.288889143202,11.8888888888889,19.3333333333333,14,32,13.8888888888889,"fire-before",1,0
"1497","NV4158311803020000717-460-after","NV4158311803020000717-460","NV4158311803020000717","460",460,"after","fire",1670.77917480469,2000,0.343608078917339,53.5014164301002,0.557622305402734,139.4,249.989999771118,16.7,8.2,27.3,15.4,18.8,"fire-after",1,1
"1498","NV4158311803020000717-460-before","NV4158311803020000717-460","NV4158311803020000717","460",460,"before","fire",1670.77917480469,2000,0.242438544841977,40.4772371801127,0.378837801516037,112.422222222222,296.755555470784,17.7777777777778,16.1111111111111,16,15.5555555555556,18.8888888888889,"fire-before",1,0
"1499","NV4158311803020000717-502-after","NV4158311803020000717-502","NV4158311803020000717","502",502,"after","fire",1671.52270507812,2000,0.180645242484528,114.913972632871,0.53002340475813,174.33,328.910003662109,16.6,10.3,24.6,21.1,15,"fire-after",1,1
"1500","NV4158311803020000717-502-before","NV4158311803020000717-502","NV4158311803020000717","502",502,"before","fire",1671.52270507812,2000,0.243624366829201,52.5441593941548,0.385524815194624,142.755555555556,370.288889143202,15.5555555555556,19.4444444444444,13.8888888888889,24.2222222222222,16.6666666666667,"fire-before",1,0
"1501","NV4158311803020000717-506-after","NV4158311803020000717-506","NV4158311803020000717","506",506,"after","fire",1322.18078613281,2000,0.21949466040891,79.218529894615,0.536381455749302,134.09,249.989999771118,20.3,5.2,31.3,13.5,21.4,"fire-after",1,1
"1502","NV4158311803020000717-506-before","NV4158311803020000717-506","NV4158311803020000717","506",506,"before","fire",1322.18078613281,2000,0.431891357512046,4.60050696514823,0.447394039366982,132.766666666667,296.755555470784,18.5555555555556,6,39.7777777777778,19.3333333333333,15.3333333333333,"fire-before",1,0
"1503","NV4158311803020000717-532-after","NV4158311803020000717-532","NV4158311803020000717","532",532,"after","fire",1323.42297363281,2000,0.297635956714905,32.0607370492047,0.46142841925746,90.32,195.740002632141,15.1,12.8,24.1,7.8,17.9,"fire-after",1,1
"1504","NV4158311803020000717-532-before","NV4158311803020000717-532","NV4158311803020000717","532",532,"before","fire",1323.42297363281,2000,0.336144634727927,8.94441872448557,0.376316184588478,83.7888888888889,222.655554877387,14.6666666666667,18,17.8888888888889,10.2222222222222,16.5555555555556,"fire-before",1,0
"1505","NV4158311803020000717-535-after","NV4158311803020000717-535","NV4158311803020000717","535",535,"after","fire",1556.35009765625,2000,0.414476932395163,53.8949117653993,0.630065203184969,157.51,249.989999771118,20.7,8.7,31.5,18.6,14.6,"fire-after",1,1
"1506","NV4158311803020000717-535-before","NV4158311803020000717-535","NV4158311803020000717","535",535,"before","fire",1556.35009765625,2000,0.318809471228336,43.0470738318436,0.463868503951589,137.655555555556,296.755555470784,18.4444444444444,18.3333333333333,18.2222222222222,22.1111111111111,15.5555555555556,"fire-before",1,0
"1507","NV4158311803020000717-635-after","NV4158311803020000717-635","NV4158311803020000717","635",635,"after","fire",1730.25854492188,2000,0.279562494558715,22.3121720492537,0.368814752927777,92.2,249.989999771118,14.5,15.9,30.5,23.4,14.5,"fire-after",1,1
"1508","NV4158311803020000717-635-before","NV4158311803020000717-635","NV4158311803020000717","635",635,"before","fire",1730.25854492188,2000,0.172930638916648,41.9152055237059,0.314175528021453,93.2333333333333,296.755555470784,14.1111111111111,18.6666666666667,18.3333333333333,25,14.1111111111111,"fire-before",1,0
"1509","NV4158311803020000717-688-after","NV4158311803020000717-688","NV4158311803020000717","688",688,"after","fire",1904.08312988281,2000,0.153642002198051,36.9856084943853,0.266091024978096,87.52,328.910003662109,20.1,16.1,15.4,19.7,15.3,"fire-after",1,1
"1510","NV4158311803020000717-688-before","NV4158311803020000717-688","NV4158311803020000717","688",688,"before","fire",1904.08312988281,2000,0.0769593277352008,49.5250382459471,0.210706355253475,78.0222222222222,370.288889143202,24.3333333333333,22.8888888888889,11.1111111111111,20.6666666666667,17.5555555555556,"fire-before",1,0
"1511","NV4158311803020000717-741-after","NV4158311803020000717-741","NV4158311803020000717","741",741,"after","fire",1404.97338867188,2000,0.248846064195731,31.2204947125773,0.37844008159788,91.17,240.909999847412,16.6,13.3,23,20.1,14,"fire-after",1,1
"1512","NV4158311803020000717-741-before","NV4158311803020000717-741","NV4158311803020000717","741",741,"before","fire",1404.97338867188,2000,0.214968276435664,38.9342203663612,0.361264194366343,96.1444444444444,266.13333384196,17.2222222222222,20.8888888888889,18.1111111111111,22.1111111111111,14.2222222222222,"fire-before",1,0
"1513","NV4158311803020000717-770-after","NV4158311803020000717-770","NV4158311803020000717","770",770,"after","fire",1771.30358886719,2000,0.191492123461628,60.2663249709709,0.37472256431159,123.25,328.910003662109,10.4,7.5,35.7,23.4,13.7,"fire-after",1,1
"1514","NV4158311803020000717-770-before","NV4158311803020000717-770","NV4158311803020000717","770",770,"before","fire",1771.30358886719,2000,0.184648660580652,47.5710970362548,0.313118885939905,115.944444444444,370.288889143202,13.1111111111111,18.3333333333333,16.7777777777778,27.5555555555556,14,"fire-before",1,0
"1515","NV4158311803020000717-824-after","NV4158311803020000717-824","NV4158311803020000717","824",824,"after","fire",1561.93713378906,2000,0.110654703094073,50.9745612000987,0.265634973175689,87.37,328.910003662109,20.9,9.1,21.2,17,18.9,"fire-after",1,1
"1516","NV4158311803020000717-824-before","NV4158311803020000717-824","NV4158311803020000717","824",824,"before","fire",1561.93713378906,2000,0.101786565037628,47.3984547914035,0.229790553764043,85.0888888888889,370.288889143202,20.7777777777778,13.6666666666667,17,19.5555555555556,17.6666666666667,"fire-before",1,0
"1517","NV4158311803020000717-835-after","NV4158311803020000717-835","NV4158311803020000717","835",835,"after","fire",1553.23937988281,2000,0.121501127903406,80.1070635763404,0.365054266100548,120.07,328.910003662109,20,10.2,20.2,15.3,19.4,"fire-after",1,1
"1518","NV4158311803020000717-835-before","NV4158311803020000717-835","NV4158311803020000717","835",835,"before","fire",1553.23937988281,2000,0.16071521437506,35.1667195784252,0.25568625079961,94.6777777777778,370.288889143202,20.5555555555556,15.4444444444444,15,15.5555555555556,19.2222222222222,"fire-before",1,0
"1519","NV4158311803020000717-850-after","NV4158311803020000717-850","NV4158311803020000717","850",850,"after","fire",1301.29479980469,2000,0.38339805420257,19.6405375453346,0.470291552789791,106.3,226.030000686645,26.8,8.3,25.4,12.5,18.5,"fire-after",1,1
"1520","NV4158311803020000717-850-before","NV4158311803020000717-850","NV4158311803020000717","850",850,"before","fire",1301.29479980469,2000,0.417523533793342,9.46414157662802,0.454836164743687,115.366666666667,253.644445207384,26.6666666666667,11.6666666666667,20.6666666666667,14.8888888888889,15.6666666666667,"fire-before",1,0
"1521","NV4158311803020000717-887-after","NV4158311803020000717-887","NV4158311803020000717","887",887,"after","fire",1715.68798828125,2000,0.193232183954304,47.8940016679526,0.338846489188858,111.45,328.910003662109,12.6,10.3,27.1,23.1,14.2,"fire-after",1,1
"1522","NV4158311803020000717-887-before","NV4158311803020000717-887","NV4158311803020000717","887",887,"before","fire",1715.68798828125,2000,0.178833447483032,39.9466280565258,0.286713076679999,106.166666666667,370.288889143202,16,19.7777777777778,13.3333333333333,25.5555555555556,15.4444444444444,"fire-before",1,0
"1523","NV4158311803020000717-942-after","NV4158311803020000717-942","NV4158311803020000717","942",942,"after","fire",1339.31298828125,2000,0.212703713647738,2.95754837757949,0.22498028323577,54.2,240.909999847412,21.7,10.6,29.4,13.4,18.6,"fire-after",1,1
"1524","NV4158311803020000717-942-before","NV4158311803020000717-942","NV4158311803020000717","942",942,"before","fire",1339.31298828125,2000,0.0835896715821031,40.9651131382115,0.237516699612865,63.2111111111111,266.13333384196,22,19.5555555555556,16.3333333333333,13.2222222222222,18,"fire-before",1,0
"1525","NV4158311803020000717-947-after","NV4158311803020000717-947","NV4158311803020000717","947",947,"after","fire",1555.642578125,2000,0.177296804457726,29.5953073965291,0.267276759664356,87.91,328.910003662109,17.4,9.1,20.3,16.3,18.6,"fire-after",1,1
"1526","NV4158311803020000717-947-before","NV4158311803020000717-947","NV4158311803020000717","947",947,"before","fire",1555.642578125,2000,0.106469992988441,36.3642334581147,0.204675028365701,75.7888888888889,370.288889143202,17.3333333333333,15.1111111111111,17.5555555555556,16.8888888888889,17.3333333333333,"fire-before",1,0
"1527","NV4160911818719960826-472-after","NV4160911818719960826-472","NV4160911818719960826","472",472,"after","fire",1270.01049804688,1996,0.221403182791468,-2.12943618926946,0.209557187094104,37.67,179.760000228882,29.5,11.4,22.3,8,21.5,"fire-after",1,1
"1528","NV4160911818719960826-472-before","NV4160911818719960826-472","NV4160911818719960826","472",472,"before","fire",1270.01049804688,1996,0.255843089937127,-8.27399214730397,0.209998153888958,37.9,180.477777057224,34.7777777777778,18.7777777777778,14.4444444444444,6.77777777777778,17.5555555555556,"fire-before",1,0
"1529","NV4160911818719960826-718-after","NV4160911818719960826-718","NV4160911818719960826","718",718,"after","fire",1299.32360839844,1996,0.21561490266585,59.4303658692587,0.541924857824431,98.7,182.128571101597,17.1428571428571,6.57142857142857,31.8571428571429,10.4285714285714,24.8571428571429,"fire-after",1,1
"1530","NV4160911818719960826-718-before","NV4160911818719960826-718","NV4160911818719960826","718",718,"before","fire",1299.32360839844,1996,0.576055988814365,-36.2986376550508,0.374930740892336,67.6666666666667,180.477777057224,18.3333333333333,16,25,10.5555555555556,21.7777777777778,"fire-before",1,0
"1531","NV4161111751719960910-302-after","NV4161111751719960910-302","NV4161111751719960910","302",302,"after","fire",1689.85314941406,1996,0.0796391071048955,58.7405372531895,0.243038748204589,87.37,359.490001678467,17.4,18.8,12.9,20.3,13,"fire-after",1,1
"1532","NV4161111751719960910-302-before","NV4161111751719960910-302","NV4161111751719960910","302",302,"before","fire",1689.85314941406,1996,0.0972958501878695,51.4576814078369,0.244992984216228,85.3555555555556,348.399999406603,15,23.8888888888889,13.1111111111111,20,12,"fire-before",1,0
"1533","NV4162311827520000717-149-after","NV4162311827520000717-149","NV4162311827520000717","149",149,"after","fire",1291.66772460938,2000,0.399007765084248,25.0671922027355,0.53367806112036,99.3375,186.137499809265,34.75,6.875,23.625,8.75,21.375,"fire-after",1,1
"1534","NV4162311827520000717-149-before","NV4162311827520000717-149","NV4162311827520000717","149",149,"before","fire",1291.66772460938,2000,0.182524322023085,35.8730200353808,0.342552664188352,76.7888888888889,224.166666666666,23.2222222222222,9.77777777777778,32,13.4444444444444,17.1111111111111,"fire-before",1,0
"1535","NV4162311827520000717-220-after","NV4162311827520000717-220","NV4162311827520000717","220",220,"after","fire",1523.0283203125,2000,0.356075791059044,9.75496858320196,0.400108329205186,88.64,221.540001869202,22.5,8.5,25.3,14.6,16.1,"fire-after",1,1
"1536","NV4162311827520000717-220-before","NV4162311827520000717-220","NV4162311827520000717","220",220,"before","fire",1523.0283203125,2000,0.120539883681249,53.1852067701263,0.321626617426773,85.0666666666667,264.488888846503,30.2222222222222,16.4444444444444,14.3333333333333,15.2222222222222,16.6666666666667,"fire-before",1,0
"1537","NV4162311827520000717-227-after","NV4162311827520000717-227","NV4162311827520000717","227",227,"after","fire",1417.58605957031,2000,0.240331150931852,9.82458266833383,0.282139664647463,66.3,234.990000724792,25,11.2,18.6,11.3,16.4,"fire-after",1,1
"1538","NV4162311827520000717-227-before","NV4162311827520000717-227","NV4162311827520000717","227",227,"before","fire",1417.58605957031,2000,0.104298229506139,48.5639496484809,0.272871023727029,78.6111111111111,288.088892830743,21.4444444444444,16.6666666666667,17.4444444444444,15.4444444444444,15.7777777777778,"fire-before",1,0
"1539","NV4162311827520000717-27-after","NV4162311827520000717-27","NV4162311827520000717","27",27,"after","fire",1386.0859375,2000,0.3722961761617,41.6241212939247,0.549427633523891,129.11,234.990000724792,27.5,8.6,26.5,12.4,18,"fire-after",1,1
"1540","NV4162311827520000717-27-before","NV4162311827520000717-27","NV4162311827520000717","27",27,"before","fire",1386.0859375,2000,0.285507894187565,45.7927913135121,0.444461579848803,128.044444444444,288.088892830743,18.1111111111111,14.8888888888889,26.4444444444444,16.2222222222222,17.4444444444444,"fire-before",1,0
"1541","NV4162311827520000717-492-after","NV4162311827520000717-492","NV4162311827520000717","492",492,"after","fire",1558.37365722656,2000,0.369936755559248,-2.16578951808223,0.360160690289731,79.79,221.540001869202,18,10.8,22.4,11.9,15.1,"fire-after",1,1
"1542","NV4162311827520000717-492-before","NV4162311827520000717-492","NV4162311827520000717","492",492,"before","fire",1558.37365722656,2000,0.0937744809059255,46.8976917430341,0.271088892666532,71.7,264.488888846503,23.3333333333333,17.4444444444444,13.4444444444444,12.2222222222222,15.7777777777778,"fire-before",1,0
"1543","NV4162311827520000717-523-after","NV4162311827520000717-523","NV4162311827520000717","523",523,"after","fire",1482.43347167969,2000,0.288035792220253,7.99855005312826,0.324140107403254,71.81,221.540001869202,16.3,15,23,13.6,14.5,"fire-after",1,1
"1544","NV4162311827520000717-523-before","NV4162311827520000717-523","NV4162311827520000717","523",523,"before","fire",1482.43347167969,2000,0.17200340561848,21.0181214812649,0.251470341159439,66.5111111111111,264.488888846503,16.7777777777778,21.2222222222222,13.6666666666667,14.3333333333333,15,"fire-before",1,0
"1545","NV4162311827520000717-643-after","NV4162311827520000717-643","NV4162311827520000717","643",643,"after","fire",1318.25537109375,2000,0.235040230231169,79.5046604156945,0.611067315363661,129.2,211.433334350586,22.3333333333333,5.66666666666667,36.6666666666667,11.1666666666667,22.3333333333333,"fire-after",1,1
"1546","NV4162311827520000717-643-before","NV4162311827520000717-643","NV4162311827520000717","643",643,"before","fire",1318.25537109375,2000,0.211954444340327,29.7748186133727,0.336184416798511,80.575,239.674999713898,18.5,9.375,35.625,13.375,16.375,"fire-before",1,0
"1547","NV4162311827520000717-713-after","NV4162311827520000717-713","NV4162311827520000717","713",713,"after","fire",1375.05798339844,2000,0.394667307143424,29.1871292083149,0.518873141937635,121.93,234.990000724792,27.6,8.1,24.1,11.1,17.1,"fire-after",1,1
"1548","NV4162311827520000717-713-before","NV4162311827520000717-713","NV4162311827520000717","713",713,"before","fire",1375.05798339844,2000,0.231655879012869,49.3180698530058,0.40284633820902,116.055555555556,288.088892830743,24.1111111111111,15.4444444444444,19.7777777777778,12.7777777777778,17.2222222222222,"fire-before",1,0
"1549","NV4162311827520000717-757-after","NV4162311827520000717-757","NV4162311827520000717","757",757,"after","fire",1318.88928222656,2000,0.305678772413482,-12.0714549509978,0.2543086932026,59.76,234.990000724792,25.1,7.9,30.1,9.9,18.4,"fire-after",1,1
"1550","NV4162311827520000717-757-before","NV4162311827520000717-757","NV4162311827520000717","757",757,"before","fire",1318.88928222656,2000,0.222930537086639,3.27618839254734,0.234302681150771,67.5,288.088892830743,17.4444444444444,15,25,15.2222222222222,19,"fire-before",1,0
"1551","NV4162311827520000717-793-after","NV4162311827520000717-793","NV4162311827520000717","793",793,"after","fire",1363.3095703125,2000,0.302237403136035,54.2523251443001,0.547124668129068,121.21,221.540001869202,31.1,6.5,23.1,10.8,15.3,"fire-after",1,1
"1552","NV4162311827520000717-793-before","NV4162311827520000717-793","NV4162311827520000717","793",793,"before","fire",1363.3095703125,2000,0.187415264561156,59.7751893677909,0.413417913022058,109.344444444444,264.488888846503,31,14.5555555555556,17.8888888888889,10.8888888888889,18.6666666666667,"fire-before",1,0
"1553","NV4165011862419990824-132-after","NV4165011862419990824-132","NV4165011862419990824","132",132,"after","fire",2197.6455078125,1999,0.0715634878230612,89.0994720321083,0.339806119641074,112.87,332.159997940063,10,28.4,6.9,30.4,11.8,"fire-after",1,1
"1554","NV4165011862419990824-132-before","NV4165011862419990824-132","NV4165011862419990824","132",132,"before","fire",2197.6455078125,1999,-0.0782005379384567,167.85551684238,0.337283421016783,136.2625,403.999993801117,9.75,28.75,4,33.375,12.375,"fire-before",1,0
"1555","NV4168911761620010817-230-after","NV4168911761620010817-230","NV4168911761620010817","230",230,"after","fire",1861.35461425781,2001,0.0544992170496711,148.753557296687,0.363142168727338,175.02,481.960000991821,6.5,12,29,31.8,11,"fire-after",1,1
"1556","NV4168911761620010817-230-before","NV4168911761620010817-230","NV4168911761620010817","230",230,"before","fire",1861.35461425781,2001,0.0720795617665176,120.730437228431,0.277683169062955,163.055555555556,587.199995252821,10.3333333333333,27.1111111111111,10.8888888888889,32.6666666666667,12.4444444444444,"fire-before",1,0
"1557","NV4168911761620010817-276-after","NV4168911761620010817-276","NV4168911761620010817","276",276,"after","fire",1811.94128417969,2001,0.0759437985790572,98.9726205660043,0.336590116262321,127.81,379.720003128052,9.2,17.8,19.6,28.5,12.3,"fire-after",1,1
"1558","NV4168911761620010817-276-before","NV4168911761620010817-276","NV4168911761620010817","276",276,"before","fire",1811.94128417969,2001,0.108857341106839,88.8090653089593,0.30410885239004,138.322222222222,454.844445122613,9.88888888888889,21.4444444444444,16,31.6666666666667,11.4444444444444,"fire-before",1,0
"1559","NV4168911761620010817-29-after","NV4168911761620010817-29","NV4168911761620010817","29",29,"after","fire",2192.984375,2001,0.0551093352043675,167.180109402577,0.391481058041263,194.57,497.009998321533,6.4,21.4,21.5,32.8,11.4,"fire-after",1,1
"1560","NV4168911761620010817-29-before","NV4168911761620010817-29","NV4168911761620010817","29",29,"before","fire",2192.984375,2001,0.109343110466564,106.710408627875,0.289249388617101,171.566666666667,593.144440121121,8.22222222222222,33,11.8888888888889,30.3333333333333,11.5555555555556,"fire-before",1,0
"1561","NV4168911761620010817-291-after","NV4168911761620010817-291","NV4168911761620010817","291",291,"after","fire",2154.69702148438,2001,0.0390096131952813,208.45183221129,0.458421361279341,227.84,497.009998321533,4.9,28.3,21.8,37.8,10.1,"fire-after",1,1
"1562","NV4168911761620010817-291-before","NV4168911761620010817-291","NV4168911761620010817","291",291,"before","fire",2154.69702148438,2001,0.0749524586683373,180.609032534134,0.379446643081924,225.066666666667,593.144440121121,6.44444444444444,37.8888888888889,10.4444444444444,33.5555555555556,11.8888888888889,"fire-before",1,0
"1563","NV4168911761620010817-377-after","NV4168911761620010817-377","NV4168911761620010817","377",377,"after","fire",1942.45751953125,2001,0.0311916178740254,110.927454052785,0.254381200432527,126.43,497.009998321533,10.6,21.2,17.6,27.5,12.2,"fire-after",1,1
"1564","NV4168911761620010817-377-before","NV4168911761620010817-377","NV4168911761620010817","377",377,"before","fire",1942.45751953125,2001,0.0353851243850313,81.3892879858021,0.172601765864773,102.377777777778,593.144440121121,14.8888888888889,30.5555555555556,8.44444444444444,26.6666666666667,11.6666666666667,"fire-before",1,0
"1565","NV4168911761620010817-4-after","NV4168911761620010817-4","NV4168911761620010817","4",4,"after","fire",1769.54907226562,2001,0.085172119910762,121.776461377796,0.36884158303213,158.34,429.289991378784,4.8,14.6,32,33.7,10.1,"fire-after",1,1
"1566","NV4168911761620010817-4-before","NV4168911761620010817-4","NV4168911761620010817","4",4,"before","fire",1769.54907226562,2001,0.117181928184072,96.8400762643482,0.301787684219208,158.311111111111,524.577772352431,7.55555555555556,28,15.4444444444444,31.7777777777778,12.8888888888889,"fire-before",1,0
"1567","NV4168911761620010817-475-after","NV4168911761620010817-475","NV4168911761620010817","475",475,"after","fire",1546.8271484375,2001,0.137048925225153,123.860534210083,0.558504532875585,164.1375,293.887498378754,9.75,5.875,40.5,29,13.5,"fire-after",1,1
"1568","NV4168911761620010817-475-before","NV4168911761620010817-475","NV4168911761620010817","475",475,"before","fire",1546.8271484375,2001,0.206783451314724,84.6056865478753,0.456931672292489,154.544444444444,338.222219679091,9.22222222222222,8.11111111111111,30.5555555555556,25.4444444444444,12.1111111111111,"fire-before",1,0
"1569","NV4168911761620010817-547-after","NV4168911761620010817-547","NV4168911761620010817","547",547,"after","fire",1755.36547851562,2001,0.0775720526975522,139.284339907036,0.444380065864206,168.74,379.720003128052,8.3,14.1,32.9,29,11.8,"fire-after",1,1
"1570","NV4168911761620010817-547-before","NV4168911761620010817-547","NV4168911761620010817","547",547,"before","fire",1755.36547851562,2001,0.0925224540080801,101.905564634201,0.316567324132262,143.988888888889,454.844445122613,11.2222222222222,26.5555555555556,8.11111111111111,28.2222222222222,12.1111111111111,"fire-before",1,0
"1571","NV4168911761620010817-55-after","NV4168911761620010817-55","NV4168911761620010817","55",55,"after","fire",1725.90686035156,2001,0.121382458468377,90.5420104227636,0.366820271187228,135.32,368.900005340576,9.6,18.9,15.6,29,11.3,"fire-after",1,1
"1572","NV4168911761620010817-55-before","NV4168911761620010817-55","NV4168911761620010817","55",55,"before","fire",1725.90686035156,2001,0.0870668518277428,88.0508099472653,0.292632947124011,125.344444444444,428.333329094781,11.8888888888889,21,12.7777777777778,31.5555555555556,11.3333333333333,"fire-before",1,0
"1573","NV4168911761620010817-563-after","NV4168911761620010817-563","NV4168911761620010817","563",563,"after","fire",1671.58129882812,2001,0.0510724023838858,135.246505376908,0.323192693391417,160.63,497.009998321533,10.1,24.4,12.4,31.7,11.1,"fire-after",1,1
"1574","NV4168911761620010817-563-before","NV4168911761620010817-563","NV4168911761620010817","563",563,"before","fire",1671.58129882812,2001,0.041774978673418,94.1325147747949,0.200475808366052,118.911111111111,593.144440121121,16.3333333333333,29.4444444444444,9.55555555555556,29.7777777777778,11.3333333333333,"fire-before",1,0
"1575","NV4168911761620010817-571-after","NV4168911761620010817-571","NV4168911761620010817","571",571,"after","fire",1874.52294921875,2001,0.0564568692075041,148.090371529939,0.35441942937744,176.15,497.009998321533,8.4,25.3,17.3,33.5,10.6,"fire-after",1,1
"1576","NV4168911761620010817-571-before","NV4168911761620010817-571","NV4168911761620010817","571",571,"before","fire",1874.52294921875,2001,0.0647473752787457,99.5065654520874,0.232508478175989,137.911111111111,593.144440121121,10.3333333333333,29.5555555555556,8,32.7777777777778,11,"fire-before",1,0
"1577","NV4168911761620010817-626-after","NV4168911761620010817-626","NV4168911761620010817","626",626,"after","fire",1672.35974121094,2001,0.100354710909095,95.3187270190142,0.322392794566419,138.4,429.289991378784,7.2,14.5,25.1,29.4,11.9,"fire-after",1,1
"1578","NV4168911761620010817-626-before","NV4168911761620010817-626","NV4168911761620010817","626",626,"before","fire",1672.35974121094,2001,0.0954225267836847,78.0990190231301,0.244302298553085,128.155555555556,524.577772352431,10.7777777777778,23.7777777777778,13.5555555555556,27.6666666666667,11.2222222222222,"fire-before",1,0
"1579","NV4168911761620010817-647-after","NV4168911761620010817-647","NV4168911761620010817","647",647,"after","fire",1655.63989257812,2001,0.0584156813820941,74.2204548261721,0.259609646553361,95.77,368.900005340576,14.5,16.4,17.8,24.3,11.1,"fire-after",1,1
"1580","NV4168911761620010817-647-before","NV4168911761620010817-647","NV4168911761620010817","647",647,"before","fire",1655.63989257812,2001,0.0691090914621816,49.6538283388436,0.18503242725251,79.2555555555556,428.333329094781,17.2222222222222,22.7777777777778,14.5555555555556,20.6666666666667,11.2222222222222,"fire-before",1,0
"1581","NV4168911761620010817-680-after","NV4168911761620010817-680","NV4168911761620010817","680",680,"after","fire",2023.421875,2001,0.0692248250967051,157.154569794878,0.385424841848097,191.56,497.009998321533,7.1,22.9,16.5,33.8,10.4,"fire-after",1,1
"1582","NV4168911761620010817-680-before","NV4168911761620010817-680","NV4168911761620010817","680",680,"before","fire",2023.421875,2001,0.0745542365109082,131.900791348302,0.296929736349308,176.122222222222,593.144440121121,8.66666666666667,36.1111111111111,7.88888888888889,32.4444444444444,12.4444444444444,"fire-before",1,0
"1583","NV4168911761620010817-681-after","NV4168911761620010817-681","NV4168911761620010817","681",681,"after","fire",2433.91845703125,2001,0.0406263098704328,147.519743654552,0.346709269765388,167.1,481.960000991821,13.3,31.7,9,33.9,12.5,"fire-after",1,1
"1584","NV4168911761620010817-681-before","NV4168911761620010817-681","NV4168911761620010817","681",681,"before","fire",2433.91845703125,2001,0.0667965367137666,114.888185069882,0.262450804422704,154.111111111111,587.199995252821,13.4444444444444,32.3333333333333,10.1111111111111,35,12.6666666666667,"fire-before",1,0
"1585","NV4168911761620010817-682-after","NV4168911761620010817-682","NV4168911761620010817","682",682,"after","fire",1907.69543457031,2001,0.053337945470914,136.190507811027,0.327357599544192,162.7,497.009998321533,9.6,14,24.3,27.3,13.3,"fire-after",1,1
"1586","NV4168911761620010817-682-before","NV4168911761620010817-682","NV4168911761620010817","682",682,"before","fire",1907.69543457031,2001,0.0509113473048576,102.802217407048,0.224228688669561,133,593.144440121121,15.2222222222222,25.7777777777778,8.44444444444444,29.5555555555556,14.3333333333333,"fire-before",1,0
"1587","NV4168911761620010817-698-after","NV4168911761620010817-698","NV4168911761620010817","698",698,"after","fire",2099.78686523438,2001,0.0674818023151205,158.926470489275,0.397232134629464,191.45,481.960000991821,6.9,29.5,17.2,36.6,10.6,"fire-after",1,1
"1588","NV4168911761620010817-698-before","NV4168911761620010817-698","NV4168911761620010817","698",698,"before","fire",2099.78686523438,2001,0.123567309476983,125.163498683934,0.336720408413989,197.722222222222,587.199995252821,6,34.5555555555556,13.2222222222222,35,11.8888888888889,"fire-before",1,0
"1589","NV4168911761620010817-715-after","NV4168911761620010817-715","NV4168911761620010817","715",715,"after","fire",1656.77795410156,2001,0.0597516367117202,140.442839138199,0.342327117310687,170.14,497.009998321533,8.8,17.3,17.1,32.6,10.4,"fire-after",1,1
"1590","NV4168911761620010817-715-before","NV4168911761620010817-715","NV4168911761620010817","715",715,"before","fire",1656.77795410156,2001,0.0629058389072781,117.721084734326,0.261375346115822,155.033333333333,593.144440121121,11,22.2222222222222,12.6666666666667,32.1111111111111,11.3333333333333,"fire-before",1,0
"1591","NV4168911761620010817-732-after","NV4168911761620010817-732","NV4168911761620010817","732",732,"after","fire",1730.13659667969,2001,0.114212951682343,74.4068415144209,0.315912166746671,116.54,368.900005340576,10.1,17.9,16.4,28.7,11.6,"fire-after",1,1
"1592","NV4168911761620010817-732-before","NV4168911761620010817-732","NV4168911761620010817","732",732,"before","fire",1730.13659667969,2001,0.0823496721792764,76.4380018766978,0.260804153034731,111.711111111111,428.333329094781,11.6666666666667,21,13.5555555555556,28.1111111111111,11.6666666666667,"fire-before",1,0
"1593","NV4168911761620010817-75-after","NV4168911761620010817-75","NV4168911761620010817","75",75,"after","fire",1885.38854980469,2001,0.0810476603990263,173.42458213976,0.537764664273265,204.2,379.720003128052,5.9,25.6,13.2,39.7,10.7,"fire-after",1,1
"1594","NV4168911761620010817-75-before","NV4168911761620010817-75","NV4168911761620010817","75",75,"before","fire",1885.38854980469,2001,0.154315102661574,146.110632755857,0.475547194913399,216.3,454.844445122613,5.55555555555556,32.7777777777778,11.8888888888889,40.1111111111111,11.5555555555556,"fire-before",1,0
"1595","NV4168911761620010817-766-after","NV4168911761620010817-766","NV4168911761620010817","766",766,"after","fire",1971.05920410156,2001,0.0501522180337454,123.990154752667,0.338978319836021,145.52,429.289991378784,8.1,23.5,13.3,31,12.3,"fire-after",1,1
"1596","NV4168911761620010817-766-before","NV4168911761620010817-766","NV4168911761620010817","766",766,"before","fire",1971.05920410156,2001,0.0531155141329702,101.959004140995,0.247479456935516,129.822222222222,524.577772352431,9.88888888888889,28,12.4444444444444,30.4444444444444,11.8888888888889,"fire-before",1,0
"1597","NV4168911761620010817-768-after","NV4168911761620010817-768","NV4168911761620010817","768",768,"after","fire",1682.95068359375,2001,0.163614236482187,109.999442454155,0.558117849738482,155.62,278.829999923706,8.7,20.7,15.1,32.4,11.8,"fire-after",1,1
"1598","NV4168911761620010817-768-before","NV4168911761620010817-768","NV4168911761620010817","768",768,"before","fire",1682.95068359375,2001,0.157281383825804,87.4928301371263,0.415965837556078,140.688888888889,338.222219679091,10.2222222222222,24.5555555555556,10.7777777777778,32.1111111111111,12.2222222222222,"fire-before",1,0
"1599","NV4168911761620010817-79-after","NV4168911761620010817-79","NV4168911761620010817","79",79,"after","fire",1700.55456542969,2001,0.0804829998928658,96.498995028926,0.334614976702062,127.06,379.720003128052,13.5,12.6,19.5,24.3,15.1,"fire-after",1,1
"1600","NV4168911761620010817-79-before","NV4168911761620010817-79","NV4168911761620010817","79",79,"before","fire",1700.55456542969,2001,0.103534278076539,81.7413420704396,0.283247019315809,128.833333333333,454.844445122613,14.3333333333333,15.8888888888889,17.7777777777778,26.4444444444444,16.5555555555556,"fire-before",1,0
"1601","NV4168911761620010817-822-after","NV4168911761620010817-822","NV4168911761620010817","822",822,"after","fire",1757.92919921875,2001,0.0912838395339273,125.982761313458,0.384751574266874,165.17,429.289991378784,6,25.5,16.9,38.4,11.1,"fire-after",1,1
"1602","NV4168911761620010817-822-before","NV4168911761620010817-822","NV4168911761620010817","822",822,"before","fire",1757.92919921875,2001,0.107778361891179,101.072978122443,0.300453277698587,157.611111111111,524.577772352431,9.44444444444444,31.4444444444444,9.22222222222222,35,11.7777777777778,"fire-before",1,0
"1603","NV4168911761620010817-837-after","NV4168911761620010817-837","NV4168911761620010817","837",837,"after","fire",1821.82263183594,2001,0.034165997048651,139.406487493813,0.401295688256416,152.38,379.720003128052,8.9,27.5,10.3,32.6,11,"fire-after",1,1
"1604","NV4168911761620010817-837-before","NV4168911761620010817-837","NV4168911761620010817","837",837,"before","fire",1821.82263183594,2001,0.0847553917897061,116.705036405817,0.341337697360915,155.255555555556,454.844445122613,9,31.7777777777778,8.33333333333333,33.8888888888889,12.2222222222222,"fire-before",1,0
"1605","NV4168911761620010817-849-after","NV4168911761620010817-849","NV4168911761620010817","849",849,"after","fire",2155.033203125,2001,0.0403024338515146,148.785838940951,0.349012365453237,168.21,481.960000991821,10.7,24.6,16.1,31.4,12.4,"fire-after",1,1
"1606","NV4168911761620010817-849-before","NV4168911761620010817-849","NV4168911761620010817","849",849,"before","fire",2155.033203125,2001,0.0830288643396171,100.64545125393,0.254427794972436,149.4,587.199995252821,9.22222222222222,33.7777777777778,9.88888888888889,31.5555555555556,11.5555555555556,"fire-before",1,0
"1607","NV4168911761620010817-856-after","NV4168911761620010817-856","NV4168911761620010817","856",856,"after","fire",1784.30895996094,2001,0.0950038859755918,89.3851241201712,0.330401345640176,125.46,379.720003128052,9.9,19.8,13.1,27.7,11.8,"fire-after",1,1
"1608","NV4168911761620010817-856-before","NV4168911761620010817-856","NV4168911761620010817","856",856,"before","fire",1784.30895996094,2001,0.0899582660227492,79.4163157400236,0.264559311702477,120.333333333333,454.844445122613,11.7777777777778,25.6666666666667,10,26.7777777777778,11.8888888888889,"fire-before",1,0
"1609","NV4168911761620010817-864-after","NV4168911761620010817-864","NV4168911761620010817","864",864,"after","fire",2134.9873046875,2001,0.0675171405343871,105.015567322073,0.312143312658238,134,429.289991378784,12.1,27.4,9.5,33.4,11.3,"fire-after",1,1
"1610","NV4168911761620010817-864-before","NV4168911761620010817-864","NV4168911761620010817","864",864,"before","fire",2134.9873046875,2001,0.0536539048597044,86.7765763329092,0.21907566099658,114.922222222222,524.577772352431,10.5555555555556,28.7777777777778,10.8888888888889,31.3333333333333,12.1111111111111,"fire-before",1,0
"1611","NV4168911761620010817-869-after","NV4168911761620010817-869","NV4168911761620010817","869",869,"after","fire",2300.94750976562,2001,0.0344205263829957,142.750683070312,0.330608348560245,159.34,481.960000991821,9.8,30.9,10.8,31.6,11.8,"fire-after",1,1
"1612","NV4168911761620010817-869-before","NV4168911761620010817-869","NV4168911761620010817","869",869,"before","fire",2300.94750976562,2001,0.0302126597961749,131.2480152,0.253727673864747,148.988888888889,587.199995252821,11.2222222222222,34.3333333333333,7.33333333333333,29.3333333333333,14.1111111111111,"fire-before",1,0
"1613","NV4168911761620010817-916-after","NV4168911761620010817-916","NV4168911761620010817","916",916,"after","fire",1685.884765625,2001,0.0648187708400064,75.6670161338763,0.264089326803737,100.28,379.720003128052,16.8,17.3,14.5,21.5,17,"fire-after",1,1
"1614","NV4168911761620010817-916-before","NV4168911761620010817-916","NV4168911761620010817","916",916,"before","fire",1685.884765625,2001,0.0793126324152153,63.1139786067765,0.218072112240813,99.1888888888889,454.844445122613,18,20.7777777777778,11,20.6666666666667,16.4444444444444,"fire-before",1,0
"1615","NV4168911761620010817-924-after","NV4168911761620010817-924","NV4168911761620010817","924",924,"after","fire",1836.09704589844,2001,0.18163522561205,122.234764301678,0.512984541231681,189.24,368.900005340576,4.9,20.3,20.5,40.5,9.9,"fire-after",1,1
"1616","NV4168911761620010817-924-before","NV4168911761620010817-924","NV4168911761620010817","924",924,"before","fire",1836.09704589844,2001,0.153349300281502,115.370939251624,0.422697799254122,181.055555555556,428.333329094781,8.66666666666667,32.6666666666667,11.4444444444444,33.1111111111111,12.4444444444444,"fire-before",1,0
"1617","NV4168911761620010817-949-after","NV4168911761620010817-949","NV4168911761620010817","949",949,"after","fire",2212.51708984375,2001,0.0634335563607261,234.50756311347,0.55000414859012,265.08,481.960000991821,6.9,30.9,10.9,36.6,12.7,"fire-after",1,1
"1618","NV4168911761620010817-949-before","NV4168911761620010817-949","NV4168911761620010817","949",949,"before","fire",2212.51708984375,2001,0.0924001693925242,158.517704839118,0.346546958757081,216.15,623.724994659424,7.75,33.125,8.75,33.125,14.125,"fire-before",1,0
"1619","NV4168911761620010817-954-after","NV4168911761620010817-954","NV4168911761620010817","954",954,"after","fire",1612.29431152344,2001,0.105794137454375,87.5378497948952,0.336326764320953,127.71,379.720003128052,10.3,8.3,33.4,22,15.3,"fire-after",1,1
"1620","NV4168911761620010817-954-before","NV4168911761620010817-954","NV4168911761620010817","954",954,"before","fire",1612.29431152344,2001,0.0930428411456698,65.3022027686886,0.236613249598355,107.622222222222,454.844445122613,13.3333333333333,21.4444444444444,13,23.6666666666667,16.7777777777778,"fire-before",1,0
"1621","NV4173411813819950916-151-after","NV4173411813819950916-151","NV4173411813819950916","151",151,"after","fire",1546.78076171875,1995,0.216872581955248,33.3166421967964,0.376328128080933,78.63,208.940002441406,11.2,9.2,33,15.6,15.5,"fire-after",1,1
"1622","NV4173411813819950916-151-before","NV4173411813819950916-151","NV4173411813819950916","151",151,"before","fire",1546.78076171875,1995,0.211266080979702,34.3413124039023,0.379413520032196,77.4888888888889,204.23333591885,12.2222222222222,13.3333333333333,20.8888888888889,16.3333333333333,13.8888888888889,"fire-before",1,0
"1623","NV4173411813819950916-311-after","NV4173411813819950916-311","NV4173411813819950916","311",311,"after","fire",1294.4970703125,1995,0.331883629796753,59.756598166106,0.606150230768366,132.066666666667,217.877780066596,17.6666666666667,6,36.3333333333333,15.2222222222222,20,"fire-after",1,1
"1624","NV4173411813819950916-311-before","NV4173411813819950916-311","NV4173411813819950916","311",311,"before","fire",1294.4970703125,1995,0.214374508578261,29.1064678659864,0.356890262605564,72.8888888888889,204.23333591885,21.7777777777778,12.7777777777778,21,11.4444444444444,18.4444444444444,"fire-before",1,0
"1625","NV4173411813819950916-892-after","NV4173411813819950916-892","NV4173411813819950916","892",892,"after","fire",1473.44653320312,1995,0.22651305921933,20.8823608537027,0.326457352364243,68.21,208.940002441406,12.7,12.6,30.9,15,13.8,"fire-after",1,1
"1626","NV4173411813819950916-892-before","NV4173411813819950916-892","NV4173411813819950916","892",892,"before","fire",1473.44653320312,1995,0.208343296962888,20.5604645560489,0.30901473957311,63.1111111111111,204.23333591885,13.4444444444444,19.7777777777778,19.3333333333333,14.5555555555556,12.7777777777778,"fire-before",1,0
"1627","NV4175311853719990804-108-after","NV4175311853719990804-108","NV4175311853719990804","108",108,"after","fire",1327.10290527344,1999,0.441540793229394,31.2853103288724,0.605785388781124,115.39,190.479998588562,25.8,6.7,39.4,8.9,18.2,"fire-after",1,1
"1628","NV4175311853719990804-108-before","NV4175311853719990804-108","NV4175311853719990804","108",108,"before","fire",1327.10290527344,1999,0.492514865988728,-10.4893319082401,0.447206752131251,103.533333333333,231.511113908556,21.8888888888889,13.6666666666667,23.3333333333333,9.77777777777778,20.3333333333333,"fire-before",1,0
"1629","NV4175311853719990804-112-after","NV4175311853719990804-112","NV4175311853719990804","112",112,"after","fire",1374.8359375,1999,0.238327594723253,18.1147257571268,0.329379246067784,65.53,198.949996948242,12.5,13.3,33,7.8,16,"fire-after",1,1
"1630","NV4175311853719990804-112-before","NV4175311853719990804-112","NV4175311853719990804","112",112,"before","fire",1374.8359375,1999,0.217459766689818,13.4692171890859,0.272438656097342,66.7444444444444,244.98889181349,15.8888888888889,17.2222222222222,20.1111111111111,11.5555555555556,16.3333333333333,"fire-before",1,0
"1631","NV4175311853719990804-143-after","NV4175311853719990804-143","NV4175311853719990804","143",143,"after","fire",1409.74194335938,1999,0.265049046668936,13.6570038492712,0.331390268851893,68.22,205.859997749328,14.4,14.6,27.8,13.1,15.8,"fire-after",1,1
"1632","NV4175311853719990804-143-before","NV4175311853719990804-143","NV4175311853719990804","143",143,"before","fire",1409.74194335938,1999,0.168442186953653,22.1773730192431,0.256591441798345,64.5555555555556,251.588888168335,17.5555555555556,20.4444444444444,14.3333333333333,11.8888888888889,16.7777777777778,"fire-before",1,0
"1633","NV4175311853719990804-160-after","NV4175311853719990804-160","NV4175311853719990804","160",160,"after","fire",1338.67687988281,1999,0.269082339921024,14.336710109474,0.338725351026715,69.73,205.859997749328,16.4,9.1,41.9,7.9,19.2,"fire-after",1,1
"1634","NV4175311853719990804-160-before","NV4175311853719990804-160","NV4175311853719990804","160",160,"before","fire",1338.67687988281,1999,0.239613569230074,9.87144408291496,0.278849976508562,70.1555555555556,251.588888168335,17.7777777777778,16.4444444444444,21.1111111111111,10.1111111111111,17.4444444444444,"fire-before",1,0
"1635","NV4175311853719990804-183-after","NV4175311853719990804-183","NV4175311853719990804","183",183,"after","fire",1372.91162109375,1999,0.135168695253698,26.9481884917788,0.270620763135808,53.84,198.949996948242,26.5,10.3,19.9,6.9,19.9,"fire-after",1,1
"1636","NV4175311853719990804-183-before","NV4175311853719990804-183","NV4175311853719990804","183",183,"before","fire",1372.91162109375,1999,0.00614228826633817,70.817429826653,0.295206128273281,72.3222222222222,244.98889181349,28.5555555555556,11.7777777777778,15.4444444444444,8.22222222222222,17.8888888888889,"fire-before",1,0
"1637","NV4175311853719990804-237-after","NV4175311853719990804-237","NV4175311853719990804","237",237,"after","fire",1543.65466308594,1999,0.245024555229037,71.9226323786641,0.562897085694849,127.3625,226.262496709823,25.75,12.5,15.25,15.375,15.75,"fire-after",1,1
"1638","NV4175311853719990804-237-before","NV4175311853719990804-237","NV4175311853719990804","237",237,"before","fire",1543.65466308594,1999,0.349541384339425,13.1703828563346,0.4018902100456,101.111111111111,251.588888168335,26.3333333333333,17.1111111111111,10.8888888888889,14,15.3333333333333,"fire-before",1,0
"1639","NV4175311853719990804-262-after","NV4175311853719990804-262","NV4175311853719990804","262",262,"after","fire",1468.14050292969,1999,0.190467331169958,63.5128990768518,0.479477609360169,105.37,219.760001182556,14.6,4.7,27.6,18.1,16.7,"fire-after",1,1
"1640","NV4175311853719990804-262-before","NV4175311853719990804-262","NV4175311853719990804","262",262,"before","fire",1468.14050292969,1999,0.20501917635813,56.4038271509474,0.409743502226504,112.888888888889,275.511114332411,12.8888888888889,9.33333333333333,21.1111111111111,23.3333333333333,17.2222222222222,"fire-before",1,0
"1641","NV4175311853719990804-290-after","NV4175311853719990804-290","NV4175311853719990804","290",290,"after","fire",1383.56005859375,1999,0.16338621129567,30.3043137613416,0.31570746902972,62.81,198.949996948242,27.6,8.9,19.4,10.8,20.6,"fire-after",1,1
"1642","NV4175311853719990804-290-before","NV4175311853719990804-290","NV4175311853719990804","290",290,"before","fire",1383.56005859375,1999,0.0398795211794487,82.1744047446387,0.375300462661146,91.9444444444444,244.98889181349,27.7777777777778,9,19.3333333333333,13.7777777777778,19.1111111111111,"fire-before",1,0
"1643","NV4175311853719990804-296-after","NV4175311853719990804-296","NV4175311853719990804","296",296,"after","fire",1293.43664550781,1999,0.491603550001681,27.3146253950782,0.627564852240741,126.077777777778,200.899998346964,23,5.55555555555556,34.3333333333333,9,20.6666666666667,"fire-after",1,1
"1644","NV4175311853719990804-296-before","NV4175311853719990804-296","NV4175311853719990804","296",296,"before","fire",1293.43664550781,1999,0.47729347444843,-18.6542994863965,0.396717215402116,91.8444444444444,231.511113908556,25.8888888888889,14.3333333333333,18.8888888888889,8.77777777777778,20,"fire-before",1,0
"1645","NV4175311853719990804-318-after","NV4175311853719990804-318","NV4175311853719990804","318",318,"after","fire",1365.17687988281,1999,0.223613912694036,24.8220127519371,0.3483789950398,69.31,198.949996948242,10.3,10.8,36.3,9.9,14.6,"fire-after",1,1
"1646","NV4175311853719990804-318-before","NV4175311853719990804-318","NV4175311853719990804","318",318,"before","fire",1365.17687988281,1999,0.228450130324264,11.8433668483223,0.276792594999514,67.8111111111111,244.98889181349,14.2222222222222,17.6666666666667,17.6666666666667,11.1111111111111,15.7777777777778,"fire-before",1,0
"1647","NV4175311853719990804-327-after","NV4175311853719990804-327","NV4175311853719990804","327",327,"after","fire",1423.39074707031,1999,0.349399571966651,15.7369562235177,0.428499629593752,85.25,198.949996948242,11.2,7.3,45.4,16.1,16.4,"fire-after",1,1
"1648","NV4175311853719990804-327-before","NV4175311853719990804-327","NV4175311853719990804","327",327,"before","fire",1423.39074707031,1999,0.24019498737905,20.5437851117402,0.324050973500168,79.3888888888889,244.98889181349,17.5555555555556,19.1111111111111,16.4444444444444,15.3333333333333,17,"fire-before",1,0
"1649","NV4175311853719990804-34-after","NV4175311853719990804-34","NV4175311853719990804","34",34,"after","fire",1337.0751953125,1999,0.447733670099275,28.293387700124,0.589947231969721,117.37,198.949996948242,28.2,4.6,38.6,10.5,20.4,"fire-after",1,1
"1650","NV4175311853719990804-34-before","NV4175311853719990804-34","NV4175311853719990804","34",34,"before","fire",1337.0751953125,1999,0.360687580076489,6.30221613283817,0.38641207756773,94.6666666666667,244.98889181349,31,13.2222222222222,18,8.44444444444444,18.6666666666667,"fire-before",1,0
"1651","NV4175311853719990804-360-after","NV4175311853719990804-360","NV4175311853719990804","360",360,"after","fire",1380.21643066406,1999,0.265184925692158,11.3290317938565,0.320217627128654,65.92,205.859997749328,17.4,16.1,24.9,9.1,17.4,"fire-after",1,1
"1652","NV4175311853719990804-360-before","NV4175311853719990804-360","NV4175311853719990804","360",360,"before","fire",1380.21643066406,1999,0.193623217768098,17.608772140371,0.263613479534306,66.3222222222222,251.588888168335,20.4444444444444,21.1111111111111,12.4444444444444,9.66666666666667,17.3333333333333,"fire-before",1,0
"1653","NV4175311853719990804-364-after","NV4175311853719990804-364","NV4175311853719990804","364",364,"after","fire",1350.44787597656,1999,0.460634099484849,28.736847313233,0.605076661706697,120.38,198.949996948242,27,4.9,34.9,10.6,18.5,"fire-after",1,1
"1654","NV4175311853719990804-364-before","NV4175311853719990804-364","NV4175311853719990804","364",364,"before","fire",1350.44787597656,1999,0.478465272640285,-2.81867691538287,0.466959947257905,114.4,244.98889181349,24.7777777777778,9.33333333333333,23.6666666666667,14.2222222222222,17.7777777777778,"fire-before",1,0
"1655","NV4175311853719990804-365-after","NV4175311853719990804-365","NV4175311853719990804","365",365,"after","fire",1365.6572265625,1999,0.266810421247066,-1.58559271741844,0.259108134572852,53.34,205.859997749328,20.4,15.8,29.3,4.9,15.7,"fire-after",1,1
"1656","NV4175311853719990804-365-before","NV4175311853719990804-365","NV4175311853719990804","365",365,"before","fire",1365.6572265625,1999,0.210919192528235,5.30174152512515,0.231992227842806,58.3666666666667,251.588888168335,21.2222222222222,16.8888888888889,18.1111111111111,8,16,"fire-before",1,0
"1657","NV4175311853719990804-374-after","NV4175311853719990804-374","NV4175311853719990804","374",374,"after","fire",1361.0908203125,1999,0.234058639050213,46.5140344752505,0.467856252464357,93.08,198.949996948242,33.8,8.2,21.1,6.3,18.4,"fire-after",1,1
"1658","NV4175311853719990804-374-before","NV4175311853719990804-374","NV4175311853719990804","374",374,"before","fire",1361.0908203125,1999,0.164685100993742,59.9428684982392,0.409360963864593,100.288888888889,244.98889181349,34,11.1111111111111,15.2222222222222,8.66666666666667,17.6666666666667,"fire-before",1,0
"1659","NV4175311853719990804-379-after","NV4175311853719990804-379","NV4175311853719990804","379",379,"after","fire",1386.68493652344,1999,0.316192357022078,3.06864209508018,0.331098808633026,68.16,205.859997749328,17,12.7,26.6,11.4,16.2,"fire-after",1,1
"1660","NV4175311853719990804-379-before","NV4175311853719990804-379","NV4175311853719990804","379",379,"before","fire",1386.68493652344,1999,0.209025162644882,13.9893695087465,0.264629245999257,66.5777777777778,251.588888168335,18.5555555555556,20.5555555555556,14.7777777777778,11.6666666666667,16,"fire-before",1,0
"1661","NV4175311853719990804-443-after","NV4175311853719990804-443","NV4175311853719990804","443",443,"after","fire",1376.24658203125,1999,0.20596321585696,30.152789224824,0.321877526175616,83.73,260.129997253418,11,6.6,44.5,13.4,17.3,"fire-after",1,1
"1662","NV4175311853719990804-443-before","NV4175311853719990804-443","NV4175311853719990804","443",443,"before","fire",1376.24658203125,1999,0.19472933897074,16.7149014734994,0.247258884224772,78.6777777777778,318.200003306071,14.3333333333333,17.1111111111111,20.1111111111111,13.7777777777778,16.7777777777778,"fire-before",1,0
"1663","NV4175311853719990804-445-after","NV4175311853719990804-445","NV4175311853719990804","445",445,"after","fire",1319.71240234375,1999,0.326692140182044,-6.54831840076993,0.292314155882945,55.68,190.479998588562,22.8,14,25.8,5.6,19.6,"fire-after",1,1
"1664","NV4175311853719990804-445-before","NV4175311853719990804-445","NV4175311853719990804","445",445,"before","fire",1319.71240234375,1999,0.277651041708305,2.70958694512829,0.289354959068396,66.9888888888889,231.511113908556,25.8888888888889,19.1111111111111,16.7777777777778,8.66666666666667,19,"fire-before",1,0
"1665","NV4175311853719990804-572-after","NV4175311853719990804-572","NV4175311853719990804","572",572,"after","fire",1295.4306640625,1999,0.529774970029117,13.6282383176267,0.598751544324094,118.3,197.577778498332,25.4444444444444,8,34.8888888888889,7,18,"fire-after",1,1
"1666","NV4175311853719990804-572-before","NV4175311853719990804-572","NV4175311853719990804","572",572,"before","fire",1295.4306640625,1999,0.621044860922477,-37.52561091862,0.455255015042479,103.044444444444,226.344446606106,21.4444444444444,13.6666666666667,20.6666666666667,11.8888888888889,17.2222222222222,"fire-before",1,0
"1667","NV4175311853719990804-574-after","NV4175311853719990804-574","NV4175311853719990804","574",574,"after","fire",1458.23181152344,1999,0.19230576176107,19.4355027212765,0.267020338805187,69.46,260.129997253418,17,14.3,26.3,10.7,16,"fire-after",1,1
"1668","NV4175311853719990804-574-before","NV4175311853719990804-574","NV4175311853719990804","574",574,"before","fire",1458.23181152344,1999,0.159030734388072,21.6519753475043,0.227075910763125,72.2555555555556,318.200003306071,17,20.6666666666667,13.8888888888889,11,16.2222222222222,"fire-before",1,0
"1669","NV4175311853719990804-615-after","NV4175311853719990804-615","NV4175311853719990804","615",615,"after","fire",1392.18444824219,1999,0.25756888818154,6.10686925865114,0.287234045693527,59.13,205.859997749328,20.8,12.1,31.7,7.1,17.7,"fire-after",1,1
"1670","NV4175311853719990804-615-before","NV4175311853719990804-615","NV4175311853719990804","615",615,"before","fire",1392.18444824219,1999,0.164710365057923,12.1495912741656,0.213001811324168,53.5888888888889,251.588888168335,24.3333333333333,18.4444444444444,10.7777777777778,6.22222222222222,18,"fire-before",1,0
"1671","NV4175311853719990804-634-after","NV4175311853719990804-634","NV4175311853719990804","634",634,"after","fire",1627.48999023438,1999,0.123535315800207,39.702056511163,0.256207182995233,76.67,299.250001907349,14.1,11.5,23.5,13.8,16.3,"fire-after",1,1
"1672","NV4175311853719990804-634-before","NV4175311853719990804-634","NV4175311853719990804","634",634,"before","fire",1627.48999023438,1999,0.120214585581943,31.0946485306363,0.205982412525479,74.6777777777778,362.544436984592,15.4444444444444,16.7777777777778,15.4444444444444,15.7777777777778,17.8888888888889,"fire-before",1,0
"1673","NV4175311853719990804-662-after","NV4175311853719990804-662","NV4175311853719990804","662",662,"after","fire",1533.87609863281,1999,0.120518180953174,39.5849341198924,0.2527986617137,75.65,299.250001907349,19.1,22.2,14.2,12.5,15.7,"fire-after",1,1
"1674","NV4175311853719990804-662-before","NV4175311853719990804-662","NV4175311853719990804","662",662,"before","fire",1533.87609863281,1999,0.125485599709352,32.7614494592547,0.215850934595588,78.2555555555556,362.544436984592,17.8888888888889,21.4444444444444,13,14.8888888888889,15.2222222222222,"fire-before",1,0
"1675","NV4175311853719990804-700-after","NV4175311853719990804-700","NV4175311853719990804","700",700,"after","fire",1391.77856445312,1999,0.181474602660812,21.6556283544479,0.290324206514195,57.76,198.949996948242,16.1,15.3,23.7,8.4,17.8,"fire-after",1,1
"1676","NV4175311853719990804-700-before","NV4175311853719990804-700","NV4175311853719990804","700",700,"before","fire",1391.77856445312,1999,0.183090316564616,16.2004617986091,0.249217648619094,61.0555555555556,244.98889181349,17.1111111111111,17,17.3333333333333,9.44444444444444,15.8888888888889,"fire-before",1,0
"1677","NV4175311853719990804-701-after","NV4175311853719990804-701","NV4175311853719990804","701",701,"after","fire",1426.21264648438,1999,0.21686882507241,25.2367790584419,0.320873683100666,77.86,242.650002479553,25.8,8.4,27.3,12.5,15.7,"fire-after",1,1
"1678","NV4175311853719990804-701-before","NV4175311853719990804-701","NV4175311853719990804","701",701,"before","fire",1426.21264648438,1999,0.199053338866733,21.8786783057976,0.271638161057172,81.8777777777778,301.422220865885,22.5555555555556,17,13.2222222222222,15.3333333333333,16.4444444444444,"fire-before",1,0
"1679","NV4175311853719990804-707-after","NV4175311853719990804-707","NV4175311853719990804","707",707,"after","fire",1321.5595703125,1999,0.389834575572375,36.6868240778907,0.570025265410469,116.057142857143,203.599997929164,30.8571428571429,5.71428571428571,31.5714285714286,8.85714285714286,23,"fire-after",1,1
"1680","NV4175311853719990804-707-before","NV4175311853719990804-707","NV4175311853719990804","707",707,"before","fire",1321.5595703125,1999,0.466062046085927,-7.20965455096473,0.434920324942412,100.688888888889,231.511113908556,31.8888888888889,9.88888888888889,22.3333333333333,11.4444444444444,20.6666666666667,"fire-before",1,0
"1681","NV4175311853719990804-758-after","NV4175311853719990804-758","NV4175311853719990804","758",758,"after","fire",1600.82775878906,1999,0.132560036526038,30.1214088167448,0.23321637278254,69.79,299.250001907349,20.6,15.6,18.2,11.2,14.5,"fire-after",1,1
"1682","NV4175311853719990804-758-before","NV4175311853719990804-758","NV4175311853719990804","758",758,"before","fire",1600.82775878906,1999,0.124028372931922,28.111981143059,0.201569160419592,73.0777777777778,362.544436984592,21.5555555555556,20,12.6666666666667,13.1111111111111,15.5555555555556,"fire-before",1,0
"1683","NV4175311853719990804-76-after","NV4175311853719990804-76","NV4175311853719990804","76",76,"after","fire",1452.67834472656,1999,0.388512043550739,1.13091158905788,0.394005639205175,81.11,205.859997749328,13.2,8.3,36,12.8,15.6,"fire-after",1,1
"1684","NV4175311853719990804-76-before","NV4175311853719990804-76","NV4175311853719990804","76",76,"before","fire",1452.67834472656,1999,0.246201265986609,13.1362750025703,0.298414521898694,75.0777777777778,251.588888168335,13.8888888888889,19,15.6666666666667,14.3333333333333,14.6666666666667,"fire-before",1,0
"1685","NV4175311853719990804-834-after","NV4175311853719990804-834","NV4175311853719990804","834",834,"after","fire",1347.79113769531,1999,0.394159193089377,42.4220297377469,0.607388800470487,120.84,198.949996948242,25.5,5.9,31.4,11,18.6,"fire-after",1,1
"1686","NV4175311853719990804-834-before","NV4175311853719990804-834","NV4175311853719990804","834",834,"before","fire",1347.79113769531,1999,0.429334697440504,4.86221270141516,0.449181363407371,110.044444444444,244.98889181349,28.1111111111111,10,19.3333333333333,12.5555555555556,17.5555555555556,"fire-before",1,0
"1687","NV4175311853719990804-857-after","NV4175311853719990804-857","NV4175311853719990804","857",857,"after","fire",1365.76403808594,1999,0.262074218166606,9.9794020380655,0.310550863202895,63.93,205.859997749328,20.1,14.9,25.4,8.7,18,"fire-after",1,1
"1688","NV4175311853719990804-857-before","NV4175311853719990804-857","NV4175311853719990804","857",857,"before","fire",1365.76403808594,1999,0.183835019651093,19.9491517995774,0.263127678181504,66.2,251.588888168335,20.4444444444444,21,11.5555555555556,9.55555555555556,17.4444444444444,"fire-before",1,0
"1689","NV4175311853719990804-926-after","NV4175311853719990804-926","NV4175311853719990804","926",926,"after","fire",1337.50854492188,1999,0.253067051408296,8.55578840493629,0.297984042527226,56.76,190.479998588562,24.5,8.7,29.1,6.9,21.6,"fire-after",1,1
"1690","NV4175311853719990804-926-before","NV4175311853719990804-926","NV4175311853719990804","926",926,"before","fire",1337.50854492188,1999,0.177120695349471,14.9279238567194,0.241601072143026,55.9333333333333,231.511113908556,33.6666666666667,14.7777777777778,13.2222222222222,5.11111111111111,19.6666666666667,"fire-before",1,0
"1691","NV4175311853719990804-931-after","NV4175311853719990804-931","NV4175311853719990804","931",931,"after","fire",1381.00268554688,1999,0.24675365269249,9.64329361208545,0.293597593805459,60.44,205.859997749328,15,8.2,35.4,8.2,16.2,"fire-after",1,1
"1692","NV4175311853719990804-931-before","NV4175311853719990804-931","NV4175311853719990804","931",931,"before","fire",1381.00268554688,1999,0.186765055790961,2.7230983759663,0.197588659312529,49.7111111111111,251.588888168335,17.4444444444444,14.7777777777778,16.6666666666667,5.33333333333333,14.6666666666667,"fire-before",1,0
"1693","NV4175311853719990804-932-after","NV4175311853719990804-932","NV4175311853719990804","932",932,"after","fire",1364.91906738281,1999,0.229081169135323,25.9943020996277,0.359738633314075,71.57,198.949996948242,18.4,7.4,26.7,11.2,22.4,"fire-after",1,1
"1694","NV4175311853719990804-932-before","NV4175311853719990804-932","NV4175311853719990804","932",932,"before","fire",1364.91906738281,1999,0.0779860120488724,83.3466869864348,0.398519368606177,103.625,260.02500295639,16.5,10.125,30.25,18.375,20.375,"fire-before",1,0
"1695","NV4175311853719990804-94-after","NV4175311853719990804-94","NV4175311853719990804","94",94,"after","fire",1527.14916992188,1999,0.204799608219981,43.4854784762354,0.371967866150157,96.76,260.129997253418,19.3,18.3,15.8,17,15,"fire-after",1,1
"1696","NV4175311853719990804-94-before","NV4175311853719990804-94","NV4175311853719990804","94",94,"before","fire",1527.14916992188,1999,0.168229760492061,35.0137340996911,0.278266635840588,88.5444444444445,318.200003306071,16.7777777777778,22.2222222222222,11.5555555555556,16.7777777777778,16,"fire-before",1,0
"1697","NV4175311853719990804-945-after","NV4175311853719990804-945","NV4175311853719990804","945",945,"after","fire",1432.06665039062,1999,0.525125138982227,24.9359658930763,0.656482289280079,124.622222222222,189.833334816827,18.6666666666667,7.77777777777778,28.2222222222222,9.66666666666667,15.5555555555556,"fire-after",1,1
"1698","NV4175311853719990804-945-before","NV4175311853719990804-945","NV4175311853719990804","945",945,"before","fire",1432.06665039062,1999,0.445420163530304,-5.47393597702345,0.421236066862143,95.3444444444444,226.344446606106,22.2222222222222,16.1111111111111,13.8888888888889,8,16.8888888888889,"fire-before",1,0
"1699","NV4175311853719990804-948-after","NV4175311853719990804-948","NV4175311853719990804","948",948,"after","fire",1455.83142089844,1999,0.221749246907915,25.6107005306213,0.346157586607826,71.26,205.859997749328,17.1,14.7,21,11.6,15.9,"fire-after",1,1
"1700","NV4175311853719990804-948-before","NV4175311853719990804-948","NV4175311853719990804","948",948,"before","fire",1455.83142089844,1999,0.17752494954744,26.8366953212198,0.284193791389389,71.5,251.588888168335,17.8888888888889,19.5555555555556,11.6666666666667,11.8888888888889,16,"fire-before",1,0
"1701","NV4175311853719990804-97-after","NV4175311853719990804-97","NV4175311853719990804","97",97,"after","fire",1545.3154296875,1999,0.171260515712779,37.1243106208184,0.351598177360012,72.38,205.859997749328,24.5,20.4,13.3,10.1,18.2,"fire-after",1,1
"1702","NV4175311853719990804-97-before","NV4175311853719990804-97","NV4175311853719990804","97",97,"before","fire",1545.3154296875,1999,0.183904770593475,27.8204921264237,0.29448394731693,74.0888888888889,251.588888168335,20.7777777777778,20.6666666666667,11.3333333333333,11.5555555555556,16.4444444444444,"fire-before",1,0
"1703","NV4183111859919990819-292-after","NV4183111859919990819-292","NV4183111859919990819","292",292,"after","fire",1462.06982421875,1999,0.332864269017261,83.9058163196556,0.640249111981779,174.766666666667,272.966667811076,16.6666666666667,4.33333333333333,32.8333333333333,18,18.6666666666667,"fire-after",1,1
"1704","NV4183111859919990819-292-before","NV4183111859919990819-292","NV4183111859919990819","292",292,"before","fire",1462.06982421875,1999,0.20674383317932,81.7286650283002,0.503387637282601,138.688888888889,275.511114332411,19.6666666666667,11.4444444444444,15.2222222222222,19.3333333333333,19.6666666666667,"fire-before",1,0
"1705","NV4183111859919990819-410-after","NV4183111859919990819-410","NV4183111859919990819","410",410,"after","fire",1466.65417480469,1999,0.321702931127543,88.9191561983918,0.647453898860842,176.733333333333,272.966667811076,16.6666666666667,3.66666666666667,33.6666666666667,19.3333333333333,17.1666666666667,"fire-after",1,1
"1706","NV4183111859919990819-410-before","NV4183111859919990819-410","NV4183111859919990819","410",410,"before","fire",1466.65417480469,1999,0.222664708945423,79.6422868048334,0.511735757849617,140.988888888889,275.511114332411,21.5555555555556,13.4444444444444,13.7777777777778,18.5555555555556,19.2222222222222,"fire-before",1,0
"1707","NV4185511763119960724-334-after","NV4185511763119960724-334","NV4185511763119960724","334",334,"after","fire",1395.83093261719,1996,0.229519801104862,1.23760685979702,0.234797442319489,55.06,234.499999046326,22.3,14.6,22.5,10.8,18.1,"fire-after",1,1
"1708","NV4185511763119960724-334-before","NV4185511763119960724-334","NV4185511763119960724","334",334,"before","fire",1395.83093261719,1996,0.195140083533129,5.91467903793827,0.220130512039255,52.1,236.677775912815,21.6666666666667,16.5555555555556,15.1111111111111,9.66666666666667,15.2222222222222,"fire-before",1,0
"1709","NV4185511763119960724-503-after","NV4185511763119960724-503","NV4185511763119960724","503",503,"after","fire",1390.64111328125,1996,0.398558719802317,35.0679805864519,0.548102347644823,128.53,234.499999046326,18.3,7,34.3,15,19.6,"fire-after",1,1
"1710","NV4185511763119960724-503-before","NV4185511763119960724-503","NV4185511763119960724","503",503,"before","fire",1390.64111328125,1996,0.391180701225962,35.3717772093795,0.540631899476234,127.955555555556,236.677775912815,20.7777777777778,9.22222222222222,32.3333333333333,17.2222222222222,16.2222222222222,"fire-before",1,0
"1711","NV4185511763119960724-60-after","NV4185511763119960724-60","NV4185511763119960724","60",60,"after","fire",1447.93579101562,1996,0.476186881863941,27.505113820052,0.588478116005714,144.144444444444,244.944443172879,13.3333333333333,5.44444444444444,42.5555555555556,18,15.7777777777778,"fire-after",1,1
"1712","NV4185511763119960724-60-before","NV4185511763119960724-60","NV4185511763119960724","60",60,"before","fire",1447.93579101562,1996,0.615664836065725,-46.1252952188744,0.420778370528438,99.5888888888889,236.677775912815,16.1111111111111,10.6666666666667,28,21.3333333333333,17.2222222222222,"fire-before",1,0
"1713","NV4185511763119960724-724-after","NV4185511763119960724-724","NV4185511763119960724","724",724,"after","fire",1401.1201171875,1996,0.464252300239911,17.8928360364864,0.540554373200481,126.76,234.499999046326,18.9,6.3,36.8,15.1,19.4,"fire-after",1,1
"1714","NV4185511763119960724-724-before","NV4185511763119960724-724","NV4185511763119960724","724",724,"before","fire",1401.1201171875,1996,0.346451318956526,30.4804501450859,0.475235908162376,112.477777777778,236.677775912815,23.1111111111111,15.2222222222222,19.8888888888889,13.5555555555556,18.2222222222222,"fire-before",1,0
"1715","NV4185511763119960724-746-after","NV4185511763119960724-746","NV4185511763119960724","746",746,"after","fire",1402.69665527344,1996,0.451670662680786,14.9532300321024,0.51543710230942,120.87,234.499999046326,22.3,7.1,31.4,14.2,19.9,"fire-after",1,1
"1716","NV4185511763119960724-746-before","NV4185511763119960724-746","NV4185511763119960724","746",746,"before","fire",1402.69665527344,1996,0.354926235684723,32.6079590361433,0.492699877127742,116.611111111111,236.677775912815,22.7777777777778,14.3333333333333,19.4444444444444,15.3333333333333,19.2222222222222,"fire-before",1,0
"1717","NV4187611740319990817-286-after","NV4187611740319990817-286","NV4187611740319990817","286",286,"after","fire",2009.16796875,1999,0.0811813675520189,85.8688469299419,0.259918401592159,124.87,480.42000579834,19.9,26.8,5.8,25.3,14.8,"fire-after",1,1
"1718","NV4187611740319990817-286-before","NV4187611740319990817-286","NV4187611740319990817","286",286,"before","fire",2009.16796875,1999,0.052349088869755,96.2839433942974,0.223632195622792,125.711111111111,562.133331298828,13.8888888888889,27.4444444444444,7.33333333333333,26.7777777777778,13.7777777777778,"fire-before",1,0
"1719","NV4187611740319990817-35-after","NV4187611740319990817-35","NV4187611740319990817","35",35,"after","fire",2009.71936035156,1999,0.107771142939087,73.2345868843102,0.260209813270087,125.01,480.42000579834,15.3,26.2,7.1,27.3,13.9,"fire-after",1,1
"1720","NV4187611740319990817-35-before","NV4187611740319990817-35","NV4187611740319990817","35",35,"before","fire",2009.71936035156,1999,0.0698136486186375,79.4998655763239,0.211238931820822,118.744444444444,562.133331298828,15.3333333333333,25.8888888888889,8.11111111111111,26.4444444444444,13,"fire-before",1,0
"1721","NV4187611740319990817-725-after","NV4187611740319990817-725","NV4187611740319990817","725",725,"after","fire",1976.33435058594,1999,0.115179426556258,84.7354992259932,0.291557383767227,140.07,480.42000579834,15.9,27.4,7.5,28.3,13.6,"fire-after",1,1
"1722","NV4187611740319990817-725-before","NV4187611740319990817-725","NV4187611740319990817","725",725,"before","fire",1976.33435058594,1999,0.0801737318478426,92.7650063670466,0.245196869957639,137.833333333333,562.133331298828,12.7777777777778,27.5555555555556,6.88888888888889,28.6666666666667,13,"fire-before",1,0
"1723","NV4192111742519960826-121-after","NV4192111742519960826-121","NV4192111742519960826","121",121,"after","fire",1908.33959960938,1996,0.185692889062828,114.038183596603,0.464392198685857,190.02,409.180000305176,6.8,22.9,14.6,33.2,10.9,"fire-after",1,1
"1724","NV4192111742519960826-121-before","NV4192111742519960826-121","NV4192111742519960826","121",121,"before","fire",1908.33959960938,1996,0.170605552842538,113.060660231812,0.440733759230727,184.466666666667,418.544445037842,8.11111111111111,27.6666666666667,11.6666666666667,35.2222222222222,11.2222222222222,"fire-before",1,0
"1725","NV4192111742519960826-124-after","NV4192111742519960826-124","NV4192111742519960826","124",124,"after","fire",1882.814453125,1996,0.176387435228698,20.9079977906243,0.225161545135792,96.52,428.670001983643,15.6,26.7,6.8,25.8,14,"fire-after",1,1
"1726","NV4192111742519960826-124-before","NV4192111742519960826-124","NV4192111742519960826","124",124,"before","fire",1882.814453125,1996,0.100640454878946,54.7103821705257,0.226956720595769,98.3,433.122225867377,16.7777777777778,26,5.88888888888889,24.8888888888889,13.8888888888889,"fire-before",1,0
"1727","NV4192111742519960826-148-after","NV4192111742519960826-148","NV4192111742519960826","148",148,"after","fire",2076.85327148438,1996,0.082504130791541,52.5067808082878,0.22067260034362,83.86,380.019992828369,11.5,22.2,13.6,19.5,12.5,"fire-after",1,1
"1728","NV4192111742519960826-148-before","NV4192111742519960826-148","NV4192111742519960826","148",148,"before","fire",2076.85327148438,1996,0.0776030782062511,51.2711677697346,0.208456219714234,81.6777777777778,391.822215186225,12.3333333333333,23.5555555555556,10.3333333333333,21,11.4444444444444,"fire-before",1,0
"1729","NV4192111742519960826-157-after","NV4192111742519960826-157","NV4192111742519960826","157",157,"after","fire",1825.306640625,1996,0.143983022363372,7.39539935630846,0.163725672502564,61.33,374.590002059936,25.2,25.2,5.4,17.6,13.1,"fire-after",1,1
"1730","NV4192111742519960826-157-before","NV4192111742519960826-157","NV4192111742519960826","157",157,"before","fire",1825.306640625,1996,0.170975201774429,2.75540587195622,0.178309477494835,66.9888888888889,375.688885582818,20.2222222222222,28,4.11111111111111,18.7777777777778,13.3333333333333,"fire-before",1,0
"1731","NV4192111742519960826-182-after","NV4192111742519960826-182","NV4192111742519960826","182",182,"after","fire",2022.90466308594,1996,0.0952133200735984,89.7297703435502,0.29371294268355,132.77,452.040004730224,8.5,17.9,16.2,30.5,12.3,"fire-after",1,1
"1732","NV4192111742519960826-182-before","NV4192111742519960826-182","NV4192111742519960826","182",182,"before","fire",2022.90466308594,1996,0.134826870168437,66.957168634638,0.280333212862341,129,460.166666242811,10.4444444444444,25.3333333333333,9.66666666666667,28.5555555555556,13,"fire-before",1,0
"1733","NV4192111742519960826-219-after","NV4192111742519960826-219","NV4192111742519960826","219",219,"after","fire",1758.72204589844,1996,0.138294467106602,55.8591657825329,0.285323224452571,108.4,379.920001983643,9.4,15.3,20.3,26.1,15.3,"fire-after",1,1
"1734","NV4192111742519960826-219-before","NV4192111742519960826-219","NV4192111742519960826","219",219,"before","fire",1758.72204589844,1996,0.165907762019268,44.2363758403464,0.279463774558922,108.866666666667,389.555558098687,11.4444444444444,19.2222222222222,11.6666666666667,26.8888888888889,15.3333333333333,"fire-before",1,0
"1735","NV4192111742519960826-222-after","NV4192111742519960826-222","NV4192111742519960826","222",222,"after","fire",1736.88220214844,1996,0.174547625640953,97.548602486967,0.412947846605353,168.97,409.180000305176,9.5,23,11.1,33.4,10.8,"fire-after",1,1
"1736","NV4192111742519960826-222-before","NV4192111742519960826-222","NV4192111742519960826","222",222,"before","fire",1736.88220214844,1996,0.22340921728029,74.4377575815268,0.401258328561164,167.944444444444,418.544445037842,9.88888888888889,25.6666666666667,10.7777777777778,30.2222222222222,11.5555555555556,"fire-before",1,0
"1737","NV4192111742519960826-249-after","NV4192111742519960826-249","NV4192111742519960826","249",249,"after","fire",1884.35546875,1996,0.184689296071347,-6.11735876777905,0.169908425789455,70.32,413.869998931885,27.4,24,7.6,20.4,12.9,"fire-after",1,1
"1738","NV4192111742519960826-249-before","NV4192111742519960826-249","NV4192111742519960826","249",249,"before","fire",1884.35546875,1996,0.165320075261151,7.16556210322363,0.182493610493766,76.1444444444444,417.244440714518,21.6666666666667,25.3333333333333,5.44444444444444,18.4444444444444,13.1111111111111,"fire-before",1,0
"1739","NV4192111742519960826-268-after","NV4192111742519960826-268","NV4192111742519960826","268",268,"after","fire",2248.99926757812,1996,0.0929543943769892,49.8232395780277,0.209181887197746,89.67,428.670001983643,11,27.4,7.5,22.8,12.9,"fire-after",1,1
"1740","NV4192111742519960826-268-before","NV4192111742519960826-268","NV4192111742519960826","268",268,"before","fire",2248.99926757812,1996,0.0976335729301676,44.9571740175453,0.201431464916693,87.2444444444444,433.122225867377,11.3333333333333,24.5555555555556,6.33333333333333,22.4444444444444,12.1111111111111,"fire-before",1,0
"1741","NV4192111742519960826-300-after","NV4192111742519960826-300","NV4192111742519960826","300",300,"after","fire",1899.91918945312,1996,0.180687125578643,12.3890195297616,0.21062169334566,87.17,413.869998931885,22.5,25.2,7.2,23.8,13.2,"fire-after",1,1
"1742","NV4192111742519960826-300-before","NV4192111742519960826-300","NV4192111742519960826","300",300,"before","fire",1899.91918945312,1996,0.209026591597442,-0.948516638869933,0.206753303936028,86.2666666666667,417.244440714518,20.8888888888889,27.5555555555556,4.66666666666667,20.5555555555556,13.2222222222222,"fire-before",1,0
"1743","NV4192111742519960826-301-after","NV4192111742519960826-301","NV4192111742519960826","301",301,"after","fire",2018.86120605469,1996,0.146863576838498,44.9975716107182,0.255587503981919,105.78,413.869998931885,16.6,24.4,8.4,25.1,13.2,"fire-after",1,1
"1744","NV4192111742519960826-301-before","NV4192111742519960826-301","NV4192111742519960826","301",301,"before","fire",2018.86120605469,1996,0.138621261540126,38.2499381464382,0.230293994389331,96.0888888888889,417.244440714518,16.3333333333333,26,6.33333333333333,26,12.6666666666667,"fire-before",1,0
"1745","NV4192111742519960826-305-after","NV4192111742519960826-305","NV4192111742519960826","305",305,"after","fire",2112.16455078125,1996,0.145540235227236,111.999991379442,0.393305898016934,177.79,452.040004730224,9.1,22.9,14,32.6,10.9,"fire-after",1,1
"1746","NV4192111742519960826-305-before","NV4192111742519960826-305","NV4192111742519960826","305",305,"before","fire",2112.16455078125,1996,0.156295219612827,96.6781498410773,0.366388989834037,168.6,460.166666242811,9.11111111111111,24.3333333333333,9.55555555555556,31.3333333333333,11.8888888888889,"fire-before",1,0
"1747","NV4192111742519960826-309-after","NV4192111742519960826-309","NV4192111742519960826","309",309,"after","fire",1836.45715332031,1996,0.187917705830627,12.9564992885962,0.219223428212134,90.73,413.869998931885,17.9,23.6,8.2,26.3,12.3,"fire-after",1,1
"1748","NV4192111742519960826-309-before","NV4192111742519960826-309","NV4192111742519960826","309",309,"before","fire",1836.45715332031,1996,0.157078263894978,25.3710787438434,0.217884535394717,90.9111111111111,417.244440714518,18.7777777777778,26.4444444444444,5.77777777777778,24.7777777777778,13.5555555555556,"fire-before",1,0
"1749","NV4192111742519960826-341-after","NV4192111742519960826-341","NV4192111742519960826","341",341,"after","fire",1989.56506347656,1996,0.164399209128581,80.0500994935516,0.357817673139369,148.09,413.869998931885,11,26.7,9.4,31.2,11.6,"fire-after",1,1
"1750","NV4192111742519960826-341-before","NV4192111742519960826-341","NV4192111742519960826","341",341,"before","fire",1989.56506347656,1996,0.217667342070956,47.8906227068992,0.332445678302083,138.711111111111,417.244440714518,11.1111111111111,28.8888888888889,7.66666666666667,30.1111111111111,11.4444444444444,"fire-before",1,0
"1751","NV4192111742519960826-380-after","NV4192111742519960826-380","NV4192111742519960826","380",380,"after","fire",1658.2587890625,1996,0.108631291016435,51.8087997015504,0.244998945867576,93.08,379.920001983643,19.4,22.8,7.1,24.4,15.4,"fire-after",1,1
"1752","NV4192111742519960826-380-before","NV4192111742519960826-380","NV4192111742519960826","380",380,"before","fire",1658.2587890625,1996,0.122410875775836,49.0030518586841,0.248203078813201,96.6888888888889,389.555558098687,21.4444444444444,22.7777777777778,6.55555555555556,25.2222222222222,15.1111111111111,"fire-before",1,0
"1753","NV4192111742519960826-404-after","NV4192111742519960826-404","NV4192111742519960826","404",404,"after","fire",1755.59411621094,1996,0.185643657124084,73.0516987510733,0.377874855823322,143.6,380.019992828369,10.6,16.1,13,32.4,12.8,"fire-after",1,1
"1754","NV4192111742519960826-404-before","NV4192111742519960826-404","NV4192111742519960826","404",404,"before","fire",1755.59411621094,1996,0.196934403299766,63.0922814082637,0.357957129839856,140.255555555556,391.822215186225,9.88888888888889,21.5555555555556,10.5555555555556,29.5555555555556,14,"fire-before",1,0
"1755","NV4192111742519960826-415-after","NV4192111742519960826-415","NV4192111742519960826","415",415,"after","fire",1770.06750488281,1996,0.128727966156113,46.385873686498,0.273997059883956,87.49,319.309995651245,11.8,17.4,14.2,19.9,16.5,"fire-after",1,1
"1756","NV4192111742519960826-415-before","NV4192111742519960826-415","NV4192111742519960826","415",415,"before","fire",1770.06750488281,1996,0.172673699834174,37.6454893519245,0.286540076195869,94.7333333333333,330.611112382677,13,17.7777777777778,11.1111111111111,22.4444444444444,15.7777777777778,"fire-before",1,0
"1757","NV4192111742519960826-419-after","NV4192111742519960826-419","NV4192111742519960826","419",419,"after","fire",1731.63452148438,1996,0.151984223725189,116.511095289745,0.436727112436389,178.7,409.180000305176,6.9,12.8,17.7,32.7,11.4,"fire-after",1,1
"1758","NV4192111742519960826-419-before","NV4192111742519960826-419","NV4192111742519960826","419",419,"before","fire",1731.63452148438,1996,0.232510038258994,69.1397706267175,0.39770102680614,166.455555555556,418.544445037842,9.11111111111111,21.7777777777778,11.5555555555556,32.1111111111111,11.5555555555556,"fire-before",1,0
"1759","NV4192111742519960826-430-after","NV4192111742519960826-430","NV4192111742519960826","430",430,"after","fire",1638.29260253906,1996,0.201657011191691,53.9189006333379,0.370517683790957,118.31,319.309995651245,11.5,15.4,15.3,29.4,14.9,"fire-after",1,1
"1760","NV4192111742519960826-430-before","NV4192111742519960826-430","NV4192111742519960826","430",430,"before","fire",1638.29260253906,1996,0.235639240825026,41.9506040253842,0.362527304940751,119.855555555556,330.611112382677,15.5555555555556,17.2222222222222,13.3333333333333,29.4444444444444,14.7777777777778,"fire-before",1,0
"1761","NV4192111742519960826-457-after","NV4192111742519960826-457","NV4192111742519960826","457",457,"after","fire",2019.57531738281,1996,0.107426476689134,64.2489349692924,0.24955755866635,112.81,452.040004730224,11.9,21.1,7.4,31.3,11.3,"fire-after",1,1
"1762","NV4192111742519960826-457-before","NV4192111742519960826-457","NV4192111742519960826","457",457,"before","fire",2019.57531738281,1996,0.127034877316443,56.7538951198391,0.250368224304015,115.211111111111,460.166666242811,11.5555555555556,25.8888888888889,7.11111111111111,28.5555555555556,13.4444444444444,"fire-before",1,0
"1763","NV4192111742519960826-468-after","NV4192111742519960826-468","NV4192111742519960826","468",468,"after","fire",2072.97021484375,1996,0.150238171176751,123.760788827035,0.440042148451965,187.92,427.050001144409,6.1,38.5,7.7,31.8,10.3,"fire-after",1,1
"1764","NV4192111742519960826-468-before","NV4192111742519960826-468","NV4192111742519960826","468",468,"before","fire",2072.97021484375,1996,0.181437721071746,106.513136392693,0.427559120205574,185.033333333333,432.766662173801,8,36.2222222222222,9.77777777777778,30.1111111111111,11.6666666666667,"fire-before",1,0
"1765","NV4192111742519960826-499-after","NV4192111742519960826-499","NV4192111742519960826","499",499,"after","fire",2059.4130859375,1996,0.123994209588792,125.569656910962,0.401778599459112,181.62,452.040004730224,10.1,26.9,10.7,34.5,12.4,"fire-after",1,1
"1766","NV4192111742519960826-499-before","NV4192111742519960826-499","NV4192111742519960826","499",499,"before","fire",2059.4130859375,1996,0.153441570950034,103.280192721752,0.377882410102984,173.888888888889,460.166666242811,11,23.6666666666667,10.1111111111111,32.5555555555556,12.7777777777778,"fire-before",1,0
"1767","NV4192111742519960826-51-after","NV4192111742519960826-51","NV4192111742519960826","51",51,"after","fire",2016.99536132812,1996,0.13396984961545,63.7987787099191,0.30185253977363,114.71,380.019992828369,10.1,20.8,8.6,30,11.8,"fire-after",1,1
"1768","NV4192111742519960826-51-before","NV4192111742519960826-51","NV4192111742519960826","51",51,"before","fire",2016.99536132812,1996,-0.125742592340975,236.546518852077,0.477966206405036,187.277777777778,391.822215186225,11.3333333333333,24.2222222222222,6.66666666666667,29.7777777777778,12.4444444444444,"fire-before",1,0
"1769","NV4192111742519960826-536-after","NV4192111742519960826-536","NV4192111742519960826","536",536,"after","fire",1705.54638671875,1996,0.145452227474302,64.8397894494379,0.316119181335367,120.1,379.920001983643,11.3,21.2,12.5,29.8,12.8,"fire-after",1,1
"1770","NV4192111742519960826-536-before","NV4192111742519960826-536","NV4192111742519960826","536",536,"before","fire",1705.54638671875,1996,0.174771893065409,49.6055265458292,0.302110665455002,117.688888888889,389.555558098687,14,23.2222222222222,7.55555555555556,29.4444444444444,14,"fire-before",1,0
"1771","NV4192111742519960826-555-after","NV4192111742519960826-555","NV4192111742519960826","555",555,"after","fire",1824.30883789062,1996,0.124695268516668,7.16039910947714,0.143810565428227,53.87,374.590002059936,36.8,24.9,5,16.1,13,"fire-after",1,1
"1772","NV4192111742519960826-555-before","NV4192111742519960826-555","NV4192111742519960826","555",555,"before","fire",1824.30883789062,1996,0.147497301724503,7.58690308864897,0.167691945164324,63,375.688885582818,25.8888888888889,26.4444444444444,3.66666666666667,17.5555555555556,13.6666666666667,"fire-before",1,0
"1773","NV4192111742519960826-594-after","NV4192111742519960826-594","NV4192111742519960826","594",594,"after","fire",1869.19934082031,1996,0.154624146119047,8.36570481086634,0.174837509814064,72.36,413.869998931885,24.2,22.2,6.6,21.8,13,"fire-after",1,1
"1774","NV4192111742519960826-594-before","NV4192111742519960826-594","NV4192111742519960826","594",594,"before","fire",1869.19934082031,1996,0.175124955700342,3.27453024810066,0.182972945819738,76.3444444444444,417.244440714518,20.4444444444444,25.2222222222222,4.88888888888889,19.6666666666667,12.4444444444444,"fire-before",1,0
"1775","NV4192111742519960826-602-after","NV4192111742519960826-602","NV4192111742519960826","602",602,"after","fire",1771.04846191406,1996,0.191507822779871,52.2831985606168,0.329087948950311,125.06,380.019992828369,12.6,18.4,12,28.5,14.1,"fire-after",1,1
"1776","NV4192111742519960826-602-before","NV4192111742519960826-602","NV4192111742519960826","602",602,"before","fire",1771.04846191406,1996,0.179026545441415,55.0423112768964,0.319504316082204,125.188888888889,391.822215186225,16.4444444444444,20.3333333333333,10.1111111111111,28.6666666666667,13.4444444444444,"fire-before",1,0
"1777","NV4192111742519960826-604-after","NV4192111742519960826-604","NV4192111742519960826","604",604,"after","fire",1798.84631347656,1996,0.159554418369365,52.7635230429309,0.288503836727004,118.05,409.180000305176,10.6,20,13.5,30.9,11.3,"fire-after",1,1
"1778","NV4192111742519960826-604-before","NV4192111742519960826-604","NV4192111742519960826","604",604,"before","fire",1798.84631347656,1996,0.117467173116837,68.8236561065382,0.281902890571684,117.988888888889,418.544445037842,9.55555555555556,24.7777777777778,10.4444444444444,31.3333333333333,12,"fire-before",1,0
"1779","NV4192111742519960826-61-after","NV4192111742519960826-61","NV4192111742519960826","61",61,"after","fire",1797.25512695312,1996,0.167287169840917,45.7375309167764,0.287642761072753,109.31,380.019992828369,11.3,15.2,21,25,13.4,"fire-after",1,1
"1780","NV4192111742519960826-61-before","NV4192111742519960826-61","NV4192111742519960826","61",61,"before","fire",1797.25512695312,1996,0.229192163124472,20.9751967190245,0.282724596728461,110.777777777778,391.822215186225,13.6666666666667,17.5555555555556,15.5555555555556,26.3333333333333,12,"fire-before",1,0
"1781","NV4192111742519960826-625-after","NV4192111742519960826-625","NV4192111742519960826","625",625,"after","fire",1776.10546875,1996,0.117407399307788,55.8845806220909,0.264503051893347,100.49,379.920001983643,9.3,17.9,16.8,25,15,"fire-after",1,1
"1782","NV4192111742519960826-625-before","NV4192111742519960826-625","NV4192111742519960826","625",625,"before","fire",1776.10546875,1996,0.169741626385213,33.2984282231516,0.255219621836419,99.4222222222222,389.555558098687,12.1111111111111,20.4444444444444,12.3333333333333,27.8888888888889,16.3333333333333,"fire-before",1,0
"1783","NV4192111742519960826-669-after","NV4192111742519960826-669","NV4192111742519960826","669",669,"after","fire",1935.97290039062,1996,0.188505501239658,63.6429895951016,0.356022318629656,135.26,379.920001983643,18.4,20.4,8.9,28.3,16.8,"fire-after",1,1
"1784","NV4192111742519960826-669-before","NV4192111742519960826-669","NV4192111742519960826","669",669,"before","fire",1935.97290039062,1996,0.18172371380398,58.9418505826579,0.333029090809347,129.733333333333,389.555558098687,11.8888888888889,25.7777777777778,7.11111111111111,28.2222222222222,14.5555555555556,"fire-before",1,0
"1785","NV4192111742519960826-763-after","NV4192111742519960826-763","NV4192111742519960826","763",763,"after","fire",2083.47924804688,1996,0.146711710931225,109.65043749667,0.389279705686708,175.97,452.040004730224,7.7,22,14,33.1,10.3,"fire-after",1,1
"1786","NV4192111742519960826-763-before","NV4192111742519960826-763","NV4192111742519960826","763",763,"before","fire",2083.47924804688,1996,0.126504789472646,109.064490542402,0.3635156347668,167.277777777778,460.166666242811,8.44444444444444,25.5555555555556,12.6666666666667,30.6666666666667,11.7777777777778,"fire-before",1,0
"1787","NV4192111742519960826-772-after","NV4192111742519960826-772","NV4192111742519960826","772",772,"after","fire",1829.75451660156,1996,0.115086543716005,71.122291374374,0.281629784984663,120.27,427.050001144409,11.9,17.3,11.9,30.4,13.4,"fire-after",1,1
"1788","NV4192111742519960826-772-before","NV4192111742519960826-772","NV4192111742519960826","772",772,"before","fire",1829.75451660156,1996,0.122343237805886,60.5317031129891,0.262214693728429,113.477777777778,432.766662173801,15.6666666666667,21.8888888888889,8,27.6666666666667,14.3333333333333,"fire-before",1,0
"1789","NV4192111742519960826-776-after","NV4192111742519960826-776","NV4192111742519960826","776",776,"after","fire",2030.74792480469,1996,0.120215711128339,87.4344317836188,0.303029669143546,144.93,478.270000457764,11.8,24.6,8.6,30.7,12.1,"fire-after",1,1
"1790","NV4192111742519960826-776-before","NV4192111742519960826-776","NV4192111742519960826","776",776,"before","fire",2030.74792480469,1996,0.182035786216928,48.4587900785903,0.283588692122039,135.322222222222,477.177778879801,11.3333333333333,29.6666666666667,6.88888888888889,32.1111111111111,11.8888888888889,"fire-before",1,0
"1791","NV4192111742519960826-792-after","NV4192111742519960826-792","NV4192111742519960826","792",792,"after","fire",1984.78820800781,1996,0.0693087392001988,76.8396772040963,0.239292980417862,108.17,452.040004730224,14.9,21.4,8.1,23.5,11.9,"fire-after",1,1
"1792","NV4192111742519960826-792-before","NV4192111742519960826-792","NV4192111742519960826","792",792,"before","fire",1984.78820800781,1996,0.0707914247761387,65.979701617741,0.214173608793193,98.5555555555556,460.166666242811,17,21.4444444444444,9.11111111111111,22.1111111111111,11.3333333333333,"fire-before",1,0
"1793","NV4192111742519960826-8-after","NV4192111742519960826-8","NV4192111742519960826","8",8,"after","fire",1814.91088867188,1996,0.13262147626034,65.3711875426578,0.304641866703802,115.77,380.019992828369,12.5,19.7,8.9,29.5,15.1,"fire-after",1,1
"1794","NV4192111742519960826-8-before","NV4192111742519960826-8","NV4192111742519960826","8",8,"before","fire",1814.91088867188,1996,0.114580439733802,67.2937271753786,0.286326003326707,112.188888888889,391.822215186225,13.4444444444444,22.8888888888889,8.22222222222222,26.6666666666667,14.6666666666667,"fire-before",1,0
"1795","NV4192111742519960826-818-after","NV4192111742519960826-818","NV4192111742519960826","818",818,"after","fire",1877.14343261719,1996,0.198816721331691,17.0657237548122,0.240051224433765,99.35,413.869998931885,19.1,20.6,11.1,27.7,11.8,"fire-after",1,1
"1796","NV4192111742519960826-818-before","NV4192111742519960826-818","NV4192111742519960826","818",818,"before","fire",1877.14343261719,1996,0.162545834730679,27.7675429862121,0.229095656074401,95.5888888888889,417.244440714518,18.3333333333333,27.7777777777778,7.44444444444444,26.8888888888889,13.3333333333333,"fire-before",1,0
"1797","NV4192111742519960826-838-after","NV4192111742519960826-838","NV4192111742519960826","838",838,"after","fire",1904.11218261719,1996,0.145198022483031,52.5718485373051,0.2835377138925,107.75,380.019992828369,16.3,19.5,9.8,25.7,16.3,"fire-after",1,1
"1798","NV4192111742519960826-838-before","NV4192111742519960826-838","NV4192111742519960826","838",838,"before","fire",1904.11218261719,1996,0.143366225983152,42.9037055301702,0.252864115248514,99.0777777777778,391.822215186225,17.8888888888889,23,8.77777777777778,25.5555555555556,15.7777777777778,"fire-before",1,0
"1799","NV4192111742519960826-846-after","NV4192111742519960826-846","NV4192111742519960826","846",846,"after","fire",1801.62145996094,1996,0.240053828258219,53.5884131428032,0.40787949570564,130.24,319.309995651245,11.5,16.9,18.8,27,12.4,"fire-after",1,1
"1800","NV4192111742519960826-846-before","NV4192111742519960826-846","NV4192111742519960826","846",846,"before","fire",1801.62145996094,1996,0.274502595270931,33.9797249588792,0.377281127770916,124.733333333333,330.611112382677,10.8888888888889,22.4444444444444,12.5555555555556,29.6666666666667,13.3333333333333,"fire-before",1,0
"1801","NV4192111742519960826-865-after","NV4192111742519960826-865","NV4192111742519960826","865",865,"after","fire",1924.19763183594,1996,0.1434023712065,96.3526177059615,0.378879710358217,155.03,409.180000305176,9.5,16.1,16.3,31.8,14.2,"fire-after",1,1
"1802","NV4192111742519960826-865-before","NV4192111742519960826-865","NV4192111742519960826","865",865,"before","fire",1924.19763183594,1996,0.113225317728069,102.410172227272,0.357907031800305,149.8,418.544445037842,11.1111111111111,22.5555555555556,8.55555555555556,29.6666666666667,16.5555555555556,"fire-before",1,0
"1803","NV4192111742519960826-871-after","NV4192111742519960826-871","NV4192111742519960826","871",871,"after","fire",2128.2099609375,1996,0.14551059713502,113.144892157063,0.363386033173197,188.71,519.309997558594,14.8,28.4,9.2,31.3,13.4,"fire-after",1,1
"1804","NV4192111742519960826-871-before","NV4192111742519960826-871","NV4192111742519960826","871",871,"before","fire",2128.2099609375,1996,0.123992547254713,117.648102834885,0.349973325369866,182.2,520.611106024848,12.1111111111111,28.5555555555556,7.88888888888889,31.1111111111111,14.3333333333333,"fire-before",1,0
"1805","NV4192111742519960826-872-after","NV4192111742519960826-872","NV4192111742519960826","872",872,"after","fire",2042.59716796875,1996,0.0751693723370127,54.7696519511701,0.207504772565392,85.88,413.869998931885,15.5,27.5,6.1,20.7,12.1,"fire-after",1,1
"1806","NV4192111742519960826-872-before","NV4192111742519960826-872","NV4192111742519960826","872",872,"before","fire",2042.59716796875,1996,0.0793288945201494,44.5671264401059,0.186141884919221,77.6666666666667,417.244440714518,16.7777777777778,28.4444444444444,5.22222222222222,20.4444444444444,11.6666666666667,"fire-before",1,0
"1807","NV4192111742519960826-899-after","NV4192111742519960826-899","NV4192111742519960826","899",899,"after","fire",1758.54846191406,1996,0.139256515052521,51.5905050874545,0.260063223749868,111.06,427.050001144409,11.8,16.6,10.9,30.3,13.5,"fire-after",1,1
"1808","NV4192111742519960826-899-before","NV4192111742519960826-899","NV4192111742519960826","899",899,"before","fire",1758.54846191406,1996,0.137245373690819,49.3714443956948,0.251328663165338,108.766666666667,432.766662173801,14.2222222222222,22.1111111111111,7.11111111111111,25.4444444444444,14.8888888888889,"fire-before",1,0
"1809","NV4192111742519960826-93-after","NV4192111742519960826-93","NV4192111742519960826","93",93,"after","fire",2098.0283203125,1996,0.170878652443217,72.1172474060321,0.320555393064661,154.45,481.820001602173,9.4,29.5,11,32.2,12,"fire-after",1,1
"1810","NV4192111742519960826-93-before","NV4192111742519960826-93","NV4192111742519960826","93",93,"before","fire",2098.0283203125,1996,0.165267535980641,67.4639575672547,0.305863010728745,146.766666666667,479.844445122613,9.22222222222222,29.2222222222222,9.44444444444444,29.6666666666667,12,"fire-before",1,0
"1811","NV4192111742519960826-937-after","NV4192111742519960826-937","NV4192111742519960826","937",937,"after","fire",1958.33081054688,1996,0.159452458826172,90.1852428488457,0.379857275243357,155.43,409.180000305176,9.9,13.8,16.7,33.4,11.8,"fire-after",1,1
"1812","NV4192111742519960826-937-before","NV4192111742519960826-937","NV4192111742519960826","937",937,"before","fire",1958.33081054688,1996,0.138338739831638,95.7213111321551,0.36703920944007,153.622222222222,418.544445037842,10.4444444444444,19.7777777777778,12.8888888888889,33.3333333333333,12.3333333333333,"fire-before",1,0
"1813","NV4192111742519960826-96-after","NV4192111742519960826-96","NV4192111742519960826","96",96,"after","fire",1702.11755371094,1996,0.172306800794734,37.8407161875536,0.290814572874891,92.86,319.309995651245,11.2,16.2,17.8,21.9,13.1,"fire-after",1,1
"1814","NV4192111742519960826-96-before","NV4192111742519960826-96","NV4192111742519960826","96",96,"before","fire",1702.11755371094,1996,0.178346288904576,35.1145128137137,0.28455721617997,94.0777777777778,330.611112382677,14.6666666666667,16.5555555555556,14.4444444444444,25.7777777777778,12.8888888888889,"fire-before",1,0
"1815","NV4192111832719960826-136-after","NV4192111832719960826-136","NV4192111832719960826","136",136,"after","fire",1531.32397460938,1996,0.136844483117607,68.6422520978586,0.34079091854293,114.7,336.570001602173,20.3,8.4,28.1,20.4,17.3,"fire-after",1,1
"1816","NV4192111832719960826-136-before","NV4192111832719960826-136","NV4192111832719960826","136",136,"before","fire",1531.32397460938,1996,0.199521243373736,37.1040810173302,0.302220447233839,109.188888888889,361.288886600071,16.6666666666667,17.6666666666667,17.6666666666667,22.4444444444444,17.8888888888889,"fire-before",1,0
"1817","NV4192111832719960826-162-after","NV4192111832719960826-162","NV4192111832719960826","162",162,"after","fire",1504.66650390625,1996,0.0780025282698044,56.7566889352584,0.246635171301209,83.01,336.570001602173,18.8,19,17.2,16.1,17.6,"fire-after",1,1
"1818","NV4192111832719960826-162-before","NV4192111832719960826-162","NV4192111832719960826","162",162,"before","fire",1504.66650390625,1996,0.128906400100048,33.271994676675,0.22099889425281,79.8444444444444,361.288886600071,19.6666666666667,20.5555555555556,15.1111111111111,15.6666666666667,17.3333333333333,"fire-before",1,0
"1819","NV4192111832719960826-641-after","NV4192111832719960826-641","NV4192111832719960826","641",641,"after","fire",1647.37194824219,1996,0.180172315842954,140.391177909142,0.562215113902379,206.6,367.475001811981,11,18.75,12.375,26.25,11.375,"fire-after",1,1
"1820","NV4192111832719960826-641-before","NV4192111832719960826-641","NV4192111832719960826","641",641,"before","fire",1647.37194824219,1996,0.277162993540312,88.2085351015227,0.52131258787634,188.344444444444,361.288886600071,10.2222222222222,21.7777777777778,12.4444444444444,30,13.1111111111111,"fire-before",1,0
"1821","NV4195811760319990629-500-after","NV4195811760319990629-500","NV4195811760319990629","500",500,"after","fire",1608.2158203125,1999,0.173056028239839,45.7270667500649,0.358802500399388,88.33,246.18000125885,14.2,11.8,24.7,20.4,15.9,"fire-after",1,1
"1822","NV4195811760319990629-500-before","NV4195811760319990629-500","NV4195811760319990629","500",500,"before","fire",1608.2158203125,1999,0.21206654261815,31.2602358010187,0.318029452477153,93.8222222222222,295.011111365424,12.6666666666667,16.8888888888889,20.8888888888889,26.1111111111111,14.2222222222222,"fire-before",1,0
"1823","NV4196811857819990804-658-after","NV4196811857819990804-658","NV4196811857819990804","658",658,"after","fire",1283.73681640625,1999,0.134640345402643,8.56789148825614,0.177473377537804,35.5,200.03000164032,45.2,8.7,12.3,8.1,16.4,"fire-after",1,1
"1824","NV4196811857819990804-658-before","NV4196811857819990804-658","NV4196811857819990804","658",658,"before","fire",1283.73681640625,1999,0.0389026433892701,51.3846355992437,0.243722039558895,61.1444444444444,250.877780914307,42.1111111111111,12.4444444444444,10.1111111111111,8.33333333333333,18.6666666666667,"fire-before",1,0
"1825","unburned-1006-after","unburned-1006","unburned","1006",1006,"after","unburned",1411.720703125,NA,0.13957303221152,3.41355659459002,0.15385420220596,36.775,239.024995565414,22.875,20.5,20.625,5.625,14.375,"unburned-after",0,1
"1826","unburned-1006-before","unburned-1006","unburned","1006",1006,"before","unburned",1411.720703125,NA,0.0480968404240753,43.6541464167015,0.222399682438064,55.7,250.449997901917,22.4,19.4,12.1,8,14.3,"unburned-before",0,0
"1827","unburned-1009-after","unburned-1009","unburned","1009",1009,"after","unburned",1700.44592285156,NA,0.0686602446142492,35.6414743169386,0.155703898086095,63.7555555555556,409.466662936741,25.3333333333333,21.3333333333333,12.3333333333333,14.2222222222222,18.3333333333333,"unburned-after",0,1
"1828","unburned-1009-before","unburned-1009","unburned","1009",1009,"before","unburned",1700.44592285156,NA,0.148552533917112,15.192808197657,0.183890398184941,79.06,429.930006027222,24.5,21.8,12.3,16.5,18.3,"unburned-before",0,0
"1829","unburned-1013-after","unburned-1013","unburned","1013",1013,"after","unburned",1538.92419433594,NA,0.196152538473253,9.65289971027391,0.239247978389274,53.5888888888889,223.988889058431,25.3333333333333,12.6666666666667,20.5555555555556,7.11111111111111,13.3333333333333,"unburned-after",0,1
"1830","unburned-1013-before","unburned-1013","unburned","1013",1013,"before","unburned",1538.92419433594,NA,0.190770369659292,10.738527298199,0.235566495855183,56.47,239.71999835968,26.6,14.3,12.2,7.7,14,"unburned-before",0,0
"1831","unburned-1017-after","unburned-1017","unburned","1017",1017,"after","unburned",1514.86975097656,NA,0.304997218479932,32.1198121315949,0.423292554991099,114.933333333333,271.522217856513,14,7.88888888888889,36.3333333333333,24,12.1111111111111,"unburned-after",0,1
"1832","unburned-1017-before","unburned-1017","unburned","1017",1017,"before","unburned",1514.86975097656,NA,0.0762839332361227,95.073216768844,0.43343350429229,115.38,266.200002670288,23.1,11.8,22.4,22.3,14.7,"unburned-before",0,0
"1833","unburned-1021-after","unburned-1021","unburned","1021",1021,"after","unburned",2224.52783203125,NA,0.0546422678269873,157.708813904263,0.366470407065693,185.344444444444,505.75555589464,8.66666666666667,32.7777777777778,8.33333333333333,28.7777777777778,12,"unburned-after",0,1
"1834","unburned-1021-before","unburned-1021","unburned","1021",1021,"before","unburned",2224.52783203125,NA,0.154623452270336,90.4322872525963,0.33102506608071,169.7,512.64999961853,10.1,32,7.7,29.8,12,"unburned-before",0,0
"1835","unburned-1027-after","unburned-1027","unburned","1027",1027,"after","unburned",1968.51330566406,NA,0.112559539018474,93.6497624323724,0.321962737496362,143.988888888889,447.222215864393,8.55555555555556,23.1111111111111,8.11111111111111,30.2222222222222,11.6666666666667,"unburned-after",0,1
"1836","unburned-1027-before","unburned-1027","unburned","1027",1027,"before","unburned",1968.51330566406,NA,0.148062782258856,69.5439794781625,0.302563756364513,136.19,450.120006561279,11.2,22.1,8.7,27.3,12.4,"unburned-before",0,0
"1837","unburned-1041-after","unburned-1041","unburned","1041",1041,"after","unburned",1554.33728027344,NA,0.0880242001452424,42.4075010808479,0.242132427180754,66.63,275.17999458313,25.6,19.7,10.1,13.2,17.1,"unburned-after",0,1
"1838","unburned-1041-before","unburned-1041","unburned","1041",1041,"before","unburned",1554.33728027344,NA,0.300785982724336,-0.382819528237927,0.299311544195847,77.7125,259.637496471405,21.5,19.125,10.625,15.75,17.25,"unburned-before",0,0
"1839","unburned-1045-after","unburned-1045","unburned","1045",1045,"after","unburned",1794.78625488281,NA,0.0842137532262449,24.5543953477361,0.146266811458704,57.8777777777778,395.700003306071,30.2222222222222,26.3333333333333,4,16.1111111111111,14,"unburned-after",0,1
"1840","unburned-1045-before","unburned-1045","unburned","1045",1045,"before","unburned",1794.78625488281,NA,0.126309240400273,3.22863359658186,0.134339868286009,54.01,402.039995193481,31.5,26.8,4.8,15.8,13.5,"unburned-before",0,0
"1841","unburned-1051-after","unburned-1051","unburned","1051",1051,"after","unburned",1954.21875,NA,0.065582212361336,114.075982797883,0.345997322345711,140.755555555556,406.811112297906,10.6666666666667,26.8888888888889,7.77777777777778,26.4444444444444,14,"unburned-after",0,1
"1842","unburned-1051-before","unburned-1051","unburned","1051",1051,"before","unburned",1954.21875,NA,0.137132818315308,72.5377798322614,0.313778494033704,128.85,410.6399974823,12.4,25.9,8.6,25.5,14,"unburned-before",0,0
"1843","unburned-1060-after","unburned-1060","unburned","1060",1060,"after","unburned",1259.14038085938,NA,0.194529680707051,1.84582841501043,0.201270955404979,55.11,273.809998512268,22.3,13,28.2,7.1,15.6,"unburned-after",0,1
"1844","unburned-1060-before","unburned-1060","unburned","1060",1060,"before","unburned",1259.14038085938,NA,0.199403706481846,0.310178965981816,0.20055839783142,53.875,268.625001907349,27,15.625,18.25,6.125,15.5,"unburned-before",0,0
"1845","unburned-1070-after","unburned-1070","unburned","1070",1070,"after","unburned",1810.66284179688,NA,0.103285161425955,96.0706749055632,0.358174634640573,135,376.911112467448,15.4444444444444,16.5555555555556,14,25.3333333333333,14.6666666666667,"unburned-after",0,1
"1846","unburned-1070-before","unburned-1070","unburned","1070",1070,"before","unburned",1810.66284179688,NA,0.172966090891783,69.0651729153655,0.35733162612706,133.86,374.609998703003,12.9,21.9,11.8,28.7,15.1,"unburned-before",0,0
"1847","unburned-1086-after","unburned-1086","unburned","1086",1086,"after","unburned",1447.69250488281,NA,0.169610628789495,-0.125710646425134,0.169085935645112,40.5111111111111,239.588886896769,18.4444444444444,17.8888888888889,22.5555555555556,4,15.7777777777778,"unburned-after",0,1
"1848","unburned-1086-before","unburned-1086","unburned","1086",1086,"before","unburned",1447.69250488281,NA,0.13839214196501,7.69710857955605,0.167518068351748,44.27,264.270000457764,20.8,19.8,17.8,5,15.4,"unburned-before",0,0
"1849","unburned-1097-after","unburned-1097","unburned","1097",1097,"after","unburned",1394.08227539062,NA,0.207823892486277,73.5975718075473,0.502580986945967,125.488888888889,249.688890245226,16.6666666666667,7.44444444444444,36.3333333333333,9.88888888888889,17.5555555555556,"unburned-after",0,1
"1850","unburned-1097-before","unburned-1097","unburned","1097",1097,"before","unburned",1394.08227539062,NA,0.601363922186625,-54.8084153946975,0.372346644861854,89.11,239.320002555847,26.7,9.6,27.6,9.2,16.1,"unburned-before",0,0
"1851","unburned-1099-after","unburned-1099","unburned","1099",1099,"after","unburned",2113.28100585938,NA,0.0443932373916786,142.834760200391,0.370706943582283,162.266666666667,437.722220950656,10.2222222222222,25.8888888888889,9.88888888888889,23.5555555555556,12,"unburned-after",0,1
"1852","unburned-1099-before","unburned-1099","unburned","1099",1099,"before","unburned",2113.28100585938,NA,-0.222514798195304,312.392912607178,0.448928904557838,208.866666666667,465.255555046929,10.8888888888889,28,7.22222222222222,24.6666666666667,11.7777777777778,"unburned-before",0,0
"1853","unburned-1103-after","unburned-1103","unburned","1103",1103,"after","unburned",1532.43688964844,NA,0.132627910088968,62.1501894764179,0.405507125612584,92.3571428571429,227.757139205933,19.8571428571429,9.42857142857143,13.8571428571429,13.8571428571429,19.2857142857143,"unburned-after",0,1
"1854","unburned-1103-before","unburned-1103","unburned","1103",1103,"before","unburned",1532.43688964844,NA,0.126639099239876,66.428268409293,0.398518391152038,97.37,244.330003738403,24.1,8.4,13.1,12.1,17.5,"unburned-before",0,0
"1855","unburned-1110-after","unburned-1110","unburned","1110",1110,"after","unburned",1901.86413574219,NA,0.186400535462075,29.0149852593622,0.294774589991013,78.92,267.729996681213,12.6,20,12.8,14.8,14.7,"unburned-after",0,1
"1856","unburned-1110-before","unburned-1110","unburned","1110",1110,"before","unburned",1901.86413574219,NA,0.139136478296455,48.1206496422147,0.306084394540548,88.225,288.237497806549,14.125,21.25,10.75,18.5,13.875,"unburned-before",0,0
"1857","unburned-1121-after","unburned-1121","unburned","1121",1121,"after","unburned",1728.04431152344,NA,0.0867607169234691,82.4917820741854,0.382677669889265,106.677777777778,278.76666492886,10.2222222222222,23.5555555555556,7.44444444444444,25,11.8888888888889,"unburned-after",0,1
"1858","unburned-1121-before","unburned-1121","unburned","1121",1121,"before","unburned",1728.04431152344,NA,0.0266152035285006,117.179338711622,0.383560938562304,125.916666666667,328.283341725667,13,22,6.33333333333333,30.3333333333333,11.5,"unburned-before",0,0
"1859","unburned-1141-after","unburned-1141","unburned","1141",1141,"after","unburned",1926.43408203125,NA,0.134807389840314,128.590910236535,0.525406815366806,172.971428571429,329.214284079416,22,12.8571428571429,16.1428571428571,19.7142857142857,17,"unburned-after",0,1
"1860","unburned-1141-before","unburned-1141","unburned","1141",1141,"before","unburned",1926.43408203125,NA,0.418890906005389,17.8543755577399,0.474644014499518,152,320.240001678467,21.4,15,17.6,21.3,17.5,"unburned-before",0,0
"1861","unburned-1146-after","unburned-1146","unburned","1146",1146,"after","unburned",1512.44592285156,NA,0.190322420657678,35.6856396453573,0.307035391481448,93.8777777777778,305.755559073554,17.2222222222222,10.8888888888889,24.8888888888889,19,15.1111111111111,"unburned-after",0,1
"1862","unburned-1146-before","unburned-1146","unburned","1146",1146,"before","unburned",1512.44592285156,NA,0.134857848518966,38.6660619591033,0.245534691579281,85.78,349.360000610352,21.2,15.5,16.1,17.1,16.3,"unburned-before",0,0
"1863","unburned-1148-after","unburned-1148","unburned","1148",1148,"after","unburned",1487.27136230469,NA,0.232265568865347,-13.208646137925,0.17110813775716,36.9555555555556,215.977778964573,20.2222222222222,15.8888888888889,25.1111111111111,7.88888888888889,13.7777777777778,"unburned-after",0,1
"1864","unburned-1148-before","unburned-1148","unburned","1148",1148,"before","unburned",1487.27136230469,NA,0.243880779412621,-16.4123530354433,0.178672177064519,44.97,251.689998626709,22.2,17.7,20.1,7,13.7,"unburned-before",0,0
"1865","unburned-1153-after","unburned-1153","unburned","1153",1153,"after","unburned",1737.36596679688,NA,0.144504048491066,32.5235101169696,0.261191944995731,72.8,278.722224765354,18.6666666666667,19.5555555555556,11.8888888888889,10.6666666666667,12.8888888888889,"unburned-after",0,1
"1866","unburned-1153-before","unburned-1153","unburned","1153",1153,"before","unburned",1737.36596679688,NA,0.230383925700817,13.9569756705109,0.276056151809096,84.36,305.590002059937,17.9,20.2,9.1,11.4,13.7,"unburned-before",0,0
"1867","unburned-1164-after","unburned-1164","unburned","1164",1164,"after","unburned",1946.40100097656,NA,0.0742355734916293,144.557753892081,0.378162455391102,179.866666666667,475.63332663642,8.66666666666667,32.3333333333333,6.44444444444444,31,12.6666666666667,"unburned-after",0,1
"1868","unburned-1164-before","unburned-1164","unburned","1164",1164,"before","unburned",1946.40100097656,NA,0.123078224459088,107.252147483056,0.347812417419766,165.99,477.240005493164,7.7,30.3,8,29.4,13.4,"unburned-before",0,0
"1869","unburned-117-after","unburned-117","unburned","117",117,"after","unburned",1388.27465820312,NA,0.135158552809073,13.3095617141026,0.191076382830984,45.48,238.019996643066,29.6,18.2,15.8,10.1,21.1,"unburned-after",0,1
"1870","unburned-117-before","unburned-117","unburned","117",117,"before","unburned",1388.27465820312,NA,0.289452762651102,-13.6520412549081,0.233051022332365,56.41,242.050000190735,24.7,16.9,15.5,12.1,20.6,"unburned-before",0,0
"1871","unburned-1172-after","unburned-1172","unburned","1172",1172,"after","unburned",1387.91516113281,NA,0.45862498446722,-0.5851987844718,0.455871478062234,96.8857142857143,212.52857208252,20.8571428571429,7.14285714285714,31.8571428571429,9.57142857142857,20.8571428571429,"unburned-after",0,1
"1872","unburned-1172-before","unburned-1172","unburned","1172",1172,"before","unburned",1387.91516113281,NA,1.02147815549943,-123.79346299757,0.438838425666336,93.24,212.469999313354,30.6,8,32.5,12.9,14.2,"unburned-before",0,0
"1873","unburned-1175-after","unburned-1175","unburned","1175",1175,"after","unburned",1442.17163085938,NA,0.281534105681852,45.661700247342,0.459190728273807,118.022222222222,257.022224002414,20.5555555555556,5.33333333333333,40.5555555555556,10.8888888888889,17.2222222222222,"unburned-after",0,1
"1874","unburned-1175-before","unburned-1175","unburned","1175",1175,"before","unburned",1442.17163085938,NA,0.615068528891147,-63.7312832943635,0.375540271787897,99.92,266.069999694824,24.6,5.5,35.6,14.9,16.7,"unburned-before",0,0
"1875","unburned-1178-after","unburned-1178","unburned","1178",1178,"after","unburned",1429.88806152344,NA,0.253913122136125,-6.42170507940155,0.222230054880906,45.0428571428571,202.685713086809,13.5714285714286,15,27,4.71428571428571,13.5714285714286,"unburned-after",0,1
"1876","unburned-1178-before","unburned-1178","unburned","1178",1178,"before","unburned",1429.88806152344,NA,0.211546079815672,6.01664749850165,0.236813371523186,56.39,238.119999885559,15.1,17.6,16.1,6.7,14.8,"unburned-before",0,0
"1877","unburned-1180-after","unburned-1180","unburned","1180",1180,"after","unburned",1525.93383789062,NA,0.336450874146317,-20.226824881203,0.238457439253843,49.22,206.409999847412,25.6,14.2,20.3,9.4,15.3,"unburned-after",0,1
"1878","unburned-1180-before","unburned-1180","unburned","1180",1180,"before","unburned",1525.93383789062,NA,0.347343494720369,-18.8578581047667,0.266659536432063,62.325,233.724999427795,26.625,16.625,20.5,8.75,15.625,"unburned-before",0,0
"1879","unburned-1186-after","unburned-1186","unburned","1186",1186,"after","unburned",1742.62829589844,NA,0.1181150412359,56.2867119234313,0.259361496148422,103.355555555556,398.499997456868,18,20.7777777777778,10.1111111111111,22.7777777777778,17.4444444444444,"unburned-after",0,1
"1880","unburned-1186-before","unburned-1186","unburned","1186",1186,"before","unburned",1742.62829589844,NA,0.178180415510663,30.2797634212388,0.253638359233936,101.78,401.279996871948,21.6,22.2,10.1,23.5,17.4,"unburned-before",0,0
"1881","unburned-1188-after","unburned-1188","unburned","1188",1188,"after","unburned",1933.02490234375,NA,0.0818812791574127,72.4332279383285,0.256298344940624,106.4375,415.287504196167,14.625,20.5,8.625,25.75,12.375,"unburned-after",0,1
"1882","unburned-1188-before","unburned-1188","unburned","1188",1188,"before","unburned",1933.02490234375,NA,0.132128550576952,51.1220206851033,0.255799887019921,105.74,413.370002746582,13.9,20.8,8,28.3,13,"unburned-before",0,0
"1883","unburned-1211-after","unburned-1211","unburned","1211",1211,"after","unburned",1482.67065429688,NA,0.117258517275395,25.0498041887675,0.210387390500962,56.59,268.979998588562,24.3,17,12.7,15.3,17.4,"unburned-after",0,1
"1884","unburned-1211-before","unburned-1211","unburned","1211",1211,"before","unburned",1482.67065429688,NA,0.218070006375205,6.78566162355397,0.245910045754994,59.9375,243.737500905991,21.875,18.375,11.625,17.875,16.5,"unburned-before",0,0
"1885","unburned-1220-after","unburned-1220","unburned","1220",1220,"after","unburned",1803.53747558594,NA,0.0799649278233832,53.8276368157522,0.215560672843516,85.5714285714286,396.971430097307,15.7142857142857,20.1428571428571,9.14285714285714,18.2857142857143,14.8571428571429,"unburned-after",0,1
"1886","unburned-1220-before","unburned-1220","unburned","1220",1220,"before","unburned",1803.53747558594,NA,0.183667367652691,22.6679592828492,0.240156501074616,96.37,401.279996871948,16.9,19,12.4,22.3,14.1,"unburned-before",0,0
"1887","unburned-123-after","unburned-123","unburned","123",123,"after","unburned",1727.23010253906,NA,0.0126301971239163,79.2056419708158,0.178594711770187,85.2333333333333,477.244440714518,11.1111111111111,19.3333333333333,14.5555555555556,34,12.2222222222222,"unburned-after",0,1
"1888","unburned-123-before","unburned-123","unburned","123",123,"before","unburned",1727.23010253906,NA,0.117407647545812,33.096098585607,0.187796424033034,88.3,470.18999671936,11.8,20,13.6,32.1,13.6,"unburned-before",0,0
"1889","unburned-1233-after","unburned-1233","unburned","1233",1233,"after","unburned",1626.64306640625,NA,0.111708982586578,39.9971142944369,0.212941871164846,84.1333333333333,395.100000169542,10.6666666666667,22,11.8888888888889,22.6666666666667,11.8888888888889,"unburned-after",0,1
"1890","unburned-1233-before","unburned-1233","unburned","1233",1233,"before","unburned",1626.64306640625,NA,0.109384517320761,35.7437521386494,0.204107591182814,77.02,377.350002288818,15.6,24.2,11.6,21.4,12.2,"unburned-before",0,0
"1891","unburned-1258-after","unburned-1258","unburned","1258",1258,"after","unburned",1326.69299316406,NA,0.188590863224783,-2.25710584013318,0.178637922253087,40.5111111111111,226.777778201633,15.7777777777778,16.7777777777778,18.3333333333333,5.77777777777778,14.2222222222222,"unburned-after",0,1
"1892","unburned-1258-before","unburned-1258","unburned","1258",1258,"before","unburned",1326.69299316406,NA,0.148571325572975,12.2745955020297,0.201777201661662,46.55,230.699997901916,19.3,16.7,16.1,5.3,14,"unburned-before",0,0
"1893","unburned-126-after","unburned-126","unburned","126",126,"after","unburned",1703.810546875,NA,0.14504718495786,40.4684276092437,0.283188260331872,82.96,292.949996948242,24.3,19.3,9.1,15.5,15,"unburned-after",0,1
"1894","unburned-126-before","unburned-126","unburned","126",126,"before","unburned",1703.810546875,NA,0.0230121432592968,79.7461499541877,0.28423022827866,86.7714285714286,305.285715375628,31.1428571428571,13.8571428571429,17.5714285714286,16.5714285714286,18.7142857142857,"unburned-before",0,0
"1895","unburned-1267-after","unburned-1267","unburned","1267",1267,"after","unburned",1848.5537109375,NA,0.0841102157723651,50.0835009796966,0.198980629300022,86.7555555555556,436.000005933974,27.6666666666667,26.6666666666667,5.88888888888889,22.7777777777778,14.6666666666667,"unburned-after",0,1
"1896","unburned-1267-before","unburned-1267","unburned","1267",1267,"before","unburned",1848.5537109375,NA,0.0894015214813619,48.2296545947698,0.195812374058557,88.75,453.239997863769,26.1,23.9,6.7,21.9,15.3,"unburned-before",0,0
"1897","unburned-128-after","unburned-128","unburned","128",128,"after","unburned",1575.85852050781,NA,0.1158514100734,29.1509169576445,0.222862593824943,60.71,272.410003662109,23.4,21.7,10.3,12.9,17.3,"unburned-after",0,1
"1898","unburned-128-before","unburned-128","unburned","128",128,"before","unburned",1575.85852050781,NA,0.214907706299705,10.1242717742127,0.255719041447827,63.4375,248.074995279312,25.625,21.625,10.375,11.875,17.625,"unburned-before",0,0
"1899","unburned-1289-after","unburned-1289","unburned","1289",1289,"after","unburned",1340.08850097656,NA,0.144928689577584,11.57962394629,0.198932532340471,42.6555555555556,214.422221713596,34.5555555555556,9,29.7777777777778,7.88888888888889,17.6666666666667,"unburned-after",0,1
"1900","unburned-1289-before","unburned-1289","unburned","1289",1289,"before","unburned",1340.08850097656,NA,0.255664018915823,-1.19944025740054,0.249779217330127,50.91,203.819999694824,24.5,7.4,27,10.9,20.6,"unburned-before",0,0
"1901","unburned-1326-after","unburned-1326","unburned","1326",1326,"after","unburned",1368.71044921875,NA,0.168699963968816,-1.91916342796128,0.159353237053177,32.72,205.329998970032,22.2,12.1,18.9,2.7,14.7,"unburned-after",0,1
"1902","unburned-1326-before","unburned-1326","unburned","1326",1326,"before","unburned",1368.71044921875,NA,0.179067511354184,-4.28754117139704,0.157711226288188,31.6625,200.762499570847,24.75,13.625,9.375,2.125,15.625,"unburned-before",0,0
"1903","unburned-1333-after","unburned-1333","unburned","1333",1333,"after","unburned",1258.26049804688,NA,0.155325561257863,-8.24385263550492,0.109370644172733,19.62,179.390001296997,38.1,12.6,12.1,0.9,11,"unburned-after",0,1
"1904","unburned-1333-before","unburned-1333","unburned","1333",1333,"before","unburned",1258.26049804688,NA,0.188399205701359,-13.2017900110828,0.120952805101506,23.675,195.737502574921,46.875,12.125,7.375,1.5,9.875,"unburned-before",0,0
"1905","unburned-135-after","unburned-135","unburned","135",135,"after","unburned",1245.44030761719,NA,0.17470645900515,11.8093596984328,0.216574342074708,61.0875,282.06249833107,18.625,15.75,28.375,8.25,13.75,"unburned-after",0,1
"1906","unburned-135-before","unburned-135","unburned","135",135,"before","unburned",1245.44030761719,NA,0.231581898384778,-7.15031929605742,0.206602617334056,59.14,286.250003814697,23.3,17.9,24.5,8,14.6,"unburned-before",0,0
"1907","unburned-1350-after","unburned-1350","unburned","1350",1350,"after","unburned",1354.54431152344,NA,0.0925275270284425,26.0745417976439,0.18700430820137,51.6111111111111,275.988888210721,21.7777777777778,9.77777777777778,26.4444444444444,9.44444444444444,21.6666666666667,"unburned-after",0,1
"1908","unburned-1350-before","unburned-1350","unburned","1350",1350,"before","unburned",1354.54431152344,NA,0.0348950991772241,83.8604560692698,0.349568480300187,93.16,266.5,20.9,11.2,28.3,11.8,18.6,"unburned-before",0,0
"1909","unburned-1356-after","unburned-1356","unburned","1356",1356,"after","unburned",1273.3505859375,NA,0.167538201173245,-3.1725727578468,0.150824112842804,28.6285714285714,189.814286913191,30.4285714285714,13,25.4285714285714,4.85714285714286,17,"unburned-after",0,1
"1910","unburned-1356-before","unburned-1356","unburned","1356",1356,"before","unburned",1273.3505859375,NA,0.167013597908971,1.02440787211701,0.171932014816165,35.81,208.279999732971,33.2,15.3,21.1,7,15,"unburned-before",0,0
"1911","unburned-1371-after","unburned-1371","unburned","1371",1371,"after","unburned",2080.41040039062,NA,0.0481695229944685,134.283662233102,0.293755460813041,160.622222222222,546.788889567057,11.5555555555556,29.5555555555556,7.11111111111111,30.1111111111111,12.1111111111111,"unburned-after",0,1
"1912","unburned-1371-before","unburned-1371","unburned","1371",1371,"before","unburned",2080.41040039062,NA,0.0759196890822386,92.3361485063439,0.240461894537463,134.94,561.169994354248,12.3,27.7,8.7,29.5,12.2,"unburned-before",0,0
"1913","unburned-1388-after","unburned-1388","unburned","1388",1388,"after","unburned",1639.85571289062,NA,0.158650530922264,10.8132046006026,0.203410877645216,49.14,241.580000877381,30.7,16.1,13.5,6.4,10.2,"unburned-after",0,1
"1914","unburned-1388-before","unburned-1388","unburned","1388",1388,"before","unburned",1639.85571289062,NA,0.115881911724384,30.7297526657564,0.236944628019968,60.1444444444444,253.833332061768,33,17.1111111111111,9.44444444444444,7.11111111111111,11,"unburned-before",0,0
"1915","unburned-1396-after","unburned-1396","unburned","1396",1396,"after","unburned",1520.80053710938,NA,0.279027458589972,-5.33208717841477,0.260383073023982,74.4666666666667,285.988892449273,12.3333333333333,4.22222222222222,55.2222222222222,17.1111111111111,13.6666666666667,"unburned-after",0,1
"1916","unburned-1396-before","unburned-1396","unburned","1396",1396,"before","unburned",1520.80053710938,NA,0.0253798294066582,109.966812493495,0.391972526498949,117.58,299.970003128052,14.1,5.8,40.1,20.1,16.3,"unburned-before",0,0
"1917","unburned-1418-after","unburned-1418","unburned","1418",1418,"after","unburned",1840.93786621094,NA,0.0920932458809817,53.7503515907659,0.228438557424704,90.0555555555556,394.222221374512,17.1111111111111,23.1111111111111,7.33333333333333,24,16.8888888888889,"unburned-after",0,1
"1918","unburned-1418-before","unburned-1418","unburned","1418",1418,"before","unburned",1840.93786621094,NA,0.192255101736047,14.1408930502919,0.227849375361328,90.52,397.280000686646,17.5,24.3,7.7,22.4,18.4,"unburned-before",0,0
"1919","unburned-1431-after","unburned-1431","unburned","1431",1431,"after","unburned",1373.51232910156,NA,0.172923261624326,17.2798369276348,0.252257309125804,54.9444444444444,217.811109754774,21.3333333333333,13.2222222222222,24.5555555555556,13.5555555555556,17.7777777777778,"unburned-after",0,1
"1920","unburned-1431-before","unburned-1431","unburned","1431",1431,"before","unburned",1373.51232910156,NA,0.0482972466671166,79.5336273817974,0.398573072021918,90.5,227.059995651245,20.4,10,28.5,18.2,15.3,"unburned-before",0,0
"1921","unburned-1447-after","unburned-1447","unburned","1447",1447,"after","unburned",1353.90344238281,NA,0.199872633772693,-2.84110190149259,0.183239939212735,31.3,170.814289365496,14.2857142857143,14,24.5714285714286,3.57142857142857,14.8571428571429,"unburned-after",0,1
"1922","unburned-1447-before","unburned-1447","unburned","1447",1447,"before","unburned",1353.90344238281,NA,0.161022914237098,14.2326465125053,0.233760925052881,45.74,195.66999912262,17.2,14.8,20.9,4.3,15.8,"unburned-before",0,0
"1923","unburned-1457-after","unburned-1457","unburned","1457",1457,"after","unburned",1445.69360351562,NA,0.241401649802706,-12.1314070013794,0.186875749314685,41.5777777777778,222.488888634576,25.4444444444444,12.2222222222222,28,6.22222222222222,16,"unburned-after",0,1
"1924","unburned-1457-before","unburned-1457","unburned","1457",1457,"before","unburned",1445.69360351562,NA,0.290215577016602,-23.143462546575,0.196895162804628,48.83,247.999998092651,28.9,15,19.4,6.6,15.4,"unburned-before",0,0
"1925","unburned-1466-after","unburned-1466","unburned","1466",1466,"after","unburned",1540.2724609375,NA,0.0837183464697699,5.86759850272279,0.11006825876343,24.51,222.68000125885,16.7,17.9,11.9,4.9,11.6,"unburned-after",0,1
"1926","unburned-1466-before","unburned-1466","unburned","1466",1466,"before","unburned",1540.2724609375,NA,0.118652717902878,1.06716014690655,0.124403388499588,23.0857142857143,185.57142666408,16.5714285714286,17.2857142857143,8.71428571428571,3.57142857142857,10.7142857142857,"unburned-before",0,0
"1927","unburned-1481-after","unburned-1481","unburned","1481",1481,"after","unburned",1597.15307617188,NA,0.247777939010018,3.12458573772359,0.259146959350826,71.2222222222222,274.833331637912,17.4444444444444,10.8888888888889,34.5555555555556,14.4444444444444,15,"unburned-after",0,1
"1928","unburned-1481-before","unburned-1481","unburned","1481",1481,"before","unburned",1597.15307617188,NA,0.402131205019948,-31.0077568934747,0.295845618125709,86.31,291.73999786377,17.4,12.7,27.7,16.6,17.3,"unburned-before",0,0
"1929","unburned-1514-after","unburned-1514","unburned","1514",1514,"after","unburned",1436.77844238281,NA,0.483605741093248,-7.00016362714147,0.455072465340547,111.644444444444,245.333332485623,26.6666666666667,8.44444444444444,27.7777777777778,10.1111111111111,19,"unburned-after",0,1
"1930","unburned-1514-before","unburned-1514","unburned","1514",1514,"before","unburned",1436.77844238281,NA,0.673256086531686,-95.527320402106,0.324323334305946,88.79,273.770002365112,26.7,10,28.4,10.4,16.5,"unburned-before",0,0
"1931","unburned-1515-after","unburned-1515","unburned","1515",1515,"after","unburned",1264.14929199219,NA,0.173139394022803,-6.83976233846254,0.130216505017323,20.75,159.349999427795,33.8,11.8,14.5,2.9,15.8,"unburned-after",0,1
"1932","unburned-1515-before","unburned-1515","unburned","1515",1515,"before","unburned",1264.14929199219,NA,0.165743376245311,2.90608189798671,0.182934040912092,30.925,169.050002098084,35.125,14.25,12.5,3.875,14.875,"unburned-before",0,0
"1933","unburned-1517-after","unburned-1517","unburned","1517",1517,"after","unburned",1720.34582519531,NA,0.170651284922679,136.075501686988,0.489301289340426,208.95,427.037501335144,6.5,13.25,20.75,27.75,10.375,"unburned-after",0,1
"1934","unburned-1517-before","unburned-1517","unburned","1517",1517,"before","unburned",1720.34582519531,NA,0.187906489756689,119.995268625914,0.467949385899171,200.511111111111,428.488886091444,7.88888888888889,16.5555555555556,21.1111111111111,30,11.7777777777778,"unburned-before",0,0
"1935","unburned-1524-after","unburned-1524","unburned","1524",1524,"after","unburned",1537.06481933594,NA,0.218213750954335,5.6239118401714,0.245452587669919,50.6777777777778,206.466667387221,20,14.4444444444444,25.3333333333333,7.55555555555556,15,"unburned-after",0,1
"1936","unburned-1524-before","unburned-1524","unburned","1524",1524,"before","unburned",1537.06481933594,NA,0.274879637006593,-7.54166267379319,0.24470936579601,61.17,249.969999313354,24.1,16.6,18.2,8,14.8,"unburned-before",0,0
"1937","unburned-1527-after","unburned-1527","unburned","1527",1527,"after","unburned",1730.56823730469,NA,0.158810214128272,11.8275347974168,0.208301948690471,49.78,238.980001449585,14.9,12.7,20.6,5.9,10.6,"unburned-after",0,1
"1938","unburned-1527-before","unburned-1527","unburned","1527",1527,"before","unburned",1730.56823730469,NA,0.231024199884804,-0.816333710980921,0.227886415973627,59.2875,260.162501335144,15.125,15.125,14.375,6.875,9.5,"unburned-before",0,0
"1939","unburned-1534-after","unburned-1534","unburned","1534",1534,"after","unburned",1341.84399414062,NA,0.113226983148937,22.4986527088192,0.195585328136438,53.43,273.180000305176,18.6,8.2,35.7,11,19.5,"unburned-after",0,1
"1940","unburned-1534-before","unburned-1534","unburned","1534",1534,"before","unburned",1341.84399414062,NA,0.149516366416572,62.2838698986018,0.398988631761037,99.6125,249.662501811981,20.75,12.25,28.875,13,18.5,"unburned-before",0,0
"1941","unburned-1542-after","unburned-1542","unburned","1542",1542,"after","unburned",1230.83459472656,NA,0.205833731347638,19.1009526869817,0.307633087276854,57.7222222222222,187.633335325453,21.1111111111111,19.6666666666667,22.7777777777778,7.55555555555556,12.7777777777778,"unburned-after",0,1
"1942","unburned-1542-before","unburned-1542","unburned","1542",1542,"before","unburned",1230.83459472656,NA,0.380878711380386,-12.0128997171598,0.318748379986774,61.63,193.350002288818,21,17.1,22.4,7.2,12.2,"unburned-before",0,0
"1943","unburned-1548-after","unburned-1548","unburned","1548",1548,"after","unburned",1430.83435058594,NA,0.192056456844246,9.74165008944028,0.234024217922362,54.3222222222222,232.122225231594,24.5555555555556,10.7777777777778,25.2222222222222,11.7777777777778,18.8888888888889,"unburned-after",0,1
"1944","unburned-1548-before","unburned-1548","unburned","1548",1548,"before","unburned",1430.83435058594,NA,0.0898042083255327,63.9353220512533,0.368462336112481,84.54,229.440004348755,26.1,11.5,22.1,14.1,17.9,"unburned-before",0,0
"1945","unburned-1561-after","unburned-1561","unburned","1561",1561,"after","unburned",1852.68249511719,NA,0.108720960058507,97.6293309732803,0.297897594716288,153.7375,516.074995994568,13.75,29.75,6.5,29.875,14.25,"unburned-after",0,1
"1946","unburned-1561-before","unburned-1561","unburned","1561",1561,"before","unburned",1852.68249511719,NA,0.129308366784419,79.256110456537,0.282421808580829,146.19,517.629997253418,12.9,26.7,7.2,30.4,13.2,"unburned-before",0,0
"1947","unburned-1566-after","unburned-1566","unburned","1566",1566,"after","unburned",1298.19409179688,NA,0.155341756301123,45.7431114422796,0.345217229850231,83.1666666666667,240.911111831665,12.8888888888889,17.2222222222222,25.8888888888889,13.2222222222222,16.2222222222222,"unburned-after",0,1
"1948","unburned-1566-before","unburned-1566","unburned","1566",1566,"before","unburned",1298.19409179688,NA,0.243988410752915,26.475389192583,0.346645988611176,89.4,257.899998664856,13.3,18.1,22.7,18.9,14.4,"unburned-before",0,0
"1949","unburned-1567-after","unburned-1567","unburned","1567",1567,"after","unburned",1735.68408203125,NA,0.0835138154788924,74.5722320745041,0.28266223375024,105.844444444444,374.455557929145,16.2222222222222,23.4444444444444,9.66666666666667,24,12.2222222222222,"unburned-after",0,1
"1950","unburned-1567-before","unburned-1567","unburned","1567",1567,"before","unburned",1735.68408203125,NA,0.124746108152729,57.6356462223604,0.277739435630464,104.63,376.719999313354,16.9,24.4,9.1,23,12.7,"unburned-before",0,0
"1951","unburned-1569-after","unburned-1569","unburned","1569",1569,"after","unburned",1373.23413085938,NA,0.168110567618867,-6.34646954115327,0.137954701552453,29.0333333333333,210.455555386014,24.4444444444444,12.3333333333333,15,3.77777777777778,14.1111111111111,"unburned-after",0,1
"1952","unburned-1569-before","unburned-1569","unburned","1569",1569,"before","unburned",1373.23413085938,NA,0.139160779309864,4.47577738438372,0.157629779349612,38.2,242.339995384216,22.6,13.6,17.6,4.6,14.4,"unburned-before",0,0
"1953","unburned-1574-after","unburned-1574","unburned","1574",1574,"after","unburned",1645.03759765625,NA,0.0559392961622763,66.1726536740545,0.217704254596554,89.0555555555556,409.066674974229,22.8888888888889,21.1111111111111,8.77777777777778,19.2222222222222,18,"unburned-after",0,1
"1954","unburned-1574-before","unburned-1574","unburned","1574",1574,"before","unburned",1645.03759765625,NA,0.206843507725005,17.2518820935434,0.250025030943213,99.89,399.519998550415,23.4,20.8,9.8,21.8,16.9,"unburned-before",0,0
"1955","unburned-1584-after","unburned-1584","unburned","1584",1584,"after","unburned",1608.98327636719,NA,0.115867498351501,37.0645885584096,0.254333536816872,68.08,267.679995536804,21,17.4,13.1,16.1,18.2,"unburned-after",0,1
"1956","unburned-1584-before","unburned-1584","unburned","1584",1584,"before","unburned",1608.98327636719,NA,0.266002663260119,5.62287489976688,0.289043691321314,70.5375,244.037500619888,24.25,19.25,9,13.5,17.875,"unburned-before",0,0
"1957","unburned-1586-after","unburned-1586","unburned","1586",1586,"after","unburned",1850.22314453125,NA,0.137121899579134,50.667374984723,0.262733111100918,105.977777777778,403.366661071777,13.1111111111111,26.2222222222222,6.66666666666667,27.1111111111111,15.5555555555556,"unburned-after",0,1
"1958","unburned-1586-before","unburned-1586","unburned","1586",1586,"before","unburned",1850.22314453125,NA,0.235846985022646,7.26876881480111,0.253680078270924,103.4,407.60000038147,14.2,23.5,10.4,26.5,16.3,"unburned-before",0,0
"1959","unburned-1592-after","unburned-1592","unburned","1592",1592,"after","unburned",2003.16711425781,NA,0.0978432746589266,89.782021864162,0.325375703158067,128.39,394.590003967285,17.7,26.3,10.2,23.9,17.7,"unburned-after",0,1
"1960","unburned-1592-before","unburned-1592","unburned","1592",1592,"before","unburned",2003.16711425781,NA,0.0941327325439459,76.0698314103072,0.281763865275219,114.233333333333,405.422225528293,18.3333333333333,27.3333333333333,7.77777777777778,25.6666666666667,16.5555555555556,"unburned-before",0,0
"1961","unburned-1608-after","unburned-1608","unburned","1608",1608,"after","unburned",1599.73754882812,NA,0.119586284225073,38.6439735213936,0.276711092939813,68.0555555555556,245.944442749023,11.1111111111111,20.6666666666667,12.4444444444444,13.1111111111111,12.8888888888889,"unburned-after",0,1
"1962","unburned-1608-before","unburned-1608","unburned","1608",1608,"before","unburned",1599.73754882812,NA,0.152975755648679,20.0865790726595,0.228597240178165,60.72,265.620004653931,11.9,19.8,8.7,12.6,14,"unburned-before",0,0
"1963","unburned-1609-after","unburned-1609","unburned","1609",1609,"after","unburned",1419.28369140625,NA,0.356563833658932,55.0727050146423,0.59772295399468,136.5,228.366669019063,25.5,7.66666666666667,28.5,20.6666666666667,16.3333333333333,"unburned-after",0,1
"1964","unburned-1609-before","unburned-1609","unburned","1609",1609,"before","unburned",1419.28369140625,NA,0.398869925223235,54.3616102915859,0.653133772209081,139.64,213.799999237061,24.3,9.8,24.1,21.7,15,"unburned-before",0,0
"1965","unburned-1614-after","unburned-1614","unburned","1614",1614,"after","unburned",1415.92224121094,NA,0.0883208377340729,31.822020313572,0.230425720894309,51.6,223.933334350586,24.6666666666667,18.1111111111111,10.8888888888889,4.66666666666667,15.7777777777778,"unburned-after",0,1
"1966","unburned-1614-before","unburned-1614","unburned","1614",1614,"before","unburned",1415.92224121094,NA,0.122367086779467,24.9014785746354,0.214680261017498,57.91,269.749998092651,25.3,18,11.3,7.9,17.5,"unburned-before",0,0
"1967","unburned-1615-after","unburned-1615","unburned","1615",1615,"after","unburned",1452.39672851562,NA,0.125703625653912,16.3501212872879,0.177950867156792,55.6875,312.937502861023,14.125,10.5,24.625,11,17.375,"unburned-after",0,1
"1968","unburned-1615-before","unburned-1615","unburned","1615",1615,"before","unburned",1452.39672851562,NA,0.113280579264551,17.8865096330594,0.16758249935641,55.2,329.390003204346,16.5,12.3,21.8,8.6,17.5,"unburned-before",0,0
"1969","unburned-162-after","unburned-162","unburned","162",162,"after","unburned",1418.01867675781,NA,0.105447238608946,13.004317776128,0.16030748955966,38,237.044445673625,27.8888888888889,20.5555555555556,8.66666666666667,6.44444444444444,10.3333333333333,"unburned-after",0,1
"1970","unburned-162-before","unburned-162","unburned","162",162,"before","unburned",1418.01867675781,NA,0.0931787144747864,12.1134987510653,0.139199148859622,36.64,263.220000267029,31.7,18.2,8.1,5.7,10.3,"unburned-before",0,0
"1971","unburned-1620-after","unburned-1620","unburned","1620",1620,"after","unburned",1252.22265625,NA,0.368279192490513,-26.9772125749688,0.226525144958272,43.11,190.309998512268,26.8,14.3,25.8,9.4,14.4,"unburned-after",0,1
"1972","unburned-1620-before","unburned-1620","unburned","1620",1620,"before","unburned",1252.22265625,NA,0.385993026558725,-31.6146933948701,0.217156210766177,40.6625,187.249997854233,34.625,18.625,13.5,11.25,13.375,"unburned-before",0,0
"1973","unburned-1625-after","unburned-1625","unburned","1625",1625,"after","unburned",1682.58386230469,NA,0.11278831043346,10.6503252477853,0.156338027220655,38.2333333333333,244.555557039049,21,19.3333333333333,10.6666666666667,7.88888888888889,13.6666666666667,"unburned-after",0,1
"1974","unburned-1625-before","unburned-1625","unburned","1625",1625,"before","unburned",1682.58386230469,NA,0.164366653338391,0.723298376535754,0.166986635163046,46.1,276.069997787475,20.7,18.9,11.3,6.7,13.6,"unburned-before",0,0
"1975","unburned-163-after","unburned-163","unburned","163",163,"after","unburned",1374.41271972656,NA,0.268453610933198,-16.1336185387383,0.195347898750172,43.1111111111111,220.688890881009,25.4444444444444,10.7777777777778,32.6666666666667,5.77777777777778,16.7777777777778,"unburned-after",0,1
"1976","unburned-163-before","unburned-163","unburned","163",163,"before","unburned",1374.41271972656,NA,0.279550324471268,-18.6248228428476,0.204489579621765,50.74,248.130002975464,25.6,11.2,26,7.3,15.9,"unburned-before",0,0
"1977","unburned-1634-after","unburned-1634","unburned","1634",1634,"after","unburned",1394.21020507812,NA,0.149094023031019,3.15589316256014,0.162136101560841,39.2333333333333,241.977776421441,20.2222222222222,13,19.5555555555556,2.77777777777778,15.1111111111111,"unburned-after",0,1
"1978","unburned-1634-before","unburned-1634","unburned","1634",1634,"before","unburned",1394.21020507812,NA,0.136429710867127,9.34154172451464,0.173522872216514,43.7,251.839999198914,23,14,10.6,3.2,15.5,"unburned-before",0,0
"1979","unburned-1645-after","unburned-1645","unburned","1645",1645,"after","unburned",1912.66674804688,NA,0.202475548141564,169.980049987349,0.672137492348366,243.26,361.919998168945,14.2,24.2,10.4,22,11.8,"unburned-after",0,1
"1980","unburned-1645-before","unburned-1645","unburned","1645",1645,"before","unburned",1912.66674804688,NA,0.597226872983121,-40.2039096503117,0.475143161526219,156.471428571429,329.314280918666,15.2857142857143,23.2857142857143,8.14285714285714,24.7142857142857,10.5714285714286,"unburned-before",0,0
"1981","unburned-1651-after","unburned-1651","unburned","1651",1651,"after","unburned",1640.41882324219,NA,0.0938824519515137,61.9288687311084,0.337782247510533,85.7666666666667,253.911113739014,13.6666666666667,21.7777777777778,12.1111111111111,18.6666666666667,11.8888888888889,"unburned-after",0,1
"1982","unburned-1651-before","unburned-1651","unburned","1651",1651,"before","unburned",1640.41882324219,NA,0.196124582683863,33.2659421279372,0.331837466226791,81.34,245.120000839233,13.8,23.1,10.5,20.9,10.5,"unburned-before",0,0
"1983","unburned-1653-after","unburned-1653","unburned","1653",1653,"after","unburned",1362.61303710938,NA,0.156843066171888,-0.279207056675233,0.154966394375672,23.0555555555556,148.777776294284,20.6666666666667,14.5555555555556,12.6666666666667,1.44444444444444,9.88888888888889,"unburned-after",0,1
"1984","unburned-1653-before","unburned-1653","unburned","1653",1653,"before","unburned",1362.61303710938,NA,0.126946930197368,7.5417068985287,0.176378056327104,26.91,152.569999694824,23,14.4,11.4,1.6,8.6,"unburned-before",0,0
"1985","unburned-1668-after","unburned-1668","unburned","1668",1668,"after","unburned",1685.74743652344,NA,0.0752017341371236,65.1415653249782,0.234294861739145,95.9333333333333,409.455557929145,13.4444444444444,24.3333333333333,6.44444444444444,22.1111111111111,16.1111111111111,"unburned-after",0,1
"1986","unburned-1668-before","unburned-1668","unburned","1668",1668,"before","unburned",1685.74743652344,NA,0.1710183984824,24.2261241496143,0.229624789823443,94.92,413.370002746582,17.6,23.2,7,20.7,17,"unburned-before",0,0
"1987","unburned-1672-after","unburned-1672","unburned","1672",1672,"after","unburned",1539.08068847656,NA,0.22432450878388,10.6889600525619,0.26504952765931,69.5666666666667,262.466669082642,17.1111111111111,5.44444444444444,47,11.3333333333333,15.5555555555556,"unburned-after",0,1
"1988","unburned-1672-before","unburned-1672","unburned","1672",1672,"before","unburned",1539.08068847656,NA,-0.0534616308882611,111.723856748576,0.340431538240115,96.56,283.639995574951,22,10,31.8,10,16,"unburned-before",0,0
"1989","unburned-1676-after","unburned-1676","unburned","1676",1676,"after","unburned",1544.7841796875,NA,0.154671099809336,4.93861187577237,0.174671957800475,43.13,246.920001029968,30.8,14.8,20,5.6,15.4,"unburned-after",0,1
"1990","unburned-1676-before","unburned-1676","unburned","1676",1676,"before","unburned",1544.7841796875,NA,0.346472698864324,-21.3985123097405,0.265333207514741,69.975,263.724999427795,26.375,11.875,27.875,11.5,15.75,"unburned-before",0,0
"1991","unburned-1677-after","unburned-1677","unburned","1677",1677,"after","unburned",1951.74780273438,NA,0.117026430040461,53.3142428777946,0.226417026906393,110.35,487.37500667572,14.25,24.75,8.75,27.625,15,"unburned-after",0,1
"1992","unburned-1677-before","unburned-1677","unburned","1677",1677,"before","unburned",1951.74780273438,NA,0.173398380216035,20.6576071674197,0.216111156479415,104.52,483.640001296997,15,24.8,8.1,24.4,14.4,"unburned-before",0,0
"1993","unburned-1684-after","unburned-1684","unburned","1684",1684,"after","unburned",1462.935546875,NA,0.285161284744456,-12.4409877614032,0.225931021075345,47.4555555555556,210.044443342421,20.7777777777778,12.5555555555556,27.1111111111111,10.1111111111111,18.4444444444444,"unburned-after",0,1
"1994","unburned-1684-before","unburned-1684","unburned","1684",1684,"before","unburned",1462.935546875,NA,0.325443247623465,-23.5275051208752,0.226832639811975,54.12,238.590002059937,26.2,15.3,27,9.5,16.5,"unburned-before",0,0
"1995","unburned-1687-after","unburned-1687","unburned","1687",1687,"after","unburned",1799.49670410156,NA,0.0866744755240741,38.9430540097072,0.20143413907515,68.3555555555556,339.344442155626,13.2222222222222,14,15.6666666666667,19.7777777777778,12.3333333333333,"unburned-after",0,1
"1996","unburned-1687-before","unburned-1687","unburned","1687",1687,"before","unburned",1799.49670410156,NA,0.106208083250895,27.8025286849131,0.189651549862586,63.19,333.190000534058,14.7,18.3,12.7,19.8,12.3,"unburned-before",0,0
"1997","unburned-1688-after","unburned-1688","unburned","1688",1688,"after","unburned",1980.88525390625,NA,0.0361111729909878,96.0459580229467,0.23699744301366,113.311111111111,478.111112382677,10.7777777777778,20.8888888888889,16,26.2222222222222,15.2222222222222,"unburned-after",0,1
"1998","unburned-1688-before","unburned-1688","unburned","1688",1688,"before","unburned",1980.88525390625,NA,-0.0311984439681298,146.024570389598,0.292717555673026,131.96,450.809995651245,12.8,24.6,9.8,27.5,16.7,"unburned-before",0,0
"1999","unburned-1696-after","unburned-1696","unburned","1696",1696,"after","unburned",1773.71630859375,NA,0.0952850857066118,54.6636560467928,0.234232515681569,92.15,393.412501811981,21.5,23.625,6.625,25.125,15.875,"unburned-after",0,1
"2000","unburned-1696-before","unburned-1696","unburned","1696",1696,"before","unburned",1773.71630859375,NA,0.220877353103101,11.8035060273506,0.25152546197539,96.87,385.129995346069,23.7,22,8.9,23.7,14.7,"unburned-before",0,0
"2001","unburned-1700-after","unburned-1700","unburned","1700",1700,"after","unburned",1698.23400878906,NA,0.124536195214284,25.5140263920606,0.216053568439465,60.2333333333333,278.788884480794,15.4444444444444,19.5555555555556,13.7777777777778,9.11111111111111,12.8888888888889,"unburned-after",0,1
"2002","unburned-1700-before","unburned-1700","unburned","1700",1700,"before","unburned",1698.23400878906,NA,0.122196622895244,23.6575945143339,0.200790671253588,60.44,301.010000228882,16.7,21.4,12,10.5,13.1,"unburned-before",0,0
"2003","unburned-1705-after","unburned-1705","unburned","1705",1705,"after","unburned",1298.08093261719,NA,0.2046968654213,-17.2674825961255,0.108771735341575,19.58,180.009999275207,29.2,16.3,14.1,3.3,16,"unburned-after",0,1
"2004","unburned-1705-before","unburned-1705","unburned","1705",1705,"before","unburned",1298.08093261719,NA,0.152249151339081,-2.39412066941389,0.140056023327306,27.5,196.34999871254,23.875,19.625,11.75,4.625,15.875,"unburned-before",0,0
"2005","unburned-1709-after","unburned-1709","unburned","1709",1709,"after","unburned",1475.03723144531,NA,0.121963343371924,39.8395375726405,0.248299921095807,78.3,315.344441731771,22.8888888888889,17.8888888888889,22.7777777777778,11.6666666666667,15,"unburned-after",0,1
"2006","unburned-1709-before","unburned-1709","unburned","1709",1709,"before","unburned",1475.03723144531,NA,0.221013338300886,9.70047485188821,0.251566977157558,79.87,317.490001678467,25,19.8,17.3,10.9,15.7,"unburned-before",0,0
"2007","unburned-1712-after","unburned-1712","unburned","1712",1712,"after","unburned",1613.53430175781,NA,0.28131223206099,60.7779898686762,0.494839929968115,140.85,284.637498855591,12.25,7.75,38.625,16.125,17.75,"unburned-after",0,1
"2008","unburned-1712-before","unburned-1712","unburned","1712",1712,"before","unburned",1613.53430175781,NA,0.298691796027517,47.836380993049,0.484041264448816,124.925,258.087500333786,18,11.625,20.75,17.125,19.5,"unburned-before",0,0
"2009","unburned-1725-after","unburned-1725","unburned","1725",1725,"after","unburned",1240.53771972656,NA,0.216294576827385,-13.1071067295419,0.141396824540657,24.7444444444444,175.000001059638,31.4444444444444,11.4444444444444,20.6666666666667,4.11111111111111,15,"unburned-after",0,1
"2010","unburned-1725-before","unburned-1725","unburned","1725",1725,"before","unburned",1240.53771972656,NA,0.198245292414051,-4.22313407278386,0.175434803056315,32.48,185.140003204346,36.3,13.7,14.8,5.1,14,"unburned-before",0,0
"2011","unburned-1753-after","unburned-1753","unburned","1753",1753,"after","unburned",1838.30578613281,NA,0.0753848335354138,76.4946536595367,0.253806936940084,108.814285714286,428.728572300502,17.8571428571429,15,13.4285714285714,23,17.7142857142857,"unburned-after",0,1
"2012","unburned-1753-before","unburned-1753","unburned","1753",1753,"before","unburned",1838.30578613281,NA,0.0464650684055389,104.733378650758,0.270656734397849,126.44,467.159999847412,17.8,17.4,11.8,23.4,17,"unburned-before",0,0
"2013","unburned-1756-after","unburned-1756","unburned","1756",1756,"after","unburned",1953.06555175781,NA,0.131812798387321,77.8460559887033,0.285733116377699,144.511111111111,505.75555589464,13.1111111111111,30.1111111111111,6.88888888888889,30.8888888888889,12.6666666666667,"unburned-after",0,1
"2014","unburned-1756-before","unburned-1756","unburned","1756",1756,"before","unburned",1953.06555175781,NA,0.234906114582768,14.3153804487537,0.262830391300618,134.74,512.64999961853,12.6,26.4,7.8,29.8,13.7,"unburned-before",0,0
"2015","unburned-176-after","unburned-176","unburned","176",176,"after","unburned",1256.32592773438,NA,0.602090301825146,8.58677694462352,0.639234357613807,147.775,231.1749958992,24.25,4.25,49,11.75,16.25,"unburned-after",0,1
"2016","unburned-176-before","unburned-176","unburned","176",176,"before","unburned",1256.32592773438,NA,0.619474151862875,-3.9239742732868,0.600408147773415,123.57,205.809998512268,34.2,5.9,30,9.5,16.3,"unburned-before",0,0
"2017","unburned-1767-after","unburned-1767","unburned","1767",1767,"after","unburned",1437.79626464844,NA,0.521901839823412,-39.4406011258369,0.347501658044925,78.5875,226.150000095367,23.25,6.875,38.75,12,14.125,"unburned-after",0,1
"2018","unburned-1767-before","unburned-1767","unburned","1767",1767,"before","unburned",1437.79626464844,NA,0.377147957097808,-4.92990765684325,0.356582682233062,85.48,239.71999835968,26.4,11,25.5,16,14.2,"unburned-before",0,0
"2019","unburned-1777-after","unburned-1777","unburned","1777",1777,"after","unburned",1352.87805175781,NA,0.0646768248447873,127.919091113759,0.487200656518529,147.5,302.750002543132,14.3333333333333,5.33333333333333,37.1666666666667,20.6666666666667,20.8333333333333,"unburned-after",0,1
"2020","unburned-1777-before","unburned-1777","unburned","1777",1777,"before","unburned",1352.87805175781,NA,0.549207117846526,-21.4077280252497,0.468098806005837,123.55,263.940002441406,12.3,6.4,46.3,20.7,13.7,"unburned-before",0,0
"2021","unburned-1798-after","unburned-1798","unburned","1798",1798,"after","unburned",1578.33569335938,NA,0.0941939756122559,67.3269488904006,0.309204459172956,96.8222222222222,313.133330874973,16.7777777777778,19.7777777777778,12.3333333333333,15.8888888888889,11.2222222222222,"unburned-after",0,1
"2022","unburned-1798-before","unburned-1798","unburned","1798",1798,"before","unburned",1578.33569335938,NA,0.14327846957305,45.7931314243096,0.288801323448295,90.88,314.679998397827,17.7,21.3,9.1,16.2,10.5,"unburned-before",0,0
"2023","unburned-181-after","unburned-181","unburned","181",181,"after","unburned",1680.81372070312,NA,0.149233492064887,3.71561675889964,0.160522584937621,52.8333333333333,329.133332570394,19.7777777777778,21.7777777777778,15.5555555555556,7.77777777777778,12,"unburned-after",0,1
"2024","unburned-181-before","unburned-181","unburned","181",181,"before","unburned",1680.81372070312,NA,0.0884785323549752,17.2300630159047,0.137481868131913,48.34,351.6100025177,23.1,23.1,13.7,8.1,10.8,"unburned-before",0,0
"2025","unburned-1814-after","unburned-1814","unburned","1814",1814,"after","unburned",1371.91674804688,NA,0.213680492088511,-1.75440985917792,0.20614076873117,47.9666666666667,232.688890033298,17.6666666666667,12,27.6666666666667,9.66666666666667,16.5555555555556,"unburned-after",0,1
"2026","unburned-1814-before","unburned-1814","unburned","1814",1814,"before","unburned",1371.91674804688,NA,0.325395166052929,-25.2416721650696,0.218339129944452,51.48,235.779999732971,19.5,13.7,22.4,9.4,17.3,"unburned-before",0,0
"2027","unburned-1821-after","unburned-1821","unburned","1821",1821,"after","unburned",1365.9619140625,NA,0.0313901308366983,33.5768319230671,0.185861065051275,40.4,217.366665734185,17.5555555555556,22.4444444444444,15.3333333333333,6.88888888888889,17.2222222222222,"unburned-after",0,1
"2028","unburned-1821-before","unburned-1821","unburned","1821",1821,"before","unburned",1365.9619140625,NA,0.244136228564803,-2.90107762016988,0.23128709390451,52.22,225.779999732971,16.9,21.6,18.3,9.4,15.5,"unburned-before",0,0
"2029","unburned-1828-after","unburned-1828","unburned","1828",1828,"after","unburned",1386.5751953125,NA,0.179058989440293,-2.86816401163705,0.164483339732716,32.3666666666667,196.777781380547,24.1111111111111,18.1111111111111,17.8888888888889,4.11111111111111,14.7777777777778,"unburned-after",0,1
"2030","unburned-1828-before","unburned-1828","unburned","1828",1828,"before","unburned",1386.5751953125,NA,0.215721970120823,-8.06148559203956,0.177678149590995,37.65,211.900000572205,24.5,17.2,13,3.5,14,"unburned-before",0,0
"2031","unburned-1831-after","unburned-1831","unburned","1831",1831,"after","unburned",1807.43957519531,NA,0.0645837449028853,68.6386306486843,0.190792499637703,103.7625,543.849995136261,13.5,21.5,11.875,21.875,12,"unburned-after",0,1
"2032","unburned-1831-before","unburned-1831","unburned","1831",1831,"before","unburned",1807.43957519531,NA,0.103987857967032,43.7693676588363,0.186922084364419,98.65,527.760004043579,17.2,22.8,12.7,21,12.4,"unburned-before",0,0
"2033","unburned-1836-after","unburned-1836","unburned","1836",1836,"after","unburned",1399.21044921875,NA,0.309738060561882,42.9881786664657,0.49552384995621,114.657142857143,231.385720116752,14.5714285714286,6,45.7142857142857,12.2857142857143,20.7142857142857,"unburned-after",0,1
"2034","unburned-1836-before","unburned-1836","unburned","1836",1836,"before","unburned",1399.21044921875,NA,0.652315423036613,-48.9800482553818,0.418263488351992,87.53,209.269999504089,26.4,8.8,26.1,13.4,20.4,"unburned-before",0,0
"2035","unburned-1842-after","unburned-1842","unburned","1842",1842,"after","unburned",1979.12939453125,NA,0.0879433285629063,69.1729069689486,0.231966868596636,111.411111111111,480.288895501031,14.3333333333333,25.2222222222222,9,26,14,"unburned-after",0,1
"2036","unburned-1842-before","unburned-1842","unburned","1842",1842,"before","unburned",1979.12939453125,NA,0.150053322379463,30.7282109697778,0.21358861906165,103.3,483.640001296997,16.7,24.5,9.4,24.7,14.4,"unburned-before",0,0
"2037","unburned-1846-after","unburned-1846","unburned","1846",1846,"after","unburned",1620.09204101562,NA,0.0820609118017481,60.5441863528452,0.196470078127983,103.97,529.18999671936,21.8,18.2,9.8,19.8,17.1,"unburned-after",0,1
"2038","unburned-1846-before","unburned-1846","unburned","1846",1846,"before","unburned",1620.09204101562,NA,0.15081791696378,39.0498471490439,0.22940880393066,113.9875,496.875002384186,20,15.125,14.125,23.875,16.25,"unburned-before",0,0
"2039","unburned-1858-after","unburned-1858","unburned","1858",1858,"after","unburned",1429.88696289062,NA,0.36838850294807,32.2830470966184,0.506487947825878,118.4,233.766668107775,29.7777777777778,9.22222222222222,26.1111111111111,8.88888888888889,16.6666666666667,"unburned-after",0,1
"2040","unburned-1858-before","unburned-1858","unburned","1858",1858,"before","unburned",1429.88696289062,NA,0.565518004224546,-42.8494241879458,0.385606916215701,91.84,238.170001983643,21.2,9.7,25.8,10.9,15.5,"unburned-before",0,0
"2041","unburned-1875-after","unburned-1875","unburned","1875",1875,"after","unburned",1397.70825195312,NA,0.466073591992203,20.6938023692509,0.570256255020588,113.27,198.630000114441,15.8,9.5,33.3,9.3,16.5,"unburned-after",0,1
"2042","unburned-1875-before","unburned-1875","unburned","1875",1875,"before","unburned",1397.70825195312,NA,0.407052540377421,-7.46538491900938,0.373737942199973,83.75,224.087496995926,20.125,13,25.625,10.875,17.125,"unburned-before",0,0
"2043","unburned-1880-after","unburned-1880","unburned","1880",1880,"after","unburned",1521.75183105469,NA,0.124633407749477,13.5313217805839,0.175565952145785,46.6428571428571,265.671427590507,18.4285714285714,14.1428571428571,24,7.42857142857143,16,"unburned-after",0,1
"2044","unburned-1880-before","unburned-1880","unburned","1880",1880,"before","unburned",1521.75183105469,NA,0.287209116554646,-15.3969158792135,0.229013115885736,60.59,264.569999694824,20,14.9,20.8,8.8,14,"unburned-before",0,0
"2045","unburned-1881-after","unburned-1881","unburned","1881",1881,"after","unburned",1940.00061035156,NA,0.108848331563072,98.1467460749943,0.319523945288591,148.855555555556,465.866667429606,13.1111111111111,30.2222222222222,5.66666666666667,28.6666666666667,14.5555555555556,"unburned-after",0,1
"2046","unburned-1881-before","unburned-1881","unburned","1881",1881,"before","unburned",1940.00061035156,NA,0.158426450282351,60.3600622605382,0.286835721097297,134.83,470.06000328064,13.3,28.5,6.6,28.4,15.4,"unburned-before",0,0
"2047","unburned-1888-after","unburned-1888","unburned","1888",1888,"after","unburned",1568.62475585938,NA,0.142955866277347,17.1143229169412,0.202168147348119,58.4333333333333,289.033332400852,22.5555555555556,20.3333333333333,10.2222222222222,12.4444444444444,16.6666666666667,"unburned-after",0,1
"2048","unburned-1888-before","unburned-1888","unburned","1888",1888,"before","unburned",1568.62475585938,NA,0.13139317147205,24.4359896919121,0.212854615222162,63.85,299.9700050354,25.2,21.4,11.2,13.9,16.9,"unburned-before",0,0
"2049","unburned-189-after","unburned-189","unburned","189",189,"after","unburned",1880.64099121094,NA,0.0612793860595985,71.1766171665647,0.208406064485539,100.822222222222,483.777775234646,9.88888888888889,22.5555555555556,10.5555555555556,28.7777777777778,12,"unburned-after",0,1
"2050","unburned-189-before","unburned-189","unburned","189",189,"before","unburned",1880.64099121094,NA,0.115933079764925,36.0273237593396,0.191267801721315,91.47,478.229995727539,12.2,23.5,10.4,26.6,11.9,"unburned-before",0,0
"2051","unburned-1891-after","unburned-1891","unburned","1891",1891,"after","unburned",1449.08093261719,NA,0.138898708893322,-5.17598044975047,0.115484037199806,25.5285714285714,221.057143892561,24.5714285714286,16.1428571428571,23.7142857142857,5.71428571428571,19.8571428571429,"unburned-after",0,1
"2052","unburned-1891-before","unburned-1891","unburned","1891",1891,"before","unburned",1449.08093261719,NA,0.153720512884147,-3.35762165181616,0.141558301565549,39.08,276.069997787475,31.7,14.4,16.1,6.3,17.5,"unburned-before",0,0
"2053","unburned-1893-after","unburned-1893","unburned","1893",1893,"after","unburned",1423.67114257812,NA,0.135246933094322,25.403004888984,0.230778876528045,61.3666666666667,265.911107593113,24.3333333333333,18.3333333333333,17,13.5555555555556,17.7777777777778,"unburned-after",0,1
"2054","unburned-1893-before","unburned-1893","unburned","1893",1893,"before","unburned",1423.67114257812,NA,0.000393705442727184,88.5812193049454,0.353447590561592,88.68,250.899998664856,24.8,18.4,16.9,14.3,16.6,"unburned-before",0,0
"2055","unburned-1902-after","unburned-1902","unburned","1902",1902,"after","unburned",1706.06274414062,NA,0.174790637111362,59.9692197939948,0.424246626666914,101.988888888889,240.39999961853,14.5555555555556,21,13.6666666666667,21.8888888888889,14.3333333333333,"unburned-after",0,1
"2056","unburned-1902-before","unburned-1902","unburned","1902",1902,"before","unburned",1706.06274414062,NA,0.138712900663816,72.1779366272445,0.416576836734277,108.21,259.760002136231,13.9,20.1,12.5,26.6,12.8,"unburned-before",0,0
"2057","unburned-1920-after","unburned-1920","unburned","1920",1920,"after","unburned",1305.47766113281,NA,0.0686925546737775,-0.620382991070628,0.0655534941670996,12.9555555555556,197.633333206177,27.6666666666667,16.8888888888889,7,1.66666666666667,8,"unburned-after",0,1
"2058","unburned-1920-before","unburned-1920","unburned","1920",1920,"before","unburned",1305.47766113281,NA,0.0869008819605637,-3.26442595680118,0.0700696059818938,13.59,193.949998855591,26.1,17,5.6,1.4,7.5,"unburned-before",0,0
"2059","unburned-1924-after","unburned-1924","unburned","1924",1924,"after","unburned",1704.36865234375,NA,0.0423072374836075,190.027834359524,0.651110640724118,203.233333333333,312.133331298828,18,18.6666666666667,13.6666666666667,10.3333333333333,11,"unburned-after",0,1
"2060","unburned-1924-before","unburned-1924","unburned","1924",1924,"before","unburned",1704.36865234375,NA,1.0301171640355,-164.901835944179,0.505601695049502,158.955555555556,314.388889736599,19.1111111111111,17.3333333333333,7.33333333333333,11.3333333333333,11.4444444444444,"unburned-before",0,0
"2061","unburned-1929-after","unburned-1929","unburned","1929",1929,"after","unburned",1419.51635742188,NA,0.307097957299359,42.9729102272984,0.488972488691313,115.533333333333,236.277778413561,16.3333333333333,8.77777777777778,33.7777777777778,12.2222222222222,19.8888888888889,"unburned-after",0,1
"2062","unburned-1929-before","unburned-1929","unburned","1929",1929,"before","unburned",1419.51635742188,NA,0.56358298671785,-49.2749746958877,0.358808127069574,86.34,240.630001068115,17.7,13.1,26.5,13.1,18.2,"unburned-before",0,0
"2063","unburned-1931-after","unburned-1931","unburned","1931",1931,"after","unburned",1145.98706054688,NA,0.315417637413909,-28.3081349686042,0.113051472702241,15.8142857142857,139.885711669922,50,5.71428571428571,20,4.57142857142857,16,"unburned-after",0,1
"2064","unburned-1931-before","unburned-1931","unburned","1931",1931,"before","unburned",1145.98706054688,NA,0.294698295038611,-30.6072242960517,0.130751514165514,24.41,186.689998626709,52.3,6.6,12.7,5.8,16.4,"unburned-before",0,0
"2065","unburned-1937-after","unburned-1937","unburned","1937",1937,"after","unburned",1839.70092773438,NA,0.168124659091058,96.4005058904453,0.499227206397528,145.35,291.149997711182,19.6666666666667,13.6666666666667,15.3333333333333,13.6666666666667,20.8333333333333,"unburned-after",0,1
"2066","unburned-1937-before","unburned-1937","unburned","1937",1937,"before","unburned",1839.70092773438,NA,0.195538388850004,87.4107860264701,0.468492378258965,150.03,320.240001678467,19.8,15.8,9.3,17,19.4,"unburned-before",0,0
"2067","unburned-1945-after","unburned-1945","unburned","1945",1945,"after","unburned",1553.50024414062,NA,0.207536217477851,-1.32341745161207,0.201799065908729,46.55,230.675002336502,17,14.75,17.625,6.5,18,"unburned-after",0,1
"2068","unburned-1945-before","unburned-1945","unburned","1945",1945,"before","unburned",1553.50024414062,NA,0.163585814027435,15.2131570739434,0.226372264717035,54.85,242.300001144409,18.6,14.5,17.7,7.6,16.6,"unburned-before",0,0
"2069","unburned-198-after","unburned-198","unburned","198",198,"after","unburned",1431.92663574219,NA,0.0579466654076449,14.1846175404899,0.123491020949278,26.725,216.41249537468,32,19.75,11.875,3.5,19.625,"unburned-after",0,1
"2070","unburned-198-before","unburned-198","unburned","198",198,"before","unburned",1431.92663574219,NA,0.179872193297202,-1.44187885434478,0.173176057719189,37.29,215.329997062683,31,20,11,5.1,17.3,"unburned-before",0,0
"2071","unburned-1986-after","unburned-1986","unburned","1986",1986,"after","unburned",1349.0869140625,NA,0.120491634363241,113.331983108474,0.492612218196601,150.028571428571,304.557146344866,13.8571428571429,6.71428571428571,39.1428571428571,22.7142857142857,19,"unburned-after",0,1
"2072","unburned-1986-before","unburned-1986","unburned","1986",1986,"before","unburned",1349.0869140625,NA,0.601291861678995,-46.3649754395516,0.42562703251069,112.34,263.940002441406,17.4,11,31,20.9,16.4,"unburned-before",0,0
"2073","unburned-1987-after","unburned-1987","unburned","1987",1987,"after","unburned",1761.15173339844,NA,0.0797762946844806,66.4193682481255,0.354754131077072,85.6888888888889,241.544442706638,14.6666666666667,18.5555555555556,8.55555555555556,24.5555555555556,13.7777777777778,"unburned-after",0,1
"2074","unburned-1987-before","unburned-1987","unburned","1987",1987,"before","unburned",1761.15173339844,NA,0.162291584303834,44.4871700347795,0.330733409353573,87.35,264.109997749329,14.4,18.9,7.9,27.1,13.1,"unburned-before",0,0
"2075","unburned-200-after","unburned-200","unburned","200",200,"after","unburned",1472.01696777344,NA,0.156404128983158,16.5549939866811,0.229952459406073,51.76,225.090003967285,20.8,20.3,14.3,9.4,13.6,"unburned-after",0,1
"2076","unburned-200-before","unburned-200","unburned","200",200,"before","unburned",1472.01696777344,NA,0.206483898426584,10.6279075486757,0.257168405365127,53.925,209.6875,18.75,22.125,11.125,8.125,14.75,"unburned-before",0,0
"2077","unburned-2001-after","unburned-2001","unburned","2001",2001,"after","unburned",1412.33117675781,NA,0.167996869909051,-5.23073936037687,0.144601488060407,32.33,223.579995155334,29.4,17.3,20.3,8.2,16,"unburned-after",0,1
"2078","unburned-2001-before","unburned-2001","unburned","2001",2001,"before","unburned",1412.33117675781,NA,0.356595041950084,-29.3758415537216,0.226042998521384,50.8625,225.012499094009,24.625,16.125,19.625,12.5,16.125,"unburned-before",0,0
"2079","unburned-2004-after","unburned-2004","unburned","2004",2004,"after","unburned",1613.57055664062,NA,0.0969843711901886,34.1633052409883,0.209925065559242,63.5,302.488889694214,11.6666666666667,18.2222222222222,16.6666666666667,13,15.2222222222222,"unburned-after",0,1
"2080","unburned-2004-before","unburned-2004","unburned","2004",2004,"before","unburned",1613.57055664062,NA,0.130873262707713,19.3943769048428,0.190336032597744,62.08,326.159997940063,15.5,19.3,12.9,12.8,14.3,"unburned-before",0,0
"2081","unburned-2007-after","unburned-2007","unburned","2007",2007,"after","unburned",1630.70935058594,NA,0.146643926048294,17.9862501285727,0.212088135531113,58.2888888888889,274.833331637912,21,16.5555555555556,19.7777777777778,10.4444444444444,16.5555555555556,"unburned-after",0,1
"2082","unburned-2007-before","unburned-2007","unburned","2007",2007,"before","unburned",1630.70935058594,NA,0.267318493490779,-5.41749671994603,0.248748887815812,72.57,291.73999786377,18.8,16.8,17.6,12.4,15.8,"unburned-before",0,0
"2083","unburned-2022-after","unburned-2022","unburned","2022",2022,"after","unburned",1259.67309570312,NA,0.233971384471651,-13.3192193065355,0.168685665774222,34.4142857142857,204.014286313738,30.8571428571429,12.8571428571429,23.8571428571429,4.71428571428571,14.2857142857143,"unburned-after",0,1
"2084","unburned-2022-before","unburned-2022","unburned","2022",2022,"before","unburned",1259.67309570312,NA,0.055983816640686,56.6755682705578,0.313015868954442,69.02,220.500002861023,29.8,16.9,15.8,7.2,15.6,"unburned-before",0,0
"2085","unburned-2046-after","unburned-2046","unburned","2046",2046,"after","unburned",1458.0625,NA,0.0935298890797058,41.6888734102744,0.279696336925327,62.6333333333333,223.933334350586,15.7777777777778,18.8888888888889,11.8888888888889,9.88888888888889,16.5555555555556,"unburned-after",0,1
"2086","unburned-2046-before","unburned-2046","unburned","2046",2046,"before","unburned",1458.0625,NA,0.127794089191108,33.7475446844466,0.252900835893865,68.22,269.749998092651,17.2,19.7,10.4,9.9,17.3,"unburned-before",0,0
"2087","unburned-205-after","unburned-205","unburned","205",205,"after","unburned",1388.21301269531,NA,0.203882265110372,64.9921775769927,0.502270063832692,109.4,217.811109754774,28.2222222222222,14.8888888888889,18.3333333333333,13,20.2222222222222,"unburned-after",0,1
"2088","unburned-205-before","unburned-205","unburned","205",205,"before","unburned",1388.21301269531,NA,0.240335684628137,48.9193804934963,0.455782621254677,103.49,227.059995651245,35.2,13.6,19.4,12.4,16.1,"unburned-before",0,0
"2089","unburned-2065-after","unburned-2065","unburned","2065",2065,"after","unburned",1100.05554199219,NA,0.179551875954095,-8.52700830436453,0.136805694466396,27.29,199.480000495911,18.1,15.6,23,2.4,11.7,"unburned-after",0,1
"2090","unburned-2065-before","unburned-2065","unburned","2065",2065,"before","unburned",1100.05554199219,NA,0.17274227539709,-5.51907751853292,0.149147651274148,34.8875,233.912500143051,17,16.625,17.25,3.375,12.25,"unburned-before",0,0
"2091","unburned-2079-after","unburned-2079","unburned","2079",2079,"after","unburned",1385.04797363281,NA,0.26682498799688,-26.346303241422,0.14031212613505,29.22,208.249998092651,30.6,11.6,22.3,5.9,16.3,"unburned-after",0,1
"2092","unburned-2079-before","unburned-2079","unburned","2079",2079,"before","unburned",1385.04797363281,NA,0.308062533724576,-25.2668672216817,0.196932213469718,44.775,227.362498044968,27.125,13.625,19.25,7.875,16.625,"unburned-before",0,0
"2093","unburned-21-after","unburned-21","unburned","21",21,"after","unburned",1999.36486816406,NA,0.0656624845316582,211.945105602048,0.477953574946081,245.7,514.066664377848,8.16666666666667,23.8333333333333,14,30.6666666666667,11.6666666666667,"unburned-after",0,1
"2094","unburned-21-before","unburned-21","unburned","21",21,"before","unburned",1999.36486816406,NA,0.192563545378524,123.826386827422,0.438646857027029,220.722222222222,503.188883463541,8.33333333333333,22.4444444444444,11.5555555555556,30.2222222222222,12.2222222222222,"unburned-before",0,0
"2095","unburned-210-after","unburned-210","unburned","210",210,"after","unburned",2026.99560546875,NA,0.075827243192065,87.119501381553,0.241842935015745,126.911111111111,524.766667683919,16.3333333333333,28.5555555555556,6.55555555555556,28.4444444444444,14.8888888888889,"unburned-after",0,1
"2096","unburned-210-before","unburned-210","unburned","210",210,"before","unburned",2026.99560546875,NA,0.0782180336580524,71.8685602212442,0.213116599490829,113.54,532.76000213623,18.4,25.7,7.3,25.8,15.3,"unburned-before",0,0
"2097","unburned-2102-after","unburned-2102","unburned","2102",2102,"after","unburned",1378.81665039062,NA,0.152985811217117,20.2269074675215,0.224808650811201,63.3111111111111,281.622219085693,23.8888888888889,11.1111111111111,22.4444444444444,7.77777777777778,17.7777777777778,"unburned-after",0,1
"2098","unburned-2102-before","unburned-2102","unburned","2102",2102,"before","unburned",1378.81665039062,NA,0.233570640436484,-1.16520122535714,0.229536010170765,66.29,288.800001144409,23.5,14.4,21.3,9.2,15.7,"unburned-before",0,0
"2099","unburned-212-after","unburned-212","unburned","212",212,"after","unburned",1832.07055664062,NA,0.0787996131158193,49.5802211024466,0.182734841139304,87.17,477.029993057251,28.1,27.5,5.5,22,16,"unburned-after",0,1
"2100","unburned-212-before","unburned-212","unburned","212",212,"before","unburned",1832.07055664062,NA,0.0933188512963226,47.7310310349601,0.196529449711588,90.8875,462.462496757507,27.25,26,5.75,21.375,17.125,"unburned-before",0,0
"2101","unburned-2122-after","unburned-2122","unburned","2122",2122,"after","unburned",2035.90258789062,NA,0.0560343434832088,95.4870329994039,0.278442029260397,119.544444444444,429.333332909478,16,24.7777777777778,7.44444444444444,25.4444444444444,14.3333333333333,"unburned-after",0,1
"2102","unburned-2122-before","unburned-2122","unburned","2122",2122,"before","unburned",2035.90258789062,NA,0.134685731179112,56.3857049245007,0.25868666688168,117.63,454.719995498657,16.5,25.9,5.9,22.5,14.9,"unburned-before",0,0
"2103","unburned-2130-after","unburned-2130","unburned","2130",2130,"after","unburned",1775.58947753906,NA,0.129566609981187,30.9781937028251,0.241163995270252,66.9444444444444,277.588884565565,15,17.5555555555556,17.2222222222222,13.1111111111111,15.7777777777778,"unburned-after",0,1
"2104","unburned-2130-before","unburned-2130","unburned","2130",2130,"before","unburned",1775.58947753906,NA,0.184927389124252,18.326611636526,0.247812513707248,72.22,291.429996490479,15.9,19.4,17.5,13.2,17.2,"unburned-before",0,0
"2105","unburned-2136-after","unburned-2136","unburned","2136",2136,"after","unburned",1749.95092773438,NA,0.140446512024122,79.977616505441,0.323951556778418,141.188888888889,435.833339691162,15.8888888888889,26.7777777777778,6.11111111111111,30,14.5555555555556,"unburned-after",0,1
"2106","unburned-2136-before","unburned-2136","unburned","2136",2136,"before","unburned",1749.95092773438,NA,0.221388883135884,48.8857419727462,0.333455597783187,145.46,436.219997406006,14.2,26,6,30.3,15,"unburned-before",0,0
"2107","unburned-2145-after","unburned-2145","unburned","2145",2145,"after","unburned",1597.232421875,NA,0.100514830121355,12.8725429340069,0.135250202102153,50.1222222222222,370.588889651828,18.8888888888889,19.6666666666667,17.1111111111111,12.1111111111111,20.4444444444444,"unburned-after",0,1
"2108","unburned-2145-before","unburned-2145","unburned","2145",2145,"before","unburned",1597.232421875,NA,0.141121629912049,3.89720821836925,0.150822693461738,60.59,401.729995727539,17.6,20.7,13.4,12.5,18.2,"unburned-before",0,0
"2109","unburned-2156-after","unburned-2156","unburned","2156",2156,"after","unburned",1323.68225097656,NA,0.348707112746137,54.403768288146,0.523632592908971,162.855555555556,311.011113060845,15.5555555555556,8.66666666666667,37.6666666666667,18.4444444444444,14.2222222222222,"unburned-after",0,1
"2110","unburned-2156-before","unburned-2156","unburned","2156",2156,"before","unburned",1323.68225097656,NA,0.288636475316048,59.2582627428556,0.488260066515162,144.94,296.849998474121,20,11.6,30.2,19.7,12.8,"unburned-before",0,0
"2111","unburned-2165-after","unburned-2165","unburned","2165",2165,"after","unburned",1315.68310546875,NA,0.149676311788237,89.8675160079551,0.444203201659364,135.5375,305.124995708465,13.5,10.5,36.375,21.25,15.75,"unburned-after",0,1
"2112","unburned-2165-before","unburned-2165","unburned","2165",2165,"before","unburned",1315.68310546875,NA,0.441761196782533,-21.9096396923977,0.36352924690253,101.81,280.059997558594,15.3,10.6,31.5,19.3,18,"unburned-before",0,0
"2113","unburned-2186-after","unburned-2186","unburned","2186",2186,"after","unburned",1355.43591308594,NA,0.101913714545711,5.68925374006198,0.128136844910756,27.8,216.955552630954,27.1111111111111,16.3333333333333,16.8888888888889,5.88888888888889,15.5555555555556,"unburned-after",0,1
"2114","unburned-2186-before","unburned-2186","unburned","2186",2186,"before","unburned",1355.43591308594,NA,-0.13896320812089,103.956245317784,0.344891784353895,74.1,214.85000038147,25.7,16.2,13.8,8.3,15.4,"unburned-before",0,0
"2115","unburned-2188-after","unburned-2188","unburned","2188",2188,"after","unburned",1261.68774414062,NA,0.151624264434987,-4.88401791907505,0.127472527472528,25.7777777777778,202.222222222222,34.8888888888889,15.4444444444444,17.4444444444444,3.66666666666667,14,"unburned-after",0,1
"2116","unburned-2188-before","unburned-2188","unburned","2188",2188,"before","unburned",1261.68774414062,NA,0.113371868325898,40.8667028812556,0.312789731158174,64.1,204.93000125885,29.8,18.5,14.8,8.1,14.3,"unburned-before",0,0
"2117","unburned-2190-after","unburned-2190","unburned","2190",2190,"after","unburned",1447.91455078125,NA,0.259023030630621,-6.80836035627599,0.223063380781056,42.2333333333333,189.333332909478,14.6666666666667,17.8888888888889,22.1111111111111,6.44444444444444,13.3333333333333,"unburned-after",0,1
"2118","unburned-2190-before","unburned-2190","unburned","2190",2190,"before","unburned",1447.91455078125,NA,0.270497815151066,-3.63213995468129,0.253961027841038,55.78,219.639999389648,13.7,19.8,18.6,9.3,13.4,"unburned-before",0,0
"2119","unburned-2202-after","unburned-2202","unburned","2202",2202,"after","unburned",1558.541015625,NA,0.25921271575852,-2.02914706540835,0.251346110775259,64.8333333333333,257.944446139865,16.5555555555556,7.66666666666667,48.8888888888889,12,17.8888888888889,"unburned-after",0,1
"2120","unburned-2202-before","unburned-2202","unburned","2202",2202,"before","unburned",1558.541015625,NA,0.38814379873491,-26.165550375743,0.292526950891979,80.05,273.64999961853,18.6,10.4,33.5,16.4,16.8,"unburned-before",0,0
"2121","unburned-2213-after","unburned-2213","unburned","2213",2213,"after","unburned",1640.49682617188,NA,0.102198962465804,30.0920809110018,0.192689366696646,64.0777777777778,332.544441223145,14.5555555555556,21.1111111111111,12.8888888888889,14,18.3333333333333,"unburned-after",0,1
"2122","unburned-2213-before","unburned-2213","unburned","2213",2213,"before","unburned",1640.49682617188,NA,0.180223134597345,3.33223620942357,0.190141685131404,63.88,335.959997177124,15.6,21,13.5,14.1,18,"unburned-before",0,0
"2123","unburned-2214-after","unburned-2214","unburned","2214",2214,"after","unburned",1316.00061035156,NA,0.219335518573957,24.1340949664692,0.333195729102572,70.625,211.962500810623,19.125,9.25,27.875,19.5,15.75,"unburned-after",0,1
"2124","unburned-2214-before","unburned-2214","unburned","2214",2214,"before","unburned",1316.00061035156,NA,-0.00231962321686009,109.776481335913,0.430020179838476,109.1875,253.912502527237,17,15.75,21.25,15.25,15.875,"unburned-before",0,0
"2125","unburned-2217-after","unburned-2217","unburned","2217",2217,"after","unburned",1433.6083984375,NA,0.116648199912905,13.1200627834884,0.172369860340811,40.5857142857143,235.457139696394,27.4285714285714,15.2857142857143,17,9.42857142857143,20.2857142857143,"unburned-after",0,1
"2126","unburned-2217-before","unburned-2217","unburned","2217",2217,"before","unburned",1433.6083984375,NA,0.2575006344018,-7.30175206651404,0.226934023531426,54.21,238.88000202179,26.9,14.3,18.2,9.5,18.5,"unburned-before",0,0
"2127","unburned-2230-after","unburned-2230","unburned","2230",2230,"after","unburned",1561.8310546875,NA,0.11870402156326,41.0152987533895,0.246542254456821,79.1,320.837497711182,22.75,17.875,19.75,13.125,13.875,"unburned-after",0,1
"2128","unburned-2230-before","unburned-2230","unburned","2230",2230,"before","unburned",1561.8310546875,NA,0.175287418703306,18.9279971416731,0.234905035137232,74.58,317.490001678467,23.6,18.9,15.6,14.3,13.9,"unburned-before",0,0
"2129","unburned-2264-after","unburned-2264","unburned","2264",2264,"after","unburned",1404.08911132812,NA,0.156825164361034,4.82038785669948,0.178319803392896,39.99,224.260004997253,26.7,20.1,18.1,8.3,17.2,"unburned-after",0,1
"2130","unburned-2264-before","unburned-2264","unburned","2264",2264,"before","unburned",1404.08911132812,NA,0.330422931144054,-22.1452210157385,0.225301132411428,47.4625,210.662500858307,23.25,17.875,16.875,10.75,17.875,"unburned-before",0,0
"2131","unburned-2281-after","unburned-2281","unburned","2281",2281,"after","unburned",1329.05346679688,NA,0.282597823119416,-20.0395252382171,0.184210524314757,37.52,203.680002212524,20.1,11.9,32.2,7.5,17.3,"unburned-after",0,1
"2132","unburned-2281-before","unburned-2281","unburned","2281",2281,"before","unburned",1329.05346679688,NA,0.268886754961082,-10.2773836135172,0.222936344629597,49.8625,223.662499189377,20.125,12.875,25.375,8,14.625,"unburned-before",0,0
"2133","unburned-2286-after","unburned-2286","unburned","2286",2286,"after","unburned",1526.47045898438,NA,0.157317831539484,29.5558715625476,0.349977186756303,53.69,153.409999370575,20,20.4,11.5,8.9,15.3,"unburned-after",0,1
"2134","unburned-2286-before","unburned-2286","unburned","2286",2286,"before","unburned",1526.47045898438,NA,0.132320132387666,27.5980601572879,0.275306000368524,53.1375,193.012502193451,19.875,19.75,10.75,10.875,16.75,"unburned-before",0,0
"2135","unburned-229-after","unburned-229","unburned","229",229,"after","unburned",1399.63391113281,NA,0.214039747193481,-12.2258864401556,0.157808666965661,34.3111111111111,217.422222561306,12.2222222222222,16.7777777777778,19.1111111111111,4.88888888888889,9.66666666666667,"unburned-after",0,1
"2136","unburned-229-before","unburned-229","unburned","229",229,"before","unburned",1399.63391113281,NA,0.205712019618176,-11.1041460879381,0.159079455813057,37.88,238.119999885559,10.7,19.3,17,6.8,9.1,"unburned-before",0,0
"2137","unburned-2292-after","unburned-2292","unburned","2292",2292,"after","unburned",1353.08666992188,NA,0.211172655621717,-11.6705394946458,0.159808105669179,36.31,227.210001945495,23.3,13.6,19.6,3.8,17,"unburned-after",0,1
"2138","unburned-2292-before","unburned-2292","unburned","2292",2292,"before","unburned",1353.08666992188,NA,0.128183691223626,6.03183783976627,0.152881563295654,37.3375,244.225001335144,27.625,13.75,12.5,3.375,15.375,"unburned-before",0,0
"2139","unburned-2310-after","unburned-2310","unburned","2310",2310,"after","unburned",1516.23400878906,NA,0.116045109049103,61.0291104898532,0.26675080869075,108.022222222222,404.955556657579,10.8888888888889,12.4444444444444,22.8888888888889,22.1111111111111,16.1111111111111,"unburned-after",0,1
"2140","unburned-2310-before","unburned-2310","unburned","2310",2310,"before","unburned",1516.23400878906,NA,0.180547735285748,26.129565320319,0.244890423148891,99.45,406.099996566773,14.6,13.8,21.1,23.7,18.1,"unburned-before",0,0
"2141","unburned-2316-after","unburned-2316","unburned","2316",2316,"after","unburned",1371.26416015625,NA,0.240841242635568,-3.03382903736539,0.226083669567277,46.4777777777778,205.57777510749,20.3333333333333,15.8888888888889,27.1111111111111,5.77777777777778,13.3333333333333,"unburned-after",0,1
"2142","unburned-2316-before","unburned-2316","unburned","2316",2316,"before","unburned",1371.26416015625,NA,0.246203971693629,-5.02262873721533,0.223502824858757,49.45,221.25,21.3,17.2,16.1,7.3,14,"unburned-before",0,0
"2143","unburned-2323-after","unburned-2323","unburned","2323",2323,"after","unburned",1789.9521484375,NA,0.0925901843873357,48.2644117271562,0.210545612424516,86.15,409.174995422363,15,25.375,6.75,21,12.875,"unburned-after",0,1
"2144","unburned-2323-before","unburned-2323","unburned","2323",2323,"before","unburned",1789.9521484375,NA,0.13222238150248,28.2861572491503,0.201619234354976,82.18,407.60000038147,18.5,24.8,8.4,17.9,13.1,"unburned-before",0,0
"2145","unburned-2331-after","unburned-2331","unburned","2331",2331,"after","unburned",1856.0888671875,NA,0.0918167365069448,92.8563701522525,0.329015063647936,128.8,391.471437726702,16.7142857142857,17.7142857142857,11.8571428571429,25.2857142857143,14.8571428571429,"unburned-after",0,1
"2146","unburned-2331-before","unburned-2331","unburned","2331",2331,"before","unburned",1856.0888671875,NA,0.119321258586768,64.0113926082537,0.27350241813186,113.55,415.170003890991,20.5,22.1,8.5,26.2,16.4,"unburned-before",0,0
"2147","unburned-2333-after","unburned-2333","unburned","2333",2333,"after","unburned",1513.43005371094,NA,0.102209471120476,5.57679243035215,0.126892097088994,28.67,225.93999671936,16.9,19.9,12.2,2.5,10.6,"unburned-after",0,1
"2148","unburned-2333-before","unburned-2333","unburned","2333",2333,"before","unburned",1513.43005371094,NA,0.130698935957485,-3.46117088432217,0.116627705660728,28.6875,245.975000858307,16.625,20,7.25,3.875,9.25,"unburned-before",0,0
"2149","unburned-2353-after","unburned-2353","unburned","2353",2353,"after","unburned",1963.78442382812,NA,0.117728398724517,94.4531830328843,0.459985509560908,126.942857142857,275.97142628261,12.4285714285714,25.5714285714286,8.14285714285714,24,12.5714285714286,"unburned-after",0,1
"2150","unburned-2353-before","unburned-2353","unburned","2353",2353,"before","unburned",1963.78442382812,NA,0.197821654538773,104.292753535987,0.49735362216558,173.171428571429,348.185719081334,13.2857142857143,28.4285714285714,9,27.1428571428571,12.5714285714286,"unburned-before",0,0
"2151","unburned-2362-after","unburned-2362","unburned","2362",2362,"after","unburned",1622.68444824219,NA,0.176027944667842,9.57284152811171,0.216085026725108,51.64,238.980001449585,20,14.7,21.4,6.9,12.6,"unburned-after",0,1
"2152","unburned-2362-before","unburned-2362","unburned","2362",2362,"before","unburned",1622.68444824219,NA,0.204672485653245,4.37689417797046,0.221496179135236,57.625,260.162501335144,24.25,17.25,13.625,6.375,12.125,"unburned-before",0,0
"2153","unburned-2367-after","unburned-2367","unburned","2367",2367,"after","unburned",1484.44970703125,NA,0.370212235648081,-21.9371734782629,0.240996301101404,40.9142857142857,169.771426064628,29.7142857142857,11.2857142857143,23.8571428571429,7.57142857142857,16.7142857142857,"unburned-after",0,1
"2154","unburned-2367-before","unburned-2367","unburned","2367",2367,"before","unburned",1484.44970703125,NA,0.54289959922676,-64.6427805601874,0.249375648925498,54.92,220.230003356934,34.7,10.4,25,9.4,15.2,"unburned-before",0,0
"2155","unburned-2369-after","unburned-2369","unburned","2369",2369,"after","unburned",2574.62524414062,NA,0.0754584219297593,75.4370637187342,0.301948543081003,100.57,333.069995880127,16.1,31,6.8,26.2,11.4,"unburned-after",0,1
"2156","unburned-2369-before","unburned-2369","unburned","2369",2369,"before","unburned",2574.62524414062,NA,0.0918501666426141,62.4800767430606,0.268728546512599,94.925,353.237500190735,14.25,29.125,6.375,30,10.875,"unburned-before",0,0
"2157","unburned-2389-after","unburned-2389","unburned","2389",2389,"after","unburned",1729.939453125,NA,0.121128102399801,32.3966444653865,0.216761131117208,73.43,338.759996414185,29.4,21.6,8.8,16.4,15.9,"unburned-after",0,1
"2158","unburned-2389-before","unburned-2389","unburned","2389",2389,"before","unburned",1729.939453125,NA,0.221167277901079,2.40932537964887,0.228769771937286,72.5,316.912498474121,29.125,19.625,10.375,17.875,16.125,"unburned-before",0,0
"2159","unburned-2390-after","unburned-2390","unburned","2390",2390,"after","unburned",1414.35534667969,NA,0.0777120256119343,8.40441525960317,0.111175013290749,27.9222222222222,251.15555551317,27.4444444444444,14.5555555555556,10.6666666666667,3.44444444444444,10.8888888888889,"unburned-after",0,1
"2160","unburned-2390-before","unburned-2390","unburned","2390",2390,"before","unburned",1414.35534667969,NA,0.110753158963885,2.14316026096787,0.119189137249633,30.28,254.049997329712,25.7,13.6,6.3,3.6,9.9,"unburned-before",0,0
"2161","unburned-2424-after","unburned-2424","unburned","2424",2424,"after","unburned",1881.39489746094,NA,0.101263689829304,88.1147724436578,0.322632866870603,128.422222222222,398.04445054796,13.5555555555556,24.3333333333333,8.33333333333333,25.1111111111111,15.6666666666667,"unburned-after",0,1
"2162","unburned-2424-before","unburned-2424","unburned","2424",2424,"before","unburned",1881.39489746094,NA,0.1461862108296,52.7478702810656,0.273237466427814,113.44,415.170003890991,16.1,27.6,8.8,24.7,16.2,"unburned-before",0,0
"2163","unburned-2429-after","unburned-2429","unburned","2429",2429,"after","unburned",1896.35192871094,NA,0.0960971424527999,98.3655426930301,0.321631465533054,140.277777777778,436.14444732666,16,22.7777777777778,8.77777777777778,25,14.8888888888889,"unburned-after",0,1
"2164","unburned-2429-before","unburned-2429","unburned","2429",2429,"before","unburned",1896.35192871094,NA,0.105528877673274,78.0088741917335,0.274459695614952,126.74,461.780006408691,20.4,26,8.9,24.5,16,"unburned-before",0,0
"2165","unburned-244-after","unburned-244","unburned","244",244,"after","unburned",1375.48498535156,NA,0.177990610054445,2.71539028691263,0.190945716361557,40.0222222222222,209.60000038147,17.2222222222222,13,21.1111111111111,6.55555555555556,15.7777777777778,"unburned-after",0,1
"2166","unburned-244-before","unburned-244","unburned","244",244,"before","unburned",1375.48498535156,NA,0.190264224833078,0.29716382127233,0.191701326211483,39.64,206.779998779297,22.8,15.5,15.4,5.9,16.2,"unburned-before",0,0
"2167","unburned-2453-after","unburned-2453","unburned","2453",2453,"after","unburned",1548.15368652344,NA,0.120555468152661,42.710713314857,0.290612281061255,72.9888888888889,251.15555551317,19.4444444444444,17.5555555555556,17,12.7777777777778,12.8888888888889,"unburned-after",0,1
"2168","unburned-2453-before","unburned-2453","unburned","2453",2453,"before","unburned",1548.15368652344,NA,0.229255795937058,13.3275656543694,0.281716200559982,71.57,254.049997329712,18.1,18.4,11.3,13.9,12,"unburned-before",0,0
"2169","unburned-246-after","unburned-246","unburned","246",246,"after","unburned",1451.03588867188,NA,0.173450358458139,-0.262409204231794,0.172238642503253,37.3,216.559997558594,25.9,17.6,15.5,3.2,15.2,"unburned-after",0,1
"2170","unburned-246-before","unburned-246","unburned","246",246,"before","unburned",1451.03588867188,NA,0.167938489645984,4.77081047117782,0.188022941179128,44.6625,237.537503242493,33.25,17.5,9.875,2.875,11.875,"unburned-before",0,0
"2171","unburned-2463-after","unburned-2463","unburned","2463",2463,"after","unburned",1689.98901367188,NA,0.103152378179188,45.9794336689875,0.192750964876468,98.9142857142857,513.171416691371,9.28571428571429,24.4285714285714,13.5714285714286,29.5714285714286,12,"unburned-after",0,1
"2172","unburned-2463-before","unburned-2463","unburned","2463",2463,"before","unburned",1689.98901367188,NA,0.120732055061551,35.7995375514722,0.19367919437877,95.05,490.759992599487,12.1,24.8,12.4,26.9,11.7,"unburned-before",0,0
"2173","unburned-247-after","unburned-247","unburned","247",247,"after","unburned",1706.91796875,NA,-0.0467114315056092,365.293301745837,0.567226890756303,337.5,595,11.8,16.2,9,18,13,"unburned-after",0,1
"2174","unburned-247-before","unburned-247","unburned","247",247,"before","unburned",1706.91796875,NA,0.724400319683471,-109.310801956946,0.489143437394487,227.277777777778,464.6444384257,13.3333333333333,18.4444444444444,7.66666666666667,21,12.7777777777778,"unburned-before",0,0
"2175","unburned-2479-after","unburned-2479","unburned","2479",2479,"after","unburned",1312.07153320312,NA,0.214455587348809,9.68966537111703,0.259521468893609,55.8,215.011113484701,27.4444444444444,23.2222222222222,15,11.3333333333333,15.2222222222222,"unburned-after",0,1
"2176","unburned-2479-before","unburned-2479","unburned","2479",2479,"before","unburned",1312.07153320312,NA,0.30216985285753,-2.00025507789039,0.29311359765056,64.74,220.869998931885,23.1,19.4,14.7,15,15.4,"unburned-before",0,0
"2177","unburned-2486-after","unburned-2486","unburned","2486",2486,"after","unburned",1415.53601074219,NA,0.224216329391035,72.2997539219912,0.542073333756629,123.3,227.459999084473,19.2,5.4,37.2,22.4,20,"unburned-after",0,1
"2178","unburned-2486-before","unburned-2486","unburned","2486",2486,"before","unburned",1415.53601074219,NA,0.817585487634341,-67.2797766324539,0.502899908249215,107.52,213.799999237061,15.6,7.3,39,22.5,16.7,"unburned-before",0,0
"2179","unburned-2489-after","unburned-2489","unburned","2489",2489,"after","unburned",1207.9052734375,NA,0.421754275883023,-30.3387495072278,0.242670688890929,41.1111111111111,169.41111140781,14.7777777777778,9.11111111111111,42.4444444444444,8.66666666666667,17.1111111111111,"unburned-after",0,1
"2180","unburned-2489-before","unburned-2489","unburned","2489",2489,"before","unburned",1207.9052734375,NA,0.350768204693587,-28.677380948802,0.216749227431553,46.38,213.980001449585,20.9,11.7,30.6,8.1,17.6,"unburned-before",0,0
"2181","unburned-2494-after","unburned-2494","unburned","2494",2494,"after","unburned",1367.57348632812,NA,0.176620120036086,16.0239488860476,0.246637860704728,56.4444444444444,228.855554792616,23.5555555555556,23.5555555555556,16.7777777777778,13.2222222222222,17.5555555555556,"unburned-after",0,1
"2182","unburned-2494-before","unburned-2494","unburned","2494",2494,"before","unburned",1367.57348632812,NA,0.184729180066971,18.9926591445731,0.270016616690518,60.13,222.689998626709,24.4,23.5,15.9,12.5,19.5,"unburned-before",0,0
"2183","unburned-2497-after","unburned-2497","unburned","2497",2497,"after","unburned",1998.7705078125,NA,0.0914753427699308,143.64559783427,0.345157303450483,195.442857142857,566.242855616978,8.42857142857143,27.4285714285714,10.8571428571429,33.1428571428571,11.5714285714286,"unburned-after",0,1
"2184","unburned-2497-before","unburned-2497","unburned","2497",2497,"before","unburned",1998.7705078125,NA,0.100640754683688,112.898068581329,0.294098496493002,171.63,583.579998016357,9,25.6,10.9,32,13.8,"unburned-before",0,0
"2185","unburned-2502-after","unburned-2502","unburned","2502",2502,"after","unburned",1702.60302734375,NA,0.148028394242504,49.0016731754565,0.319696382762658,91.2555555555556,285.444441901313,20.1111111111111,11.3333333333333,23.4444444444444,13.4444444444444,17.3333333333333,"unburned-after",0,1
"2186","unburned-2502-before","unburned-2502","unburned","2502",2502,"before","unburned",1702.60302734375,NA,0.217708327230119,39.7175856209634,0.337599614863888,111.84,331.279998779297,25,12.7,18.3,17.4,16.7,"unburned-before",0,0
"2187","unburned-2504-after","unburned-2504","unburned","2504",2504,"after","unburned",1387.54602050781,NA,0.412349784398611,-32.902963709848,0.263242698386611,58.0888888888889,220.666667090522,18.4444444444444,7.33333333333333,39.7777777777778,7.66666666666667,16.4444444444444,"unburned-after",0,1
"2188","unburned-2504-before","unburned-2504","unburned","2504",2504,"before","unburned",1387.54602050781,NA,0.192202098949586,15.886339747696,0.257804757347778,62.43,242.159999847412,28.5,10.3,24.7,8.5,15.9,"unburned-before",0,0
"2189","unburned-2514-after","unburned-2514","unburned","2514",2514,"after","unburned",1780.78662109375,NA,0.212114862301101,57.3286568350423,0.423703098816976,114.8,270.944442749023,18.6666666666667,19.8888888888889,13.6666666666667,18.8888888888889,13.5555555555556,"unburned-after",0,1
"2190","unburned-2514-before","unburned-2514","unburned","2514",2514,"before","unburned",1780.78662109375,NA,0.341232623062153,37.4670358041531,0.464398420926009,141.27,304.20000076294,20.9,20.4,8.8,23.2,13.5,"unburned-before",0,0
"2191","unburned-2515-after","unburned-2515","unburned","2515",2515,"after","unburned",1349.884765625,NA,0.159214566226383,89.3352076382242,0.453639965450085,137.644444444444,303.422217898898,16.3333333333333,5.33333333333333,39.3333333333333,20.6666666666667,17.6666666666667,"unburned-after",0,1
"2192","unburned-2515-before","unburned-2515","unburned","2515",2515,"before","unburned",1349.884765625,NA,0.199382544229952,54.4209251497335,0.393701353142844,110.26,280.059997558594,30.9,10.3,18.7,15.2,16.4,"unburned-before",0,0
"2193","unburned-2517-after","unburned-2517","unburned","2517",2517,"after","unburned",1391.06591796875,NA,0.110811014279547,-1.32340638317383,0.104508412259706,21.9444444444444,209.977780448066,20.4444444444444,16.3333333333333,10.3333333333333,1.66666666666667,10.2222222222222,"unburned-after",0,1
"2194","unburned-2517-before","unburned-2517","unburned","2517",2517,"before","unburned",1391.06591796875,NA,0.126673606865556,-5.78219123619573,0.102462103845604,24.47,238.820003509521,22.3,16.1,7.7,1.6,7.9,"unburned-before",0,0
"2195","unburned-252-after","unburned-252","unburned","252",252,"after","unburned",1424.75109863281,NA,0.728494296658622,-1.10864997299946,0.72316461478343,150.428571428571,208.014286586217,16.5714285714286,5.71428571428571,47.1428571428571,10.7142857142857,14.4285714285714,"unburned-after",0,1
"2196","unburned-252-before","unburned-252","unburned","252",252,"before","unburned",1424.75109863281,NA,0.598761403921128,-22.8250196241959,0.497424965215276,112.04,225.240001678467,27,9.3,34.1,12,16.1,"unburned-before",0,0
"2197","unburned-2528-after","unburned-2528","unburned","2528",2528,"after","unburned",1800.99609375,NA,0.0744037769471579,83.6480664684086,0.25873182361062,117.4125,453.799993991852,10.875,25.5,7.125,26,13,"unburned-after",0,1
"2198","unburned-2528-before","unburned-2528","unburned","2528",2528,"before","unburned",1800.99609375,NA,0.104074859669331,65.1438234827765,0.248800316287993,111.99,450.120006561279,12.6,25.9,7.7,24.4,12.3,"unburned-before",0,0
"2199","unburned-2531-after","unburned-2531","unburned","2531",2531,"after","unburned",1521.41760253906,NA,0.112531920527389,5.51146454360718,0.134201214540551,34.1333333333333,254.344444274902,24.3333333333333,15.4444444444444,16.6666666666667,5.33333333333333,15.8888888888889,"unburned-after",0,1
"2200","unburned-2531-before","unburned-2531","unburned","2531",2531,"before","unburned",1521.41760253906,NA,0.193616254226617,-7.984897751077,0.164238411057042,44.64,271.79999923706,26.5,13.3,15.6,7.4,15.4,"unburned-before",0,0
"2201","unburned-2554-after","unburned-2554","unburned","2554",2554,"after","unburned",1256.07299804688,NA,0.130257026128442,0.751193993675469,0.134157103941513,25.84,192.610001564026,38.2,19.1,11.4,6.9,13.2,"unburned-after",0,1
"2202","unburned-2554-before","unburned-2554","unburned","2554",2554,"before","unburned",1256.07299804688,NA,0.145065777359555,-2.9604294910953,0.128995046581816,23.7625,184.212499856949,45.625,17.625,9,4.125,12.75,"unburned-before",0,0
"2203","unburned-256-after","unburned-256","unburned","256",256,"after","unburned",1429.38171386719,NA,0.134392973426668,6.63342204054801,0.158669485347168,43.3555555555556,273.244445588854,21.5555555555556,17.3333333333333,18.3333333333333,10.1111111111111,19.5555555555556,"unburned-after",0,1
"2204","unburned-256-before","unburned-256","unburned","256",256,"before","unburned",1429.38171386719,NA,0.214803593787096,-8.44629869426267,0.184309338622584,51.05,276.979996681214,17.8,18.6,16.4,12.1,19.1,"unburned-before",0,0
"2205","unburned-2568-after","unburned-2568","unburned","2568",2568,"after","unburned",1674.70629882812,NA,0.0699812096794138,60.3286963308685,0.219209933706814,88.62,404.270000457764,12.6,23.5,7.7,21,15.8,"unburned-after",0,1
"2206","unburned-2568-before","unburned-2568","unburned","2568",2568,"before","unburned",1674.70629882812,NA,0.165908277160811,24.1517660457591,0.227889520111377,88.8,389.662499427795,17,23.125,7,18.75,17,"unburned-before",0,0
"2207","unburned-2571-after","unburned-2571","unburned","2571",2571,"after","unburned",1970.69262695312,NA,0.134938988387904,90.9022131533586,0.31357949388262,159.566666666667,508.85555267334,11.1111111111111,29.7777777777778,9.55555555555556,31.4444444444444,13.8888888888889,"unburned-after",0,1
"2208","unburned-2571-before","unburned-2571","unburned","2571",2571,"before","unburned",1970.69262695312,NA,0.130551703767243,72.3025219375332,0.270231634067217,139.88,517.629997253418,14.2,25.4,9.6,31,13.6,"unburned-before",0,0
"2209","unburned-258-after","unburned-258","unburned","258",258,"after","unburned",1855.95458984375,NA,0.147244331075441,76.5469359100479,0.317394845471504,142.788888888889,449.877781338162,7.88888888888889,32.2222222222222,6.66666666666667,32.7777777777778,11.1111111111111,"unburned-after",0,1
"2210","unburned-258-before","unburned-258","unburned","258",258,"before","unburned",1855.95458984375,NA,0.16769933193131,70.9745307959694,0.320244155051802,149,465.27000617981,9.3,29.8,7.1,31.7,13,"unburned-before",0,0
"2211","unburned-2582-after","unburned-2582","unburned","2582",2582,"after","unburned",1907.3974609375,NA,0.113625635601525,100.196436871717,0.346380787678634,149.11,430.479995727539,7.2,22.9,11.5,30.7,13.4,"unburned-after",0,1
"2212","unburned-2582-before","unburned-2582","unburned","2582",2582,"before","unburned",1907.3974609375,NA,0.178654750725874,56.1333944353024,0.314373788275484,130.025,413.60000371933,9.125,23.25,8.5,28.75,13.875,"unburned-before",0,0
"2213","unburned-2593-after","unburned-2593","unburned","2593",2593,"after","unburned",1448.75134277344,NA,0.166934792400704,5.69500642829161,0.19186778154584,43.825,228.412501811981,27.25,14.375,19.25,4.5,16.75,"unburned-after",0,1
"2214","unburned-2593-before","unburned-2593","unburned","2593",2593,"before","unburned",1448.75134277344,NA,0.262036973762533,-10.0862332848323,0.22292030382063,57.48,257.849998474121,35.3,13.7,15.2,5.3,17.2,"unburned-before",0,0
"2215","unburned-2599-after","unburned-2599","unburned","2599",2599,"after","unburned",1386.08410644531,NA,0.248141913042603,-23.3067999324119,0.137299662662712,28.87,210.269999504089,27.5,13.6,20.8,6.9,17.9,"unburned-after",0,1
"2216","unburned-2599-before","unburned-2599","unburned","2599",2599,"before","unburned",1386.08410644531,NA,0.348842028599238,-40.3725911944812,0.168536815831984,37.7375,223.912501335144,26.375,17.5,16.625,8.625,16.75,"unburned-before",0,0
"2217","unburned-26-after","unburned-26","unburned","26",26,"after","unburned",1435.21704101562,NA,0.183276046066598,-9.06434975648298,0.139331944548279,28.74,206.269998550415,33.2,13.6,19.2,4.2,17.7,"unburned-after",0,1
"2218","unburned-26-before","unburned-26","unburned","26",26,"before","unburned",1435.21704101562,NA,0.338609140387949,-34.2088060812632,0.183975592920799,40.7,221.22499704361,34.375,16.75,13.25,5.5,16.125,"unburned-before",0,0
"2219","unburned-2603-after","unburned-2603","unburned","2603",2603,"after","unburned",1484.7470703125,NA,0.101674806066913,36.0817529527082,0.220281874574237,67.0125,304.212501049042,24.75,12.5,15.875,17.125,19.125,"unburned-after",0,1
"2220","unburned-2603-before","unburned-2603","unburned","2603",2603,"before","unburned",1484.7470703125,NA,0.267185911371139,2.91138984891115,0.277091630428708,81.44,293.909996032715,19.1,12,19.9,17.2,18.3,"unburned-before",0,0
"2221","unburned-261-after","unburned-261","unburned","261",261,"after","unburned",1463.22717285156,NA,0.171087477796303,11.0378108847856,0.217758981883571,51.5,236.50000360277,20.2222222222222,16.4444444444444,25.2222222222222,11.7777777777778,18.6666666666667,"unburned-after",0,1
"2222","unburned-261-before","unburned-261","unburned","261",261,"before","unburned",1463.22717285156,NA,0.33429165840731,-26.3161249123101,0.221094287209037,51.4,232.480000495911,25.6,18.8,19.3,10,16,"unburned-before",0,0
"2223","unburned-2616-after","unburned-2616","unburned","2616",2616,"after","unburned",1469.66467285156,NA,0.21498502417129,-6.02563947194447,0.188997505278878,43.8222222222222,231.866670184665,25,14.6666666666667,20.3333333333333,5.22222222222222,15,"unburned-after",0,1
"2224","unburned-2616-before","unburned-2616","unburned","2616",2616,"before","unburned",1469.66467285156,NA,0.195518924447089,0.622879260578243,0.197931595401863,51.1,258.170000076294,38.7,14.7,10.2,6.6,13.8,"unburned-before",0,0
"2225","unburned-2631-after","unburned-2631","unburned","2631",2631,"after","unburned",1610.47106933594,NA,0.12054004542138,36.6434142649996,0.243333812765183,72.6142857142857,298.414284842355,24.7142857142857,16.1428571428571,10.5714285714286,13.8571428571429,18.2857142857143,"unburned-after",0,1
"2226","unburned-2631-before","unburned-2631","unburned","2631",2631,"before","unburned",1610.47106933594,NA,0.00216901982740808,94.4561297324936,0.301753938114707,95.14,315.290002822876,25,18.1,12.2,15.4,17,"unburned-before",0,0
"2227","unburned-2633-after","unburned-2633","unburned","2633",2633,"after","unburned",1861.91284179688,NA,0.129894096798217,83.0066199061687,0.303901226568371,144.97,477.029993057251,11,30.4,5.5,28.9,13.3,"unburned-after",0,1
"2228","unburned-2633-before","unburned-2633","unburned","2633",2633,"before","unburned",1861.91284179688,NA,0.220627965329981,38.8553402989682,0.304646324810798,140.8875,462.462496757507,11.875,27.125,7.125,31,14.5,"unburned-before",0,0
"2229","unburned-2654-after","unburned-2654","unburned","2654",2654,"after","unburned",1342.50146484375,NA,0.121184124350307,18.0353006501844,0.180864140017892,54.6571428571429,302.199998583112,13.7142857142857,20.2857142857143,24.5714285714286,10.1428571428571,15.7142857142857,"unburned-after",0,1
"2230","unburned-2654-before","unburned-2654","unburned","2654",2654,"before","unburned",1342.50146484375,NA,0.166612797171793,6.45028525292272,0.187110716600304,58.88,314.679998397827,14.6,20.6,18.5,12.1,14.1,"unburned-before",0,0
"2231","unburned-2655-after","unburned-2655","unburned","2655",2655,"after","unburned",1885.63317871094,NA,0.0887208670251338,57.3552480417254,0.230386860170481,93.275,404.86249923706,10.75,25.375,6.5,26.75,14.75,"unburned-after",0,1
"2232","unburned-2655-before","unburned-2655","unburned","2655",2655,"before","unburned",1885.63317871094,NA,0.189214509344136,18.672002282258,0.235745615872768,94.6,401.279996871948,11.3,25.6,8.2,25.1,14,"unburned-before",0,0
"2233","unburned-2659-after","unburned-2659","unburned","2659",2659,"after","unburned",1579.787109375,NA,0.146692551066513,37.1289894641968,0.240268834569862,95.3333333333333,396.77777396308,14,10.4444444444444,30.2222222222222,17,13.4444444444444,"unburned-after",0,1
"2234","unburned-2659-before","unburned-2659","unburned","2659",2659,"before","unburned",1579.787109375,NA,0.206209836573299,4.71583164596979,0.218220716111645,85.68,392.630001068115,17,17.1,18.3,17.6,12.2,"unburned-before",0,0
"2235","unburned-2662-after","unburned-2662","unburned","2662",2662,"after","unburned",1538.45349121094,NA,0.127037167529284,16.5385307509363,0.192027246362521,48.8666666666667,254.477776421441,22.5555555555556,13.5555555555556,22.3333333333333,7.88888888888889,17.4444444444444,"unburned-after",0,1
"2236","unburned-2662-before","unburned-2662","unburned","2662",2662,"before","unburned",1538.45349121094,NA,0.28931277844297,-16.7569625351905,0.227044700785439,61.1,269.1100025177,19.7,13,20,10.3,15.8,"unburned-before",0,0
"2237","unburned-2663-after","unburned-2663","unburned","2663",2663,"after","unburned",1242.23876953125,NA,0.076940099009143,7.98127779538655,0.117647057844365,23.0666666666667,196.066668298509,29.6666666666667,18.3333333333333,11,1.77777777777778,11.5555555555556,"unburned-after",0,1
"2238","unburned-2663-before","unburned-2663","unburned","2663",2663,"before","unburned",1242.23876953125,NA,-0.0190133545585716,40.9765660620984,0.177403890719639,37.01,208.620001792908,29.9,16.7,9.6,3,11.9,"unburned-before",0,0
"2239","unburned-2676-after","unburned-2676","unburned","2676",2676,"after","unburned",1469.44860839844,NA,0.42027193643679,21.2987486092267,0.500994879110531,132.1875,263.850002288818,14,4.75,52.125,13.625,15.125,"unburned-after",0,1
"2240","unburned-2676-before","unburned-2676","unburned","2676",2676,"before","unburned",1469.44860839844,NA,0.354971483376924,44.2827375262305,0.521404142365242,138.73,266.069999694824,17.7,5.8,41.7,16.4,17.6,"unburned-before",0,0
"2241","unburned-2679-after","unburned-2679","unburned","2679",2679,"after","unburned",1427.07507324219,NA,0.186436143345021,-11.4013061623783,0.132213063603622,27.8,210.266665352715,16,13.1111111111111,21.4444444444444,6.55555555555556,16.1111111111111,"unburned-after",0,1
"2242","unburned-2679-before","unburned-2679","unburned","2679",2679,"before","unburned",1427.07507324219,NA,0.242998184454959,-21.6457846057829,0.150680256817777,35.33,234.470001220703,16.9,15.1,16.3,6.9,15,"unburned-before",0,0
"2243","unburned-2688-after","unburned-2688","unburned","2688",2688,"after","unburned",1415.21862792969,NA,0.214783387823843,85.5420875254913,0.516188383736916,146.5,283.811113569472,17.1111111111111,11.1111111111111,25,21.7777777777778,16.8888888888889,"unburned-after",0,1
"2244","unburned-2688-before","unburned-2688","unburned","2688",2688,"before","unburned",1415.21862792969,NA,0.464311326079339,-8.17033253895324,0.433356061764044,114.38,263.940002441406,16.2,10.7,25.2,19.8,17,"unburned-before",0,0
"2245","unburned-2691-after","unburned-2691","unburned","2691",2691,"after","unburned",1501.27380371094,NA,0.16568622093931,7.11730127451303,0.194159222645167,48.5333333333333,249.966664844089,25.6666666666667,14.3333333333333,20.7777777777778,5.66666666666667,17.4444444444444,"unburned-after",0,1
"2246","unburned-2691-before","unburned-2691","unburned","2691",2691,"before","unburned",1501.27380371094,NA,0.273399988021861,-16.192814708149,0.216636869985738,61.8,285.270000457764,30.2,13.5,15,6.3,16.2,"unburned-before",0,0
"2247","unburned-2706-after","unburned-2706","unburned","2706",2706,"after","unburned",1533.04431152344,NA,0.189223561362341,1.12856002434538,0.193854290008298,47.2444444444444,243.711111280653,18.1111111111111,14.3333333333333,21.2222222222222,7.44444444444444,14.3333333333333,"unburned-after",0,1
"2248","unburned-2706-before","unburned-2706","unburned","2706",2706,"before","unburned",1533.04431152344,NA,0.262998910830061,-14.9687322214619,0.208130202368426,56.78,272.809997558594,18.7,14.4,16.7,8.1,15.1,"unburned-before",0,0
"2249","unburned-271-after","unburned-271","unburned","271",271,"after","unburned",1545.29052734375,NA,0.107303934336502,20.3763387563612,0.191809227010087,46.25,241.125000715256,24.875,21.5,16.75,7.25,14.25,"unburned-after",0,1
"2250","unburned-271-before","unburned-271","unburned","271",271,"before","unburned",1545.29052734375,NA,0.162048856296157,9.82631688486903,0.201518316936438,50.17,248.959999084473,24.4,21.1,12.3,8.2,15.3,"unburned-before",0,0
"2251","unburned-2715-after","unburned-2715","unburned","2715",2715,"after","unburned",1347.18408203125,NA,0.123603801458851,4.60824921187692,0.146936708860759,29.02,197.5,30.8,12.3,17.6,6.5,19.8,"unburned-after",0,1
"2252","unburned-2715-before","unburned-2715","unburned","2715",2715,"before","unburned",1347.18408203125,NA,0.341219169181429,-30.2898418127487,0.183971448933927,35.4375,192.624998092651,34.75,12.125,15,7,18.375,"unburned-before",0,0
"2253","unburned-2716-after","unburned-2716","unburned","2716",2716,"after","unburned",1485.28295898438,NA,0.0944967837422351,42.2812436701075,0.226860061868314,72.4666666666667,319.433337317573,22.1111111111111,21.1111111111111,15.5555555555556,12.8888888888889,16,"unburned-after",0,1
"2254","unburned-2716-before","unburned-2716","unburned","2716",2716,"before","unburned",1485.28295898438,NA,0.173504893725453,19.4747973064499,0.235680991513407,73.82,313.219999313355,25.7,19.6,13.8,12.4,15.7,"unburned-before",0,0
"2255","unburned-2731-after","unburned-2731","unburned","2731",2731,"after","unburned",1408.96081542969,NA,0.0515610508565949,20.4361335370445,0.140046187733642,32.3444444444444,230.955550935533,21.4444444444444,11.1111111111111,25,5.11111111111111,13,"unburned-after",0,1
"2256","unburned-2731-before","unburned-2731","unburned","2731",2731,"before","unburned",1408.96081542969,NA,0.174357914822545,-6.27143570213144,0.148514441685276,36.04,242.670002937317,23,11.4,19,4.5,12.5,"unburned-before",0,0
"2257","unburned-2740-after","unburned-2740","unburned","2740",2740,"after","unburned",1356.20202636719,NA,0.278245600632215,-2.8613688163538,0.264469886677074,54.9333333333333,207.711108525594,21.5555555555556,8.66666666666667,31.8888888888889,5.44444444444444,14.5555555555556,"unburned-after",0,1
"2258","unburned-2740-before","unburned-2740","unburned","2740",2740,"before","unburned",1356.20202636719,NA,0.0984426688127354,49.5885978342056,0.315005679293436,72.13,228.979998588562,28.4,13.7,17.2,5.5,14.6,"unburned-before",0,0
"2259","unburned-2746-after","unburned-2746","unburned","2746",2746,"after","unburned",1754.55212402344,NA,0.167496466570636,23.6390754800561,0.245154401641661,74.625,304.400000572205,11.25,17.125,17.375,13.625,12.75,"unburned-after",0,1
"2260","unburned-2746-before","unburned-2746","unburned","2746",2746,"before","unburned",1754.55212402344,NA,0.164406506076054,37.2158639023503,0.286158278763945,87.47,305.669996261597,12.3,18.4,14,14,12.6,"unburned-before",0,0
"2261","unburned-2748-after","unburned-2748","unburned","2748",2748,"after","unburned",1512.61669921875,NA,0.232655099356646,10.2551578532714,0.279848646615118,60.8111111111111,217.300000720554,16.1111111111111,14.7777777777778,24.5555555555556,9.55555555555556,13,"unburned-after",0,1
"2262","unburned-2748-before","unburned-2748","unburned","2748",2748,"before","unburned",1512.61669921875,NA,0.291351249547248,27.0539009207001,0.39893426457637,100.32,251.470001220703,17.1,16.1,24.3,12.2,12.6,"unburned-before",0,0
"2263","unburned-2753-after","unburned-2753","unburned","2753",2753,"after","unburned",1632.86413574219,NA,0.0716024900658565,28.5689404333498,0.174008280299476,48.5444444444444,278.977784050835,21.3333333333333,16.2222222222222,16.8888888888889,5.44444444444444,16,"unburned-after",0,1
"2264","unburned-2753-before","unburned-2753","unburned","2753",2753,"before","unburned",1632.86413574219,NA,0.181237977119145,4.58128568178142,0.19709291952857,56.95,288.950004577637,19.9,18.6,13.8,8.1,15.9,"unburned-before",0,0
"2265","unburned-276-after","unburned-276","unburned","276",276,"after","unburned",1601.76489257812,NA,0.340836289753135,-1.54068275891569,0.333884795855319,74,221.633332570394,19.3333333333333,10.8888888888889,34.8888888888889,8.33333333333333,12.5555555555556,"unburned-after",0,1
"2266","unburned-276-before","unburned-276","unburned","276",276,"before","unburned",1601.76489257812,NA,0.343272523630882,-4.95740399136645,0.323303121852971,80.26,248.25,20.7,14.4,24,11.7,11.5,"unburned-before",0,0
"2267","unburned-2760-after","unburned-2760","unburned","2760",2760,"after","unburned",1345.09240722656,NA,0.030206985738105,3.61844436732383,0.048449710015215,9.61,198.35000038147,66.2,9.4,3.1,2.4,10.2,"unburned-after",0,1
"2268","unburned-2760-before","unburned-2760","unburned","2760",2760,"before","unburned",1345.09240722656,NA,0.100844817658195,-5.74005639422953,0.0714651306347707,13.9625,195.375001430511,60.5,11.625,4.75,3.375,10.5,"unburned-before",0,0
"2269","unburned-2762-after","unburned-2762","unburned","2762",2762,"after","unburned",1451.1533203125,NA,0.166352223409367,47.8860010876096,0.383522294490503,84.5666666666667,220.500001907349,20.8888888888889,13.1111111111111,16.8888888888889,17.7777777777778,19.5555555555556,"unburned-after",0,1
"2270","unburned-2762-before","unburned-2762","unburned","2762",2762,"before","unburned",1451.1533203125,NA,0.0276431765250726,102.797333546496,0.434600154415199,109.78,252.600002288818,25.5,14.8,14.6,16,18.8,"unburned-before",0,0
"2271","unburned-2767-after","unburned-2767","unburned","2767",2767,"after","unburned",1481.64733886719,NA,0.168872485545029,33.3803336552795,0.274726051480631,86.6333333333333,315.344441731771,18.3333333333333,9.66666666666667,32.7777777777778,12.1111111111111,14.8888888888889,"unburned-after",0,1
"2272","unburned-2767-before","unburned-2767","unburned","2767",2767,"before","unburned",1481.64733886719,NA,0.239237450778698,11.6045013507192,0.275788212344007,87.56,317.490001678467,20.4,13.5,24.9,13.5,14.4,"unburned-before",0,0
"2273","unburned-2768-after","unburned-2768","unburned","2768",2768,"after","unburned",1269.27941894531,NA,0.150869762193465,-2.65466513785357,0.138478295762764,29.6666666666667,214.233331680298,39.2222222222222,12.8888888888889,15.4444444444444,4.55555555555556,14.7777777777778,"unburned-after",0,1
"2274","unburned-2768-before","unburned-2768","unburned","2768",2768,"before","unburned",1269.27941894531,NA,0.193850630824193,-1.39515713472066,0.187214609528276,39.36,210.240002632141,37.8,18.5,15.7,5.6,14.7,"unburned-before",0,0
"2275","unburned-277-after","unburned-277","unburned","277",277,"after","unburned",1205.8720703125,NA,0.202891644043228,-12.3406706956383,0.110604247460855,14.79,133.720000267029,55,9.9,12.9,1.8,10,"unburned-after",0,1
"2276","unburned-277-before","unburned-277","unburned","277",277,"before","unburned",1205.8720703125,NA,0.244821827661885,-16.1288979859465,0.134726961580303,19.7375,146.500000953674,52.875,10.875,13.25,3.125,9.625,"unburned-before",0,0
"2277","unburned-2776-after","unburned-2776","unburned","2776",2776,"after","unburned",1309.01599121094,NA,0.319514693160283,-26.7034588670621,0.175015458613724,32.3428571428571,184.800002234323,19.2857142857143,10,40.7142857142857,8.28571428571429,19.1428571428571,"unburned-after",0,1
"2278","unburned-2776-before","unburned-2776","unburned","2776",2776,"before","unburned",1309.01599121094,NA,0.237695345631185,-2.87320426082624,0.22474189772488,49.85,221.809998512268,23.2,8.3,35.1,12.9,17.5,"unburned-before",0,0
"2279","unburned-2791-after","unburned-2791","unburned","2791",2791,"after","unburned",1560.43859863281,NA,0.114735871922992,49.8570775664017,0.278308960583679,84.8285714285714,304.800000871931,25,14.7142857142857,13.1428571428571,17.8571428571429,20.2857142857143,"unburned-after",0,1
"2280","unburned-2791-before","unburned-2791","unburned","2791",2791,"before","unburned",1560.43859863281,NA,0.0602275907308628,91.9516336961711,0.339384920345163,111.79,329.390003204346,23.6,16.5,14,19.9,19.1,"unburned-before",0,0
"2281","unburned-2793-after","unburned-2793","unburned","2793",2793,"after","unburned",1677.34985351562,NA,0.160173788443978,48.0986831933541,0.318138526955947,96.87,304.489999771118,22.5,21.9,12.3,21.3,16.4,"unburned-after",0,1
"2282","unburned-2793-before","unburned-2793","unburned","2793",2793,"before","unburned",1677.34985351562,NA,0.310092515374807,6.28303221183454,0.331646656859089,96.675,291.499998569489,22.375,23.875,10.875,22.125,16.75,"unburned-before",0,0
"2283","unburned-2822-after","unburned-2822","unburned","2822",2822,"after","unburned",1566.60205078125,NA,0.0907499882637498,41.5326637815759,0.265960437357167,63.0444444444444,237.044445673625,20.8888888888889,12.4444444444444,20.1111111111111,7.44444444444444,10.6666666666667,"unburned-after",0,1
"2284","unburned-2822-before","unburned-2822","unburned","2822",2822,"before","unburned",1566.60205078125,NA,0.189003042483363,4.08061910705988,0.204505736438687,53.83,263.220000267029,24.8,13.6,14.2,7.6,9.8,"unburned-before",0,0
"2285","unburned-2824-after","unburned-2824","unburned","2824",2824,"after","unburned",1481.06298828125,NA,0.139241897004787,7.35900338315395,0.168484261379846,42.4,251.655553181966,14.2222222222222,17.7777777777778,18,5.66666666666667,13.3333333333333,"unburned-after",0,1
"2286","unburned-2824-before","unburned-2824","unburned","2824",2824,"before","unburned",1481.06298828125,NA,0.0618120004548675,40.7488458842362,0.221925343811395,56.48,254.5,15.1,18.3,13.4,6.1,12.8,"unburned-before",0,0
"2287","unburned-2828-after","unburned-2828","unburned","2828",2828,"after","unburned",1275.76977539062,NA,0.212813041663193,-6.13977199274688,0.1830678857812,37.7875,206.412500143051,25,12.125,28.625,7.25,15.25,"unburned-after",0,1
"2288","unburned-2828-before","unburned-2828","unburned","2828",2828,"before","unburned",1275.76977539062,NA,0.23880670060836,-9.42016091237441,0.19620081631158,43.38,221.099997520447,29.3,14.9,22.1,7.6,15.1,"unburned-before",0,0
"2289","unburned-2836-after","unburned-2836","unburned","2836",2836,"after","unburned",1524.94274902344,NA,0.0604979233254123,31.803306912974,0.19905027780304,45.69,229.539996147156,13.7,18.8,19,8,17,"unburned-after",0,1
"2290","unburned-2836-before","unburned-2836","unburned","2836",2836,"before","unburned",1524.94274902344,NA,0.280518090716545,-9.2980606577207,0.239714753138006,54.625,227.875002622604,14.5,19,15,9,16.5,"unburned-before",0,0
"2291","unburned-2855-after","unburned-2855","unburned","2855",2855,"after","unburned",1417.77270507812,NA,0.162991657725942,6.81547448713905,0.191625431560221,45.6111111111111,238.022222518921,15.1111111111111,20.4444444444444,16.5555555555556,10.3333333333333,16,"unburned-after",0,1
"2292","unburned-2855-before","unburned-2855","unburned","2855",2855,"before","unburned",1417.77270507812,NA,0.320022612257,-23.9074064075303,0.220033459330423,52.61,239.099999427795,14.2,20,16,9.6,15.9,"unburned-before",0,0
"2293","unburned-2858-after","unburned-2858","unburned","2858",2858,"after","unburned",1565.95275878906,NA,0.306478741951504,-12.1669615743168,0.252853806489179,57.37,226.889999389648,18.8,19,21,11.9,19.3,"unburned-after",0,1
"2294","unburned-2858-before","unburned-2858","unburned","2858",2858,"before","unburned",1565.95275878906,NA,0.242210936725733,7.20653755837923,0.270538521404075,68.825,254.400000572205,19.25,22.875,17.25,10.875,17.25,"unburned-before",0,0
"2295","unburned-2860-after","unburned-2860","unburned","2860",2860,"after","unburned",1656.10485839844,NA,0.15919407151294,65.61200217513,0.407281369596448,107.714285714286,264.471428734915,19.4285714285714,14.7142857142857,18.1428571428571,13.2857142857143,15.7142857142857,"unburned-after",0,1
"2296","unburned-2860-before","unburned-2860","unburned","2860",2860,"before","unburned",1656.10485839844,NA,0.189075411562505,58.907451610473,0.417487400377688,107.67,257.899998664856,19.8,15.2,13.4,11.9,17.5,"unburned-before",0,0
"2297","unburned-2865-after","unburned-2865","unburned","2865",2865,"after","unburned",1392.41345214844,NA,0.132254485590302,-0.201275688529302,0.13131574838024,28.1555555555556,214.41111140781,19.5555555555556,16.6666666666667,12.6666666666667,3.11111111111111,9.22222222222222,"unburned-after",0,1
"2298","unburned-2865-before","unburned-2865","unburned","2865",2865,"before","unburned",1392.41345214844,NA,0.135367916657424,-6.47545734293994,0.10694060454822,24.36,227.78999710083,19.2,16.8,11.5,2.9,7.9,"unburned-before",0,0
"2299","unburned-2870-after","unburned-2870","unburned","2870",2870,"after","unburned",1419.78759765625,NA,0.128095593048465,-6.23444691311195,0.0987183106186705,20.95,212.220001220703,35.4,15.9,5.7,5.2,18.4,"unburned-after",0,1
"2300","unburned-2870-before","unburned-2870","unburned","2870",2870,"before","unburned",1419.78759765625,NA,0.247659070318267,-22.0350593490076,0.146875537719709,32.1125,218.637497425079,31.875,18.125,9,7.5,18.5,"unburned-before",0,0
"2301","unburned-2877-after","unburned-2877","unburned","2877",2877,"after","unburned",1322.53796386719,NA,0.259521336359016,51.9262393860012,0.453772980183466,121.3,267.314285550799,13.5714285714286,13,31.1428571428571,11,15.8571428571429,"unburned-after",0,1
"2302","unburned-2877-before","unburned-2877","unburned","2877",2877,"before","unburned",1322.53796386719,NA,0.432731122100482,-31.9592853520011,0.321082965153417,91.91,286.250003814697,16.6,17.7,22.4,11.4,14,"unburned-before",0,0
"2303","unburned-2888-after","unburned-2888","unburned","2888",2888,"after","unburned",1596.55517578125,NA,0.131062521101507,23.9393735624737,0.21211402921265,62.65,295.360001564026,13.1,15.6,20.6,12.7,14.3,"unburned-after",0,1
"2304","unburned-2888-before","unburned-2888","unburned","2888",2888,"before","unburned",1596.55517578125,NA,0.166154473186765,13.5957324410088,0.210750750463763,64.25,304.862496852875,14.125,17.125,12.125,12.625,14.375,"unburned-before",0,0
"2305","unburned-289-after","unburned-289","unburned","289",289,"after","unburned",1368.50463867188,NA,0.195082330833957,20.6933306249632,0.294633312072262,61.2444444444444,207.866666581896,19.3333333333333,10,21.3333333333333,11.2222222222222,19.6666666666667,"unburned-after",0,1
"2306","unburned-289-before","unburned-289","unburned","289",289,"before","unburned",1368.50463867188,NA,0.183378177033544,19.6458456694728,0.27013778534426,61.17,226.439999580383,22,15.3,20.9,10,19.2,"unburned-before",0,0
"2307","unburned-290-after","unburned-290","unburned","290",290,"after","unburned",1421.57824707031,NA,0.431377541378649,-13.4777107760784,0.377097594932992,93.6333333333333,248.300001356337,31.5555555555556,10.1111111111111,25.3333333333333,7,19.4444444444444,"unburned-after",0,1
"2308","unburned-290-before","unburned-290","unburned","290",290,"before","unburned",1421.57824707031,NA,0.591281544868964,-74.6792127244846,0.32321056796848,90.04,278.579999923706,24.9,8,34.9,11.7,16.7,"unburned-before",0,0
"2309","unburned-2907-after","unburned-2907","unburned","2907",2907,"after","unburned",1386.36413574219,NA,0.226245459044928,-13.2797143070634,0.161028047381554,32.7888888888889,203.622222476535,19.8888888888889,15.6666666666667,22.5555555555556,8.66666666666667,16,"unburned-after",0,1
"2310","unburned-2907-before","unburned-2907","unburned","2907",2907,"before","unburned",1386.36413574219,NA,0.2886422061599,-22.6639155076986,0.181301505814886,38.28,211.140000343323,20.9,20,16.5,9.4,15.3,"unburned-before",0,0
"2311","unburned-2921-after","unburned-2921","unburned","2921",2921,"after","unburned",1338.42309570312,NA,0.21650184518598,-3.48153385824841,0.198456576433226,38.2888888888889,192.933333714803,16.1111111111111,18.5555555555556,22.3333333333333,6.33333333333333,13.2222222222222,"unburned-after",0,1
"2312","unburned-2921-before","unburned-2921","unburned","2921",2921,"before","unburned",1338.42309570312,NA,0.210348563965132,-3.11135522364733,0.194529186046723,38.26,196.679998397827,18.7,19.1,15.7,4.9,12.6,"unburned-before",0,0
"2313","unburned-2927-after","unburned-2927","unburned","2927",2927,"after","unburned",1418.330078125,NA,0.213981021350023,0.420420235131094,0.215671492749564,53.6375,248.699998855591,16.625,12,32.75,7.25,15.625,"unburned-after",0,1
"2314","unburned-2927-before","unburned-2927","unburned","2927",2927,"before","unburned",1418.330078125,NA,0.145824214038857,16.2871934553772,0.207670401810822,54.69,263.349998474121,25.8,15.5,24.1,8.3,19.3,"unburned-before",0,0
"2315","unburned-2931-after","unburned-2931","unburned","2931",2931,"after","unburned",2398.05639648438,NA,0.0701335452398915,178.716029424585,0.407849735138623,215.83,529.18999671936,11.7,35.4,8.7,33.7,12.5,"unburned-after",0,1
"2316","unburned-2931-before","unburned-2931","unburned","2931",2931,"before","unburned",2398.05639648438,NA,0.0724343636230557,168.996675402097,0.412553457139916,204.9875,496.875002384186,11.125,31.25,8.75,35.625,11.25,"unburned-before",0,0
"2317","unburned-2934-after","unburned-2934","unburned","2934",2934,"after","unburned",1318.6845703125,NA,0.229369389652803,-5.24191391028987,0.201217327983386,37.4666666666667,186.200000974867,14.5555555555556,12.5555555555556,28.4444444444444,6.88888888888889,15.7777777777778,"unburned-after",0,1
"2318","unburned-2934-before","unburned-2934","unburned","2934",2934,"before","unburned",1318.6845703125,NA,0.17688406303996,8.51624463795218,0.218343800366665,44.85,205.409999847412,16.5,12.7,23.9,9,12.4,"unburned-before",0,0
"2319","unburned-2937-after","unburned-2937","unburned","2937",2937,"after","unburned",1306.63684082031,NA,0.190585131110483,-4.51357187127874,0.167147474096548,32.1888888888889,192.577776379055,23.7777777777778,15.1111111111111,21.2222222222222,2.88888888888889,14.6666666666667,"unburned-after",0,1
"2320","unburned-2937-before","unburned-2937","unburned","2937",2937,"before","unburned",1306.63684082031,NA,0.0395300903035173,44.8347297192185,0.26287735533958,52.77,200.739998817444,26.1,18.3,13.7,3.5,15.1,"unburned-before",0,0
"2321","unburned-2959-after","unburned-2959","unburned","2959",2959,"after","unburned",1281.01635742188,NA,0.191629802364097,3.88197196914313,0.209334143954891,45.9,219.266666836209,24.3333333333333,17,16.4444444444444,20.2222222222222,14.4444444444444,"unburned-after",0,1
"2322","unburned-2959-before","unburned-2959","unburned","2959",2959,"before","unburned",1281.01635742188,NA,0.075211308344118,60.9953941897226,0.360957557999,77.05,213.459999084473,23.5,18.7,14.9,14.7,15,"unburned-before",0,0
"2323","unburned-2960-after","unburned-2960","unburned","2960",2960,"after","unburned",1754.95373535156,NA,0.119253724903898,24.4896717912026,0.212761444973862,55.7222222222222,261.899998982747,12.1111111111111,19.3333333333333,12.5555555555556,14.6666666666667,13.6666666666667,"unburned-after",0,1
"2324","unburned-2960-before","unburned-2960","unburned","2960",2960,"before","unburned",1754.95373535156,NA,0.192999525098746,8.75868978971017,0.222928415976234,65.24,292.649995803833,12.3,18.7,12.1,18.3,13.9,"unburned-before",0,0
"2325","unburned-2964-after","unburned-2964","unburned","2964",2964,"after","unburned",1735.00244140625,NA,0.098327217492479,29.1832478691306,0.177075525075441,65.6222222222222,370.588889651828,17.6666666666667,18.6666666666667,13.7777777777778,13.6666666666667,15.8888888888889,"unburned-after",0,1
"2326","unburned-2964-before","unburned-2964","unburned","2964",2964,"before","unburned",1735.00244140625,NA,0.186475475218755,1.80720813707877,0.190974039319765,76.72,401.729995727539,19.9,20.2,15,15.6,14.1,"unburned-before",0,0
"2327","unburned-2973-after","unburned-2973","unburned","2973",2973,"after","unburned",1515.61987304688,NA,0.106551826656219,20.518079067407,0.17067750492697,54.6111111111111,319.966659545898,19.2222222222222,14.6666666666667,18.8888888888889,12.4444444444444,14.7777777777778,"unburned-after",0,1
"2328","unburned-2973-before","unburned-2973","unburned","2973",2973,"before","unburned",1515.61987304688,NA,0.116524159036157,16.64524565858,0.169934220249321,52.96,311.650001525879,22.7,16.7,16.4,10.9,15.4,"unburned-before",0,0
"2329","unburned-2974-after","unburned-2974","unburned","2974",2974,"after","unburned",1351.08410644531,NA,0.105452091797824,8.15523976546237,0.149704567846912,27.5888888888889,184.288891686334,17.3333333333333,16.5555555555556,12.3333333333333,1.22222222222222,11.4444444444444,"unburned-after",0,1
"2330","unburned-2974-before","unburned-2974","unburned","2974",2974,"before","unburned",1351.08410644531,NA,0.144135754515154,-0.0720459393534155,0.14378800889017,29.79,207.180002212524,16.5,16.9,7.9,1.5,10,"unburned-before",0,0
"2331","unburned-2979-after","unburned-2979","unburned","2979",2979,"after","unburned",2207.70434570312,NA,0.0619757621681683,111.38696057117,0.272073766130337,144.244444444444,530.166676839193,8.88888888888889,36.5555555555556,7,32.4444444444444,12.5555555555556,"unburned-after",0,1
"2332","unburned-2979-before","unburned-2979","unburned","2979",2979,"before","unburned",2207.70434570312,NA,0.0870272423776839,99.544931814071,0.2696583893278,146.98,545.059993743897,8.9,34.5,8.8,29.2,12,"unburned-before",0,0
"2333","unburned-2982-after","unburned-2982","unburned","2982",2982,"after","unburned",1283.99499511719,NA,0.169520210585262,1.78542401915289,0.177662916655979,38.9555555555556,219.266666836209,27.3333333333333,20.8888888888889,16.1111111111111,9.88888888888889,15.4444444444444,"unburned-after",0,1
"2334","unburned-2982-before","unburned-2982","unburned","2982",2982,"before","unburned",1283.99499511719,NA,0.197562982685867,1.14820589674914,0.202942004056024,43.32,213.459999084473,27.5,21.6,14,8.6,16.8,"unburned-before",0,0
"2335","unburned-299-after","unburned-299","unburned","299",299,"after","unburned",1562.95166015625,NA,0.131766641110925,17.5635713078812,0.202413408683962,50.3222222222222,248.611110051473,15.7777777777778,18.6666666666667,15.6666666666667,6.22222222222222,14.4444444444444,"unburned-after",0,1
"2336","unburned-299-before","unburned-299","unburned","299",299,"before","unburned",1562.95166015625,NA,0.113507853183606,19.1439124217888,0.184160025538312,49.9,270.959997177124,16.2,18,11.7,7.3,14.4,"unburned-before",0,0
"2337","unburned-2994-after","unburned-2994","unburned","2994",2994,"after","unburned",1398.27062988281,NA,0.131373600243917,12.8713618711987,0.196943450835335,38.66,196.300003051758,22.5,13.9,22.2,3.5,14.9,"unburned-after",0,1
"2338","unburned-2994-before","unburned-2994","unburned","2994",2994,"before","unburned",1398.27062988281,NA,0.183669104915334,1.62590336222635,0.191522761980846,39.65,207.025001049042,26.375,15,11.875,4.125,13.375,"unburned-before",0,0
"2339","unburned-3011-after","unburned-3011","unburned","3011",3011,"after","unburned",1948.72253417969,NA,0.141097577612,120.038852771062,0.416324864137915,181.577777777778,436.14444732666,10,26.8888888888889,10.4444444444444,30,15.1111111111111,"unburned-after",0,1
"2340","unburned-3011-before","unburned-3011","unburned","3011",3011,"before","unburned",1948.72253417969,NA,0.160012790919201,81.3192923838589,0.336112429827968,155.21,461.780006408691,11.7,26.3,9.6,28.8,15.7,"unburned-before",0,0
"2341","unburned-3032-after","unburned-3032","unburned","3032",3032,"after","unburned",1418.34899902344,NA,0.104781768309699,22.6962459671162,0.224867726884897,42.5,188.999998304579,21.8888888888889,9.88888888888889,29.2222222222222,6.44444444444444,14.8888888888889,"unburned-after",0,1
"2342","unburned-3032-before","unburned-3032","unburned","3032",3032,"before","unburned",1418.34899902344,NA,0.276468392054808,-10.988096707132,0.220705404505982,43.49,197.050000190735,25.8,13.1,18.1,5.5,14.4,"unburned-before",0,0
"2343","unburned-3039-after","unburned-3039","unburned","3039",3039,"after","unburned",1730.15185546875,NA,0.150489925622763,145.119254872063,0.500301317868262,207.55,414.849996566772,13.5,11.3333333333333,19.6666666666667,24.3333333333333,13.8333333333333,"unburned-after",0,1
"2344","unburned-3039-before","unburned-3039","unburned","3039",3039,"before","unburned",1730.15185546875,NA,0.410178683303755,34.4415431363287,0.497898783761268,195.49,392.630001068115,15.3,14,18.1,28.5,13.2,"unburned-before",0,0
"2345","unburned-3040-after","unburned-3040","unburned","3040",3040,"after","unburned",1438.40954589844,NA,0.236277073370323,-23.4214328020121,0.141645021645022,35.0571428571429,247.5,24,12.4285714285714,23.4285714285714,6,16.8571428571429,"unburned-after",0,1
"2346","unburned-3040-before","unburned-3040","unburned","3040",3040,"before","unburned",1438.40954589844,NA,0.26265649924625,-18.6664234022645,0.198872375993513,58.2,292.649995803833,25.3,12.7,25.9,8.9,15.8,"unburned-before",0,0
"2347","unburned-3060-after","unburned-3060","unburned","3060",3060,"after","unburned",1500.21276855469,NA,0.0789280242368653,9.2093381448814,0.117158671483643,28.2222222222222,240.888889100817,25.7777777777778,10,17.4444444444444,5.11111111111111,13.3333333333333,"unburned-after",0,1
"2348","unburned-3060-before","unburned-3060","unburned","3060",3060,"before","unburned",1500.21276855469,NA,0.0957291405788298,8.55366507283233,0.130009619719649,32.44,249.519997596741,28.7,10.6,14.6,4.9,12.5,"unburned-before",0,0
"2349","unburned-3062-after","unburned-3062","unburned","3062",3062,"after","unburned",1628.73791503906,NA,0.077301956281937,37.9260621393429,0.169927545078819,69.5777777777778,409.455557929145,14,21.1111111111111,9,15.7777777777778,12.3333333333333,"unburned-after",0,1
"2350","unburned-3062-before","unburned-3062","unburned","3062",3062,"before","unburned",1628.73791503906,NA,0.118907612133396,16.9271600458285,0.159856785835789,66.08,413.370002746582,19.3,21.4,10.6,16.2,13,"unburned-before",0,0
"2351","unburned-307-after","unburned-307","unburned","307",307,"after","unburned",1319.7041015625,NA,0.321082284693815,44.9311151383165,0.524403637725242,115.885714285714,220.985717773437,25,9.71428571428571,24,15.5714285714286,14.7142857142857,"unburned-after",0,1
"2352","unburned-307-before","unburned-307","unburned","307",307,"before","unburned",1319.7041015625,NA,0.298853661985552,-13.6168185384906,0.230144314003675,45.61,198.179999351501,24.7,14.8,18.4,10.9,19.9,"unburned-before",0,0
"2353","unburned-3072-after","unburned-3072","unburned","3072",3072,"after","unburned",1745.34887695312,NA,0.338473593687869,92.4284479821638,0.671389122651116,186.4,277.633333206177,14.8333333333333,11.6666666666667,19.3333333333333,14.6666666666667,14.1666666666667,"unburned-after",0,1
"2354","unburned-3072-before","unburned-3072","unburned","3072",3072,"before","unburned",1745.34887695312,NA,0.192159846274049,65.3811255410582,0.445362426344462,115,258.216663996379,16.5,14.1666666666667,11.6666666666667,16,15.1666666666667,"unburned-before",0,0
"2355","unburned-309-after","unburned-309","unburned","309",309,"after","unburned",2287.22680664062,NA,0.0618033328528745,182.031198477807,0.358591315255875,219.9375,613.337497711182,8.5,34.375,9.25,32,12,"unburned-after",0,1
"2356","unburned-309-before","unburned-309","unburned","309",309,"before","unburned",2287.22680664062,NA,0.0787568358127896,164.482628633985,0.358318040850924,210.82,588.359992980957,8.3,31,9.3,33.5,11.5,"unburned-before",0,0
"2357","unburned-3097-after","unburned-3097","unburned","3097",3097,"after","unburned",1312.61901855469,NA,0.0784740613651351,12.2164199826387,0.134755365142892,29.25,217.06000328064,39.7,13.5,17,6.1,14.8,"unburned-after",0,1
"2358","unburned-3097-before","unburned-3097","unburned","3097",3097,"before","unburned",1312.61901855469,NA,0.197007953323566,0.851719701103608,0.20154471187682,37.8375,187.737498283386,36.25,17.25,17.875,9.75,14.625,"unburned-before",0,0
"2359","unburned-3105-after","unburned-3105","unburned","3105",3105,"after","unburned",2014.58911132812,NA,0.108930244232184,64.4088246441881,0.233735408489486,120.625,516.074995994568,11.75,27,8,27.75,12.75,"unburned-after",0,1
"2360","unburned-3105-before","unburned-3105","unburned","3105",3105,"before","unburned",2014.58911132812,NA,0.132323025199732,43.6156328292989,0.216583274916183,112.11,517.629997253418,12.8,24.2,9.7,25.5,12.1,"unburned-before",0,0
"2361","unburned-311-after","unburned-311","unburned","311",311,"after","unburned",1910.20764160156,NA,0.0844031711260135,61.4430577735665,0.22747700304737,97.69,429.450004577637,14.1,23.5,10,26.4,15.3,"unburned-after",0,1
"2362","unburned-311-before","unburned-311","unburned","311",311,"before","unburned",1910.20764160156,NA,0.114096357205371,37.111726217996,0.200841466537444,85.925,427.824997901917,18.125,24.5,7.5,26,15,"unburned-before",0,0
"2363","unburned-3131-after","unburned-3131","unburned","3131",3131,"after","unburned",1973.80249023438,NA,0.0727144911751991,99.1843635387405,0.277805064047406,134.35,483.612494468689,9.5,21.5,13.125,32.375,12.875,"unburned-after",0,1
"2364","unburned-3131-before","unburned-3131","unburned","3131",3131,"before","unburned",1973.80249023438,NA,0.0931126037402407,76.2682911980112,0.247053122326874,122.4,495.440004348755,12.7,20.7,10.7,29,10.7,"unburned-before",0,0
"2365","unburned-3140-after","unburned-3140","unburned","3140",3140,"after","unburned",2254.57006835938,NA,0.0206882950377826,114.682181760912,0.260989013028783,124.555555555556,477.244440714518,8.44444444444444,35.5555555555556,9.33333333333333,30.5555555555556,12,"unburned-after",0,1
"2366","unburned-3140-before","unburned-3140","unburned","3140",3140,"before","unburned",2254.57006835938,NA,-0.111332768336219,227.46098814116,0.350642025958674,172.644444444444,492.366663614909,9.11111111111111,36.1111111111111,8,32.7777777777778,12.1111111111111,"unburned-before",0,0
"2367","unburned-3144-after","unburned-3144","unburned","3144",3144,"after","unburned",1692.81555175781,NA,0.111826502561277,46.0199415668233,0.237482509666942,86.975,366.237497329712,22.875,20.75,10.625,18.25,19,"unburned-after",0,1
"2368","unburned-3144-before","unburned-3144","unburned","3144",3144,"before","unburned",1692.81555175781,NA,0.177301042358929,26.4068190468801,0.249773581223431,91.01,364.370000839233,21.7,21.6,12.8,19,18.8,"unburned-before",0,0
"2369","unburned-3159-after","unburned-3159","unburned","3159",3159,"after","unburned",1941.98828125,NA,0.0505661509285153,46.6068496151273,0.179186445061277,64.93,362.359998703003,17.9,22,10.7,12.3,12.7,"unburned-after",0,1
"2370","unburned-3159-before","unburned-3159","unburned","3159",3159,"before","unburned",1941.98828125,NA,0.11826262917824,29.6375287402118,0.199093171565096,73,366.662499904633,16.375,22.125,8.25,16.25,12.375,"unburned-before",0,0
"2371","unburned-3162-after","unburned-3162","unburned","3162",3162,"after","unburned",1319.27478027344,NA,0.526225188642289,18.0985972345741,0.622571193630451,116.95,187.8500020504,22.25,6,36.75,11.75,21.5,"unburned-after",0,1
"2372","unburned-3162-before","unburned-3162","unburned","3162",3162,"before","unburned",1319.27478027344,NA,0.63267201223947,0.682842062428404,0.635996300555208,130.64,205.409999847412,21.6,8.6,29.7,14.7,17.6,"unburned-before",0,0
"2373","unburned-3167-after","unburned-3167","unburned","3167",3167,"after","unburned",1734.25720214844,NA,0.171440800906008,13.3140289244866,0.229000046593202,52.97,231.309996604919,9.6,16.9,19.9,8.2,10.3,"unburned-after",0,1
"2374","unburned-3167-before","unburned-3167","unburned","3167",3167,"before","unburned",1734.25720214844,NA,0.264241469606735,-3.09895707382489,0.251925082067444,63.3875,251.612501144409,10.875,19.25,15.5,10.875,10,"unburned-before",0,0
"2375","unburned-3170-after","unburned-3170","unburned","3170",3170,"after","unburned",1931.71545410156,NA,0.0977357940640549,63.8916569498967,0.257000413282639,103.1,401.166670057509,16.1111111111111,20.8888888888889,12.5555555555556,27,13.1111111111111,"unburned-after",0,1
"2376","unburned-3170-before","unburned-3170","unburned","3170",3170,"before","unburned",1931.71545410156,NA,0.0928698289112024,55.5099796851202,0.225598964334606,94.35,418.2200050354,19,22.3,9.6,25.6,13.1,"unburned-before",0,0
"2377","unburned-3172-after","unburned-3172","unburned","3172",3172,"after","unburned",1335.49060058594,NA,0.207401641007694,10.6596494583812,0.257644494891535,54.6625,212.162499427795,21,16.75,23.125,9.375,20.75,"unburned-after",0,1
"2378","unburned-3172-before","unburned-3172","unburned","3172",3172,"before","unburned",1335.49060058594,NA,0.194635387179295,14.0674931554157,0.25253107001853,61.36,242.980002403259,26.3,19.4,15.4,10,20.5,"unburned-before",0,0
"2379","unburned-3173-after","unburned-3173","unburned","3173",3173,"after","unburned",2188.71826171875,NA,0.108574640680588,123.233933572699,0.33086809470124,183.425,554.375,8.5,35.625,6.125,29.875,13.125,"unburned-after",0,1
"2380","unburned-3173-before","unburned-3173","unburned","3173",3173,"before","unburned",2188.71826171875,NA,0.0943280061222841,110.63595333691,0.291480303019808,163.57,561.169994354248,9.7,28,8,32.8,16.1,"unburned-before",0,0
"2381","unburned-3182-after","unburned-3182","unburned","3182",3182,"after","unburned",1867.28479003906,NA,0.0657888429186262,182.186387949259,0.452080938808397,213.214285714286,471.628567831857,10.8571428571429,28.2857142857143,6.28571428571429,29.4285714285714,12.5714285714286,"unburned-after",0,1
"2382","unburned-3182-before","unburned-3182","unburned","3182",3182,"before","unburned",1867.28479003906,NA,0.136041233244029,124.965681099323,0.397892041350921,189.89,477.240005493164,10.8,24.3,8.7,32.1,13.1,"unburned-before",0,0
"2383","unburned-3187-after","unburned-3187","unburned","3187",3187,"after","unburned",1285.59545898438,NA,0.216432037156925,2.05712230009122,0.227699530176602,41.5714285714286,182.571428843907,22.7142857142857,14.8571428571429,25,4.71428571428571,17.5714285714286,"unburned-after",0,1
"2384","unburned-3187-before","unburned-3187","unburned","3187",3187,"before","unburned",1285.59545898438,NA,0.201528186054114,1.12200317326287,0.206988852630204,42.53,205.470002174377,32.8,20.2,12.5,4.7,16.3,"unburned-before",0,0
"2385","unburned-3188-after","unburned-3188","unburned","3188",3188,"after","unburned",1269.76525878906,NA,0.194277615177394,4.78389767305242,0.217400643577532,44.9777777777778,206.888889736599,28.7777777777778,12.1111111111111,26.1111111111111,11.6666666666667,19.2222222222222,"unburned-after",0,1
"2386","unburned-3188-before","unburned-3188","unburned","3188",3188,"before","unburned",1269.76525878906,NA,0.0337142891064189,63.6242051226857,0.347969974228371,70.45,202.459997177124,35.2,14.2,16.3,11.5,17.9,"unburned-before",0,0
"2387","unburned-320-after","unburned-320","unburned","320",320,"after","unburned",1344.97253417969,NA,0.18205943083251,-9.58905041129067,0.143477912673883,35.66,248.53999710083,14.1,18.4,25.2,5.2,14,"unburned-after",0,1
"2388","unburned-320-before","unburned-320","unburned","320",320,"before","unburned",1344.97253417969,NA,0.213539987591619,-14.81750272656,0.15147389933855,36.1625,238.737499713898,13.125,17.125,19.375,5.125,12.75,"unburned-before",0,0
"2389","unburned-3208-after","unburned-3208","unburned","3208",3208,"after","unburned",1873.17712402344,NA,0.106934205749911,106.626439437596,0.375665083421293,149.055555555556,396.77777396308,11,28.3333333333333,9.11111111111111,29.5555555555556,11.2222222222222,"unburned-after",0,1
"2390","unburned-3208-before","unburned-3208","unburned","3208",3208,"before","unburned",1873.17712402344,NA,0.199817667295131,64.5255890764846,0.364159640401996,142.98,392.630001068115,9.6,29.2,6.8,33.9,12.7,"unburned-before",0,0
"2391","unburned-3219-after","unburned-3219","unburned","3219",3219,"after","unburned",1708.22094726562,NA,0.105410976990417,14.8484699154313,0.148494421534117,51.1777777777778,344.644446902805,29.3333333333333,24.6666666666667,4.66666666666667,15.4444444444444,14.8888888888889,"unburned-after",0,1
"2392","unburned-3219-before","unburned-3219","unburned","3219",3219,"before","unburned",1708.22094726562,NA,0.143066609019469,3.58116871343611,0.153326073467444,53.52,349.060005187988,28.1,23,4.7,16.5,15.5,"unburned-before",0,0
"2393","unburned-3221-after","unburned-3221","unburned","3221",3221,"after","unburned",1348.24365234375,NA,0.316784075717082,-17.4482650896697,0.201104970962883,30.3333333333333,150.833334392971,18,11,26.1111111111111,5.44444444444444,12.7777777777778,"unburned-after",0,1
"2394","unburned-3221-before","unburned-3221","unburned","3221",3221,"before","unburned",1348.24365234375,NA,0.256178759019037,-15.3123068735528,0.182252689767409,37.75,207.13000202179,18.8,12.8,20,5,13.2,"unburned-before",0,0
"2395","unburned-3232-after","unburned-3232","unburned","3232",3232,"after","unburned",1457.73840332031,NA,0.232025244518687,-14.412296974858,0.165294782505639,35.7,215.977778964573,29.7777777777778,19,15.8888888888889,5.66666666666667,14.2222222222222,"unburned-after",0,1
"2396","unburned-3232-before","unburned-3232","unburned","3232",3232,"before","unburned",1457.73840332031,NA,0.196493322562784,-4.86540408598451,0.177162383262329,44.59,251.689998626709,34.5,19.9,14.4,6.1,13.7,"unburned-before",0,0
"2397","unburned-3261-after","unburned-3261","unburned","3261",3261,"after","unburned",1257.91491699219,NA,0.126263501669169,-4.83050541093485,0.0984267851454087,17.08,173.529999732971,32.5,13.6,10.4,1.7,15.1,"unburned-after",0,1
"2398","unburned-3261-before","unburned-3261","unburned","3261",3261,"before","unburned",1257.91491699219,NA,0.106113011953531,4.43569586549427,0.129138310962562,24.8777777777778,192.644441392687,32.7777777777778,15.4444444444444,11.3333333333333,3.33333333333333,15.6666666666667,"unburned-before",0,0
"2399","unburned-3267-after","unburned-3267","unburned","3267",3267,"after","unburned",1726.37805175781,NA,0.11001062467196,89.9319997201791,0.342426415927849,132.5,386.944446563721,15.2222222222222,27.2222222222222,5.11111111111111,27.8888888888889,15.4444444444444,"unburned-after",0,1
"2400","unburned-3267-before","unburned-3267","unburned","3267",3267,"before","unburned",1726.37805175781,NA,0.277373629759584,16.725095261569,0.320800772448224,123.55,385.129995346069,14.6,22.6,7.7,28.8,17,"unburned-before",0,0
"2401","unburned-3270-after","unburned-3270","unburned","3270",3270,"after","unburned",1481.66418457031,NA,0.0696470151393031,15.177573153646,0.118991222254183,36.6,307.585713522775,22.2857142857143,15.7142857142857,19.4285714285714,5.42857142857143,15.5714285714286,"unburned-after",0,1
"2402","unburned-3270-before","unburned-3270","unburned","3270",3270,"before","unburned",1481.66418457031,NA,0.193328786049862,-9.81056192771897,0.162302340878369,51.32,316.199998855591,23,15.5,17.1,6.9,15.2,"unburned-before",0,0
"2403","unburned-3275-after","unburned-3275","unburned","3275",3275,"after","unburned",1442.29443359375,NA,0.587905354403044,-2.60438042880465,0.576976865270081,137.5,238.311114841037,15.6666666666667,6.88888888888889,47.2222222222222,15.8888888888889,14.6666666666667,"unburned-after",0,1
"2404","unburned-3275-before","unburned-3275","unburned","3275",3275,"before","unburned",1442.29443359375,NA,0.542484632737336,-6.13998270993239,0.518082825504221,130.36,251.619998931885,17.7,7.7,32.2,12.1,16.3,"unburned-before",0,0
"2405","unburned-3279-after","unburned-3279","unburned","3279",3279,"after","unburned",1340.36547851562,NA,0.257337035753855,66.8023752297344,0.57403603708922,121.083333333333,210.93333085378,18.6666666666667,9.16666666666667,35.5,13.5,18.1666666666667,"unburned-after",0,1
"2406","unburned-3279-before","unburned-3279","unburned","3279",3279,"before","unburned",1340.36547851562,NA,0.525093128575285,23.1083903217433,0.636249944658769,132.27,207.889998435974,19.9,9.8,30.8,17,17.8,"unburned-before",0,0
"2407","unburned-3292-after","unburned-3292","unburned","3292",3292,"after","unburned",1494.85998535156,NA,0.0845839553139184,53.1583684026635,0.21585359102758,87.4111111111111,404.955556657579,15.3333333333333,18.8888888888889,17.6666666666667,19.2222222222222,18.6666666666667,"unburned-after",0,1
"2408","unburned-3292-before","unburned-3292","unburned","3292",3292,"before","unburned",1494.85998535156,NA,0.129132908284466,28.6491263890209,0.199679883490634,81.09,406.099996566773,16.7,18.8,19.2,18.8,18.4,"unburned-before",0,0
"2409","unburned-3300-after","unburned-3300","unburned","3300",3300,"after","unburned",1773.99914550781,NA,0.125153049476213,5.70154220375287,0.144255826647613,43.0555555555556,298.466665479872,14.6666666666667,20.2222222222222,15.6666666666667,7.55555555555556,9.77777777777778,"unburned-after",0,1
"2410","unburned-3300-before","unburned-3300","unburned","3300",3300,"before","unburned",1773.99914550781,NA,0.0757197600069096,23.1400034262272,0.149744084452078,46.81,312.599994659424,14.4,19.6,12.6,8.1,9.6,"unburned-before",0,0
"2411","unburned-3312-after","unburned-3312","unburned","3312",3312,"after","unburned",1563.45068359375,NA,0.0965322795888885,19.9866148632739,0.159375858379032,50.6875,318.037502765656,15.625,18,19.5,14,18.375,"unburned-after",0,1
"2412","unburned-3312-before","unburned-3312","unburned","3312",3312,"before","unburned",1563.45068359375,NA,0.139153088017222,21.4293524149376,0.205256341292959,66.54,324.179996490479,17.2,17.1,16.3,15.4,19.1,"unburned-before",0,0
"2413","unburned-3314-after","unburned-3314","unburned","3314",3314,"after","unburned",1390.21130371094,NA,0.221291328394402,50.9085171103444,0.395854766827936,115.444444444444,291.633331510756,22.3333333333333,13.3333333333333,24.6666666666667,14.4444444444444,19,"unburned-after",0,1
"2414","unburned-3314-before","unburned-3314","unburned","3314",3314,"before","unburned",1390.21130371094,NA,0.441866787717208,-40.3769655261795,0.303858906868485,88.9,292.56999874115,21.4,12.9,25.9,15.1,17.2,"unburned-before",0,0
"2415","unburned-3315-after","unburned-3315","unburned","3315",3315,"after","unburned",1815.35620117188,NA,0.108523883627797,50.1687640972289,0.250274701858136,88.5777777777778,353.922218746609,24.2222222222222,21.4444444444444,9.55555555555556,17.7777777777778,16.2222222222222,"unburned-after",0,1
"2416","unburned-3315-before","unburned-3315","unburned","3315",3315,"before","unburned",1815.35620117188,NA,0.152943618273192,35.1033161121092,0.246271232811804,92.63,376.130004882812,24.9,22.3,10.6,19.6,17.1,"unburned-before",0,0
"2417","unburned-3319-after","unburned-3319","unburned","3319",3319,"after","unburned",1365.99475097656,NA,0.202346072513741,-12.6273770601957,0.142916906685259,30.3666666666667,212.477777269152,22.7777777777778,14.3333333333333,18.2222222222222,4.11111111111111,15.6666666666667,"unburned-after",0,1
"2418","unburned-3319-before","unburned-3319","unburned","3319",3319,"before","unburned",1365.99475097656,NA,0.13529388019202,7.22882016834896,0.1659803855223,39.1,235.570003509522,25.3,15.6,17.2,5,16.1,"unburned-before",0,0
"2419","unburned-332-after","unburned-332","unburned","332",332,"after","unburned",1546.12902832031,NA,0.313530381737603,21.436514541257,0.380771644574986,121.39,318.799999237061,14.9,10.2,37.8,12.5,13.9,"unburned-after",0,1
"2420","unburned-332-before","unburned-332","unburned","332",332,"before","unburned",1546.12902832031,NA,0.308643310709873,-24.9668184302517,0.236120691280871,81.2875,344.262502193451,18.625,15.125,22.125,11.875,11.875,"unburned-before",0,0
"2421","unburned-3320-after","unburned-3320","unburned","3320",3320,"after","unburned",1640.75769042969,NA,0.0845208315456957,42.8288574835533,0.203935316250653,73.1428571428571,358.65713936942,27.5714285714286,18.5714285714286,9.42857142857143,14.4285714285714,20,"unburned-after",0,1
"2422","unburned-3320-before","unburned-3320","unburned","3320",3320,"before","unburned",1640.75769042969,NA,0.15646525364807,26.918755396942,0.230342782903885,83.93,364.370000839233,22.6,19.2,11.5,18,18.9,"unburned-before",0,0
"2423","unburned-3322-after","unburned-3322","unburned","3322",3322,"after","unburned",1905.49194335938,NA,0.0304371240711887,125.396980347747,0.284350593941028,140.428571428571,493.857141222273,11.2857142857143,18.1428571428571,9,22.8571428571429,12.1428571428571,"unburned-after",0,1
"2424","unburned-3322-before","unburned-3322","unburned","3322",3322,"before","unburned",1905.49194335938,NA,-0.277827402025706,342.298082499532,0.448320569735315,211.333333333333,471.388884650336,10.7777777777778,22.8888888888889,8.22222222222222,24.6666666666667,13.2222222222222,"unburned-before",0,0
"2425","unburned-3323-after","unburned-3323","unburned","3323",3323,"after","unburned",1730.45861816406,NA,0.132571806315899,74.3172981061205,0.357715098262644,118.077777777778,330.088884565565,11.3333333333333,21.2222222222222,9.22222222222222,29.1111111111111,13.1111111111111,"unburned-after",0,1
"2426","unburned-3323-before","unburned-3323","unburned","3323",3323,"before","unburned",1730.45861816406,NA,0.155593965281959,51.6014108680826,0.305111266591023,105.3,345.119998931885,14.7,23.6,9.7,27.4,13.1,"unburned-before",0,0
"2427","unburned-3330-after","unburned-3330","unburned","3330",3330,"after","unburned",1774.58984375,NA,0.0863488337219634,65.2196384714937,0.244529480306816,100.822222222222,412.311113145616,18.6666666666667,20.3333333333333,10.4444444444444,18.8888888888889,15.5555555555556,"unburned-after",0,1
"2428","unburned-3330-before","unburned-3330","unburned","3330",3330,"before","unburned",1774.58984375,NA,0.0824562386635399,59.2461134226721,0.214475118844093,96.25,448.770004272461,20.8,22.2,9.8,19.4,15.7,"unburned-before",0,0
"2429","unburned-3333-after","unburned-3333","unburned","3333",3333,"after","unburned",1357.27673339844,NA,0.290602539397033,70.7847730637083,0.596941718083211,137.933333333333,231.066667238871,14.5,5.16666666666667,43,16.5,17.1666666666667,"unburned-after",0,1
"2430","unburned-3333-before","unburned-3333","unburned","3333",3333,"before","unburned",1357.27673339844,NA,0.784880769432691,-59.2543981862445,0.494161515802209,100.72,203.819999694824,20.8,8.1,32,12.6,17.5,"unburned-before",0,0
"2431","unburned-3353-after","unburned-3353","unburned","3353",3353,"after","unburned",1410.21337890625,NA,0.125670443958442,7.44439574109428,0.162326293295434,32.9666666666667,203.088889651828,34.1111111111111,16,14.5555555555556,2.66666666666667,14.6666666666667,"unburned-after",0,1
"2432","unburned-3353-before","unburned-3353","unburned","3353",3353,"before","unburned",1410.21337890625,NA,0.227957909734507,-11.0938352569133,0.182196925460644,44.17,242.429996490479,43.3,14.2,8.3,3.8,13.2,"unburned-before",0,0
"2433","unburned-3363-after","unburned-3363","unburned","3363",3363,"after","unburned",1522.91796875,NA,0.0803757586319936,29.1792807735431,0.185974507440577,51.3888888888889,276.322220696343,22.5555555555556,18.3333333333333,15.3333333333333,5.66666666666667,15.4444444444444,"unburned-after",0,1
"2434","unburned-3363-before","unburned-3363","unburned","3363",3363,"before","unburned",1522.91796875,NA,0.100458206507055,26.562012613129,0.193374611559612,55.28,285.869998931885,20.3,17.1,14.2,6.8,14.5,"unburned-before",0,0
"2435","unburned-3375-after","unburned-3375","unburned","3375",3375,"after","unburned",1816.44689941406,NA,0.105922240708389,55.7395506486559,0.226819215737899,104.575,461.050002574921,29,27.75,5.25,23.375,15.625,"unburned-after",0,1
"2436","unburned-3375-before","unburned-3375","unburned","3375",3375,"before","unburned",1816.44689941406,NA,0.162513990640684,30.5481567637265,0.228591204356552,105.68,462.310001373291,28.1,25.3,6.2,22.6,16.3,"unburned-before",0,0
"2437","unburned-338-after","unburned-338","unburned","338",338,"after","unburned",1492.62292480469,NA,0.259007684837194,-17.575822790765,0.176262886355166,37.44,212.410001754761,32.4,13.3,19.1,7.9,14.9,"unburned-after",0,1
"2438","unburned-338-before","unburned-338","unburned","338",338,"before","unburned",1492.62292480469,NA,0.35170375069141,-30.1285476496942,0.222745365586964,52.04,233.630001068115,34.2,15.8,19.8,7.9,15,"unburned-before",0,0
"2439","unburned-3380-after","unburned-3380","unburned","3380",3380,"after","unburned",1439.10693359375,NA,0.20454435283193,-6.44124203602524,0.182098766192868,52.2571428571429,286.971427372524,25.5714285714286,7.28571428571429,29.8571428571429,7.71428571428571,14.1428571428571,"unburned-after",0,1
"2440","unburned-3380-before","unburned-3380","unburned","3380",3380,"before","unburned",1439.10693359375,NA,0.16071976931088,3.44227276843931,0.172120288494661,51.97,301.940000534058,25.2,13.8,18.8,6.1,12.6,"unburned-before",0,0
"2441","unburned-3387-after","unburned-3387","unburned","3387",3387,"after","unburned",1224.85546875,NA,0.18330877968948,16.61274397033,0.275785286178852,49.5428571428571,179.642858505249,24.4285714285714,20.5714285714286,19.7142857142857,6.71428571428571,13.1428571428571,"unburned-after",0,1
"2442","unburned-3387-before","unburned-3387","unburned","3387",3387,"before","unburned",1224.85546875,NA,0.294137333902491,-5.16145418327349,0.267442458690834,51.71,193.350002288818,26.5,18.1,16.6,6.9,12.5,"unburned-before",0,0
"2443","unburned-3392-after","unburned-3392","unburned","3392",3392,"after","unburned",1678.56750488281,NA,0.162157789978727,21.2752989087252,0.227426116539307,74.1333333333333,325.966667599148,14.2222222222222,15.5555555555556,19,18.3333333333333,14.5555555555556,"unburned-after",0,1
"2444","unburned-3392-before","unburned-3392","unburned","3392",3392,"before","unburned",1678.56750488281,NA,0.0751573443809735,68.5163661661103,0.28394685862536,93.18,328.159996032715,13.8,17.8,14.6,16.7,15.7,"unburned-before",0,0
"2445","unburned-3398-after","unburned-3398","unburned","3398",3398,"after","unburned",1255.96069335938,NA,0.322532751440555,-23.2550569988972,0.200152028466715,38.0333333333333,190.022222730849,32.8888888888889,14.1111111111111,22.7777777777778,6.77777777777778,15.2222222222222,"unburned-after",0,1
"2446","unburned-3398-before","unburned-3398","unburned","3398",3398,"before","unburned",1255.96069335938,NA,0.108926172493603,48.4346152508739,0.35493701898555,69.88,196.879999160767,31.9,17.8,20.5,9.2,14.6,"unburned-before",0,0
"2447","unburned-3402-after","unburned-3402","unburned","3402",3402,"after","unburned",1319.48486328125,NA,0.587862215164794,4.86855616768418,0.615682535954535,107.744444444444,175.000001059638,14.5555555555556,8.44444444444444,35.6666666666667,8.55555555555556,14.7777777777778,"unburned-after",0,1
"2448","unburned-3402-before","unburned-3402","unburned","3402",3402,"before","unburned",1319.48486328125,NA,0.506503561810342,-18.0140710565791,0.409203838655987,75.76,185.140003204346,19.1,11.7,24.7,10.4,13.3,"unburned-before",0,0
"2449","unburned-3405-after","unburned-3405","unburned","3405",3405,"after","unburned",2049.33276367188,NA,0.0116741153808746,102.428593334218,0.226299126372861,108,477.244440714518,11.6666666666667,19.6666666666667,9.22222222222222,24.8888888888889,16,"unburned-after",0,1
"2450","unburned-3405-before","unburned-3405","unburned","3405",3405,"before","unburned",2049.33276367188,NA,0.0858344714837419,70.6214901346514,0.236032243931893,110.98,470.18999671936,14.2,20.3,12.7,26.8,15,"unburned-before",0,0
"2451","unburned-3415-after","unburned-3415","unburned","3415",3415,"after","unburned",2186.8984375,NA,0.0309821464063606,122.82448236192,0.289499530723546,137.544444444444,475.111113654243,13.5555555555556,28.8888888888889,7.33333333333333,24.2222222222222,10.6666666666667,"unburned-after",0,1
"2452","unburned-3415-before","unburned-3415","unburned","3415",3415,"before","unburned",2186.8984375,NA,-0.198187593374795,274.054879908966,0.362978640428964,177.266666666667,488.366661071778,13.7777777777778,28.6666666666667,7.11111111111111,28.2222222222222,10.8888888888889,"unburned-before",0,0
"2453","unburned-3416-after","unburned-3416","unburned","3416",3416,"after","unburned",1317.26147460938,NA,0.456764946462017,-0.890234087336808,0.452250829185937,89.1888888888889,197.211111916436,20.1111111111111,7.55555555555556,34.4444444444444,8.44444444444444,15.3333333333333,"unburned-after",0,1
"2454","unburned-3416-before","unburned-3416","unburned","3416",3416,"before","unburned",1317.26147460938,NA,0.532172022713418,-24.901075566334,0.419908933883557,93.14,221.809998512268,23,7.1,35.5,12.5,18.3,"unburned-before",0,0
"2455","unburned-3418-after","unburned-3418","unburned","3418",3418,"after","unburned",1505.26110839844,NA,0.14380789417338,4.24216564825788,0.161159842035333,39.4,244.477777481079,16,12,20.1111111111111,4.88888888888889,18.8888888888889,"unburned-after",0,1
"2456","unburned-3418-before","unburned-3418","unburned","3418",3418,"before","unburned",1505.26110839844,NA,0.123159560252451,16.2397616630984,0.187991536044334,47.09,250.490000724792,17.1,13.1,13.2,4.5,17.7,"unburned-before",0,0
"2457","unburned-3419-after","unburned-3419","unburned","3419",3419,"after","unburned",2056.84936523438,NA,0.101072958628782,109.326234067229,0.317237136744116,160.444444444444,505.75555589464,10.3333333333333,28.8888888888889,8,31,11.8888888888889,"unburned-after",0,1
"2458","unburned-3419-before","unburned-3419","unburned","3419",3419,"before","unburned",2056.84936523438,NA,0.206553737870331,53.800226359569,0.31149907367371,159.69,512.64999961853,10.1,26.5,7.6,30.8,12,"unburned-before",0,0
"2459","unburned-3442-after","unburned-3442","unburned","3442",3442,"after","unburned",1318.31604003906,NA,0.174345437031788,82.5552763708179,0.446425962124797,135.455555555556,303.422217898898,13.1111111111111,9.88888888888889,37,17.2222222222222,16.2222222222222,"unburned-after",0,1
"2460","unburned-3442-before","unburned-3442","unburned","3442",3442,"before","unburned",1318.31604003906,NA,0.519325965568062,-47.1524286491058,0.35096051152195,98.29,280.059997558594,12.4,10.6,35.2,20,16.4,"unburned-before",0,0
"2461","unburned-3444-after","unburned-3444","unburned","3444",3444,"after","unburned",1273.34326171875,NA,0.208597127992781,0.553879148785349,0.211229946284677,44.4375,210.375000238419,19.625,15.625,29.75,11.5,15.875,"unburned-after",0,1
"2462","unburned-3444-before","unburned-3444","unburned","3444",3444,"before","unburned",1273.34326171875,NA,0.328057154025749,-14.5200345206476,0.256232685965253,51.8,202.160000801086,25.1,20.5,18.3,13.9,17.1,"unburned-before",0,0
"2463","unburned-3446-after","unburned-3446","unburned","3446",3446,"after","unburned",1853.01354980469,NA,0.0950548333082713,114.736758672404,0.387109916964791,152.08,392.859994888305,14.9,14.3,14.2,26.1,13.4,"unburned-after",0,1
"2464","unburned-3446-before","unburned-3446","unburned","3446",3446,"before","unburned",1853.01354980469,NA,0.218873414201441,75.9274522060194,0.424395191016236,156.7875,369.437503814697,17.75,19.75,11.375,27,14.25,"unburned-before",0,0
"2465","unburned-3449-after","unburned-3449","unburned","3449",3449,"after","unburned",1307.14880371094,NA,0.139752537502155,8.3007053557833,0.182315407157485,35.5555555555556,195.022220611572,16.6666666666667,15.1111111111111,17.7777777777778,4.44444444444444,14.6666666666667,"unburned-after",0,1
"2466","unburned-3449-before","unburned-3449","unburned","3449",3449,"before","unburned",1307.14880371094,NA,0.115299748374334,8.93566985943968,0.154157244712643,35.45,229.960000038147,22.8,16,11.1,4.6,13.7,"unburned-before",0,0
"2467","unburned-3452-after","unburned-3452","unburned","3452",3452,"after","unburned",2241.01513671875,NA,0.0873330832477489,135.900825309993,0.340130670608991,182.85,537.587509155273,7.875,36.625,8.375,31.5,12.125,"unburned-after",0,1
"2468","unburned-3452-before","unburned-3452","unburned","3452",3452,"before","unburned",2241.01513671875,NA,0.103363095551242,110.16091178549,0.305470960831941,166.5,545.059993743897,8.9,35,8.6,28.7,14.1,"unburned-before",0,0
"2469","unburned-3454-after","unburned-3454","unburned","3454",3454,"after","unburned",1563.41357421875,NA,0.0975596442058503,13.7469417125208,0.153240327452453,37.8333333333333,246.88888337877,16.5555555555556,20.4444444444444,15.8888888888889,5.66666666666667,16,"unburned-after",0,1
"2470","unburned-3454-before","unburned-3454","unburned","3454",3454,"before","unburned",1563.41357421875,NA,0.17349104588869,2.61564631356323,0.183646529344921,47.3,257.559999465942,15.8,20,15.1,6.6,17,"unburned-before",0,0
"2471","unburned-3457-after","unburned-3457","unburned","3457",3457,"after","unburned",1667.55798339844,NA,0.205963998644135,2.10167663765557,0.214263148161295,54.26,253.240001678467,21.5,17.1,15.6,10.5,17,"unburned-after",0,1
"2472","unburned-3457-before","unburned-3457","unburned","3457",3457,"before","unburned",1667.55798339844,NA,0.393957992659216,-35.8101958791871,0.257862235115597,67.85,263.124997615814,20,16.125,14.5,12.125,17.25,"unburned-before",0,0
"2473","unburned-346-after","unburned-346","unburned","346",346,"after","unburned",1887.00341796875,NA,0.0915336093991837,95.9094272626874,0.281533889606915,142.114285714286,504.785714830671,10.5714285714286,29.2857142857143,6.28571428571429,31.2857142857143,11.7142857142857,"unburned-after",0,1
"2474","unburned-346-before","unburned-346","unburned","346",346,"before","unburned",1887.00341796875,NA,-0.0852566461005854,267.268371705708,0.464497277700847,225.82,486.160007476807,9.1,34.1,9.2,30.3,11.9,"unburned-before",0,0
"2475","unburned-3476-after","unburned-3476","unburned","3476",3476,"after","unburned",1317.40161132812,NA,0.183567277686721,-9.00037453725119,0.136392755954058,26.0222222222222,190.788887871636,31.6666666666667,15.8888888888889,14.4444444444444,3,15.8888888888889,"unburned-after",0,1
"2476","unburned-3476-before","unburned-3476","unburned","3476",3476,"before","unburned",1317.40161132812,NA,0.160509794441303,1.69642118168745,0.16863947854092,35.19,208.670000076294,28.1,18.3,15.5,4.4,15.9,"unburned-before",0,0
"2477","unburned-3481-after","unburned-3481","unburned","3481",3481,"after","unburned",1312.18176269531,NA,0.339844580279536,4.20438145533536,0.363197065471468,65.39,180.040000915527,23.4,8.7,37,13.6,15.9,"unburned-after",0,1
"2478","unburned-3481-before","unburned-3481","unburned","3481",3481,"before","unburned",1312.18176269531,NA,0.250381441607814,14.2920059540744,0.316067653387784,68.77,217.579999923706,25.6,12.9,25.8,13.2,16.3,"unburned-before",0,0
"2479","unburned-3485-after","unburned-3485","unburned","3485",3485,"after","unburned",1319.79296875,NA,0.17358365004768,5.63769439681761,0.207295197330716,34.6666666666667,167.233332528008,22.7777777777778,16.4444444444444,14.4444444444444,3.33333333333333,13.2222222222222,"unburned-after",0,1
"2480","unburned-3485-before","unburned-3485","unburned","3485",3485,"before","unburned",1319.79296875,NA,0.240076140365871,-5.35461040116103,0.209674673116255,36.93,176.129999160767,25.1,16.8,12.4,3.9,12.3,"unburned-before",0,0
"2481","unburned-3491-after","unburned-3491","unburned","3491",3491,"after","unburned",1354.8486328125,NA,0.110461406342577,10.6986996915833,0.158197412096402,35.4555555555556,224.122222264608,31,19.5555555555556,13.3333333333333,6.22222222222222,18.6666666666667,"unburned-after",0,1
"2482","unburned-3491-before","unburned-3491","unburned","3491",3491,"before","unburned",1354.8486328125,NA,0.185155791988282,-2.56852764780414,0.17381320980014,39.36,226.449992179871,30.5,19.1,14.9,7.6,16,"unburned-before",0,0
"2483","unburned-3499-after","unburned-3499","unburned","3499",3499,"after","unburned",1311.54870605469,NA,0.171359580450865,-4.54094348337225,0.146267336141079,26.47,180.970001220703,30.3,14.3,13.9,2.9,16.4,"unburned-after",0,1
"2484","unburned-3499-before","unburned-3499","unburned","3499",3499,"before","unburned",1311.54870605469,NA,0.197377168201421,-3.47238293584096,0.179074978380534,33.975,189.724998474121,32.5,15.375,11.125,3.25,15.125,"unburned-before",0,0
"2485","unburned-35-after","unburned-35","unburned","35",35,"after","unburned",1469.0986328125,NA,0.168977185539375,8.11988810740902,0.19709855153138,56.9111111111111,288.744441138373,20.3333333333333,13.4444444444444,29.1111111111111,8.33333333333333,13.1111111111111,"unburned-after",0,1
"2486","unburned-35-before","unburned-35","unburned","35",35,"before","unburned",1469.0986328125,NA,0.144382159245969,11.3252507601639,0.181890441487912,54.92,301.940000534058,24.5,17.5,14.5,6.8,10.8,"unburned-before",0,0
"2487","unburned-3500-after","unburned-3500","unburned","3500",3500,"after","unburned",2061.87060546875,NA,0.0958229401218628,176.933651998472,0.629962282287664,208.675,331.249990463257,17.5,22,9.75,14.25,12,"unburned-after",0,1
"2488","unburned-3500-before","unburned-3500","unburned","3500",3500,"before","unburned",2061.87060546875,NA,0.280141022564778,121.495864074303,0.639407275562374,216.233333333333,338.177780575222,19.1111111111111,22.6666666666667,7.11111111111111,15.8888888888889,11.6666666666667,"unburned-before",0,0
"2489","unburned-3505-after","unburned-3505","unburned","3505",3505,"after","unburned",2109.11889648438,NA,0.0979821114959348,159.779017798618,0.375896256276763,216.111111111111,574.922222561306,6.77777777777778,30.1111111111111,9.11111111111111,37.4444444444444,8.88888888888889,"unburned-after",0,1
"2490","unburned-3505-before","unburned-3505","unburned","3505",3505,"before","unburned",2109.11889648438,NA,0.128934675937649,119.006302072067,0.332859249220799,194.25,583.579998016357,6.7,26.5,12.2,32.7,11.7,"unburned-before",0,0
"2491","unburned-3507-after","unburned-3507","unburned","3507",3507,"after","unburned",1740.63012695312,NA,0.138706894108066,46.791960948922,0.255580879097096,102.325,400.362501144409,19.125,23.625,8.75,23.125,15.75,"unburned-after",0,1
"2492","unburned-3507-before","unburned-3507","unburned","3507",3507,"before","unburned",1740.63012695312,NA,0.228819934462374,11.8044162796697,0.258533024120216,102.71,397.280000686646,16,25.4,8.8,24.9,17.2,"unburned-before",0,0
"2493","unburned-351-after","unburned-351","unburned","351",351,"after","unburned",1489.08190917969,NA,0.271865785246658,11.6831441437426,0.328702702702703,67.5666666666667,205.555555555555,17.5555555555556,12.6666666666667,29.3333333333333,10.5555555555556,13.5555555555556,"unburned-after",0,1
"2494","unburned-351-before","unburned-351","unburned","351",351,"before","unburned",1489.08190917969,NA,0.355478044336263,-7.7760767030457,0.318146903213242,66.27,208.300000190735,17.9,18.4,23.9,11.8,12.5,"unburned-before",0,0
"2495","unburned-3512-after","unburned-3512","unburned","3512",3512,"after","unburned",1515.57556152344,NA,0.131137002999588,22.35697992581,0.219165273900682,55.6625,253.974997997284,15.75,18.25,17.875,9.375,16.375,"unburned-after",0,1
"2496","unburned-3512-before","unburned-3512","unburned","3512",3512,"before","unburned",1515.57556152344,NA,0.198652172743034,7.30302203689788,0.227347740667976,57.86,254.5,18.6,17.5,14.2,9.5,17.1,"unburned-before",0,0
"2497","unburned-3514-after","unburned-3514","unburned","3514",3514,"after","unburned",1505.62255859375,NA,0.0503448939605764,28.5392339452107,0.173915138666134,40.1666666666667,230.955550935533,17.4444444444444,19.1111111111111,17.3333333333333,5,16.1111111111111,"unburned-after",0,1
"2498","unburned-3514-before","unburned-3514","unburned","3514",3514,"before","unburned",1505.62255859375,NA,0.188095157575757,1.374947558596,0.193761072365197,47.02,242.670002937317,17.6,18.7,15.9,6.6,16.5,"unburned-before",0,0
"2499","unburned-352-after","unburned-352","unburned","352",352,"after","unburned",1752.14477539062,NA,0.052046264387136,60.7605870976528,0.284387636263005,74.3714285714286,261.514282226563,16.5714285714286,16,11.8571428571429,10,11.4285714285714,"unburned-after",0,1
"2500","unburned-352-before","unburned-352","unburned","352",352,"before","unburned",1752.14477539062,NA,-0.14149213581744,158.5360309505,0.433330313018872,119.5125,275.79999923706,15.125,19.625,9.125,12,10.625,"unburned-before",0,0
"2501","unburned-3520-after","unburned-3520","unburned","3520",3520,"after","unburned",1455.33166503906,NA,0.197093317454956,8.77631860070996,0.234202486448674,55.3888888888889,236.50000360277,16.1111111111111,15.6666666666667,28.1111111111111,11.4444444444444,20.1111111111111,"unburned-after",0,1
"2502","unburned-3520-before","unburned-3520","unburned","3520",3520,"before","unburned",1455.33166503906,NA,0.382206350952168,-32.9953326589003,0.240278733141962,55.86,232.480000495911,23.9,18.1,19.1,11.1,15.5,"unburned-before",0,0
"2503","unburned-3527-after","unburned-3527","unburned","3527",3527,"after","unburned",1318.875,NA,0.201202469726144,61.6083335175185,0.475920799649737,106.73,224.260003089905,28.8,8.4,27.9,11.2,19.1,"unburned-after",0,1
"2504","unburned-3527-before","unburned-3527","unburned","3527",3527,"before","unburned",1318.875,NA,0.651209758335289,-54.0624156060314,0.384168930509664,77.775,202.450000047684,33.375,10,26.125,12.75,16,"unburned-before",0,0
"2505","unburned-353-after","unburned-353","unburned","353",353,"after","unburned",1551.31396484375,NA,0.0595070929870996,41.0985820448627,0.179514632805343,61.4777777777778,342.466665903727,15.6666666666667,23.1111111111111,12.5555555555556,12.2222222222222,9.88888888888889,"unburned-after",0,1
"2506","unburned-353-before","unburned-353","unburned","353",353,"before","unburned",1551.31396484375,NA,0.0799482418339488,29.7459943668822,0.165511293904469,57.54,347.649991989136,17,24,12.7,10,9.6,"unburned-before",0,0
"2507","unburned-3540-after","unburned-3540","unburned","3540",3540,"after","unburned",1724.9921875,NA,0.060346469449077,87.20571926666,0.240606340263446,116.4,483.777775234646,13,22.1111111111111,11.5555555555556,27.1111111111111,11.6666666666667,"unburned-after",0,1
"2508","unburned-3540-before","unburned-3540","unburned","3540",3540,"before","unburned",1724.9921875,NA,0.107056594897435,50.0623250795948,0.211739123234944,101.26,478.229995727539,16,23.1,11.2,24.8,12,"unburned-before",0,0
"2509","unburned-3553-after","unburned-3553","unburned","3553",3553,"after","unburned",1506.43359375,NA,0.183753673179312,27.2968976892172,0.326400507137856,62.46,191.359996795654,18.4,11.4,16.5,11.5,16.4,"unburned-after",0,1
"2510","unburned-3553-before","unburned-3553","unburned","3553",3553,"before","unburned",1506.43359375,NA,0.180239775471234,24.599988117802,0.290467122275571,64.825,223.174999952316,19.875,13.625,11.25,11.75,17,"unburned-before",0,0
"2511","unburned-3563-after","unburned-3563","unburned","3563",3563,"after","unburned",1443.43859863281,NA,0.230928572558501,4.83608081641973,0.250868824666641,60.8428571428571,242.528569357736,11.8571428571429,6.71428571428571,48,11.7142857142857,16.4285714285714,"unburned-after",0,1
"2512","unburned-3563-before","unburned-3563","unburned","3563",3563,"before","unburned",1443.43859863281,NA,0.299645104454833,-10.071537800958,0.261401178655275,68.84,263.349998474121,15.9,10.8,30.8,12.9,15.6,"unburned-before",0,0
"2513","unburned-3570-after","unburned-3570","unburned","3570",3570,"after","unburned",2024.38781738281,NA,0.135939447977431,110.421875703103,0.389116752835792,169.711111111111,436.14444732666,10.6666666666667,25.3333333333333,8.11111111111111,28,14,"unburned-after",0,1
"2514","unburned-3570-before","unburned-3570","unburned","3570",3570,"before","unburned",2024.38781738281,NA,0.185861232071348,73.7329990629655,0.345532499860516,159.56,461.780006408691,13.5,25.8,7.5,29.8,14.6,"unburned-before",0,0
"2515","unburned-3575-after","unburned-3575","unburned","3575",3575,"after","unburned",1278.13916015625,NA,0.309413329783405,-7.57114619126657,0.269424881724377,51.0111111111111,189.333333969116,21.6666666666667,10.1111111111111,36,5.66666666666667,14.4444444444444,"unburned-after",0,1
"2516","unburned-3575-before","unburned-3575","unburned","3575",3575,"before","unburned",1278.13916015625,NA,0.288990974712422,-13.0289762025367,0.225580374310134,46.35,205.470002174377,27.4,17.8,21.1,6.5,16,"unburned-before",0,0
"2517","unburned-3580-after","unburned-3580","unburned","3580",3580,"after","unburned",2015.63208007812,NA,0.0976318207676623,145.942448871182,0.438039384667762,187.8,428.728572300502,8.14285714285714,27.8571428571429,9.14285714285714,31,12,"unburned-after",0,1
"2518","unburned-3580-before","unburned-3580","unburned","3580",3580,"before","unburned",2015.63208007812,NA,0.159393517898903,104.18772420267,0.382417159128248,178.65,467.159999847412,9,33.7,10,31,13.8,"unburned-before",0,0
"2519","unburned-3581-after","unburned-3581","unburned","3581",3581,"after","unburned",2048.75463867188,NA,0.0598716903850832,113.108022247492,0.26582637405954,145.988888888889,549.18888092041,17.1111111111111,27.3333333333333,11.5555555555556,27.1111111111111,14.3333333333333,"unburned-after",0,1
"2520","unburned-3581-before","unburned-3581","unburned","3581",3581,"before","unburned",2048.75463867188,NA,0.117915350808003,75.3950926147379,0.260398754781587,137.79,529.149995803833,14.9,26.7,11.8,29.8,14.2,"unburned-before",0,0
"2521","unburned-3584-after","unburned-3584","unburned","3584",3584,"after","unburned",1351.01000976562,NA,0.241099698648307,4.50198688659506,0.260362625976236,60.85,233.712499141693,18.125,5,40.875,10.625,17.375,"unburned-after",0,1
"2522","unburned-3584-before","unburned-3584","unburned","3584",3584,"before","unburned",1351.01000976562,NA,0.116245209007673,61.1713118204614,0.389124330122701,87.23,224.169997215271,29.3,10.3,21.4,8.8,18.3,"unburned-before",0,0
"2523","unburned-3598-after","unburned-3598","unburned","3598",3598,"after","unburned",1533.48522949219,NA,0.104539412539003,5.14738422043305,0.129460178416096,26.74,206.550001144409,25.1,19.1,9.7,2.4,12.8,"unburned-after",0,1
"2524","unburned-3598-before","unburned-3598","unburned","3598",3598,"before","unburned",1533.48522949219,NA,0.145654064110677,-0.611818314458287,0.142689007172207,29.4428571428571,206.342855181013,23.5714285714286,18.7142857142857,8.71428571428571,2.71428571428571,11.4285714285714,"unburned-before",0,0
"2525","unburned-3599-after","unburned-3599","unburned","3599",3599,"after","unburned",1842.94873046875,NA,0.0821206378839742,67.3642043397005,0.253275742956807,99.6857142857143,393.585714612688,20.5714285714286,23.5714285714286,10.1428571428571,20.5714285714286,14.8571428571429,"unburned-after",0,1
"2526","unburned-3599-before","unburned-3599","unburned","3599",3599,"before","unburned",1842.94873046875,NA,0.0997416563560356,53.7720393224889,0.227142418325297,95.87,422.069997787476,21.2,24.1,9.2,21.3,15.8,"unburned-before",0,0
"2527","unburned-3615-after","unburned-3615","unburned","3615",3615,"after","unburned",1510.99426269531,NA,0.159592018290545,34.349443649162,0.276268118885381,81.3333333333333,294.399996863471,23.3333333333333,14.4444444444444,15.6666666666667,16.5555555555556,18.2222222222222,"unburned-after",0,1
"2528","unburned-3615-before","unburned-3615","unburned","3615",3615,"before","unburned",1510.99426269531,NA,0.184186266829729,28.8995744537664,0.285170174215151,81.61,286.179998397827,22.4,19.5,14.7,16.8,17.6,"unburned-before",0,0
"2529","unburned-3617-after","unburned-3617","unburned","3617",3617,"after","unburned",1579.03955078125,NA,0.199718539915731,2.93181594032822,0.210539267259616,57.0444444444444,270.944442749023,22.2222222222222,11.6666666666667,26.4444444444444,8.66666666666667,12.5555555555556,"unburned-after",0,1
"2530","unburned-3617-before","unburned-3617","unburned","3617",3617,"before","unburned",1579.03955078125,NA,0.20155855119105,17.8058885739055,0.260092044055113,79.12,304.20000076294,34.1,16.4,15.6,9,12,"unburned-before",0,0
"2531","unburned-3624-after","unburned-3624","unburned","3624",3624,"after","unburned",1357.5322265625,NA,0.144944538816561,17.2654067027562,0.200486111898444,62.3222222222222,310.855558183458,20,8,21.4444444444444,12.7777777777778,15.8888888888889,"unburned-after",0,1
"2532","unburned-3624-before","unburned-3624","unburned","3624",3624,"before","unburned",1357.5322265625,NA,0.129635358366807,15.9394088921609,0.178026046417751,58.64,329.390003204346,23.9,12.2,16.2,10.1,16,"unburned-before",0,0
"2533","unburned-3630-after","unburned-3630","unburned","3630",3630,"after","unburned",1360.03295898438,NA,0.12053297874022,16.6250155747426,0.195002987114731,43.5333333333333,223.244443469577,23.7777777777778,10.4444444444444,29.4444444444444,7.88888888888889,19.6666666666667,"unburned-after",0,1
"2534","unburned-3630-before","unburned-3630","unburned","3630",3630,"before","unburned",1360.03295898438,NA,0.221352995606063,-2.70692268449133,0.209373341262555,47.31,225.959999084473,27.7,14.4,18.5,8.5,18.4,"unburned-before",0,0
"2535","unburned-3638-after","unburned-3638","unburned","3638",3638,"after","unburned",2094.53540039062,NA,0.124056715865096,91.6843331268173,0.317606076728129,150.45,473.700004577637,10.3,29.2,6.9,29.3,13,"unburned-after",0,1
"2536","unburned-3638-before","unburned-3638","unburned","3638",3638,"before","unburned",2094.53540039062,NA,0.214194731420798,40.3092838545435,0.302723329299709,137.8375,455.325000286102,9.5,29.5,7.125,30.375,12.625,"unburned-before",0,0
"2537","unburned-3663-after","unburned-3663","unburned","3663",3663,"after","unburned",1880.81555175781,NA,0.0923552903261675,121.197143330078,0.369623794728017,161.566666666667,437.11110856798,15.3333333333333,23.2222222222222,8.66666666666667,26.8888888888889,16.3333333333333,"unburned-after",0,1
"2538","unburned-3663-before","unburned-3663","unburned","3663",3663,"before","unburned",1880.81555175781,NA,0.135977173778582,77.4569035183462,0.301780974497063,140.98,467.159999847412,17.9,23,10.1,28.8,16.6,"unburned-before",0,0
"2539","unburned-3672-after","unburned-3672","unburned","3672",3672,"after","unburned",1192.955078125,NA,0.781633339873414,-26.856064475892,0.632239322727721,113.655555555556,179.766666624281,15.3333333333333,4.88888888888889,46.3333333333333,9.11111111111111,17.1111111111111,"unburned-after",0,1
"2540","unburned-3672-before","unburned-3672","unburned","3672",3672,"before","unburned",1192.955078125,NA,0.460709066855893,-13.126563518066,0.400316943193869,87.0111111111111,217.355554368761,17.7777777777778,8.11111111111111,37.1111111111111,9,16.8888888888889,"unburned-before",0,0
"2541","unburned-3697-after","unburned-3697","unburned","3697",3697,"after","unburned",1372.43566894531,NA,0.138529857398258,11.0109880126478,0.184504755113934,44.1888888888889,239.500000211928,19.6666666666667,23.2222222222222,15.4444444444444,18.4444444444444,16.8888888888889,"unburned-after",0,1
"2542","unburned-3697-before","unburned-3697","unburned","3697",3697,"before","unburned",1372.43566894531,NA,0.0132410077493514,77.9398169220254,0.315372356359301,81.3555555555556,257.966666751438,20.5555555555556,19.5555555555556,14.1111111111111,20,15.1111111111111,"unburned-before",0,0
"2543","unburned-3732-after","unburned-3732","unburned","3732",3732,"after","unburned",1487.69714355469,NA,0.117219961845303,11.23982081856,0.154493451873792,46.5875,301.549997329712,13.375,17.375,18.875,7.75,11.875,"unburned-after",0,1
"2544","unburned-3732-before","unburned-3732","unburned","3732",3732,"before","unburned",1487.69714355469,NA,0.124728762376182,8.4964591092015,0.151774629216649,47.68,314.150001525879,14.2,20.3,14.6,6.9,10.7,"unburned-before",0,0
"2545","unburned-3771-after","unburned-3771","unburned","3771",3771,"after","unburned",1497.14379882812,NA,0.321647046634,-17.1777041566894,0.239277533851552,49.9,208.544442918565,19.2222222222222,8.22222222222222,35.5555555555556,8.33333333333333,15.7777777777778,"unburned-after",0,1
"2546","unburned-3771-before","unburned-3771","unburned","3771",3771,"before","unburned",1497.14379882812,NA,0.358755157793723,-17.330682705716,0.28479986673791,66.74,234.339997291565,20.5,9.5,34.6,10.9,17,"unburned-before",0,0
"2547","unburned-3775-after","unburned-3775","unburned","3775",3775,"after","unburned",1552.48376464844,NA,0.130278359857129,11.4836829057198,0.172908761909974,46.5777777777778,269.377776251899,28.7777777777778,16.1111111111111,19.2222222222222,8.66666666666667,16.6666666666667,"unburned-after",0,1
"2548","unburned-3775-before","unburned-3775","unburned","3775",3775,"before","unburned",1552.48376464844,NA,0.295507796217453,-20.569863917261,0.222927915243701,63.18,283.409997940063,28.8,13.7,18.1,10.4,16.5,"unburned-before",0,0
"2549","unburned-3789-after","unburned-3789","unburned","3789",3789,"after","unburned",1377.86767578125,NA,0.127159638777897,25.5236204200593,0.250415842175716,51.8555555555556,207.077775531345,23.7777777777778,18.5555555555556,16.2222222222222,8.55555555555556,17.4444444444444,"unburned-after",0,1
"2550","unburned-3789-before","unburned-3789","unburned","3789",3789,"before","unburned",1377.86767578125,NA,0.245361425900984,6.86465999298751,0.278803526440171,57.23,205.270000457764,21.6,18,17.6,9.5,18.6,"unburned-before",0,0
"2551","unburned-3792-after","unburned-3792","unburned","3792",3792,"after","unburned",1929.80493164062,NA,0.0847407388411097,54.5197040290935,0.20978592986652,91.4666666666667,436.000005933974,18.3333333333333,21,10.5555555555556,25.2222222222222,14.4444444444444,"unburned-after",0,1
"2552","unburned-3792-before","unburned-3792","unburned","3792",3792,"before","unburned",1929.80493164062,NA,0.0627583671358369,60.9053978134196,0.197136176024023,89.35,453.239997863769,21.3,23.2,10.1,22.7,13.9,"unburned-before",0,0
"2553","unburned-3794-after","unburned-3794","unburned","3794",3794,"after","unburned",1427.49438476562,NA,0.0854494776074994,3.84711616351503,0.109077509748878,17.76,162.81999874115,24.4,15.6,7.6,0.9,10.8,"unburned-after",0,1
"2554","unburned-3794-before","unburned-3794","unburned","3794",3794,"before","unburned",1427.49438476562,NA,0.135015898198965,-4.27646519134339,0.110538741857333,19.3125,174.712500572205,29.625,12.25,6,0.75,8.25,"unburned-before",0,0
"2555","unburned-380-after","unburned-380","unburned","380",380,"after","unburned",1349.39514160156,NA,0.228700238000093,-13.221057272201,0.159330730452373,30.3666666666667,190.588887532552,22.2222222222222,13.5555555555556,21.6666666666667,3.88888888888889,14.4444444444444,"unburned-after",0,1
"2556","unburned-380-before","unburned-380","unburned","380",380,"before","unburned",1349.39514160156,NA,0.214893589635622,-10.1069727875047,0.165393281736647,33.77,204.179998397827,29.2,16.7,13,2.8,13.4,"unburned-before",0,0
"2557","unburned-3800-after","unburned-3800","unburned","3800",3800,"after","unburned",2035.28588867188,NA,0.062032001665183,167.145851796621,0.40753330485248,197.155555555556,483.777775234646,6.44444444444444,27.7777777777778,14.6666666666667,30.4444444444444,12,"unburned-after",0,1
"2558","unburned-3800-before","unburned-3800","unburned","3800",3800,"before","unburned",2035.28588867188,NA,0.113506656697683,119.35771205242,0.36308889352672,173.64,478.229995727539,6.9,29.1,14.5,30.3,12,"unburned-before",0,0
"2559","unburned-3806-after","unburned-3806","unburned","3806",3806,"after","unburned",2142.95361328125,NA,0.112894809736731,190.291001872396,0.52306366459289,242.666666666667,463.933327992757,4.5,26.1666666666667,18.5,35.3333333333333,9.5,"unburned-after",0,1
"2560","unburned-3806-before","unburned-3806","unburned","3806",3806,"before","unburned",2142.95361328125,NA,0.291836660127097,91.4385824202452,0.48857279108055,227.077777777778,464.77778116862,7.22222222222222,26.1111111111111,13,31.7777777777778,11.2222222222222,"unburned-before",0,0
"2561","unburned-3816-after","unburned-3816","unburned","3816",3816,"after","unburned",1777.43481445312,NA,0.0629685767737644,75.7810493285046,0.236720758632328,103.244444444444,436.14444732666,18.7777777777778,21.3333333333333,9.55555555555556,19.7777777777778,18,"unburned-after",0,1
"2562","unburned-3816-before","unburned-3816","unburned","3816",3816,"before","unburned",1777.43481445312,NA,0.0864956061302178,54.5780584468644,0.204686211373878,94.52,461.780006408691,21,22.1,10.2,21.1,18.1,"unburned-before",0,0
"2563","unburned-3819-after","unburned-3819","unburned","3819",3819,"after","unburned",1445.3251953125,NA,0.191852296007567,25.7946890885241,0.288140658480138,77.19,267.889996528625,19.3,18.4,21.2,16.5,17.6,"unburned-after",0,1
"2564","unburned-3819-before","unburned-3819","unburned","3819",3819,"before","unburned",1445.3251953125,NA,0.309255589917427,0.954214931417711,0.313024583373015,79.25,253.175003528595,20.5,21.875,17.875,18.875,17.5,"unburned-before",0,0
"2565","unburned-3822-after","unburned-3822","unburned","3822",3822,"after","unburned",1429.47058105469,NA,0.151033631475988,19.5109201583345,0.221065650935414,61.5888888888889,278.599993387858,24.6666666666667,12.8888888888889,18.7777777777778,12.6666666666667,19.2222222222222,"unburned-after",0,1
"2566","unburned-3822-before","unburned-3822","unburned","3822",3822,"before","unburned",1429.47058105469,NA,0.308237389318355,-12.9216856513398,0.26156680131247,72.42,276.869998931885,19.7,12.8,22.3,16.9,19,"unburned-before",0,0
"2567","unburned-3823-after","unburned-3823","unburned","3823",3823,"after","unburned",1403.38366699219,NA,0.164271995307247,24.6311707369436,0.242924996486864,76.075,313.162503242493,17.125,17.125,23.25,21,16.75,"unburned-after",0,1
"2568","unburned-3823-before","unburned-3823","unburned","3823",3823,"before","unburned",1403.38366699219,NA,0.220904543924946,13.2244864729535,0.265453934327272,78.8,296.849998474121,19.7,17.1,19.8,18.4,16,"unburned-before",0,0
"2569","unburned-3838-after","unburned-3838","unburned","3838",3838,"after","unburned",1907.82873535156,NA,0.0956143110068807,67.6865861958067,0.265467727889607,105.788888888889,398.499997456868,15.3333333333333,19.2222222222222,9.77777777777778,24.2222222222222,16.5555555555556,"unburned-after",0,1
"2570","unburned-3838-before","unburned-3838","unburned","3838",3838,"before","unburned",1907.82873535156,NA,0.237044760595623,13.7786792096768,0.271381581062838,108.9,401.279996871948,14.1,22.7,9.9,23,17.2,"unburned-before",0,0
"2571","unburned-385-after","unburned-385","unburned","385",385,"after","unburned",1526.11633300781,NA,0.101240352840382,4.29269731650675,0.120303756831362,27.09,225.180000305176,22.3,16.9,8.8,3.3,8.3,"unburned-after",0,1
"2572","unburned-385-before","unburned-385","unburned","385",385,"before","unburned",1526.11633300781,NA,0.0959653408461722,8.06375367524666,0.130668676122272,30.3625,232.362498044968,23.625,17.875,6.75,3.625,7.875,"unburned-before",0,0
"2573","unburned-3859-after","unburned-3859","unburned","3859",3859,"after","unburned",2010.49438476562,NA,0.0737130926266806,58.006516992362,0.201290290560729,91.5222222222222,454.677778879802,14.2222222222222,26.3333333333333,7.66666666666667,21.6666666666667,14.6666666666667,"unburned-after",0,1
"2574","unburned-3859-before","unburned-3859","unburned","3859",3859,"before","unburned",2010.49438476562,NA,0.123309841365203,28.7926270691128,0.185589755240274,85.8,462.310001373291,16.1,24.2,7.8,19.9,13.7,"unburned-before",0,0
"2575","unburned-387-after","unburned-387","unburned","387",387,"after","unburned",1588.90673828125,NA,0.310003712490055,72.2219903881045,0.537701651582934,170.55,317.183329264323,20.1666666666667,18.1666666666667,17.8333333333333,21.3333333333333,15.8333333333333,"unburned-after",0,1
"2576","unburned-387-before","unburned-387","unburned","387",387,"before","unburned",1588.90673828125,NA,0.506017390340236,4.96075465930577,0.524117049911197,143.65,274.079998016357,21.3,22.4,12.9,23.3,18.1,"unburned-before",0,0
"2577","unburned-3884-after","unburned-3884","unburned","3884",3884,"after","unburned",1241.46813964844,NA,0.193691119468037,6.86802442748381,0.223912499648996,50.8857142857143,227.257140023368,24.1428571428571,12.7142857142857,27.1428571428571,7,14.2857142857143,"unburned-after",0,1
"2578","unburned-3884-before","unburned-3884","unburned","3884",3884,"before","unburned",1241.46813964844,NA,0.132873914654953,43.2688335342436,0.310096250365884,75.71,244.150001525879,28.8,12.9,22.3,8.8,14.6,"unburned-before",0,0
"2579","unburned-3889-after","unburned-3889","unburned","3889",3889,"after","unburned",1599.62084960938,NA,0.0854250148349689,58.5228954986169,0.255731240852565,87.8777777777778,343.633329603407,36.7777777777778,16.2222222222222,8.88888888888889,10.4444444444444,14.7777777777778,"unburned-after",0,1
"2580","unburned-3889-before","unburned-3889","unburned","3889",3889,"before","unburned",1599.62084960938,NA,0.095367937633891,50.0211936079624,0.23526779270597,84.12,357.550003051758,39.3,17.7,8.4,10.6,14.1,"unburned-before",0,0
"2581","unburned-3903-after","unburned-3903","unburned","3903",3903,"after","unburned",1562.52465820312,NA,0.102311732505772,18.3216225179744,0.168314456450026,46.7222222222222,277.588884565565,24.1111111111111,19.3333333333333,15,7.77777777777778,15.8888888888889,"unburned-after",0,1
"2582","unburned-3903-before","unburned-3903","unburned","3903",3903,"before","unburned",1562.52465820312,NA,0.173584873764267,9.9921608480795,0.207871532544795,60.58,291.429996490479,21,18.6,17.4,11.3,17.3,"unburned-before",0,0
"2583","unburned-3911-after","unburned-3911","unburned","3911",3911,"after","unburned",2203.82690429688,NA,0.0251417649025323,144.903533379925,0.288991850754735,158.711111111111,549.18888092041,12.6666666666667,20.1111111111111,8.88888888888889,21.2222222222222,12.1111111111111,"unburned-after",0,1
"2584","unburned-3911-before","unburned-3911","unburned","3911",3911,"before","unburned",2203.82690429688,NA,0.0824935883094408,100.078518092216,0.271624305281642,143.73,529.149995803833,13.4,22.1,7.7,22.1,10.9,"unburned-before",0,0
"2585","unburned-3912-after","unburned-3912","unburned","3912",3912,"after","unburned",1502.39050292969,NA,0.167524193658843,78.3231136220558,0.401298366807007,134.45,335.037496089935,23.125,17.125,16.375,17.25,16.5,"unburned-after",0,1
"2586","unburned-3912-before","unburned-3912","unburned","3912",3912,"before","unburned",1502.39050292969,NA,0.427487502152532,-45.3144862862758,0.296186834481808,102.22,345.119998931885,23.6,12.8,13.7,20.3,17.9,"unburned-before",0,0
"2587","unburned-3913-after","unburned-3913","unburned","3913",3913,"after","unburned",1310.95446777344,NA,0.320925292041132,67.3832194468547,0.592100712830691,147.128571428571,248.485719135829,16,6.71428571428571,36.7142857142857,14.5714285714286,11.7142857142857,"unburned-after",0,1
"2588","unburned-3913-before","unburned-3913","unburned","3913",3913,"before","unburned",1310.95446777344,NA,0.564051144815122,12.4513575116624,0.621723018268862,134.23,215.900000572205,22.2,12.3,29.6,13.1,13,"unburned-before",0,0
"2589","unburned-3915-after","unburned-3915","unburned","3915",3915,"after","unburned",1379.18994140625,NA,0.189909512466592,-9.32548135838852,0.145069000150322,30.17,207.970000267029,35.4,14.7,14.8,1.8,15.6,"unburned-after",0,1
"2590","unburned-3915-before","unburned-3915","unburned","3915",3915,"before","unburned",1379.18994140625,NA,0.17762972339586,-1.98518336843739,0.168612310811364,37.12,220.149998664856,39.8,14.6,9.4,2,12.4,"unburned-before",0,0
"2591","unburned-3917-after","unburned-3917","unburned","3917",3917,"after","unburned",1516.34655761719,NA,0.249519771954591,-11.9899540549348,0.205243722882528,55.58,270.799999237061,21.2,11.4,28.5,8,16.2,"unburned-after",0,1
"2592","unburned-3917-before","unburned-3917","unburned","3917",3917,"before","unburned",1516.34655761719,NA,0.250046288616206,-10.788794484555,0.213842280510497,63.725,298.000001907349,28.375,13,16.375,7.375,14.5,"unburned-before",0,0
"2593","unburned-3936-after","unburned-3936","unburned","3936",3936,"after","unburned",1430.55395507812,NA,0.139043509979776,28.8139458974209,0.251101895684257,64.5666666666667,257.13333023919,27.6666666666667,15.2222222222222,12,16,18.4444444444444,"unburned-after",0,1
"2594","unburned-3936-before","unburned-3936","unburned","3936",3936,"before","unburned",1430.55395507812,NA,0.249080106520688,11.5901215409566,0.295410941685239,73.9,250.159996032715,24,15.6,13.2,20.9,16,"unburned-before",0,0
"2595","unburned-3942-after","unburned-3942","unburned","3942",3942,"after","unburned",1379.60607910156,NA,0.114438152452586,1.23110085770474,0.122392468522112,18.9428571428571,154.771428108215,15.2857142857143,19.7142857142857,13.5714285714286,2.14285714285714,10.1428571428571,"unburned-after",0,1
"2596","unburned-3942-before","unburned-3942","unburned","3942",3942,"before","unburned",1379.60607910156,NA,0.190708706704174,-12.3711847649734,0.123206198197199,22.58,183.270000457764,14.7,19.3,10.4,3.6,9.3,"unburned-before",0,0
"2597","unburned-3962-after","unburned-3962","unburned","3962",3962,"after","unburned",1670.88720703125,NA,0.116298292042217,86.0070137226807,0.345983796507222,129.555555555556,374.455557929145,11.1111111111111,20.1111111111111,11.8888888888889,24.6666666666667,12.6666666666667,"unburned-after",0,1
"2598","unburned-3962-before","unburned-3962","unburned","3962",3962,"before","unburned",1670.88720703125,NA,0.157204538748239,66.8179062707073,0.334572096596232,126.04,376.719999313354,13.4,19.4,13.9,25.8,13.2,"unburned-before",0,0
"2599","unburned-3995-after","unburned-3995","unburned","3995",3995,"after","unburned",1413.91479492188,NA,0.324070960705433,-15.6227699108026,0.253272909886123,55.8888888888889,220.666667090522,19.4444444444444,9.77777777777778,30.6666666666667,7.22222222222222,16.7777777777778,"unburned-after",0,1
"2600","unburned-3995-before","unburned-3995","unburned","3995",3995,"before","unburned",1413.91479492188,NA,0.152763804499159,25.2767171257936,0.25714403716236,62.27,242.159999847412,25.6,11.9,22.1,6.6,16.3,"unburned-before",0,0
"2601","unburned-3998-after","unburned-3998","unburned","3998",3998,"after","unburned",1915.69140625,NA,0.140896609867112,55.9592266371204,0.26929253909266,117.366666666667,435.833339691162,14.1111111111111,22.6666666666667,6.88888888888889,29.3333333333333,14.6666666666667,"unburned-after",0,1
"2602","unburned-3998-before","unburned-3998","unburned","3998",3998,"before","unburned",1915.69140625,NA,0.2262381091169,16.8304126278863,0.26482050499047,115.52,436.219997406006,14.7,23.8,8,27.2,14.8,"unburned-before",0,0
"2603","unburned-4003-after","unburned-4003","unburned","4003",4003,"after","unburned",1683.25927734375,NA,0.149123604468867,12.9533580842204,0.19247632057225,57.51,298.790000915527,28.9,25.7,5.9,16.9,17.1,"unburned-after",0,1
"2604","unburned-4003-before","unburned-4003","unburned","4003",4003,"before","unburned",1683.25927734375,NA,0.207904487460106,1.09460217887782,0.211762116316758,60.0875,283.749997615814,23,23,5.125,19.375,17.5,"unburned-before",0,0
"2605","unburned-4007-after","unburned-4007","unburned","4007",4007,"after","unburned",1574.75659179688,NA,0.128675295530566,73.0229419768094,0.340698589912164,117.34,344.409996032715,36,12.2,18.6,12.9,15.4,"unburned-after",0,1
"2606","unburned-4007-before","unburned-4007","unburned","4007",4007,"before","unburned",1574.75659179688,NA,0.299819052945857,-8.66129098895754,0.27368063660734,90.6875,331.362500190735,35,15.625,14.875,11.375,14.875,"unburned-before",0,0
"2607","unburned-4009-after","unburned-4009","unburned","4009",4009,"after","unburned",1371.56103515625,NA,0.268673262466896,51.156153014339,0.488709190269634,113.62,232.490000724793,28.5,17.3,15.7,12.4,19.6,"unburned-after",0,1
"2608","unburned-4009-before","unburned-4009","unburned","4009",4009,"before","unburned",1371.56103515625,NA,0.648150936322205,-67.898537242545,0.343485334795424,76.55,222.862498760223,27.875,13.875,19.75,10.5,16.875,"unburned-before",0,0
"2609","unburned-4024-after","unburned-4024","unburned","4024",4024,"after","unburned",1464.10485839844,NA,0.106547855314405,38.0364310341888,0.23476534554086,69.6444444444444,296.655557420519,23.3333333333333,14.6666666666667,14.2222222222222,16.2222222222222,18.2222222222222,"unburned-after",0,1
"2610","unburned-4024-before","unburned-4024","unburned","4024",4024,"before","unburned",1464.10485839844,NA,0.293652329984863,-1.63735514084858,0.288081389346742,84.67,293.909996032715,20.2,13.1,21.5,19.9,17.2,"unburned-before",0,0
"2611","unburned-4025-after","unburned-4025","unburned","4025",4025,"after","unburned",1740.52807617188,NA,0.0842609305120438,24.6787208268014,0.144711773210341,59.0777777777778,408.244446648492,22.7777777777778,19.8888888888889,12.3333333333333,12.2222222222222,16,"unburned-after",0,1
"2612","unburned-4025-before","unburned-4025","unburned","4025",4025,"before","unburned",1740.52807617188,NA,0.130970767843216,13.428147487487,0.160783270964305,72.42,450.419994354248,22.3,22.4,13.2,14.5,15.9,"unburned-before",0,0
"2613","unburned-4029-after","unburned-4029","unburned","4029",4029,"after","unburned",1407.63659667969,NA,0.202810753679339,-3.14604946446125,0.189413617654525,44.48,234.83000087738,16.2,9.3,26.9,10.1,18.6,"unburned-after",0,1
"2614","unburned-4029-before","unburned-4029","unburned","4029",4029,"before","unburned",1407.63659667969,NA,0.40458054552139,-39.690449769099,0.226855481086766,50.6625,223.324998617172,17.25,10.625,27.875,9,15.5,"unburned-before",0,0
"2615","unburned-4047-after","unburned-4047","unburned","4047",4047,"after","unburned",1353.84631347656,NA,0.246115310818072,-6.01766670159235,0.217649527593382,46.0111111111111,211.400004492866,23.5555555555556,9.44444444444444,28.5555555555556,6.55555555555556,16.6666666666667,"unburned-after",0,1
"2616","unburned-4047-before","unburned-4047","unburned","4047",4047,"before","unburned",1353.84631347656,NA,0.192794178442638,1.39707483860542,0.198981400981285,44.93,225.799998283386,28.5,13.2,18.7,5.2,14.7,"unburned-before",0,0
"2617","unburned-4051-after","unburned-4051","unburned","4051",4051,"after","unburned",1883.85571289062,NA,0.123218341627511,127.173486181382,0.431658939338172,177.977777777778,412.311113145616,9.66666666666667,23.2222222222222,9.22222222222222,28.4444444444444,13.6666666666667,"unburned-after",0,1
"2618","unburned-4051-before","unburned-4051","unburned","4051",4051,"before","unburned",1883.85571289062,NA,0.159721487364671,88.1317874329529,0.356106688233501,159.81,448.770004272461,10.6,26.1,7.6,28.7,15.3,"unburned-before",0,0
"2619","unburned-4058-after","unburned-4058","unburned","4058",4058,"after","unburned",1655.728515625,NA,0.139105645534546,24.1947556036438,0.220021554365115,65.7888888888889,299.011108610365,23.4444444444444,19.7777777777778,18.4444444444444,8,15.7777777777778,"unburned-after",0,1
"2620","unburned-4058-before","unburned-4058","unburned","4058",4058,"before","unburned",1655.728515625,NA,0.180090331731282,13.7718204433748,0.221310985745866,73.94,334.099998474121,27.4,19.3,10.7,8,15.5,"unburned-before",0,0
"2621","unburned-4061-after","unburned-4061","unburned","4061",4061,"after","unburned",1360.009765625,NA,0.0931859413612158,22.058067088862,0.182050131490512,45.1888888888889,248.22222603692,29.3333333333333,13,20.8888888888889,6.88888888888889,16.3333333333333,"unburned-after",0,1
"2622","unburned-4061-before","unburned-4061","unburned","4061",4061,"before","unburned",1360.009765625,NA,0.267810750149078,-11.677358088828,0.220992700468585,55.12,249.420002937317,32.1,12.6,18.9,7.6,18.4,"unburned-before",0,0
"2623","unburned-4063-after","unburned-4063","unburned","4063",4063,"after","unburned",1335.94445800781,NA,0.156956526499632,-1.13851628239381,0.151550099502436,31.9142857142857,210.58571270534,19.1428571428571,12.5714285714286,21.1428571428571,5.14285714285714,15.2857142857143,"unburned-after",0,1
"2624","unburned-4063-before","unburned-4063","unburned","4063",4063,"before","unburned",1335.94445800781,NA,0.232344502724284,-4.65810886431703,0.210188353532889,44.19,210.240002632141,16.5,15.4,16.8,5.6,14.3,"unburned-before",0,0
"2625","unburned-4066-after","unburned-4066","unburned","4066",4066,"after","unburned",2025.88439941406,NA,0.0876315684731027,80.9072080049147,0.24378992849241,126.31,518.110000610352,14.6,26.5,7.9,28.8,17.4,"unburned-after",0,1
"2626","unburned-4066-before","unburned-4066","unburned","4066",4066,"before","unburned",2025.88439941406,NA,0.0945659867772641,67.2294360318211,0.228106765983861,114.8375,503.4375,18.75,25.5,7,27.625,17.125,"unburned-before",0,0
"2627","unburned-408-after","unburned-408","unburned","408",408,"after","unburned",1415.94909667969,NA,0.414372013554333,-22.4835955484626,0.3025063730521,60.8,200.987501144409,11.125,5,56,12.75,16,"unburned-after",0,1
"2628","unburned-408-before","unburned-408","unburned","408",408,"before","unburned",1415.94909667969,NA,0.29517956002601,-2.66624459570758,0.283342210639405,63.82,225.240001678467,21.5,10.6,29.8,10.1,16.4,"unburned-before",0,0
"2629","unburned-4082-after","unburned-4082","unburned","4082",4082,"after","unburned",1365.13146972656,NA,0.270890129394023,58.7055023116099,0.470297408392177,138.455555555556,294.399996863471,17.5555555555556,7.55555555555556,36.8888888888889,16,18.2222222222222,"unburned-after",0,1
"2630","unburned-4082-before","unburned-4082","unburned","4082",4082,"before","unburned",1365.13146972656,NA,0.571181974788764,-51.5608566299161,0.391012651570584,111.9,286.179998397827,21.2,11.6,30.9,17.4,16.7,"unburned-before",0,0
"2631","unburned-4084-after","unburned-4084","unburned","4084",4084,"after","unburned",1501.62353515625,NA,0.174403768234776,-14.2390286546352,0.123019738335943,34.09,277.1100025177,33.4,15.3,13.6,5.2,17,"unburned-after",0,1
"2632","unburned-4084-before","unburned-4084","unburned","4084",4084,"before","unburned",1501.62353515625,NA,0.282978562734685,-33.8688089775691,0.165444846733701,47.675,288.162496089935,33.875,15.375,13.125,6.375,15.5,"unburned-before",0,0
"2633","unburned-4092-after","unburned-4092","unburned","4092",4092,"after","unburned",1370.22534179688,NA,0.152721543280391,7.61894426283906,0.188891233328469,39.7888888888889,210.644444359673,26.4444444444444,15.2222222222222,20.5555555555556,7.44444444444444,18.8888888888889,"unburned-after",0,1
"2634","unburned-4092-before","unburned-4092","unburned","4092",4092,"before","unburned",1370.22534179688,NA,0.0647490935395634,63.9627601401086,0.365792818991717,77.72,212.469999313354,28.9,14.9,19,9,18.4,"unburned-before",0,0
"2635","unburned-4124-after","unburned-4124","unburned","4124",4124,"after","unburned",1828.96252441406,NA,0.0810839260948383,56.2662739136783,0.204833703469714,93.1333333333333,454.677778879802,24.7777777777778,27.8888888888889,5.44444444444444,20.5555555555556,15.1111111111111,"unburned-after",0,1
"2636","unburned-4124-before","unburned-4124","unburned","4124",4124,"before","unburned",1828.96252441406,NA,0.110638261322905,44.9508252558694,0.207869178072149,96.1,462.310001373291,25.7,25.5,6.2,20.5,15.5,"unburned-before",0,0
"2637","unburned-4125-after","unburned-4125","unburned","4125",4125,"after","unburned",1306.65270996094,NA,0.423361918617308,31.4526240062948,0.581983234498012,115.4,198.287498950958,22.75,5,41.875,9.25,19.125,"unburned-after",0,1
"2638","unburned-4125-before","unburned-4125","unburned","4125",4125,"before","unburned",1306.65270996094,NA,0.623798735963768,-39.69012263088,0.430084436831972,88.12,204.889999389648,30.9,8.9,28.9,10.3,17.4,"unburned-before",0,0
"2639","unburned-4133-after","unburned-4133","unburned","4133",4133,"after","unburned",2050.642578125,NA,0.0545756582627736,140.526053779916,0.350350793260315,166.455555555556,475.111113654243,8.88888888888889,35.1111111111111,8.88888888888889,29.4444444444444,11.3333333333333,"unburned-after",0,1
"2640","unburned-4133-before","unburned-4133","unburned","4133",4133,"before","unburned",2050.642578125,NA,-0.181444064921172,305.733454379066,0.444588542849592,217.122222222222,488.366661071778,9.33333333333333,34.1111111111111,7,31,11.7777777777778,"unburned-before",0,0
"2641","unburned-4141-after","unburned-4141","unburned","4141",4141,"after","unburned",1403.04553222656,NA,0.213467286916752,27.4075026790474,0.344041384000638,72.2142857142857,209.899997711182,20.7142857142857,7.71428571428571,30.2857142857143,15.2857142857143,18.8571428571429,"unburned-after",0,1
"2642","unburned-4141-before","unburned-4141","unburned","4141",4141,"before","unburned",1403.04553222656,NA,0.0348299221225114,93.2617846942751,0.412178836217136,101.87,247.150001525879,26.7,11.1,22.3,14.7,19,"unburned-before",0,0
"2643","unburned-4144-after","unburned-4144","unburned","4144",4144,"after","unburned",2046.92053222656,NA,0.124292569102173,130.307658558384,0.404919721552748,188.022222222222,464.344442155626,15.2222222222222,28.3333333333333,13.7777777777778,31.4444444444444,16.5555555555556,"unburned-after",0,1
"2644","unburned-4144-before","unburned-4144","unburned","4144",4144,"before","unburned",2046.92053222656,NA,0.0907278002460759,133.22616951596,0.359670548677055,178.17,495.370000839233,14.3,26,11.7,32.8,18.7,"unburned-before",0,0
"2645","unburned-4148-after","unburned-4148","unburned","4148",4148,"after","unburned",1493.42883300781,NA,0.223720038233168,0.592590837752832,0.225866156052006,62.3666666666667,276.122229894002,14.4444444444444,9.66666666666667,38.8888888888889,7.55555555555556,14.8888888888889,"unburned-after",0,1
"2646","unburned-4148-before","unburned-4148","unburned","4148",4148,"before","unburned",1493.42883300781,NA,0.247050654898309,-6.85917908924346,0.224341149021332,67.76,302.03999710083,19.5,9.6,24.4,7.4,12.2,"unburned-before",0,0
"2647","unburned-4150-after","unburned-4150","unburned","4150",4150,"after","unburned",2000.79650878906,NA,0.151472817731028,128.564491165231,0.426440318510141,199.3875,467.56249666214,8.5,27,12.5,31.625,13.25,"unburned-after",0,1
"2648","unburned-4150-before","unburned-4150","unburned","4150",4150,"before","unburned",2000.79650878906,NA,-0.0205563529931103,236.343000599449,0.456547630290187,226.16,495.370000839233,9.4,28.4,10.4,31.9,13.8,"unburned-before",0,0
"2649","unburned-4151-after","unburned-4151","unburned","4151",4151,"after","unburned",2083.05053710938,NA,0.0149706151248306,137.053616106867,0.29051065813743,144.5,497.399995326996,10.5,22,15.875,33.625,13.125,"unburned-after",0,1
"2650","unburned-4151-before","unburned-4151","unburned","4151",4151,"before","unburned",2083.05053710938,NA,-0.0613392815138602,213.69111657377,0.393138946574251,184.85,470.18999671936,11.1,21.8,11.5,34.2,12.3,"unburned-before",0,0
"2651","unburned-4154-after","unburned-4154","unburned","4154",4154,"after","unburned",1485.36645507812,NA,0.207821270346854,6.40392639456186,0.237275142720714,51.5888888888889,217.422222561306,21.6666666666667,12.8888888888889,21.8888888888889,6.44444444444444,18.4444444444444,"unburned-after",0,1
"2652","unburned-4154-before","unburned-4154","unburned","4154",4154,"before","unburned",1485.36645507812,NA,0.22486007830371,7.67631818005372,0.257097262008326,61.22,238.119999885559,22.9,15,15.8,9,18,"unburned-before",0,0
"2653","unburned-4166-after","unburned-4166","unburned","4166",4166,"after","unburned",2100.7841796875,NA,0.0231423476445317,146.588776574898,0.330298940931253,157.633333333333,477.244440714518,8.66666666666667,29,7.33333333333333,29.2222222222222,13.3333333333333,"unburned-after",0,1
"2654","unburned-4166-before","unburned-4166","unburned","4166",4166,"before","unburned",2100.7841796875,NA,0.0959610825387501,118.650058915919,0.348306006386071,163.77,470.18999671936,9,28.9,9.2,33.9,13,"unburned-before",0,0
"2655","unburned-4174-after","unburned-4174","unburned","4174",4174,"after","unburned",1828.31262207031,NA,0.130520287350975,75.9812171089438,0.287114427394804,139.311111111111,485.211113823785,15.6666666666667,27.2222222222222,6.33333333333333,28.2222222222222,14.6666666666667,"unburned-after",0,1
"2656","unburned-4174-before","unburned-4174","unburned","4174",4174,"before","unburned",1828.31262207031,NA,0.190714962350404,64.8336327373181,0.323204249024715,158.16,489.350002288818,15.2,23.3,6.3,28.6,14.7,"unburned-before",0,0
"2657","unburned-4176-after","unburned-4176","unburned","4176",4176,"after","unburned",1907.63977050781,NA,0.0636457946996762,32.0176729746605,0.15440655364492,54.47,352.770000457764,14.3,20.5,12.5,8.2,14,"unburned-after",0,1
"2658","unburned-4176-before","unburned-4176","unburned","4176",4176,"before","unburned",1907.63977050781,NA,0.0981998991061709,22.1177571381922,0.158730159931563,58,365.399997234344,13.875,22.5,12.5,7.125,14.125,"unburned-before",0,0
"2659","unburned-4188-after","unburned-4188","unburned","4188",4188,"after","unburned",1431.71203613281,NA,0.593272815409951,9.21499283275051,0.639631080178871,127.144444444444,198.777777353922,18.6666666666667,6.66666666666667,40,8.66666666666667,14.7777777777778,"unburned-after",0,1
"2660","unburned-4188-before","unburned-4188","unburned","4188",4188,"before","unburned",1431.71203613281,NA,0.51486606939734,-24.8668635930592,0.397950070743812,84.64,212.689998626709,21.2,11.6,22.9,6.5,13.9,"unburned-before",0,0
"2661","unburned-4193-after","unburned-4193","unburned","4193",4193,"after","unburned",1652.38220214844,NA,0.234884982788471,0.0596359399153054,0.23517382331014,48.5555555555556,206.466667387221,25.5555555555556,20.3333333333333,13.3333333333333,6.22222222222222,17.5555555555556,"unburned-after",0,1
"2662","unburned-4193-before","unburned-4193","unburned","4193",4193,"before","unburned",1652.38220214844,NA,0.231158659277492,0.247270099129333,0.232147858380619,58.03,249.969999313354,26.8,19.1,8.8,6.5,17.7,"unburned-before",0,0
"2663","unburned-4196-after","unburned-4196","unburned","4196",4196,"after","unburned",1634.23986816406,NA,0.125408844547249,4.50030720686384,0.143864828743634,35.08,243.840001106262,11.9,17.7,14.6,4.5,9.9,"unburned-after",0,1
"2664","unburned-4196-before","unburned-4196","unburned","4196",4196,"before","unburned",1634.23986816406,NA,0.28833683433818,-36.907802281358,0.154951210270262,42.875,276.700000762939,12.875,19.625,9.375,8.5,8.75,"unburned-before",0,0
"2665","unburned-4198-after","unburned-4198","unburned","4198",4198,"after","unburned",1618.80895996094,NA,0.206695255822431,12.4798749211493,0.267140242313852,55.1555555555556,206.466667387221,16.5555555555556,21,13.5555555555556,9,15.2222222222222,"unburned-after",0,1
"2666","unburned-4198-before","unburned-4198","unburned","4198",4198,"before","unburned",1618.80895996094,NA,0.255297058667685,3.50339442013747,0.269312318217875,67.32,249.969999313354,17.5,23.3,10.7,9.6,15.6,"unburned-before",0,0
"2667","unburned-4204-after","unburned-4204","unburned","4204",4204,"after","unburned",1312.63952636719,NA,0.141040807806509,0.269198396631819,0.142886528748903,20.84,145.849998474121,22.3,14.3,10.4,0.8,10,"unburned-after",0,1
"2668","unburned-4204-before","unburned-4204","unburned","4204",4204,"before","unburned",1312.63952636719,NA,0.105413056006449,6.70898206903785,0.148658448562065,23.0625,155.137499570847,23.375,13.375,8.875,1.125,8.125,"unburned-before",0,0
"2669","unburned-421-after","unburned-421","unburned","421",421,"after","unburned",1549.79309082031,NA,0.0913912662722843,14.2921263387582,0.165713296860383,31.8666666666667,192.299998071459,20.3333333333333,13.3333333333333,10.1111111111111,4.11111111111111,19.6666666666667,"unburned-after",0,1
"2670","unburned-421-before","unburned-421","unburned","421",421,"before","unburned",1549.79309082031,NA,-0.000649510485187846,45.9809957354556,0.211166391272778,45.84,217.079998970032,25.3,11.7,9,6.1,19.4,"unburned-before",0,0
"2671","unburned-422-after","unburned-422","unburned","422",422,"after","unburned",1424.64660644531,NA,0.174798149902596,-11.0235606558835,0.124727471016678,27.46,220.159999847412,34.8,17.8,9.5,5.4,16.3,"unburned-after",0,1
"2672","unburned-422-before","unburned-422","unburned","422",422,"before","unburned",1424.64660644531,NA,0.115575542924264,45.173590014828,0.312861665599532,71.6375,228.97500038147,28.875,18.625,11.75,8.875,15.375,"unburned-before",0,0
"2673","unburned-4225-after","unburned-4225","unburned","4225",4225,"after","unburned",1487.67126464844,NA,0.280456854606184,-17.0105897251724,0.209615473934412,50.3333333333333,240.122221840752,18.8888888888889,7.55555555555556,35.8888888888889,9.44444444444444,15.3333333333333,"unburned-after",0,1
"2674","unburned-4225-before","unburned-4225","unburned","4225",4225,"before","unburned",1487.67126464844,NA,0.334464698757254,-24.8154065801375,0.238340564132197,61.53,258.159999847412,22.9,10.5,30.1,11.2,16,"unburned-before",0,0
"2675","unburned-4243-after","unburned-4243","unburned","4243",4243,"after","unburned",1822.03454589844,NA,0.0639262126849483,22.7421311229273,0.12424483404215,46.8444444444444,377.033337487115,38,26.3333333333333,5.66666666666667,13.8888888888889,12.6666666666667,"unburned-after",0,1
"2676","unburned-4243-before","unburned-4243","unburned","4243",4243,"before","unburned",1822.03454589844,NA,0.114719218228003,4.52131003846814,0.126745578255217,47.65,375.949998855591,36.1,24.5,6.2,14,13.2,"unburned-before",0,0
"2677","unburned-4247-after","unburned-4247","unburned","4247",4247,"after","unburned",1380.18322753906,NA,0.139888696052568,-1.06240679578132,0.134829080727965,28.3111111111111,209.977780448066,26.3333333333333,12.2222222222222,15.8888888888889,1.77777777777778,10.5555555555556,"unburned-after",0,1
"2678","unburned-4247-before","unburned-4247","unburned","4247",4247,"before","unburned",1380.18322753906,NA,0.141727766572467,-0.0174257102332465,0.141654800698683,33.83,238.820003509521,30.5,12.5,10.3,1.4,9.4,"unburned-before",0,0
"2679","unburned-4256-after","unburned-4256","unburned","4256",4256,"after","unburned",1511.76452636719,NA,0.206268544171323,-9.79560737701378,0.165872435641229,40.2222222222222,242.4888865153,22,17.5555555555556,22.1111111111111,4.22222222222222,11.6666666666667,"unburned-after",0,1
"2680","unburned-4256-before","unburned-4256","unburned","4256",4256,"before","unburned",1511.76452636719,NA,0.18534284097183,-8.0554137560099,0.155425981088815,41.85,269.260002136231,28,18.9,13.2,4,10.7,"unburned-before",0,0
"2681","unburned-4264-after","unburned-4264","unburned","4264",4264,"after","unburned",1386.95556640625,NA,0.217974577616837,9.85275319294352,0.264984791434265,55.5375,209.587500095367,22.125,14,19.625,8.5,14.25,"unburned-after",0,1
"2682","unburned-4264-before","unburned-4264","unburned","4264",4264,"before","unburned",1386.95556640625,NA,0.249486070343251,-0.00339213169215322,0.249470792535315,55.39,222.029999732971,26.9,14.1,13.7,6,15.2,"unburned-before",0,0
"2683","unburned-4283-after","unburned-4283","unburned","4283",4283,"after","unburned",1453.03735351562,NA,0.134175692026137,7.32851956151273,0.164985050905752,39.2444444444444,237.866668701172,29,13.1111111111111,18.4444444444444,3.22222222222222,15.6666666666667,"unburned-after",0,1
"2684","unburned-4283-before","unburned-4283","unburned","4283",4283,"before","unburned",1453.03735351562,NA,0.197040981281856,-6.68409093335112,0.173035483075668,48.18,278.440000534058,34.8,13.8,10.8,3.6,15.1,"unburned-before",0,0
"2685","unburned-4284-after","unburned-4284","unburned","4284",4284,"after","unburned",1413.19982910156,NA,0.263810137539683,25.0559051253936,0.367542207897537,88.7777777777778,241.544442706638,22.2222222222222,8.66666666666667,27.1111111111111,5.88888888888889,14.2222222222222,"unburned-after",0,1
"2686","unburned-4284-before","unburned-4284","unburned","4284",4284,"before","unburned",1413.19982910156,NA,0.342984280983587,-20.0555776786302,0.267047823259388,70.53,264.109997749329,27.7,11.1,20.2,7.8,12.5,"unburned-before",0,0
"2687","unburned-4287-after","unburned-4287","unburned","4287",4287,"after","unburned",1603.02795410156,NA,0.0722339431320286,22.558313580799,0.141282959134841,46.1571428571429,326.700000762939,24.1428571428571,16.7142857142857,16.7142857142857,7.14285714285714,18,"unburned-after",0,1
"2688","unburned-4287-before","unburned-4287","unburned","4287",4287,"before","unburned",1603.02795410156,NA,0.159753699162673,8.86289068212553,0.18464736181052,65.74,356.029998779297,22.1,18.9,18.9,12.1,19.2,"unburned-before",0,0
"2689","unburned-4298-after","unburned-4298","unburned","4298",4298,"after","unburned",1496.83349609375,NA,0.273778038231667,-21.3305955146476,0.185616865329439,44.91,241.949996948242,19,16.8,22.9,5.9,13.7,"unburned-after",0,1
"2690","unburned-4298-before","unburned-4298","unburned","4298",4298,"before","unburned",1496.83349609375,NA,0.244819765409985,-15.4784657821793,0.185820467893664,48.75,262.350001335144,20.5,17.875,13,6.375,12.25,"unburned-before",0,0
"2691","unburned-43-after","unburned-43","unburned","43",43,"after","unburned",1670.61926269531,NA,0.113681241984986,39.6857881641012,0.226932585743962,79.5222222222222,350.422227647569,24.7777777777778,21.3333333333333,9.11111111111111,17.6666666666667,17.2222222222222,"unburned-after",0,1
"2692","unburned-43-before","unburned-43","unburned","43",43,"before","unburned",1670.61926269531,NA,0.209858728582419,9.75864394043266,0.23746216810418,83.95,353.529998779297,23.4,21.2,10.7,19.5,18.2,"unburned-before",0,0
"2693","unburned-432-after","unburned-432","unburned","432",432,"after","unburned",1377.72729492188,NA,0.124080236354216,3.57988389590974,0.141195219123506,29.5333333333333,209.166666666667,31.2222222222222,16.7777777777778,18.8888888888889,5.88888888888889,16,"unburned-after",0,1
"2694","unburned-432-before","unburned-432","unburned","432",432,"before","unburned",1377.72729492188,NA,-0.0536299192259785,84.8464231854796,0.343553979132256,73.39,213.619997024536,26.2,16,19.2,9.4,16.1,"unburned-before",0,0
"2695","unburned-4330-after","unburned-4330","unburned","4330",4330,"after","unburned",1947.54223632812,NA,0.104766512222,68.1823550033363,0.240652902590736,120.75,501.759998321533,14.4,29.6,6.8,25.1,15.3,"unburned-after",0,1
"2696","unburned-4330-before","unburned-4330","unburned","4330",4330,"before","unburned",1947.54223632812,NA,0.165804645956608,37.1945238974431,0.242230441164634,117.8875,486.675000190735,15.375,26.875,5.75,25.5,14.25,"unburned-before",0,0
"2697","unburned-4337-after","unburned-4337","unburned","4337",4337,"after","unburned",1344.35668945312,NA,0.138666927420991,15.4082424308725,0.203094200053699,48.5714285714286,239.15714263916,18.1428571428571,10.5714285714286,31.7142857142857,7.14285714285714,15.4285714285714,"unburned-after",0,1
"2698","unburned-4337-before","unburned-4337","unburned","4337",4337,"before","unburned",1344.35668945312,NA,0.234252319071118,-7.62123442636984,0.205219045382337,53.87,262.500002861023,20.2,10.6,26.5,7.1,13.7,"unburned-before",0,0
"2699","unburned-4345-after","unburned-4345","unburned","4345",4345,"after","unburned",1534.431640625,NA,0.126638500116214,31.3986616941091,0.236240934018631,67.6777777777778,286.477777693007,17.4444444444444,21.4444444444444,11.2222222222222,15.2222222222222,19.1111111111111,"unburned-after",0,1
"2700","unburned-4345-before","unburned-4345","unburned","4345",4345,"before","unburned",1534.431640625,NA,0.120366566641456,33.596165277729,0.230093413176518,70.45,306.17999458313,18.1,20.5,10,16.1,17.9,"unburned-before",0,0
"2701","unburned-4353-after","unburned-4353","unburned","4353",4353,"after","unburned",2040.15466308594,NA,0.141553985907474,49.3266531419229,0.30698714321928,91.5333333333333,298.166667090522,11.3333333333333,20.3333333333333,13.8888888888889,17,13.8888888888889,"unburned-after",0,1
"2702","unburned-4353-before","unburned-4353","unburned","4353",4353,"before","unburned",2040.15466308594,NA,0.137609394354087,66.8869369422255,0.356430141435141,108.95,305.669996261597,11.5,20.2,9.9,20,13.5,"unburned-before",0,0
"2703","unburned-4355-after","unburned-4355","unburned","4355",4355,"after","unburned",1642.23706054688,NA,0.139536541315171,23.1210057754311,0.237840138176056,55.94,235.199997901917,16.9,16.1,15.9,7.9,14.7,"unburned-after",0,1
"2704","unburned-4355-before","unburned-4355","unburned","4355",4355,"before","unburned",1642.23706054688,NA,0.229173494910013,6.53117760147625,0.256446394530387,61.4125,239.47499871254,17.125,18.625,12.25,9.5,15.625,"unburned-before",0,0
"2705","unburned-4364-after","unburned-4364","unburned","4364",4364,"after","unburned",1361.29150390625,NA,0.229160177701543,-17.1482238453837,0.147322706238055,30.87,209.540000915527,32.3,11.6,24.4,5,16,"unburned-after",0,1
"2706","unburned-4364-before","unburned-4364","unburned","4364",4364,"before","unburned",1361.29150390625,NA,0.288863576504717,-23.194667845421,0.188085353455625,43.2888888888889,230.155554877387,26.5555555555556,13.2222222222222,20,5.88888888888889,15.8888888888889,"unburned-before",0,0
"2707","unburned-4374-after","unburned-4374","unburned","4374",4374,"after","unburned",1440.19519042969,NA,0.143476080011542,25.1061919541612,0.253721509639667,57.78,227.730002403259,21.2,16.5,23.6,13.1,18,"unburned-after",0,1
"2708","unburned-4374-before","unburned-4374","unburned","4374",4374,"before","unburned",1440.19519042969,NA,0.348865879176824,-6.83252624952685,0.314986983711025,63.525,201.675000190735,19.75,16.375,17.75,12.125,16.75,"unburned-before",0,0
"2709","unburned-4376-after","unburned-4376","unburned","4376",4376,"after","unburned",1887.81713867188,NA,-0.0545515960666302,280.418396289889,0.45251119033627,250.25,553.024997711182,11.5,27.25,6.75,17.5,14.5,"unburned-after",0,1
"2710","unburned-4376-before","unburned-4376","unburned","4376",4376,"before","unburned",1887.81713867188,NA,0.415303348029042,-5.00583164918012,0.404007582050832,179.04,443.159999847412,14,26.4,3.9,18.7,12.2,"unburned-before",0,0
"2711","unburned-4378-after","unburned-4378","unburned","4378",4378,"after","unburned",1409.38696289062,NA,0.19341646249488,-0.506071002755448,0.190999310745968,39.9888888888889,209.366665946113,22.7777777777778,15.3333333333333,17.5555555555556,4.22222222222222,16.3333333333333,"unburned-after",0,1
"2712","unburned-4378-before","unburned-4378","unburned","4378",4378,"before","unburned",1409.38696289062,NA,0.190480115094998,7.68580291615459,0.225391779699889,49.62,220.149998664856,24.2,17.2,12.7,3.5,14.9,"unburned-before",0,0
"2713","unburned-4379-after","unburned-4379","unburned","4379",4379,"after","unburned",1730.31994628906,NA,0.130674918062597,40.806336671388,0.278534680737838,76.87,275.979995727539,20.3,13.1,20.7,16.9,17,"unburned-after",0,1
"2714","unburned-4379-before","unburned-4379","unburned","4379",4379,"before","unburned",1730.31994628906,NA,0.314644892131727,1.10403546827016,0.318628782013432,88.3,277.124996185303,21.875,15.375,16,16.25,18.5,"unburned-before",0,0
"2715","unburned-4380-after","unburned-4380","unburned","4380",4380,"after","unburned",1520.23071289062,NA,0.0855035245213168,37.6605077982397,0.186077563284459,69.6777777777778,374.455557929145,16.8888888888889,18.8888888888889,13.7777777777778,18.4444444444444,14.7777777777778,"unburned-after",0,1
"2716","unburned-4380-before","unburned-4380","unburned","4380",4380,"before","unburned",1520.23071289062,NA,0.155807939004839,11.2440333250819,0.185655128815776,69.94,376.719999313354,17.8,18,16.3,19.9,15.7,"unburned-before",0,0
"2717","unburned-4381-after","unburned-4381","unburned","4381",4381,"after","unburned",2221.267578125,NA,0.0622281807969231,228.234747101397,0.459211873799083,264.011111111111,574.922222561306,14.4444444444444,27.2222222222222,9.33333333333333,37.8888888888889,12.5555555555556,"unburned-after",0,1
"2718","unburned-4381-before","unburned-4381","unburned","4381",4381,"before","unburned",2221.267578125,NA,0.104014425161541,160.849261970555,0.379639468030208,221.55,583.579998016357,13.3,29.3,9.1,33.6,11,"unburned-before",0,0
"2719","unburned-4389-after","unburned-4389","unburned","4389",4389,"after","unburned",1321.21179199219,NA,0.191776885417973,-1.78268827935245,0.182044283313112,33.3444444444444,183.166666030884,28.3333333333333,15.8888888888889,21.1111111111111,4.33333333333333,14.5555555555556,"unburned-after",0,1
"2720","unburned-4389-before","unburned-4389","unburned","4389",4389,"before","unburned",1321.21179199219,NA,0.210575552302498,-5.72836256959233,0.180620196909137,34.54,191.229998588562,30.3,16.5,11.6,3.3,15.2,"unburned-before",0,0
"2721","unburned-4407-after","unburned-4407","unburned","4407",4407,"after","unburned",1671.56457519531,NA,0.116494516989121,51.2990510468733,0.322825544187476,80.2625,248.624997138977,12,20.875,10.625,22.875,15.125,"unburned-after",0,1
"2722","unburned-4407-before","unburned-4407","unburned","4407",4407,"before","unburned",1671.56457519531,NA,0.177571556793149,27.583442258198,0.281417057037514,74.75,265.620004653931,12.3,20.9,10.3,22.4,16.2,"unburned-before",0,0
"2723","unburned-4415-after","unburned-4415","unburned","4415",4415,"after","unburned",1410.58276367188,NA,0.177585477141873,5.25188813874415,0.200938734609792,45.1888888888889,224.888889524672,25.6666666666667,12.7777777777778,23.6666666666667,9.88888888888889,19.7777777777778,"unburned-after",0,1
"2724","unburned-4415-before","unburned-4415","unburned","4415",4415,"before","unburned",1410.58276367188,NA,0.190071343297055,5.43339987990462,0.215573079511476,45.93,213.059998512268,31.1,16.2,10.9,7.4,19.3,"unburned-before",0,0
"2725","unburned-4418-after","unburned-4418","unburned","4418",4418,"after","unburned",1704.89831542969,NA,0.0919052385043603,140.921834199179,0.371076835597695,187.314285714286,504.785714830671,11.7142857142857,28,9.71428571428571,28.1428571428571,12.5714285714286,"unburned-after",0,1
"2726","unburned-4418-before","unburned-4418","unburned","4418",4418,"before","unburned",1704.89831542969,NA,0.149060762312769,88.1826186795259,0.330446761414583,160.65,486.160007476807,13.8,27.3,10.5,30.5,11.4,"unburned-before",0,0
"2727","unburned-4428-after","unburned-4428","unburned","4428",4428,"after","unburned",1695.76147460938,NA,0.173955012824789,39.9683596133897,0.328312734721167,85.0111111111111,258.933334350586,13.4444444444444,18.5555555555556,14.2222222222222,23.8888888888889,14.7777777777778,"unburned-after",0,1
"2728","unburned-4428-before","unburned-4428","unburned","4428",4428,"before","unburned",1695.76147460938,NA,0.363908715760743,5.35616698901739,0.384689995166876,99.15,257.740001678467,13.1,15.2,21,28.4,15.2,"unburned-before",0,0
"2729","unburned-4429-after","unburned-4429","unburned","4429",4429,"after","unburned",1315.39868164062,NA,0.69783183678807,-33.671080034367,0.529803159400588,106.166666666667,200.388889312744,17.3333333333333,8.44444444444444,43.8888888888889,9.55555555555556,17.8888888888889,"unburned-after",0,1
"2730","unburned-4429-before","unburned-4429","unburned","4429",4429,"before","unburned",1315.39868164062,NA,0.452735659166365,-20.5341806305337,0.361569878321422,81.44,225.240001678467,18.2,11.4,26.9,12.1,15.8,"unburned-before",0,0
"2731","unburned-4435-after","unburned-4435","unburned","4435",4435,"after","unburned",2045.42468261719,NA,0.0389625505581748,109.299570324607,0.269013094911782,127.811111111111,475.111113654243,16.6666666666667,27,10.7777777777778,26.1111111111111,13.7777777777778,"unburned-after",0,1
"2732","unburned-4435-before","unburned-4435","unburned","4435",4435,"before","unburned",2045.42468261719,NA,0.0999712275051645,71.7183754281282,0.254254063370685,118.19,464.849994659424,17.5,25.5,8.9,26.3,14.9,"unburned-before",0,0
"2733","unburned-4436-after","unburned-4436","unburned","4436",4436,"after","unburned",1786.34899902344,NA,0.106252051103113,43.5327708244462,0.247556532934243,76.2666666666667,308.077778286404,16.2222222222222,15.3333333333333,10.6666666666667,9.11111111111111,12.5555555555556,"unburned-after",0,1
"2734","unburned-4436-before","unburned-4436","unburned","4436",4436,"before","unburned",1786.34899902344,NA,-0.19445911762611,196.343339982857,0.380956568376948,129.99,341.219999313354,17.6,16.8,7.3,9.2,13,"unburned-before",0,0
"2735","unburned-4456-after","unburned-4456","unburned","4456",4456,"after","unburned",1732.75341796875,NA,0.0827748463461647,37.7043973037931,0.190634209987667,66.64,349.569995880127,29.8,22.4,7.9,15.2,15,"unburned-after",0,1
"2736","unburned-4456-before","unburned-4456","unburned","4456",4456,"before","unburned",1732.75341796875,NA,0.141616004049585,18.5207798875877,0.196712775583044,66.125,336.150002479553,30.875,20.375,6.5,15.625,15.875,"unburned-before",0,0
"2737","unburned-447-after","unburned-447","unburned","447",447,"after","unburned",1765.10192871094,NA,0.11562020197134,41.952497086228,0.236605998519776,82.0444444444445,346.755555470785,15.3333333333333,23.7777777777778,14,19.7777777777778,17.3333333333333,"unburned-after",0,1
"2738","unburned-447-before","unburned-447","unburned","447",447,"before","unburned",1765.10192871094,NA,0.199093189113181,28.0946255405013,0.273886537895947,102.88,375.629999160767,14.5,22.9,17.4,25,15.9,"unburned-before",0,0
"2739","unburned-4480-after","unburned-4480","unburned","4480",4480,"after","unburned",2200.78564453125,NA,0.0452372428494143,75.9996662257533,0.204484076844942,97.5888888888889,477.244440714518,10.4444444444444,29.8888888888889,6.11111111111111,31.3333333333333,11.5555555555556,"unburned-after",0,1
"2740","unburned-4480-before","unburned-4480","unburned","4480",4480,"before","unburned",2200.78564453125,NA,0.102743724800531,58.9209283731036,0.228056744609992,107.23,470.18999671936,12.1,32.2,7.9,31.5,11.6,"unburned-before",0,0
"2741","unburned-4502-after","unburned-4502","unburned","4502",4502,"after","unburned",1868.74926757812,NA,0.097527918470886,72.7207237992323,0.249232600922076,119.471428571429,479.357147216797,16.7142857142857,28.4285714285714,7,26.8571428571429,15,"unburned-after",0,1
"2742","unburned-4502-before","unburned-4502","unburned","4502",4502,"before","unburned",1868.74926757812,NA,0.147372331243337,43.2033493687644,0.235659547278263,115.32,489.350002288818,19.9,28.8,5.7,25.5,15.3,"unburned-before",0,0
"2743","unburned-4505-after","unburned-4505","unburned","4505",4505,"after","unburned",1154.2900390625,NA,0.180064848411756,1.53066394952684,0.187738118642965,37.45,199.480000495911,15.6,8.7,32.3,7.2,20,"unburned-after",0,1
"2744","unburned-4505-before","unburned-4505","unburned","4505",4505,"before","unburned",1154.2900390625,NA,0.202994955542983,-1.68305756748669,0.195799711310813,45.8,233.912500143051,15.625,11,26.375,7.875,16.5,"unburned-before",0,0
"2745","unburned-4513-after","unburned-4513","unburned","4513",4513,"after","unburned",1878.75170898438,NA,-0.0496990842733182,260.2462161936,0.521433793724781,237.6,455.666669209798,12.8333333333333,26.3333333333333,8.83333333333333,21.5,12.5,"unburned-after",0,1
"2746","unburned-4513-before","unburned-4513","unburned","4513",4513,"before","unburned",1878.75170898438,NA,0.17946105604084,149.853006215316,0.560604778452494,220.411111111111,393.166664971246,12.3333333333333,24.2222222222222,6.11111111111111,23.8888888888889,12.1111111111111,"unburned-before",0,0
"2747","unburned-4522-after","unburned-4522","unburned","4522",4522,"after","unburned",2169.62475585938,NA,0.0964354924815242,149.523758995395,0.356511991749998,204.966666666667,574.922222561306,11.2222222222222,30.2222222222222,9.44444444444444,34.6666666666667,11.8888888888889,"unburned-after",0,1
"2748","unburned-4522-before","unburned-4522","unburned","4522",4522,"before","unburned",2169.62475585938,NA,0.0382773765957742,158.162088642167,0.309297783703239,180.5,583.579998016357,10.3,30.9,9.5,30.6,11.7,"unburned-before",0,0
"2749","unburned-4540-after","unburned-4540","unburned","4540",4540,"after","unburned",2072.2568359375,NA,0.132389160490457,86.6700404670443,0.390771473843148,131.077777777778,335.433332655165,13.5555555555556,21.1111111111111,11.1111111111111,16.4444444444444,15.5555555555556,"unburned-after",0,1
"2750","unburned-4540-before","unburned-4540","unburned","4540",4540,"before","unburned",2072.2568359375,NA,0.239118437649107,57.5694139006571,0.395654900719175,145.51,367.769992828369,15.8,22.2,7.3,19.3,15,"unburned-before",0,0
"2751","unburned-4544-after","unburned-4544","unburned","4544",4544,"after","unburned",1507.20678710938,NA,0.07623757694173,11.84811813215,0.123679863880665,30.8875,249.737499952316,30.25,18.75,9.625,2.125,15.375,"unburned-after",0,1
"2752","unburned-4544-before","unburned-4544","unburned","4544",4544,"before","unburned",1507.20678710938,NA,0.128200629944539,2.06412876736857,0.135297758146593,39.35,290.840000152588,34.2,15.9,5.4,3.4,13.6,"unburned-before",0,0
"2753","unburned-4555-after","unburned-4555","unburned","4555",4555,"after","unburned",1373.51965332031,NA,0.30383455869417,-31.7323640971933,0.14918503346993,30.6111111111111,205.188887914022,28.3333333333333,11.6666666666667,23.5555555555556,7,15.6666666666667,"unburned-after",0,1
"2754","unburned-4555-before","unburned-4555","unburned","4555",4555,"before","unburned",1373.51965332031,NA,0.272549050733863,-22.112869545348,0.177984948307907,41.62,233.839998245239,29.3,14,21.5,7,15.7,"unburned-before",0,0
"2755","unburned-4589-after","unburned-4589","unburned","4589",4589,"after","unburned",1394.46435546875,NA,0.176805483094095,-7.03870092401111,0.14284948582917,29.6111111111111,207.288888295491,21,16.5555555555556,20.8888888888889,4.11111111111111,14.4444444444444,"unburned-after",0,1
"2756","unburned-4589-before","unburned-4589","unburned","4589",4589,"before","unburned",1394.46435546875,NA,0.174572674484546,-4.28537540312435,0.156328494594982,36.72,234.889999389648,22.4,16.1,14.9,4.3,15.3,"unburned-before",0,0
"2757","unburned-460-after","unburned-460","unburned","460",460,"after","unburned",1163.32067871094,NA,0.226429899962128,-20.5054913698374,0.10766458564281,18.5888888888889,172.655555937025,23,12.3333333333333,26.3333333333333,4.44444444444444,15.7777777777778,"unburned-after",0,1
"2758","unburned-460-before","unburned-460","unburned","460",460,"before","unburned",1163.32067871094,NA,0.176029220415524,-9.05531714922291,0.131609927372504,26.83,203.860001564026,23.8,13.7,16.9,5.3,16.3,"unburned-before",0,0
"2759","unburned-4611-after","unburned-4611","unburned","4611",4611,"after","unburned",1359.71765136719,NA,0.318473105822153,-20.7440876095427,0.213793101847802,42.3666666666667,198.16666815016,22.1111111111111,7,33.4444444444444,6.66666666666667,16,"unburned-after",0,1
"2760","unburned-4611-before","unburned-4611","unburned","4611",4611,"before","unburned",1359.71765136719,NA,0.235134983813116,-3.33118077835224,0.220597864784145,50.55,229.149996757507,28.3,10.7,29,6.6,16.7,"unburned-before",0,0
"2761","unburned-4624-after","unburned-4624","unburned","4624",4624,"after","unburned",1510.74755859375,NA,0.141032047380857,25.3253166421168,0.233783675833872,63.8333333333333,273.044442070855,17.5555555555556,12.4444444444444,21.6666666666667,7.55555555555556,15.1111111111111,"unburned-after",0,1
"2762","unburned-4624-before","unburned-4624","unburned","4624",4624,"before","unburned",1510.74755859375,NA,0.159305894234436,28.2846689487401,0.249252689383735,78.38,314.459997177124,22.1,13.7,14.5,9.2,13.9,"unburned-before",0,0
"2763","unburned-4629-after","unburned-4629","unburned","4629",4629,"after","unburned",1418.06237792969,NA,0.362993438302674,-15.9890696474185,0.289152293020734,62.6111111111111,216.533337699042,13.7777777777778,9.77777777777778,36.1111111111111,12.1111111111111,15.1111111111111,"unburned-after",0,1
"2764","unburned-4629-before","unburned-4629","unburned","4629",4629,"before","unburned",1418.06237792969,NA,0.243429795700712,17.0777720923299,0.3169933185944,73.59,232.150003433227,14.9,13.7,27.2,16.2,14.2,"unburned-before",0,0
"2765","unburned-4630-after","unburned-4630","unburned","4630",4630,"after","unburned",1270.8310546875,NA,0.21457181866999,-8.17777191275334,0.170235836446028,31.4,184.449999809265,38,12.8,20.8,5.8,15.6,"unburned-after",0,1
"2766","unburned-4630-before","unburned-4630","unburned","4630",4630,"before","unburned",1270.8310546875,NA,0.265267637123977,-12.7812593717117,0.192403620143086,33.75,175.412499904633,32.875,15.5,12.5,4.5,16,"unburned-before",0,0
"2767","unburned-4638-after","unburned-4638","unburned","4638",4638,"after","unburned",1490.30615234375,NA,0.155260322594859,49.7976373979187,0.317437423608775,97.4714285714286,307.057143620082,15.7142857142857,9.14285714285714,27.2857142857143,15,18.2857142857143,"unburned-after",0,1
"2768","unburned-4638-before","unburned-4638","unburned","4638",4638,"before","unburned",1490.30615234375,NA,0.369487479661551,17.790884340281,0.426768410923972,132.55,310.589998245239,18.3,8,30.8,20.5,15.7,"unburned-before",0,0
"2769","unburned-4639-after","unburned-4639","unburned","4639",4639,"after","unburned",1562.15795898438,NA,0.0673619827482353,43.5630635382647,0.174446234434958,70.9666666666667,406.811112297906,22,22.2222222222222,9.88888888888889,14.8888888888889,17.7777777777778,"unburned-after",0,1
"2770","unburned-4639-before","unburned-4639","unburned","4639",4639,"before","unburned",1562.15795898438,NA,0.120265515010204,21.6441692190023,0.172973895469259,71.03,410.6399974823,24,21.6,9.6,14.2,17.8,"unburned-before",0,0
"2771","unburned-4640-after","unburned-4640","unburned","4640",4640,"after","unburned",1308.64331054688,NA,0.27460885365982,61.6340111239979,0.506393120522068,134.655555555556,265.911107593113,16.6666666666667,7.77777777777778,33.6666666666667,15.4444444444444,19.7777777777778,"unburned-after",0,1
"2772","unburned-4640-before","unburned-4640","unburned","4640",4640,"before","unburned",1308.64331054688,NA,0.417885809332684,21.7224509963672,0.504463932536995,126.57,250.899998664856,23.6,9.2,29.6,13.5,16.5,"unburned-before",0,0
"2773","unburned-4645-after","unburned-4645","unburned","4645",4645,"after","unburned",1739.57690429688,NA,0.237628359732839,11.7184145951003,0.282920419470145,73.2,258.729999542236,15.2,18.1,17.4,12.1,13.6,"unburned-after",0,1
"2774","unburned-4645-before","unburned-4645","unburned","4645",4645,"before","unburned",1739.57690429688,NA,0.232368236723533,31.8107806068945,0.349718714625031,94.8,271.074998378753,17.25,19.625,14.625,15.5,16.125,"unburned-before",0,0
"2775","unburned-4665-after","unburned-4665","unburned","4665",4665,"after","unburned",1401.34497070312,NA,0.352143505093122,45.3461747869831,0.535427020170784,132.47,247.410001754761,20,5.5,43.2,11.5,20.5,"unburned-after",0,1
"2776","unburned-4665-before","unburned-4665","unburned","4665",4665,"before","unburned",1401.34497070312,NA,0.420948107445385,27.7286978502914,0.536812630068481,128.47,239.320002555847,25.1,7.7,31.7,15.7,16.7,"unburned-before",0,0
"2777","unburned-4667-after","unburned-4667","unburned","4667",4667,"after","unburned",2298.92724609375,NA,0.11049711371328,135.380808817947,0.362375081793846,194.771428571429,537.485711233957,5.85714285714286,32.1428571428571,12.2857142857143,31.2857142857143,11.5714285714286,"unburned-after",0,1
"2778","unburned-4667-before","unburned-4667","unburned","4667",4667,"before","unburned",2298.92724609375,NA,-0.203239042922323,357.946858970631,0.407626527846415,238.855555555556,585.96666124132,8.66666666666667,34.3333333333333,7.55555555555556,29.3333333333333,13.7777777777778,"unburned-before",0,0
"2779","unburned-4672-after","unburned-4672","unburned","4672",4672,"after","unburned",1700.1162109375,NA,0.10588553328321,16.98800494296,0.157159241060617,52.07,331.320001602173,29,20.9,5.5,14.5,15.4,"unburned-after",0,1
"2780","unburned-4672-before","unburned-4672","unburned","4672",4672,"before","unburned",1700.1162109375,NA,0.183251654641108,-0.5938614118298,0.181318905239147,55.7125,307.262499332428,30,18.875,5.625,17.125,15.625,"unburned-before",0,0
"2781","unburned-4677-after","unburned-4677","unburned","4677",4677,"after","unburned",1457.56591796875,NA,0.0881219192420097,49.8668540745751,0.270664030739439,73.94,273.180000305176,28.9,10,24.4,14.1,22.3,"unburned-after",0,1
"2782","unburned-4677-before","unburned-4677","unburned","4677",4677,"before","unburned",1457.56591796875,NA,0.186392047119712,31.0165194425966,0.302776735459662,80.69,266.5,33,11.3,25.9,17.3,18.1,"unburned-before",0,0
"2783","unburned-468-after","unburned-468","unburned","468",468,"after","unburned",1702.92736816406,NA,0.190423713393041,65.057609916575,0.40229831480948,123.528571428571,307.057143620082,12,12.7142857142857,17.1428571428571,27.7142857142857,14.2857142857143,"unburned-after",0,1
"2784","unburned-468-before","unburned-468","unburned","468",468,"before","unburned",1702.92736816406,NA,0.488727971065676,1.06598032431245,0.492160085204363,152.86,310.589998245239,10.5,9.4,29.4,32.4,11.6,"unburned-before",0,0
"2785","unburned-4688-after","unburned-4688","unburned","4688",4688,"after","unburned",1434.58264160156,NA,0.208767519116206,-8.86847578263333,0.167978331708591,36.5222222222222,217.422222561306,17.1111111111111,12.3333333333333,21.7777777777778,3.22222222222222,10.3333333333333,"unburned-after",0,1
"2786","unburned-4688-before","unburned-4688","unburned","4688",4688,"before","unburned",1434.58264160156,NA,0.21011965205779,-6.25369152395457,0.183856878972958,43.78,238.119999885559,20.2,15.1,12.9,4.5,9.2,"unburned-before",0,0
"2787","unburned-4691-after","unburned-4691","unburned","4691",4691,"after","unburned",1880.78796386719,NA,0.0730960504711754,52.985677116373,0.194622831194195,84.8555555555556,436.000005933974,15.6666666666667,25.2222222222222,8.11111111111111,24.4444444444444,15.3333333333333,"unburned-after",0,1
"2788","unburned-4691-before","unburned-4691","unburned","4691",4691,"before","unburned",1880.78796386719,NA,0.0755327219518948,47.0555492638786,0.179353102954593,81.29,453.239997863769,18.4,24.4,6.3,21.7,16.4,"unburned-before",0,0
"2789","unburned-4694-after","unburned-4694","unburned","4694",4694,"after","unburned",1472.24792480469,NA,0.201804227742265,-12.9429283614107,0.143014728287076,31.4857142857143,220.157145091466,23,16.8571428571429,17.1428571428571,3.71428571428571,12.1428571428571,"unburned-after",0,1
"2790","unburned-4694-before","unburned-4694","unburned","4694",4694,"before","unburned",1472.24792480469,NA,0.191161204067803,-8.70208806876915,0.157454390471345,40.65,258.170000076294,27.9,18.3,12.9,4.4,10.9,"unburned-before",0,0
"2791","unburned-4721-after","unburned-4721","unburned","4721",4721,"after","unburned",1433.78234863281,NA,0.30843190749525,-18.8337834291715,0.223781462501096,49.7888888888889,222.488888634576,24,11.4444444444444,29.5555555555556,7.33333333333333,16.5555555555556,"unburned-after",0,1
"2792","unburned-4721-before","unburned-4721","unburned","4721",4721,"before","unburned",1433.78234863281,NA,0.312425758808467,-19.8215875885949,0.232500001788139,57.66,247.999998092651,28.6,12.8,25.9,8,15.9,"unburned-before",0,0
"2793","unburned-4726-after","unburned-4726","unburned","4726",4726,"after","unburned",1787.0126953125,NA,0.0530792536116582,98.0053338245872,0.277787683181974,121.155555555556,436.14444732666,30.3333333333333,14,8.66666666666667,17.1111111111111,15.7777777777778,"unburned-after",0,1
"2794","unburned-4726-before","unburned-4726","unburned","4726",4726,"before","unburned",1787.0126953125,NA,0.0873663647360172,71.8359595322979,0.242929530172679,112.18,461.780006408691,25.1,18.7,6.6,17.1,17,"unburned-before",0,0
"2795","unburned-4733-after","unburned-4733","unburned","4733",4733,"after","unburned",1544.77160644531,NA,0.239885170941242,-10.3325415553403,0.200499768159111,52.6,262.344443003337,22.6666666666667,18.3333333333333,24,8.44444444444444,15.6666666666667,"unburned-after",0,1
"2796","unburned-4733-before","unburned-4733","unburned","4733",4733,"before","unburned",1544.77160644531,NA,0.283875037951912,-24.4491516835224,0.202028654771636,60.35,298.720001220703,28,18.3,17.8,7.8,14.2,"unburned-before",0,0
"2797","unburned-4734-after","unburned-4734","unburned","4734",4734,"after","unburned",1617.72290039062,NA,0.178436677565633,22.599995265031,0.278118106746969,63.0555555555556,226.722223493788,13.3333333333333,19.3333333333333,18.4444444444444,10.5555555555556,13,"unburned-after",0,1
"2798","unburned-4734-before","unburned-4734","unburned","4734",4734,"before","unburned",1617.72290039062,NA,0.223886787172124,24.4989685782399,0.326427254578061,77.99,238.920001029968,12.9,18.8,16.4,13.8,12.9,"unburned-before",0,0
"2799","unburned-4747-after","unburned-4747","unburned","4747",4747,"after","unburned",1284.78491210938,NA,0.20771324946907,-5.3724636642501,0.180193514797422,35.1777777777778,195.22221883138,24.5555555555556,15.3333333333333,24.5555555555556,5.55555555555556,16.4444444444444,"unburned-after",0,1
"2800","unburned-4747-before","unburned-4747","unburned","4747",4747,"before","unburned",1284.78491210938,NA,0.217585426461859,-4.25488254701757,0.195295717745579,37.28,190.890002250671,26.1,19.6,19.3,4,18,"unburned-before",0,0
"2801","unburned-4751-after","unburned-4751","unburned","4751",4751,"after","unburned",1486.21118164062,NA,0.0630706996345048,28.8860698333718,0.139294784192661,52.7875,378.962502479553,30.25,18.625,11.625,11.375,17.25,"unburned-after",0,1
"2802","unburned-4751-before","unburned-4751","unburned","4751",4751,"before","unburned",1486.21118164062,NA,0.0231573996492929,71.8561444200193,0.213898917357381,80.58,376.719999313354,31.1,14.2,16.2,13.5,18.3,"unburned-before",0,0
"2803","unburned-4757-after","unburned-4757","unburned","4757",4757,"after","unburned",1618.40173339844,NA,0.131952657267563,33.554051540857,0.24907885047901,71.3555555555556,286.477777693007,22.4444444444444,19.2222222222222,9.44444444444444,14.6666666666667,17,"unburned-after",0,1
"2804","unburned-4757-before","unburned-4757","unburned","4757",4757,"before","unburned",1618.40173339844,NA,-0.0286994058406904,97.3471839248417,0.289241627692156,88.56,306.17999458313,23.9,19.2,9,14.1,17.8,"unburned-before",0,0
"2805","unburned-4766-after","unburned-4766","unburned","4766",4766,"after","unburned",1514.94067382812,NA,0.122691626077221,9.26260315045936,0.163900876117685,36.84,224.770000457764,28,14.6,9.7,2.4,15.1,"unburned-after",0,1
"2806","unburned-4766-before","unburned-4766","unburned","4766",4766,"before","unburned",1514.94067382812,NA,0.145975236264428,9.03115399067024,0.184015162261636,43.6875,237.412501573563,29.5,12.5,7.625,2.375,14.75,"unburned-before",0,0
"2807","unburned-4768-after","unburned-4768","unburned","4768",4768,"after","unburned",2042.96630859375,NA,0.125248163592456,104.740243705859,0.472945166353708,142.47,301.239995956421,12.6,23.2,8.9,23.9,13.3,"unburned-after",0,1
"2808","unburned-4768-before","unburned-4768","unburned","4768",4768,"before","unburned",2042.96630859375,NA,0.230899178791478,107.22146244878,0.522578893622857,192.1,367.599997520446,11.25,25.5,7,27.75,13.75,"unburned-before",0,0
"2809","unburned-4769-after","unburned-4769","unburned","4769",4769,"after","unburned",1305.91687011719,NA,0.495500677838173,5.81701846249414,0.525687592246903,101.3,192.700001852853,11.4285714285714,9.14285714285714,40.1428571428571,13.7142857142857,18.8571428571429,"unburned-after",0,1
"2810","unburned-4769-before","unburned-4769","unburned","4769",4769,"before","unburned",1305.91687011719,NA,0.597815057861228,-52.5238195005285,0.364645299939147,82.14,225.259999275208,16.7,12,29.7,12,16.8,"unburned-before",0,0
"2811","unburned-4775-after","unburned-4775","unburned","4775",4775,"after","unburned",1352.92297363281,NA,0.196214354267438,11.29398748411,0.254641604483551,49.2222222222222,193.300000296699,22.7777777777778,15.6666666666667,24.1111111111111,5.77777777777778,17.3333333333333,"unburned-after",0,1
"2812","unburned-4775-before","unburned-4775","unburned","4775",4775,"before","unburned",1352.92297363281,NA,0.253214673792757,0.869479422684996,0.257511369960246,52.11,202.359996795654,23.5,17.6,15.9,5.8,15.3,"unburned-before",0,0
"2813","unburned-4779-after","unburned-4779","unburned","4779",4779,"after","unburned",1277.93591308594,NA,0.126318176850183,0.934531353492905,0.130329041013671,30.3666666666667,233.00000084771,29.5555555555556,21.3333333333333,9,11.3333333333333,15,"unburned-after",0,1
"2814","unburned-4779-before","unburned-4779","unburned","4779",4779,"before","unburned",1277.93591308594,NA,0.185818578559447,0.180425311896196,0.186641724277256,40.91,219.190002441407,27.7,21.6,11.3,12.8,14.6,"unburned-before",0,0
"2815","unburned-4782-after","unburned-4782","unburned","4782",4782,"after","unburned",1554.06213378906,NA,0.114749839884423,35.2386769496919,0.24479252271154,66.3333333333333,270.977775785658,20.5555555555556,18.7777777777778,18.8888888888889,17.4444444444444,16.6666666666667,"unburned-after",0,1
"2816","unburned-4782-before","unburned-4782","unburned","4782",4782,"before","unburned",1554.06213378906,NA,0.24550068891526,2.08539961571274,0.253483385295271,66.22,261.240001678467,24,20.3,14.4,17.5,17.6,"unburned-before",0,0
"2817","unburned-4787-after","unburned-4787","unburned","4787",4787,"after","unburned",1446.33020019531,NA,0.0982431415356799,37.51494884441,0.240763603187144,63.375,263.225002288818,15.5,19.125,17.375,12.875,14.875,"unburned-after",0,1
"2818","unburned-4787-before","unburned-4787","unburned","4787",4787,"before","unburned",1446.33020019531,NA,0.136579285437783,27.4356280175334,0.233268724034977,66.19,283.749998092651,18.1,18.9,19.2,11.2,16.7,"unburned-before",0,0
"2819","unburned-479-after","unburned-479","unburned","479",479,"after","unburned",2104.12548828125,NA,0.0835406071089995,93.2566093198998,0.296861102823607,129.777777777778,437.166663275825,10,27.6666666666667,7.44444444444444,31,11.5555555555556,"unburned-after",0,1
"2820","unburned-479-before","unburned-479","unburned","479",479,"before","unburned",2104.12548828125,NA,-0.0595258437252692,200.755178457709,0.372412141676998,173.088888888889,464.77778116862,12.5555555555556,29.2222222222222,7.77777777777778,27.4444444444444,12.1111111111111,"unburned-before",0,0
"2821","unburned-48-after","unburned-48","unburned","48",48,"after","unburned",1585.08532714844,NA,0.109083781041825,23.3852662162599,0.20006916686605,51.4222222222222,257.022224002414,22.3333333333333,18,19.6666666666667,10.3333333333333,16.7777777777778,"unburned-after",0,1
"2822","unburned-48-before","unburned-48","unburned","48",48,"before","unburned",1585.08532714844,NA,0.190601079989543,12.8167707053491,0.238771752068506,63.53,266.069999694824,23.7,19.5,15.6,12.3,16.8,"unburned-before",0,0
"2823","unburned-480-after","unburned-480","unburned","480",480,"after","unburned",1234.63195800781,NA,0.112419287297591,6.92693286235709,0.146849284281043,29.5444444444444,201.188889609443,39.3333333333333,16.7777777777778,16.7777777777778,2.33333333333333,13.3333333333333,"unburned-after",0,1
"2824","unburned-480-before","unburned-480","unburned","480",480,"before","unburned",1234.63195800781,NA,0.174016589346108,-6.31549805577265,0.143720618495539,29.96,208.459999084473,42.2,16.2,12.3,3.7,13.3,"unburned-before",0,0
"2825","unburned-4819-after","unburned-4819","unburned","4819",4819,"after","unburned",1401.62634277344,NA,0.480617822825285,33.1480150836957,0.633142706419132,137.6,217.328571592059,13,5.14285714285714,49.1428571428571,19.2857142857143,18.7142857142857,"unburned-after",0,1
"2826","unburned-4819-before","unburned-4819","unburned","4819",4819,"before","unburned",1401.62634277344,NA,0.534475607717225,15.9991154778298,0.609307766439967,130.27,213.799999237061,17.1,7.8,32.9,20.8,14.8,"unburned-before",0,0
"2827","unburned-4822-after","unburned-4822","unburned","4822",4822,"after","unburned",1726.66906738281,NA,0.122436598978,58.2812165857299,0.269995189977444,106.64,394.969999313354,19.9,21.5,9.8,20.7,16.6,"unburned-after",0,1
"2828","unburned-4822-before","unburned-4822","unburned","4822",4822,"before","unburned",1726.66906738281,NA,0.21750292330897,14.8803918508878,0.255666336708946,99.6875,389.912497997284,23.25,21.25,9.125,20.125,16,"unburned-before",0,0
"2829","unburned-4837-after","unburned-4837","unburned","4837",4837,"after","unburned",1348.17395019531,NA,0.0741390438862199,8.49452061688649,0.116964960702704,23.2,198.35000038147,44.4,13,9,5.9,14.9,"unburned-after",0,1
"2830","unburned-4837-before","unburned-4837","unburned","4837",4837,"before","unburned",1348.17395019531,NA,0.376273540094136,-36.8519434341553,0.187651950001596,36.6625,195.375001430511,35.5,13.5,9.125,8.375,15,"unburned-before",0,0
"2831","unburned-4842-after","unburned-4842","unburned","4842",4842,"after","unburned",2018.69311523438,NA,0.136919707905869,114.665290949548,0.360364130607434,184.928571428571,513.171416691371,7,34.1428571428571,9.71428571428571,30.5714285714286,12.4285714285714,"unburned-after",0,1
"2832","unburned-4842-before","unburned-4842","unburned","4842",4842,"before","unburned",2018.69311523438,NA,0.201744026066128,81.0321032607962,0.366859570288835,180.04,490.759992599487,7.9,37.2,10.9,31.6,12.4,"unburned-before",0,0
"2833","unburned-4847-after","unburned-4847","unburned","4847",4847,"after","unburned",1420.27575683594,NA,0.113683982496375,22.5199678769275,0.201765657672817,51.5857142857143,255.67143031529,16.2857142857143,12.7142857142857,28.8571428571429,10,18.1428571428571,"unburned-after",0,1
"2834","unburned-4847-before","unburned-4847","unburned","4847",4847,"before","unburned",1420.27575683594,NA,0.200688979580053,14.0011128939714,0.259192709917863,62.03,239.320002555847,17.5,15.1,25.7,12.7,19.3,"unburned-before",0,0
"2835","unburned-4860-after","unburned-4860","unburned","4860",4860,"after","unburned",1231.82543945312,NA,0.159023103208453,-10.8006667357308,0.0964669539023148,16.6555555555556,172.655555937025,20.1111111111111,12.6666666666667,18.6666666666667,2.66666666666667,14.8888888888889,"unburned-after",0,1
"2836","unburned-4860-before","unburned-4860","unburned","4860",4860,"before","unburned",1231.82543945312,NA,0.145131920683231,-6.49659357747363,0.113264003840146,23.09,203.860001564026,20.8,13.1,13,3.4,14.1,"unburned-before",0,0
"2837","unburned-4870-after","unburned-4870","unburned","4870",4870,"after","unburned",1822.17761230469,NA,0.0203040132474232,227.198272993337,0.645230502737567,234.58,363.559997558594,17.8,12,8,12.2,12.2,"unburned-after",0,1
"2838","unburned-4870-before","unburned-4870","unburned","4870",4870,"before","unburned",1822.17761230469,NA,0.820026402251284,-110.859408413116,0.495135104448691,168.95,341.219999313354,17.4,14.7,6.8,10.2,12.7,"unburned-before",0,0
"2839","unburned-4872-after","unburned-4872","unburned","4872",4872,"after","unburned",1825.81982421875,NA,0.111814720411064,42.9754473468924,0.218356612675297,88.0777777777778,403.366661071777,26.2222222222222,20.6666666666667,8,23.5555555555556,16.5555555555556,"unburned-after",0,1
"2840","unburned-4872-before","unburned-4872","unburned","4872",4872,"before","unburned",1825.81982421875,NA,0.065641533815244,79.3745107918663,0.260377821149837,106.13,407.60000038147,27.1,22.2,8.4,21.9,17.7,"unburned-before",0,0
"2841","unburned-4883-after","unburned-4883","unburned","4883",4883,"after","unburned",1548.91772460938,NA,0.0874026435328265,21.6164089721347,0.21468527239969,36.46,169.83000087738,21.2,24.6,7.8,6.5,12.6,"unburned-after",0,1
"2842","unburned-4883-before","unburned-4883","unburned","4883",4883,"before","unburned",1548.91772460938,NA,0.0920619076448457,20.1357288138833,0.188163703743787,39.425,209.524999856949,21.125,24.625,7.625,7.5,13.375,"unburned-before",0,0
"2843","unburned-4889-after","unburned-4889","unburned","4889",4889,"after","unburned",1455.26904296875,NA,0.129263921014374,28.6012992928115,0.223281422577207,67.925,304.212501049042,18.5,10.375,21.75,17.25,18.75,"unburned-after",0,1
"2844","unburned-4889-before","unburned-4889","unburned","4889",4889,"before","unburned",1455.26904296875,NA,0.263782471015385,5.00169499036861,0.280800248763277,82.53,293.909996032715,17.5,14.3,21.5,17.4,19.4,"unburned-before",0,0
"2845","unburned-4892-after","unburned-4892","unburned","4892",4892,"after","unburned",1320.30505371094,NA,0.294805566852024,-5.08043388109717,0.262605633802817,41.4333333333333,157.777777777778,16.7777777777778,15.5555555555556,26.6666666666667,6,13.5555555555556,"unburned-after",0,1
"2846","unburned-4892-before","unburned-4892","unburned","4892",4892,"before","unburned",1320.30505371094,NA,0.192826337433387,15.2961274868835,0.288732836328834,46.05,159.489999771118,16.5,17.4,17.9,5.8,12.7,"unburned-before",0,0
"2847","unburned-4897-after","unburned-4897","unburned","4897",4897,"after","unburned",1262.20422363281,NA,0.0980128937869494,8.00598725786826,0.141311905195799,26.1285714285714,184.900001117161,29.8571428571429,16.5714285714286,14.4285714285714,3.71428571428571,16.1428571428571,"unburned-after",0,1
"2848","unburned-4897-before","unburned-4897","unburned","4897",4897,"before","unburned",1262.20422363281,NA,0.143240893174003,-1.13291539077812,0.137810371742492,28.75,208.620001792908,33.4,15.7,11,3.5,15.6,"unburned-before",0,0
"2849","unburned-49-after","unburned-49","unburned","49",49,"after","unburned",1796.2978515625,NA,0.0164158041163222,124.602082493844,0.280756096847231,132.34,471.369995117188,12,18.9,11.5,23.5,12.7,"unburned-after",0,1
"2850","unburned-49-before","unburned-49","unburned","49",49,"before","unburned",1796.2978515625,NA,0.17720343242226,53.4337726589396,0.299610564539974,130.7875,436.524994373322,10.875,20.5,8.25,29,12.5,"unburned-before",0,0
"2851","unburned-4911-after","unburned-4911","unburned","4911",4911,"after","unburned",1226.5146484375,NA,0.144835425241563,9.97323494710046,0.186847648356081,44.3555555555556,237.388888465034,18.3333333333333,21.7777777777778,21.2222222222222,11.2222222222222,15.3333333333333,"unburned-after",0,1
"2852","unburned-4911-before","unburned-4911","unburned","4911",4911,"before","unburned",1226.5146484375,NA,0.277545371734059,-13.9127029323711,0.220561129074136,53.85,244.150001525879,18.2,20.6,19.9,12.6,13.4,"unburned-before",0,0
"2853","unburned-4916-after","unburned-4916","unburned","4916",4916,"after","unburned",1704.22766113281,NA,0.102622886712307,26.1758398088255,0.149514086763701,83.4625,558.224992752075,17.75,13.625,17.25,23.5,16.25,"unburned-after",0,1
"2854","unburned-4916-before","unburned-4916","unburned","4916",4916,"before","unburned",1704.22766113281,NA,0.0370782649617045,79.9100362511006,0.188094114692005,99.53,529.149995803833,21.4,15.5,12.1,24,17.3,"unburned-before",0,0
"2855","unburned-4920-after","unburned-4920","unburned","4920",4920,"after","unburned",2230.43701171875,NA,-0.0627849209462221,313.64238288584,0.586208676193497,283.3,483.275003433227,12,24.5,6.5,25.5,11.5,"unburned-after",0,1
"2856","unburned-4920-before","unburned-4920","unburned","4920",4920,"before","unburned",2230.43701171875,NA,1.0301941912355,-256.215386311707,0.479088004170001,222.733333333333,464.911104838053,12.5555555555556,25.7777777777778,8.33333333333333,30,11,"unburned-before",0,0
"2857","unburned-4922-after","unburned-4922","unburned","4922",4922,"after","unburned",2238.29760742188,NA,0.024831084872115,271.071851734224,0.513358862844507,284.85,554.875001907349,5.25,34.75,10,31.25,11.75,"unburned-after",0,1
"2858","unburned-4922-before","unburned-4922","unburned","4922",4922,"before","unburned",2238.29760742188,NA,0.116062131299296,203.607989379352,0.523991991982582,261.5375,499.124994277954,6.625,28.75,7.375,32.625,13,"unburned-before",0,0
"2859","unburned-4941-after","unburned-4941","unburned","4941",4941,"after","unburned",1462.96069335938,NA,0.137824699043356,19.6789182659979,0.230431373698073,48.9666666666667,212.499998940362,22.6666666666667,16.8888888888889,15.4444444444444,7,14,"unburned-after",0,1
"2860","unburned-4941-before","unburned-4941","unburned","4941",4941,"before","unburned",1462.96069335938,NA,0.162492058159829,9.38884476055296,0.20585654401886,44.57,216.509998321533,26,16.2,9.3,6.7,14.7,"unburned-before",0,0
"2861","unburned-4948-after","unburned-4948","unburned","4948",4948,"after","unburned",1668.02368164062,NA,0.0948876788473859,43.8391112871223,0.2179551978142,77.64,356.219997406006,27.8,21.7,6.7,16.3,17.7,"unburned-after",0,1
"2862","unburned-4948-before","unburned-4948","unburned","4948",4948,"before","unburned",1668.02368164062,NA,0.21752642919398,7.8499558675854,0.240466101493869,82.2875,342.200000286102,20.5,23.75,8.625,19,18.25,"unburned-before",0,0
"2863","unburned-4949-after","unburned-4949","unburned","4949",4949,"after","unburned",1453.27197265625,NA,0.207834808708602,-3.62629089075678,0.19034090963579,39.4555555555556,207.288888295491,17.3333333333333,17.2222222222222,21.4444444444444,6.55555555555556,14.5555555555556,"unburned-after",0,1
"2864","unburned-4949-before","unburned-4949","unburned","4949",4949,"before","unburned",1453.27197265625,NA,0.212859420411225,-0.778549130473457,0.209544893898829,49.22,234.889999389648,18,18.8,18.5,9,13.8,"unburned-before",0,0
"2865","unburned-4950-after","unburned-4950","unburned","4950",4950,"after","unburned",1393.30236816406,NA,0.229553990525825,-4.50106057418732,0.206840480649499,40.9888888888889,198.16666815016,28.8888888888889,12.4444444444444,24.7777777777778,5.11111111111111,15.1111111111111,"unburned-after",0,1
"2866","unburned-4950-before","unburned-4950","unburned","4950",4950,"before","unburned",1393.30236816406,NA,0.178367638445517,8.12705622856549,0.213833736388192,49,229.149996757507,36.2,14.1,18.1,6.8,15.6,"unburned-before",0,0
"2867","unburned-4956-after","unburned-4956","unburned","4956",4956,"after","unburned",1687.96606445312,NA,0.144368223571895,113.651230953472,0.430803700585402,170.933333333333,396.77777396308,15,9.55555555555556,22,22.7777777777778,14.8888888888889,"unburned-after",0,1
"2868","unburned-4956-before","unburned-4956","unburned","4956",4956,"before","unburned",1687.96606445312,NA,0.352887224677381,0.545888597995641,0.35427756315511,139.1,392.630001068115,16.3,14.7,18.1,26.3,13.8,"unburned-before",0,0
"2869","unburned-496-after","unburned-496","unburned","496",496,"after","unburned",1562.53271484375,NA,0.109116607025462,28.1327819926945,0.211862241390724,58.01,273.809998512268,28.3,12.4,14.5,9,13.2,"unburned-after",0,1
"2870","unburned-496-before","unburned-496","unburned","496",496,"before","unburned",1562.53271484375,NA,0.132277674274911,21.7794094956024,0.213355047345026,57.3125,268.625001907349,38.75,12.75,13.125,9.125,14.875,"unburned-before",0,0
"2871","unburned-4969-after","unburned-4969","unburned","4969",4969,"after","unburned",1470.82922363281,NA,0.253769914954416,-10.3155027274397,0.215369979325026,57.8555555555556,268.63333384196,14.3333333333333,11.5555555555556,33.2222222222222,8.22222222222222,15.1111111111111,"unburned-after",0,1
"2872","unburned-4969-before","unburned-4969","unburned","4969",4969,"before","unburned",1470.82922363281,NA,0.199839143421978,8.1044969280057,0.227876564336329,65.87,289.060001373291,15.7,13.1,23.7,12,16.9,"unburned-before",0,0
"2873","unburned-4971-after","unburned-4971","unburned","4971",4971,"after","unburned",1511.38916015625,NA,0.0527857589631049,13.5356896101567,0.127333808859141,23.12,181.570002555847,25.9,10.7,8.2,3,20,"unburned-after",0,1
"2874","unburned-4971-before","unburned-4971","unburned","4971",4971,"before","unburned",1511.38916015625,NA,-0.00196153154341334,43.9701948086095,0.223411068624565,43.5875,195.100002288818,25.875,9.625,5.125,3.25,16,"unburned-before",0,0
"2875","unburned-4978-after","unburned-4978","unburned","4978",4978,"after","unburned",1735.02819824219,NA,0.0597176783115903,95.7221820253208,0.291877760767371,120.344444444444,412.311113145616,16.7777777777778,21.4444444444444,7.22222222222222,21.1111111111111,16.2222222222222,"unburned-after",0,1
"2876","unburned-4978-before","unburned-4978","unburned","4978",4978,"before","unburned",1735.02819824219,NA,0.0746918999589003,80.0505157363261,0.253069498671414,113.57,448.770004272461,19,22.3,8.7,19.4,17.8,"unburned-before",0,0
"2877","unburned-4982-after","unburned-4982","unburned","4982",4982,"after","unburned",1597.77209472656,NA,0.119340889868176,29.573921165222,0.215637593292902,66.225,307.112498283386,30.25,19.625,9.625,12.375,16.125,"unburned-after",0,1
"2878","unburned-4982-before","unburned-4982","unburned","4982",4982,"before","unburned",1597.77209472656,NA,0.153371763779284,28.3334161650802,0.243236383372051,76.69,315.290002822876,27.1,19.7,9.4,14.4,17.1,"unburned-before",0,0
"2879","unburned-4987-after","unburned-4987","unburned","4987",4987,"after","unburned",1322.30944824219,NA,0.427392923183007,-34.3694516022161,0.242809403192289,45.2111111111111,186.200000974867,15.1111111111111,9.55555555555556,39.3333333333333,6.88888888888889,18.4444444444444,"unburned-after",0,1
"2880","unburned-4987-before","unburned-4987","unburned","4987",4987,"before","unburned",1322.30944824219,NA,0.23030870165578,3.79228962802847,0.248770751365364,51.1,205.409999847412,19.1,14.5,23.7,9.4,15.9,"unburned-before",0,0
"2881","unburned-4988-after","unburned-4988","unburned","4988",4988,"after","unburned",1394.38000488281,NA,0.174146125745921,-2.53612590329025,0.162578553642115,35.6444444444444,219.244443045722,29,13,24.3333333333333,8.11111111111111,19.4444444444444,"unburned-after",0,1
"2882","unburned-4988-before","unburned-4988","unburned","4988",4988,"before","unburned",1394.38000488281,NA,0.37273006125755,-38.5494619927229,0.205827597269475,47.54,230.969999313354,24.1,13.1,23.5,7.8,17.6,"unburned-before",0,0
"2883","unburned-500-after","unburned-500","unburned","500",500,"after","unburned",1407.63037109375,NA,0.103124044627551,30.7475748835868,0.249904522624664,52.35,209.480002403259,19.8,18.9,19.7,6.7,16.1,"unburned-after",0,1
"2884","unburned-500-before","unburned-500","unburned","500",500,"before","unburned",1407.63037109375,NA,0.201192261530188,15.6397703813256,0.27497346397558,58.2875,211.974999904633,22.125,17.375,21.875,7.75,17.125,"unburned-before",0,0
"2885","unburned-5019-after","unburned-5019","unburned","5019",5019,"after","unburned",2061.71826171875,NA,0.083583302695365,134.824330604341,0.366345864903873,174.677777777778,476.811108059353,8.55555555555556,36,8.11111111111111,33.1111111111111,10.8888888888889,"unburned-after",0,1
"2886","unburned-5019-before","unburned-5019","unburned","5019",5019,"before","unburned",2061.71826171875,NA,0.113837698370994,96.4502502240227,0.308513641729271,152.85,495.440004348755,9.9,34.7,9.6,30.3,12.1,"unburned-before",0,0
"2887","unburned-5022-after","unburned-5022","unburned","5022",5022,"after","unburned",1488.11791992188,NA,0.290799078686087,-12.5883418711369,0.231553627077325,49.2,212.477777269152,12.8888888888889,12.3333333333333,27.2222222222222,8.66666666666667,14.5555555555556,"unburned-after",0,1
"2888","unburned-5022-before","unburned-5022","unburned","5022",5022,"before","unburned",1488.11791992188,NA,0.188667391792601,14.9656218532846,0.252196795495648,59.41,235.570003509522,16.6,14.5,23,8.5,14.1,"unburned-before",0,0
"2889","unburned-5033-after","unburned-5033","unburned","5033",5033,"after","unburned",1609.14904785156,NA,0.118045870695143,64.0132821848727,0.304329553534498,104.577777777778,343.633329603407,30.7777777777778,17.6666666666667,10,13.7777777777778,16.8888888888889,"unburned-after",0,1
"2890","unburned-5033-before","unburned-5033","unburned","5033",5033,"before","unburned",1609.14904785156,NA,0.143471183598085,52.6518778666654,0.290728566949425,103.95,357.550003051758,36.1,17.4,12.3,15.5,15.7,"unburned-before",0,0
"2891","unburned-5038-after","unburned-5038","unburned","5038",5038,"after","unburned",1371.40905761719,NA,0.109767673587138,5.78259359932096,0.137585990689052,28.6,207.870000839233,29.5,19.9,16.7,5.6,15.7,"unburned-after",0,1
"2892","unburned-5038-before","unburned-5038","unburned","5038",5038,"before","unburned",1371.40905761719,NA,0.203149965779347,2.51679761919299,0.21552360225582,43.8375,203.399996757507,23.125,20.5,16.625,9.5,16.375,"unburned-before",0,0
"2893","unburned-5040-after","unburned-5040","unburned","5040",5040,"after","unburned",1427.69079589844,NA,0.178933832017091,-4.78752718208322,0.155498748531987,31.7666666666667,204.288889567057,20.4444444444444,16.4444444444444,15,3.44444444444444,11.4444444444444,"unburned-after",0,1
"2894","unburned-5040-before","unburned-5040","unburned","5040",5040,"before","unburned",1427.69079589844,NA,0.152849313185295,2.84120966321646,0.165652745776082,36.76,221.90999507904,23.5,19.2,16.9,3.4,12.1,"unburned-before",0,0
"2895","unburned-5045-after","unburned-5045","unburned","5045",5045,"after","unburned",1523.64904785156,NA,0.104693482592402,41.1845530976906,0.272148183488887,66.9333333333333,245.944442749023,21.6666666666667,22.3333333333333,9.33333333333333,9.88888888888889,15.8888888888889,"unburned-after",0,1
"2896","unburned-5045-before","unburned-5045","unburned","5045",5045,"before","unburned",1523.64904785156,NA,0.155804046154128,23.3753285354392,0.243806937976581,64.76,265.620004653931,22.9,18.9,9,9.7,15.7,"unburned-before",0,0
"2897","unburned-5049-after","unburned-5049","unburned","5049",5049,"after","unburned",1740.10388183594,NA,0.237589695702927,21.9253389638735,0.311123532257558,92.7666666666667,298.166667090522,15.7777777777778,12.1111111111111,30.8888888888889,14.6666666666667,16.6666666666667,"unburned-after",0,1
"2898","unburned-5049-before","unburned-5049","unburned","5049",5049,"before","unburned",1740.10388183594,NA,0.163333522086557,53.2638429144088,0.337586289992586,103.19,305.669996261597,20.1,12.6,24.6,16.7,17.3,"unburned-before",0,0
"2899","unburned-5062-after","unburned-5062","unburned","5062",5062,"after","unburned",1857.11169433594,NA,0.136617359620786,38.3465124160052,0.308305347187576,68.86,223.350002288818,14,16,18.1,8.2,10.8,"unburned-after",0,1
"2900","unburned-5062-before","unburned-5062","unburned","5062",5062,"before","unburned",1857.11169433594,NA,0.166183425056919,42.3781638829723,0.346487268434984,81.4375,235.037496089935,15.5,16.75,12,10.5,11.25,"unburned-before",0,0
"2901","unburned-507-after","unburned-507","unburned","507",507,"after","unburned",1357.24401855469,NA,0.0851718007661365,13.7876976934554,0.152652701872484,31.19,204.319999694824,36.5,19.4,12.5,5.3,18.1,"unburned-after",0,1
"2902","unburned-507-before","unburned-507","unburned","507",507,"before","unburned",1357.24401855469,NA,0.307240460401718,-21.7770544409585,0.197039664328352,38.9375,197.612496614456,32.375,19.125,10.625,5.875,18.75,"unburned-before",0,0
"2903","unburned-5071-after","unburned-5071","unburned","5071",5071,"after","unburned",2313.25341796875,NA,0.0409668554853603,199.103263114924,0.368439329540182,224.011111111111,607.999996609158,9,30.6666666666667,12.8888888888889,32,11.7777777777778,"unburned-after",0,1
"2904","unburned-5071-before","unburned-5071","unburned","5071",5071,"before","unburned",2313.25341796875,NA,0.0808560180510781,142.787553787,0.323543412657157,190.36,588.359992980957,9.8,29.9,10.7,32.1,12.3,"unburned-before",0,0
"2905","unburned-5073-after","unburned-5073","unburned","5073",5073,"after","unburned",1261.44812011719,NA,0.190330100100097,0.0658709011299123,0.190635797058872,41.0777777777778,215.477777057224,27.7777777777778,18.1111111111111,22.6666666666667,7.77777777777778,16.6666666666667,"unburned-after",0,1
"2906","unburned-5073-before","unburned-5073","unburned","5073",5073,"before","unburned",1261.44812011719,NA,0.205557110485711,0.488107905872346,0.207810193523913,45.02,216.639998435974,30.8,18.7,18.5,8.4,16.2,"unburned-before",0,0
"2907","unburned-508-after","unburned-508","unburned","508",508,"after","unburned",1488.68371582031,NA,0.126294526446394,26.1924801603204,0.207932365998113,66.7125,320.837497711182,23.25,14.375,21.25,8,14.125,"unburned-after",0,1
"2908","unburned-508-before","unburned-508","unburned","508",508,"before","unburned",1488.68371582031,NA,0.0325530249177292,76.274740064231,0.272795992132417,86.61,317.490001678467,22.3,14.4,15.3,9.6,14.6,"unburned-before",0,0
"2909","unburned-5080-after","unburned-5080","unburned","5080",5080,"after","unburned",1592.44958496094,NA,0.189095948593628,16.1605822092618,0.25306785287918,63.93,252.619996070862,20.8,17.1,15.8,8.9,13.1,"unburned-after",0,1
"2910","unburned-5080-before","unburned-5080","unburned","5080",5080,"before","unburned",1592.44958496094,NA,0.148599986802449,30.697376191095,0.265782317767715,69.625,261.962498426437,21.75,18.875,6.875,8.625,13.375,"unburned-before",0,0
"2911","unburned-5088-after","unburned-5088","unburned","5088",5088,"after","unburned",1331.97155761719,NA,0.27574142110577,-13.0972769964113,0.195043472715291,31.6555555555556,162.299999660916,18.8888888888889,13.8888888888889,22,6.44444444444444,13.7777777777778,"unburned-after",0,1
"2912","unburned-5088-before","unburned-5088","unburned","5088",5088,"before","unburned",1331.97155761719,NA,0.183261317887156,8.95342692884466,0.238089407113581,38.88,163.29999923706,20.9,16.7,16.8,4.9,13.7,"unburned-before",0,0
"2913","unburned-5091-after","unburned-5091","unburned","5091",5091,"after","unburned",1980.11303710938,NA,0.0889760544171958,189.382215340497,0.435329498962216,238.033333333333,546.788889567057,11.7777777777778,32.4444444444444,7.88888888888889,32.2222222222222,10,"unburned-after",0,1
"2914","unburned-5091-before","unburned-5091","unburned","5091",5091,"before","unburned",1980.11303710938,NA,0.106063577106709,148.580303033837,0.370832371818928,208.1,561.169994354248,12.3,30,8.7,29.3,11,"unburned-before",0,0
"2915","unburned-5097-after","unburned-5097","unburned","5097",5097,"after","unburned",1500.56005859375,NA,0.253218361518513,13.9275089905607,0.306282276411933,80.3888888888889,262.466669082642,15.4444444444444,5.33333333333333,49.8888888888889,11.8888888888889,14.2222222222222,"unburned-after",0,1
"2916","unburned-5097-before","unburned-5097","unburned","5097",5097,"before","unburned",1500.56005859375,NA,-0.0528998880213434,133.384524004289,0.417360040356926,118.38,283.639995574951,15.2,7.6,40.8,15.4,15.7,"unburned-before",0,0
"2917","unburned-5100-after","unburned-5100","unburned","5100",5100,"after","unburned",1934.76574707031,NA,0.0861113711212376,63.1999157014833,0.232920624425772,100.27,430.490001678467,18.6,26.4,7.3,19.2,16.6,"unburned-after",0,1
"2918","unburned-5100-before","unburned-5100","unburned","5100",5100,"before","unburned",1934.76574707031,NA,0.115416887075528,40.8573533341169,0.210961705691748,90.2125,427.625002861023,22,26.125,8.625,18.75,16,"unburned-before",0,0
"2919","unburned-5110-after","unburned-5110","unburned","5110",5110,"after","unburned",2128.90405273438,NA,0.101367208041313,173.539201357071,0.432065043944256,226.733333333333,524.766667683919,6.55555555555556,22.6666666666667,18,41.2222222222222,14.5555555555556,"unburned-after",0,1
"2920","unburned-5110-before","unburned-5110","unburned","5110",5110,"before","unburned",2128.90405273438,NA,0.0993959069481537,148.455836401969,0.378050152399575,201.41,532.76000213623,6.4,21.1,19.3,38,11.8,"unburned-before",0,0
"2921","unburned-5126-after","unburned-5126","unburned","5126",5126,"after","unburned",1383.83837890625,NA,0.169838131328767,18.189080590562,0.24715439528238,58.1444444444444,235.255555046929,13,11,33.6666666666667,7.88888888888889,15,"unburned-after",0,1
"2922","unburned-5126-before","unburned-5126","unburned","5126",5126,"before","unburned",1383.83837890625,NA,0.205256811569229,0.186259916605349,0.206006680381188,51.17,248.390003204346,15,15.7,21.5,8.5,14.3,"unburned-before",0,0
"2923","unburned-513-after","unburned-513","unburned","513",513,"after","unburned",1350.38354492188,NA,0.0981284738961104,3.91281321179487,0.119678362421057,21.73,181.569997787476,36.9,15.9,9.1,1.3,14.9,"unburned-after",0,1
"2924","unburned-513-before","unburned-513","unburned","513",513,"before","unburned",1350.38354492188,NA,0.194799712518526,-7.53655233005575,0.157595949853632,31.925,202.575002908707,41.625,16,6.75,1.75,12.875,"unburned-before",0,0
"2925","unburned-5130-after","unburned-5130","unburned","5130",5130,"after","unburned",1311.69763183594,NA,0.142899907185845,7.75108591060288,0.168011145584727,51.86,308.669998168945,13.7,20.2,26,8.5,15.1,"unburned-after",0,1
"2926","unburned-5130-before","unburned-5130","unburned","5130",5130,"before","unburned",1311.69763183594,NA,0.189243553609612,1.3366474760984,0.193769575703249,57.225,295.325000286102,16.5,22.375,17.75,11.75,13.5,"unburned-before",0,0
"2927","unburned-5136-after","unburned-5136","unburned","5136",5136,"after","unburned",1403.14392089844,NA,0.15444716328036,0.170861492254724,0.155341257957953,29.6857142857143,191.099999291556,20.5714285714286,13.7142857142857,18.1428571428571,2.71428571428571,13.5714285714286,"unburned-after",0,1
"2928","unburned-5136-before","unburned-5136","unburned","5136",5136,"before","unburned",1403.14392089844,NA,0.167509121657925,2.10435511992667,0.177507483026561,37.36,210.470000267029,20.6,13.5,13.6,4.9,13.2,"unburned-before",0,0
"2929","unburned-5138-after","unburned-5138","unburned","5138",5138,"after","unburned",1806.67236328125,NA,0.0974510311973906,130.041428905873,0.439678183768692,167.071428571429,379.98571395874,8.42857142857143,29.5714285714286,8.85714285714286,32.2857142857143,10.5714285714286,"unburned-after",0,1
"2930","unburned-5138-before","unburned-5138","unburned","5138",5138,"before","unburned",1806.67236328125,NA,0.191517992039024,74.1214440659564,0.382528029251577,148.44,388.049995422363,8.9,27.9,9.2,29.8,12.6,"unburned-before",0,0
"2931","unburned-5148-after","unburned-5148","unburned","5148",5148,"after","unburned",1982.06811523438,NA,0.0773229258035973,108.734623517603,0.326080327265731,142.533333333333,437.11110856798,15.8888888888889,26.6666666666667,10.7777777777778,26.4444444444444,17,"unburned-after",0,1
"2932","unburned-5148-before","unburned-5148","unburned","5148",5148,"before","unburned",1982.06811523438,NA,0.0862698886899897,89.5481588127481,0.277956160720979,129.85,467.159999847412,16.6,24.8,9.7,25.5,16,"unburned-before",0,0
"2933","unburned-5161-after","unburned-5161","unburned","5161",5161,"after","unburned",1985.92016601562,NA,0.113718237778266,79.1327633855444,0.265074360354053,138.5875,522.824990749359,8.375,19.25,25.25,30,10.5,"unburned-after",0,1
"2934","unburned-5161-before","unburned-5161","unburned","5161",5161,"before","unburned",1985.92016601562,NA,0.101817040428666,74.7822699927262,0.254197574947413,124.75,490.759992599487,11.1,27.4,13.2,30.2,12,"unburned-before",0,0
"2935","unburned-5169-after","unburned-5169","unburned","5169",5169,"after","unburned",1725.44274902344,NA,0.121067515368515,47.7945406217676,0.286892830028685,82.6888888888889,288.222221798367,18.3333333333333,11.3333333333333,21.3333333333333,20.3333333333333,14.5555555555556,"unburned-after",0,1
"2936","unburned-5169-before","unburned-5169","unburned","5169",5169,"before","unburned",1725.44274902344,NA,-0.00962549968885167,103.881596378418,0.336173893712244,100.99,300.410001754761,20.4,12.6,17,23.1,15.2,"unburned-before",0,0
"2937","unburned-518-after","unburned-518","unburned","518",518,"after","unburned",1540.73840332031,NA,0.150186419452855,3.10991934718572,0.161389747540192,44.8,277.588884565565,26.3333333333333,11.1111111111111,20.8888888888889,7.11111111111111,14.2222222222222,"unburned-after",0,1
"2938","unburned-518-before","unburned-518","unburned","518",518,"before","unburned",1540.73840332031,NA,0.185153215039475,6.680799190845,0.208077413890993,60.64,291.429996490479,22.9,12.6,23.4,10,16.1,"unburned-before",0,0
"2939","unburned-5193-after","unburned-5193","unburned","5193",5193,"after","unburned",2095.71630859375,NA,0.0795369017187617,105.393454243886,0.30457859795031,142.642857142857,468.328563145229,9,31.1428571428571,11.8571428571429,30,12.8571428571429,"unburned-after",0,1
"2940","unburned-5193-before","unburned-5193","unburned","5193",5193,"before","unburned",2095.71630859375,NA,0.0933992489955037,77.9362756714972,0.250706440557361,124.21,495.440004348755,12.3,29.1,9,28.6,11.6,"unburned-before",0,0
"2941","unburned-5202-after","unburned-5202","unburned","5202",5202,"after","unburned",1506.95617675781,NA,0.120441124763961,3.29954744696419,0.133232822729713,34.3666666666667,257.944446139865,35.5555555555556,15.1111111111111,13.4444444444444,5.77777777777778,17,"unburned-after",0,1
"2942","unburned-5202-before","unburned-5202","unburned","5202",5202,"before","unburned",1506.95617675781,NA,0.307839947984333,-31.680401648481,0.192070162884228,52.56,273.64999961853,30.1,13.7,16.7,9.4,15.9,"unburned-before",0,0
"2943","unburned-5210-after","unburned-5210","unburned","5210",5210,"after","unburned",1386.16418457031,NA,0.349136659305361,-28.6977004624252,0.215789229086791,46.44,215.210000038147,22.9,10.8,32.4,7.5,17.4,"unburned-after",0,1
"2944","unburned-5210-before","unburned-5210","unburned","5210",5210,"before","unburned",1386.16418457031,NA,0.328211967664831,-16.5890107041419,0.259008188848383,62.0875,239.712498188019,21.125,14.75,25.625,9.75,16.125,"unburned-before",0,0
"2945","unburned-5211-after","unburned-5211","unburned","5211",5211,"after","unburned",1809.18444824219,NA,0.141327698959558,86.2434952922381,0.450937373976714,125.611111111111,278.555556403266,17,21.4444444444444,9.55555555555556,14,13.8888888888889,"unburned-after",0,1
"2946","unburned-5211-before","unburned-5211","unburned","5211",5211,"before","unburned",1809.18444824219,NA,0.249544508221517,71.8331328416501,0.478137723668172,150.25,314.240003585815,14.8,24.6,9.6,20.9,13.4,"unburned-before",0,0
"2947","unburned-522-after","unburned-522","unburned","522",522,"after","unburned",1449.02392578125,NA,0.161486725590302,16.2668546090374,0.248470084342807,46.4666666666667,187.011111577352,17.1111111111111,17.8888888888889,18.1111111111111,8.11111111111111,13,"unburned-after",0,1
"2948","unburned-522-before","unburned-522","unburned","522",522,"before","unburned",1449.02392578125,NA,0.177798693767686,9.14057168100585,0.219913381027068,47.73,217.039999008179,18.4,17.9,12.5,8.9,12.2,"unburned-before",0,0
"2949","unburned-5223-after","unburned-5223","unburned","5223",5223,"after","unburned",1634.12609863281,NA,0.0774330090373337,39.2212611701181,0.177076904658888,69.7,393.614289419992,18.4285714285714,23.1428571428571,6.71428571428571,18.7142857142857,13.7142857142857,"unburned-after",0,1
"2950","unburned-5223-before","unburned-5223","unburned","5223",5223,"before","unburned",1634.12609863281,NA,0.0999011621988741,37.9693354421445,0.190689108698302,79.75,418.2200050354,19.1,20.9,7.5,20.8,13.9,"unburned-before",0,0
"2951","unburned-5226-after","unburned-5226","unburned","5226",5226,"after","unburned",1649.29443359375,NA,0.159364029178956,59.9430821194777,0.314370152788209,121.571428571429,386.714284079415,12.8571428571429,8.42857142857143,36.8571428571429,22.1428571428571,13.8571428571429,"unburned-after",0,1
"2952","unburned-5226-before","unburned-5226","unburned","5226",5226,"before","unburned",1649.29443359375,NA,0.180692305002689,45.344780093794,0.296182155422773,116.29,392.630001068115,17.3,13.4,18.8,24.1,16.5,"unburned-before",0,0
"2953","unburned-5230-after","unburned-5230","unburned","5230",5230,"after","unburned",1633.62329101562,NA,0.22961975721065,97.257994927478,0.5097945072694,176.966666666667,347.133333418104,9.33333333333333,5.77777777777778,45.2222222222222,20.4444444444444,14.4444444444444,"unburned-after",0,1
"2954","unburned-5230-before","unburned-5230","unburned","5230",5230,"before","unburned",1633.62329101562,NA,0.358205625216625,14.4187680557546,0.404220522768594,126.6625,313.349997997284,12.125,10.125,33.125,23,15.375,"unburned-before",0,0
"2955","unburned-5235-after","unburned-5235","unburned","5235",5235,"after","unburned",1335.99011230469,NA,0.13242834676861,7.70705146188129,0.160916708670626,43.5333333333333,270.533331765069,22.4444444444444,19.3333333333333,19,4.66666666666667,13.8888888888889,"unburned-after",0,1
"2956","unburned-5235-before","unburned-5235","unburned","5235",5235,"before","unburned",1335.99011230469,NA,0.156073052669945,0.540030315832947,0.158044613832422,43.29,273.909998893738,29.5,19.5,13.7,4.9,12.5,"unburned-before",0,0
"2957","unburned-5244-after","unburned-5244","unburned","5244",5244,"after","unburned",1403.55627441406,NA,0.0727445198544732,23.4198193649956,0.13746200432551,49.7444444444444,361.877776251899,23.8888888888889,21.1111111111111,15.1111111111111,14.6666666666667,16.2222222222222,"unburned-after",0,1
"2958","unburned-5244-before","unburned-5244","unburned","5244",5244,"before","unburned",1403.55627441406,NA,0.156619098144004,-2.77634379358672,0.148980658150986,54.15,363.470001220703,23.3,18.2,13.6,15.1,15.3,"unburned-before",0,0
"2959","unburned-5247-after","unburned-5247","unburned","5247",5247,"after","unburned",1418.16687011719,NA,0.197681621956125,-0.936944221553754,0.193648670546104,44.9888888888889,232.32221921285,22.2222222222222,16.7777777777778,19.3333333333333,4.11111111111111,11.4444444444444,"unburned-after",0,1
"2960","unburned-5247-before","unburned-5247","unburned","5247",5247,"before","unburned",1418.16687011719,NA,0.236550649425173,-16.7238967649138,0.172942339825063,45.47,262.920000076294,26.4,17.5,13.6,5,10.1,"unburned-before",0,0
"2961","unburned-5259-after","unburned-5259","unburned","5259",5259,"after","unburned",1351.13061523438,NA,0.197907878067574,-3.48607033688309,0.179203777119282,33.4,186.380000114441,26.5,16.3,16.4,4.5,12.8,"unburned-after",0,1
"2962","unburned-5259-before","unburned-5259","unburned","5259",5259,"before","unburned",1351.13061523438,NA,0.169869705079847,-1.08535835933909,0.163888121468831,29.7375,181.450002193451,28.625,16.375,9.875,2.625,11,"unburned-before",0,0
"2963","unburned-5299-after","unburned-5299","unburned","5299",5299,"after","unburned",1987.75537109375,NA,0.0868685104857967,80.7002492515391,0.289610312665038,115.277777777778,398.04445054796,22.7777777777778,21.6666666666667,11.5555555555556,22.5555555555556,18.7777777777778,"unburned-after",0,1
"2964","unburned-5299-before","unburned-5299","unburned","5299",5299,"before","unburned",1987.75537109375,NA,0.116655592666981,55.6280971385435,0.250644312028194,104.06,415.170003890991,23.4,23.9,9.5,22.6,18.1,"unburned-before",0,0
"2965","unburned-5309-after","unburned-5309","unburned","5309",5309,"after","unburned",1834.69506835938,NA,0.125782834402123,56.318953622627,0.265405066623752,107.055555555556,403.366661071777,12.6666666666667,26.1111111111111,9.44444444444444,26.4444444444444,15.4444444444444,"unburned-after",0,1
"2966","unburned-5309-before","unburned-5309","unburned","5309",5309,"before","unburned",1834.69506835938,NA,0.234099704353905,15.0809604160464,0.271099116527438,110.5,407.60000038147,14.7,23.3,10.7,27.5,14.3,"unburned-before",0,0
"2967","unburned-5310-after","unburned-5310","unburned","5310",5310,"after","unburned",1904.79125976562,NA,0.101356765597717,115.846046114304,0.324950299746513,168.36,518.110000610352,11.8,29.7,5.9,30.9,14.5,"unburned-after",0,1
"2968","unburned-5310-before","unburned-5310","unburned","5310",5310,"before","unburned",1904.79125976562,NA,0.12285306665403,92.3261592563618,0.306244568590937,154.175,503.4375,15.75,26.75,7,29.625,15.75,"unburned-before",0,0
"2969","unburned-5312-after","unburned-5312","unburned","5312",5312,"after","unburned",2050.06396484375,NA,0.0907473940178275,171.695076825145,0.446536812780084,215.4875,482.574994564056,6.75,33.75,9.375,29.375,12.125,"unburned-after",0,1
"2970","unburned-5312-before","unburned-5312","unburned","5312",5312,"before","unburned",2050.06396484375,NA,0.168142851279879,113.075504731554,0.405079200768656,193.32,477.240005493164,7.4,31.5,7.4,30.3,14.5,"unburned-before",0,0
"2971","unburned-5314-after","unburned-5314","unburned","5314",5314,"after","unburned",1315.13317871094,NA,0.236246668127368,17.0181472845,0.323969078535278,62.85,193.999996185303,17.875,19.875,20.5,12.25,20,"unburned-after",0,1
"2972","unburned-5314-before","unburned-5314","unburned","5314",5314,"before","unburned",1315.13317871094,NA,0.192750322516262,16.488444358342,0.265441079311606,60.21,226.829999923706,20.8,22,15.6,12.1,19.8,"unburned-before",0,0
"2973","unburned-5316-after","unburned-5316","unburned","5316",5316,"after","unburned",1338.88122558594,NA,0.166602648836523,-5.55645152797109,0.141046606484853,30.6666666666667,217.422222561306,16.3333333333333,15.1111111111111,14.3333333333333,1.88888888888889,10.6666666666667,"unburned-after",0,1
"2974","unburned-5316-before","unburned-5316","unburned","5316",5316,"before","unburned",1338.88122558594,NA,0.1491575398533,-1.72739337279812,0.141903242131024,33.79,238.119999885559,17.3,15,10.9,1.6,10.3,"unburned-before",0,0
"2975","unburned-5323-after","unburned-5323","unburned","5323",5323,"after","unburned",1448.23510742188,NA,0.324485608613427,-29.4591512112063,0.204372866760659,50.125,245.262498855591,22.5,6,39.5,12.75,15.625,"unburned-after",0,1
"2976","unburned-5323-before","unburned-5323","unburned","5323",5323,"before","unburned",1448.23510742188,NA,0.34766773057974,-37.9409954230887,0.20908061330862,57.24,273.770002365112,23.1,8.9,32.2,12.3,16.3,"unburned-before",0,0
"2977","unburned-5329-after","unburned-5329","unburned","5329",5329,"after","unburned",1283.25659179688,NA,0.235857519308038,-10.4125395727568,0.173259589628447,28.82,166.339999198914,27.1,16.3,19.2,3,12.1,"unburned-after",0,1
"2978","unburned-5329-before","unburned-5329","unburned","5329",5329,"before","unburned",1283.25659179688,NA,0.181275480252439,-1.85375791724617,0.170304063859111,28.775,168.962497711182,29.5,17.25,11.375,2.375,11.125,"unburned-before",0,0
"2979","unburned-5332-after","unburned-5332","unburned","5332",5332,"after","unburned",1265.21252441406,NA,0.68251785866591,-1.70996117269866,0.671454445379773,103.78,154.560001373291,21.8,7.6,43,6,17.4,"unburned-after",0,1
"2980","unburned-5332-before","unburned-5332","unburned","5332",5332,"before","unburned",1265.21252441406,NA,0.528368543499052,-29.4409774832088,0.386230865732257,80,207.13000202179,22.5,10.6,25.5,9,16.2,"unburned-before",0,0
"2981","unburned-534-after","unburned-534","unburned","534",534,"after","unburned",1897.30261230469,NA,0.0454144106181531,53.4264857339914,0.176283271597401,71.9666666666667,408.244446648492,16.3333333333333,19,7.55555555555556,10.8888888888889,10.2222222222222,"unburned-after",0,1
"2982","unburned-534-before","unburned-534","unburned","534",534,"before","unburned",1897.30261230469,NA,0.0971103033329208,41.3595777210465,0.188934774358774,85.1,450.419994354248,15,20.8,6.6,13.7,10.7,"unburned-before",0,0
"2983","unburned-5345-after","unburned-5345","unburned","5345",5345,"after","unburned",1561.0966796875,NA,0.181208330179684,10.0122599584803,0.212377808793817,68.22,321.220001220703,16.2,13.4,18.5,16.7,15,"unburned-after",0,1
"2984","unburned-5345-before","unburned-5345","unburned","5345",5345,"before","unburned",1561.0966796875,NA,0.354665008681627,-31.3628228479999,0.252464362375051,77.475,306.874995231628,16.5,12.25,24,17.875,15.125,"unburned-before",0,0
"2985","unburned-5359-after","unburned-5359","unburned","5359",5359,"after","unburned",1332.2265625,NA,0.200157253451738,-11.1565697131144,0.145545523284924,29.7333333333333,204.288889567057,28.2222222222222,14.4444444444444,18.2222222222222,4.66666666666667,15,"unburned-after",0,1
"2986","unburned-5359-before","unburned-5359","unburned","5359",5359,"before","unburned",1332.2265625,NA,0.169697623496457,2.3224012049763,0.180163133191724,39.98,221.90999507904,25,18.4,14.1,5.7,15.9,"unburned-before",0,0
"2987","unburned-5367-after","unburned-5367","unburned","5367",5367,"after","unburned",1478.10009765625,NA,0.108215078981025,9.48925187965761,0.136503205116159,45.79,335.449998855591,17.6,14.6,19.5,8.4,13.8,"unburned-after",0,1
"2988","unburned-5367-before","unburned-5367","unburned","5367",5367,"before","unburned",1478.10009765625,NA,0.100816427519205,11.1089744610343,0.13415768759072,44.7,333.190000534058,19.7,18.1,14,7.3,15,"unburned-before",0,0
"2989","unburned-5377-after","unburned-5377","unburned","5377",5377,"after","unburned",1551.2939453125,NA,0.211051125148883,-9.23032562069442,0.174696948172102,44.3555555555556,253.900002373589,20.6666666666667,14.4444444444444,18.8888888888889,9.33333333333333,18.4444444444444,"unburned-after",0,1
"2990","unburned-5377-before","unburned-5377","unburned","5377",5377,"before","unburned",1551.2939453125,NA,0.24448162393446,-11.6913759952551,0.202136908034902,55.81,276.099998474121,22.3,13.7,17.6,9.2,17.9,"unburned-before",0,0
"2991","unburned-5383-after","unburned-5383","unburned","5383",5383,"after","unburned",1474.85803222656,NA,0.153567168214094,0.0173459523958381,0.153647713860075,33.0888888888889,215.355556276109,15.5555555555556,14.3333333333333,18.1111111111111,5.22222222222222,11.7777777777778,"unburned-after",0,1
"2992","unburned-5383-before","unburned-5383","unburned","5383",5383,"before","unburned",1474.85803222656,NA,0.204871536108546,-6.25325229251248,0.179039122551859,43.34,242.069997787476,14.6,17.1,17.8,7.7,11.9,"unburned-before",0,0
"2993","unburned-5398-after","unburned-5398","unburned","5398",5398,"after","unburned",1503.07922363281,NA,0.0551030554547337,3.80785365044801,0.067587821410241,20.6142857142857,305.000002724784,17,19.8571428571429,11.7142857142857,5.57142857142857,6,"unburned-after",0,1
"2994","unburned-5398-before","unburned-5398","unburned","5398",5398,"before","unburned",1503.07922363281,NA,0.1684815153468,11.0122315565668,0.199982835499229,69.91,349.580001831055,19.1,15.8,19.1,11.3,14.3,"unburned-before",0,0
"2995","unburned-5400-after","unburned-5400","unburned","5400",5400,"after","unburned",1640.99816894531,NA,0.144276817272385,25.7159771550195,0.262874714843313,57,216.833330790202,14.3333333333333,18.5555555555556,14.6666666666667,8.22222222222222,14.8888888888889,"unburned-after",0,1
"2996","unburned-5400-before","unburned-5400","unburned","5400",5400,"before","unburned",1640.99816894531,NA,0.195592921129894,20.4344452316297,0.279409348430313,68.12,243.800003051758,16.4,18.9,12,10.9,15.5,"unburned-before",0,0
"2997","unburned-5408-after","unburned-5408","unburned","5408",5408,"after","unburned",1499.42907714844,NA,0.15032389727055,23.7746645029534,0.272873716705828,52.9375,193.999996185303,12.875,22.5,13.875,9,14.5,"unburned-after",0,1
"2998","unburned-5408-before","unburned-5408","unburned","5408",5408,"before","unburned",1499.42907714844,NA,0.169715043493728,17.263536697266,0.245822863019684,55.76,226.829999923706,11.8,22.1,10.9,9.2,14.4,"unburned-before",0,0
"2999","unburned-5443-after","unburned-5443","unburned","5443",5443,"after","unburned",1604.3896484375,NA,0.216850596804432,18.2514761026236,0.303574257147573,63.8888888888889,210.455555386014,21.7777777777778,14.8888888888889,20.8888888888889,8.33333333333333,14.3333333333333,"unburned-after",0,1
"3000","unburned-5443-before","unburned-5443","unburned","5443",5443,"before","unburned",1604.3896484375,NA,0.265407941075286,16.3310407848809,0.332796903260372,80.65,242.339995384216,20.5,16.2,23.1,11.3,15.2,"unburned-before",0,0
"3001","unburned-5444-after","unburned-5444","unburned","5444",5444,"after","unburned",1632.73315429688,NA,0.184421665922238,1.16823689793922,0.188950813124866,48.7375,257.937498092651,22.375,15.5,13.75,9.75,15.75,"unburned-after",0,1
"3002","unburned-5444-before","unburned-5444","unburned","5444",5444,"before","unburned",1632.73315429688,NA,0.141788520623241,18.4249329463437,0.203468129859487,60.78,298.720001220703,23.9,18.7,15.5,8.9,15.1,"unburned-before",0,0
"3003","unburned-5451-after","unburned-5451","unburned","5451",5451,"after","unburned",1375.86254882812,NA,0.239604792485045,78.8263087200914,0.530817062179318,143.683333333333,270.683336257935,13.5,5.83333333333333,43,13.1666666666667,19,"unburned-after",0,1
"3004","unburned-5451-before","unburned-5451","unburned","5451",5451,"before","unburned",1375.86254882812,NA,0.752595597909158,-74.8111804151389,0.439996652496389,105.3,239.320002555847,23.1,6.9,35,10.8,17.2,"unburned-before",0,0
"3005","unburned-5454-after","unburned-5454","unburned","5454",5454,"after","unburned",2001.86047363281,NA,0.0169987567131124,84.0396547226128,0.173193851991852,93.1857142857143,538.042853219168,9.42857142857143,25.8571428571429,10.5714285714286,19,13.2857142857143,"unburned-after",0,1
"3006","unburned-5454-before","unburned-5454","unburned","5454",5454,"before","unburned",2001.86047363281,NA,-0.116358219577743,193.480951401304,0.249286593680522,131.91,529.149995803833,9.7,24.8,8.4,21.2,12.7,"unburned-before",0,0
"3007","unburned-5457-after","unburned-5457","unburned","5457",5457,"after","unburned",1511.74694824219,NA,0.178578957920735,8.19415423286749,0.212339700153442,51.5375,242.712502479553,22.25,12.75,25.375,5.5,14.25,"unburned-after",0,1
"3008","unburned-5457-before","unburned-5457","unburned","5457",5457,"before","unburned",1511.74694824219,NA,0.225860076241753,-1.94847974937592,0.218862232018083,60.94,278.440000534058,25.7,13.8,15.1,4.8,14.1,"unburned-before",0,0
"3009","unburned-5469-after","unburned-5469","unburned","5469",5469,"after","unburned",1882.65856933594,NA,0.0762920588033866,25.9164503810056,0.14975763225741,52.83,352.770000457764,15,19.8,14.6,7.3,13.6,"unburned-after",0,1
"3010","unburned-5469-before","unburned-5469","unburned","5469",5469,"before","unburned",1882.65856933594,NA,0.108544789406134,17.575234251196,0.156643405673842,57.2375,365.399997234344,14.625,23.75,15.375,6.875,12.375,"unburned-before",0,0
"3011","unburned-5480-after","unburned-5480","unburned","5480",5480,"after","unburned",2304.57885742188,NA,0.0743281621499825,116.415907499601,0.293911762148501,155.822222222222,530.166676839193,8.11111111111111,32.6666666666667,12,33.1111111111111,11.2222222222222,"unburned-after",0,1
"3012","unburned-5480-before","unburned-5480","unburned","5480",5480,"before","unburned",2304.57885742188,NA,0.0659969148402736,113.067722010044,0.273437789804159,149.04,545.059993743897,8.6,31.3,11.7,29.1,12.2,"unburned-before",0,0
"3013","unburned-5481-after","unburned-5481","unburned","5481",5481,"after","unburned",1446.99951171875,NA,0.830718223663877,-32.9941476583476,0.67455508753083,142.52,211.28000164032,13.7,5.4,49.2,11.5,17,"unburned-after",0,1
"3014","unburned-5481-before","unburned-5481","unburned","5481",5481,"before","unburned",1446.99951171875,NA,0.641868374630377,-57.8957305749609,0.384153126515803,86.3,224.650000333786,22.25,12,22.25,9.625,11.625,"unburned-before",0,0
"3015","unburned-5483-after","unburned-5483","unburned","5483",5483,"after","unburned",1521.67639160156,NA,0.0899803570640729,97.0865045826295,0.314228208167223,136.042857142857,432.942853655134,25,14.1428571428571,10.1428571428571,17.7142857142857,19.1428571428571,"unburned-after",0,1
"3016","unburned-5483-before","unburned-5483","unburned","5483",5483,"before","unburned",1521.67639160156,NA,0.142017819791826,83.3315611407531,0.330982559271543,145.96,440.990003585815,18,9.5,18.9,25.8,18.1,"unburned-before",0,0
"3017","unburned-5493-after","unburned-5493","unburned","5493",5493,"after","unburned",1468.45324707031,NA,0.429123043769049,34.1128276655629,0.610933454444791,114.628571428571,187.628571646554,14.2857142857143,11.2857142857143,31.1428571428571,9.57142857142857,14.4285714285714,"unburned-after",0,1
"3018","unburned-5493-before","unburned-5493","unburned","5493",5493,"before","unburned",1468.45324707031,NA,0.465945063193048,-8.83946681567553,0.426700405273475,96.11,225.240001678467,18,13.9,24.6,10.6,14.6,"unburned-before",0,0
"3019","unburned-5512-after","unburned-5512","unburned","5512",5512,"after","unburned",2100.64453125,NA,0.0454451641071878,97.8816975889257,0.288655401276578,116.171428571429,402.457144601004,13,22.4285714285714,7.28571428571429,18.7142857142857,12.8571428571429,"unburned-after",0,1
"3020","unburned-5512-before","unburned-5512","unburned","5512",5512,"before","unburned",2100.64453125,NA,0.158209919208716,63.2216757246814,0.29547527158391,136.09,460.579998016357,14.3,21.8,8.7,23.7,12.6,"unburned-before",0,0
"3021","unburned-5521-after","unburned-5521","unburned","5521",5521,"after","unburned",1903.40673828125,NA,0.134313326424139,94.2409223644112,0.31620698270059,163.83,518.110000610352,9.2,24.3,11,33.8,13.6,"unburned-after",0,1
"3022","unburned-5521-before","unburned-5521","unburned","5521",5521,"before","unburned",1903.40673828125,NA,0.137427314486967,81.9264363629675,0.30016139044072,151.1125,503.4375,12.125,22.375,10.25,30.125,14.875,"unburned-before",0,0
"3023","unburned-5527-after","unburned-5527","unburned","5527",5527,"after","unburned",1491.23620605469,NA,0.0792154826964629,35.3803024422227,0.17257644113095,65.4,378.962502479553,28.875,20.75,10.125,13,18.375,"unburned-after",0,1
"3024","unburned-5527-before","unburned-5527","unburned","5527",5527,"before","unburned",1491.23620605469,NA,0.031583323058502,96.4019305590877,0.287481419084195,108.3,376.719999313354,23.7,12.8,17.2,20.6,17.8,"unburned-before",0,0
"3025","unburned-5531-after","unburned-5531","unburned","5531",5531,"after","unburned",1418.11608886719,NA,0.188195054232258,-2.94012387649872,0.175275849780401,39.8888888888889,227.577780617608,17.7777777777778,13.1111111111111,20.3333333333333,3.88888888888889,15.5555555555556,"unburned-after",0,1
"3026","unburned-5531-before","unburned-5531","unburned","5531",5531,"before","unburned",1418.11608886719,NA,0.10172016661499,16.8832035127783,0.171399091225131,41.53,242.300001144409,20.7,13.5,15.2,3.8,15,"unburned-before",0,0
"3027","unburned-5540-after","unburned-5540","unburned","5540",5540,"after","unburned",1589.26403808594,NA,0.277920652064177,-5.06741657721177,0.255586408197795,57.99,226.889999389648,23.1,19.2,17.7,9.5,16.7,"unburned-after",0,1
"3028","unburned-5540-before","unburned-5540","unburned","5540",5540,"before","unburned",1589.26403808594,NA,0.254717915126335,8.61226224610963,0.288571147149679,73.4125,254.400000572205,21.5,22.25,17.5,10.875,16.25,"unburned-before",0,0
"3029","unburned-5544-after","unburned-5544","unburned","5544",5544,"after","unburned",1462.13513183594,NA,0.286641111268512,77.0878931712451,0.596367867964852,148.43,248.890002250671,20.6,12.4,23,17.8,16.7,"unburned-after",0,1
"3030","unburned-5544-before","unburned-5544","unburned","5544",5544,"before","unburned",1462.13513183594,NA,0.6138567822501,-49.1152173880152,0.428474367607458,113.52,264.940002441406,20,11.2,23.8,21.1,14.3,"unburned-before",0,0
"3031","unburned-5557-after","unburned-5557","unburned","5557",5557,"after","unburned",1705.14978027344,NA,0.0964267732469477,31.8301473471659,0.188220969028326,65.2666666666667,346.755555470785,25.3333333333333,19.7777777777778,13.4444444444444,14.5555555555556,17.8888888888889,"unburned-after",0,1
"3032","unburned-5557-before","unburned-5557","unburned","5557",5557,"before","unburned",1705.14978027344,NA,0.164500965281348,22.2085025494219,0.223624311656878,84,375.629999160767,21.1,20.1,16.6,21.9,17.7,"unburned-before",0,0
"3033","unburned-556-after","unburned-556","unburned","556",556,"after","unburned",1376.61279296875,NA,0.211280108726689,-9.26135697608279,0.177739321446947,49.0777777777778,276.122229894002,21.6666666666667,7.66666666666667,33.3333333333333,5.77777777777778,15.2222222222222,"unburned-after",0,1
"3034","unburned-556-before","unburned-556","unburned","556",556,"before","unburned",1376.61279296875,NA,0.233882679708821,-15.5919239011867,0.182260629480878,55.05,302.03999710083,27.7,9.2,24.1,6.2,13.1,"unburned-before",0,0
"3035","unburned-5567-after","unburned-5567","unburned","5567",5567,"after","unburned",1238.66271972656,NA,0.213413087806695,-17.7973754198809,0.101725761268955,16.21,159.349999427795,41.6,11.5,15.9,1.9,13.1,"unburned-after",0,1
"3036","unburned-5567-before","unburned-5567","unburned","5567",5567,"before","unburned",1238.66271972656,NA,0.18253021663194,-6.06923350459305,0.146628214684187,24.7875,169.050002098084,46.375,13.5,16.125,4.5,12.125,"unburned-before",0,0
"3037","unburned-5575-after","unburned-5575","unburned","5575",5575,"after","unburned",1994.78918457031,NA,0.056891562768127,113.876510374704,0.31741230484621,138.744444444444,437.11110856798,15.6666666666667,21.7777777777778,14.8888888888889,26.4444444444444,18.5555555555556,"unburned-after",0,1
"3038","unburned-5575-before","unburned-5575","unburned","5575",5575,"before","unburned",1994.78918457031,NA,0.0584976385406924,94.1922431882561,0.260125010787935,121.52,467.159999847412,18.2,22.9,13.6,26.8,18.7,"unburned-before",0,0
"3039","unburned-5579-after","unburned-5579","unburned","5579",5579,"after","unburned",1350.32360839844,NA,0.406798185395176,-18.8588230056537,0.310213637001246,60.5714285714286,195.257143293108,14.4285714285714,8.85714285714286,46,8.42857142857143,15.5714285714286,"unburned-after",0,1
"3040","unburned-5579-before","unburned-5579","unburned","5579",5579,"before","unburned",1350.32360839844,NA,0.342330968838553,-5.7995089739681,0.317476640721772,74.08,233.340002059937,15.3,12.2,35.5,10,13.7,"unburned-before",0,0
"3041","unburned-558-after","unburned-558","unburned","558",558,"after","unburned",1338.68237304688,NA,0.203410985833567,18.8420775468075,0.293211186795782,61.5222222222222,209.822220272488,16.7777777777778,18.4444444444444,22.5555555555556,12.4444444444444,19.7777777777778,"unburned-after",0,1
"3042","unburned-558-before","unburned-558","unburned","558",558,"before","unburned",1338.68237304688,NA,0.223361457244549,13.2360943164242,0.277534477806508,67.81,244.330003738403,19.1,19.4,17.7,13.8,19.5,"unburned-before",0,0
"3043","unburned-5584-after","unburned-5584","unburned","5584",5584,"after","unburned",1450.6611328125,NA,0.174432433136764,14.929538357372,0.237414454567157,56.2777777777778,237.044445673625,21.3333333333333,16.1111111111111,19.6666666666667,9.66666666666667,13.1111111111111,"unburned-after",0,1
"3044","unburned-5584-before","unburned-5584","unburned","5584",5584,"before","unburned",1450.6611328125,NA,0.144095117858514,12.4812830388043,0.191512802784213,50.41,263.220000267029,26.2,17.4,11.3,7.8,11.9,"unburned-before",0,0
"3045","unburned-5585-after","unburned-5585","unburned","5585",5585,"after","unburned",1451.18420410156,NA,0.220376788369953,-0.673446599746672,0.217268908010347,47.08,216.690001487732,22.2,15.3,20.8,6.1,13.5,"unburned-after",0,1
"3046","unburned-5585-before","unburned-5585","unburned","5585",5585,"before","unburned",1451.18420410156,NA,0.284471476862374,-5.9580989156325,0.261236227265172,66.9875,256.425001621246,23.25,15.875,20.125,7.75,14.75,"unburned-before",0,0
"3047","unburned-5592-after","unburned-5592","unburned","5592",5592,"after","unburned",1571.21728515625,NA,0.18612112338662,16.6578007699765,0.271536009535179,52.9555555555556,195.022220611572,12,18.1111111111111,18.7777777777778,11.7777777777778,13.8888888888889,"unburned-after",0,1
"3048","unburned-5592-before","unburned-5592","unburned","5592",5592,"before","unburned",1571.21728515625,NA,0.205074145063662,10.1411495933373,0.249173769309857,57.3,229.960000038147,12.1,19.5,18.5,13.6,13.3,"unburned-before",0,0
"3049","unburned-5614-after","unburned-5614","unburned","5614",5614,"after","unburned",1489.10815429688,NA,0.197370862886228,0.955367432326492,0.202441430863778,38.1428571428571,188.414283479963,14.1428571428571,14.2857142857143,19.5714285714286,3.85714285714286,12.1428571428571,"unburned-after",0,1
"3050","unburned-5614-before","unburned-5614","unburned","5614",5614,"before","unburned",1489.10815429688,NA,0.222136593483096,-0.865734634801705,0.217924387849489,44.79,205.530002593994,18,15,15.1,5.3,11.2,"unburned-before",0,0
"3051","unburned-5641-after","unburned-5641","unburned","5641",5641,"after","unburned",1403.59497070312,NA,0.15348845573997,-10.0555989152034,0.105638829599324,22.2,210.14999961853,47,15.9,7.7,3.5,12.7,"unburned-after",0,1
"3052","unburned-5641-before","unburned-5641","unburned","5641",5641,"before","unburned",1403.59497070312,NA,0.264507920583995,-26.3678776821895,0.149427167643176,34.2375,229.125001430512,39.25,18,12.625,5.125,13.625,"unburned-before",0,0
"3053","unburned-5642-after","unburned-5642","unburned","5642",5642,"after","unburned",1479.51208496094,NA,0.0965170335298566,17.5602912867418,0.160728067966023,43.9555555555556,273.477782143487,36.1111111111111,12.5555555555556,14.6666666666667,10.5555555555556,17.7777777777778,"unburned-after",0,1
"3054","unburned-5642-before","unburned-5642","unburned","5642",5642,"before","unburned",1479.51208496094,NA,0.0149247903854457,72.4450840672772,0.280914963873703,76.51,272.360001564026,31.8,13.8,15,10.4,18.1,"unburned-before",0,0
"3055","unburned-5657-after","unburned-5657","unburned","5657",5657,"after","unburned",1492.87866210938,NA,0.276258438745095,-13.4513002895672,0.211199484179456,43.6666666666667,206.755555470785,25.4444444444444,16.8888888888889,23.3333333333333,9.11111111111111,15.8888888888889,"unburned-after",0,1
"3056","unburned-5657-before","unburned-5657","unburned","5657",5657,"before","unburned",1492.87866210938,NA,0.364910637661468,-32.8440290953305,0.227251770674899,54.22,238.590000152588,24.2,16.7,20.7,9.1,15.3,"unburned-before",0,0
"3057","unburned-5658-after","unburned-5658","unburned","5658",5658,"after","unburned",1466.54260253906,NA,0.199253847114832,3.33951519658137,0.216861751693952,41.13,189.660000801086,29,13.4,20.5,7.1,14.5,"unburned-after",0,1
"3058","unburned-5658-before","unburned-5658","unburned","5658",5658,"before","unburned",1466.54260253906,NA,0.246018882262122,0.982610401963948,0.250829573505718,51.2333333333333,204.255553351508,27,14,13.8888888888889,6.55555555555556,14.5555555555556,"unburned-before",0,0
"3059","unburned-5659-after","unburned-5659","unburned","5659",5659,"after","unburned",1924.67797851562,NA,0.122768386877975,29.7256220447672,0.202980241239542,75.2222222222222,370.588889651828,15.3333333333333,19.2222222222222,12.5555555555556,15.6666666666667,16.8888888888889,"unburned-after",0,1
"3060","unburned-5659-before","unburned-5659","unburned","5659",5659,"before","unburned",1924.67797851562,NA,0.17315599587502,18.7680425169304,0.219874047094823,88.33,401.729995727539,16.8,21.2,11.5,17.2,16.3,"unburned-before",0,0
"3061","unburned-5663-after","unburned-5663","unburned","5663",5663,"after","unburned",1400.34924316406,NA,0.533105094962125,8.0971530786063,0.572859381051329,116.68,203.680002212524,14.2,8.1,36.2,8.4,16.3,"unburned-after",0,1
"3062","unburned-5663-before","unburned-5663","unburned","5663",5663,"before","unburned",1400.34924316406,NA,0.337805864478925,44.9058512123165,0.537157064677827,121,225.259999275208,15.6,10.8,29.8,11.6,16.7,"unburned-before",0,0
"3063","unburned-5665-after","unburned-5665","unburned","5665",5665,"after","unburned",1915.54040527344,NA,0.0936913557528809,67.1994999883374,0.227688366450006,114.185714285714,501.499993460519,14.7142857142857,26.2857142857143,8.57142857142857,27.8571428571429,15.2857142857143,"unburned-after",0,1
"3064","unburned-5665-before","unburned-5665","unburned","5665",5665,"before","unburned",1915.54040527344,NA,0.143524218982098,50.6075589224978,0.241292043858989,124.9,517.629997253418,16.9,22.7,10.7,27.3,15.6,"unburned-before",0,0
"3065","unburned-5666-after","unburned-5666","unburned","5666",5666,"after","unburned",1454.24731445312,NA,0.772149232490607,-33.149559872946,0.616575928623126,131.38,213.080001831055,10.8,7,41.6,9,16.8,"unburned-after",0,1
"3066","unburned-5666-before","unburned-5666","unburned","5666",5666,"before","unburned",1454.24731445312,NA,0.510603753517302,-21.0086011472259,0.417339964052583,94.01,225.259999275208,12.8,10.9,29.1,11.1,16.2,"unburned-before",0,0
"3067","unburned-5682-after","unburned-5682","unburned","5682",5682,"after","unburned",1677.19714355469,NA,0.116897233920645,17.5555159975235,0.190687465924137,45.3666666666667,237.911109924316,20.1111111111111,14.8888888888889,20.4444444444444,7.66666666666667,16.6666666666667,"unburned-after",0,1
"3068","unburned-5682-before","unburned-5682","unburned","5682",5682,"before","unburned",1677.19714355469,NA,0.163900677880353,13.7009078355949,0.217585516963262,55.53,255.210000991821,20.1,17,18.8,8.6,17.1,"unburned-before",0,0
"3069","unburned-5683-after","unburned-5683","unburned","5683",5683,"after","unburned",1832.97778320312,NA,0.11160609059904,68.8233718620923,0.287124745451163,112.585714285714,392.114285060338,10.8571428571429,23.7142857142857,7.71428571428571,31.4285714285714,13.7142857142857,"unburned-after",0,1
"3070","unburned-5683-before","unburned-5683","unburned","5683",5683,"before","unburned",1832.97778320312,NA,0.261063336419106,17.2147575281595,0.304394884693387,120.93,397.280000686646,11.4,23.7,8.1,32.4,13.1,"unburned-before",0,0
"3071","unburned-5685-after","unburned-5685","unburned","5685",5685,"after","unburned",2249.23901367188,NA,0.0752276377919684,117.719870896549,0.307988048477546,155.766666666667,505.75555589464,9.44444444444444,32.5555555555556,7.77777777777778,28.6666666666667,14.2222222222222,"unburned-after",0,1
"3072","unburned-5685-before","unburned-5685","unburned","5685",5685,"before","unburned",2249.23901367188,NA,0.14698156037679,76.8099031289078,0.296810689775138,152.16,512.64999961853,9.7,32.8,7.7,29.6,13.1,"unburned-before",0,0
"3073","unburned-569-after","unburned-569","unburned","569",569,"after","unburned",1478.62182617188,NA,0.188837112335641,99.4122264674368,0.549044985527194,151.528571428571,275.98571232387,14,4.28571428571429,40.1428571428571,11.5714285714286,13.2857142857143,"unburned-after",0,1
"3074","unburned-569-before","unburned-569","unburned","569",569,"before","unburned",1478.62182617188,NA,0.60676470142128,-59.0796873248516,0.404886388856897,118.49,292.649995803833,12.2,5.4,26.4,14.1,11.2,"unburned-before",0,0
"3075","unburned-57-after","unburned-57","unburned","57",57,"after","unburned",1394.01171875,NA,0.324529525737805,-20.9128488170292,0.229758307715781,50.7,220.666667090522,20.5555555555556,9.88888888888889,29.5555555555556,7.33333333333333,15.6666666666667,"unburned-after",0,1
"3076","unburned-57-before","unburned-57","unburned","57",57,"before","unburned",1394.01171875,NA,0.174122518691631,14.5444909002036,0.234184010719085,56.71,242.159999847412,26.4,12.2,23.3,7.3,14.1,"unburned-before",0,0
"3077","unburned-5736-after","unburned-5736","unburned","5736",5736,"after","unburned",1154.6181640625,NA,0.139110394237406,-9.03747273416764,0.0935662685284236,18.5666666666667,198.433334562514,13.6666666666667,15.1111111111111,15.3333333333333,2.33333333333333,8.44444444444444,"unburned-after",0,1
"3078","unburned-5736-before","unburned-5736","unburned","5736",5736,"before","unburned",1154.6181640625,NA,0.119970277230956,-6.81482544027635,0.0900715126864101,20.53,227.93000125885,15.1,16,15.1,2.8,7.9,"unburned-before",0,0
"3079","unburned-5737-after","unburned-5737","unburned","5737",5737,"after","unburned",1701.36999511719,NA,0.136812045505998,38.4380130617492,0.268078205626058,78.5,292.824997901917,30.875,19.625,16.375,9.625,15.875,"unburned-after",0,1
"3080","unburned-5737-before","unburned-5737","unburned","5737",5737,"before","unburned",1701.36999511719,NA,0.210800180907129,28.5161163264106,0.296878774337119,98.35,331.279998779297,33.5,18.6,10.9,13.8,16.6,"unburned-before",0,0
"3081","unburned-5744-after","unburned-5744","unburned","5744",5744,"after","unburned",1353.82434082031,NA,0.0637141372945494,23.7456813652391,0.179609546697905,36.8,204.888886345757,28.7777777777778,13,17.8888888888889,6.22222222222222,18.5555555555556,"unburned-after",0,1
"3082","unburned-5744-before","unburned-5744","unburned","5744",5744,"before","unburned",1353.82434082031,NA,-0.022181563133428,79.3410645130607,0.367950040277347,74.83,203.370000839233,31.7,13.6,19.2,6.5,18.2,"unburned-before",0,0
"3083","unburned-5754-after","unburned-5754","unburned","5754",5754,"after","unburned",1300.45959472656,NA,0.319315539045928,-24.3926508746888,0.203171122426242,42.67,210.020004272461,29.2,7,27.8,6.8,17.8,"unburned-after",0,1
"3084","unburned-5754-before","unburned-5754","unburned","5754",5754,"before","unburned",1300.45959472656,NA,0.240823036633631,-7.48101194698753,0.206713783120881,45.3375,219.324997663498,27.5,14.25,17.875,6.25,16.125,"unburned-before",0,0
"3085","unburned-5771-after","unburned-5771","unburned","5771",5771,"after","unburned",1512.82287597656,NA,0.259106592906216,11.0002924537945,0.312305213211727,64.5777777777778,206.777777141995,17.3333333333333,17.4444444444444,23.7777777777778,8.22222222222222,10.3333333333333,"unburned-after",0,1
"3086","unburned-5771-before","unburned-5771","unburned","5771",5771,"before","unburned",1512.82287597656,NA,0.344128697865537,-9.42810071777231,0.303602130356899,70.63,232.640001296997,21.2,19.8,17.7,12.8,9.7,"unburned-before",0,0
"3087","unburned-5776-after","unburned-5776","unburned","5776",5776,"after","unburned",2043.2763671875,NA,0.0944709479632493,97.5996070347585,0.304658899350525,141.466666666667,464.344442155626,14.2222222222222,26.5555555555556,10.1111111111111,26.2222222222222,16.3333333333333,"unburned-after",0,1
"3088","unburned-5776-before","unburned-5776","unburned","5776",5776,"before","unburned",2043.2763671875,NA,0.0921142470795541,78.609365346896,0.250802430081592,124.24,495.370000839233,17.2,28.5,9.3,24.6,17.2,"unburned-before",0,0
"3089","unburned-5783-after","unburned-5783","unburned","5783",5783,"after","unburned",1878.36157226562,NA,0.0992969303707531,42.785225582777,0.193397032839336,87.9333333333333,454.677778879802,16.7777777777778,27.5555555555556,6.33333333333333,21.3333333333333,14.6666666666667,"unburned-after",0,1
"3090","unburned-5783-before","unburned-5783","unburned","5783",5783,"before","unburned",1878.36157226562,NA,0.145086862998255,19.3048921680304,0.186844324681293,86.38,462.310001373291,17.6,25.3,7.1,20.4,14.3,"unburned-before",0,0
"3091","unburned-5788-after","unburned-5788","unburned","5788",5788,"after","unburned",1860.35571289062,NA,0.0831296536705065,116.487907587865,0.350215267856071,152.744444444444,436.14444732666,11,22.8888888888889,7.88888888888889,25.4444444444444,13.1111111111111,"unburned-after",0,1
"3092","unburned-5788-before","unburned-5788","unburned","5788",5788,"before","unburned",1860.35571289062,NA,0.0874795280859609,103.493702959836,0.311598592409937,143.89,461.780006408691,14.3,24.3,8.1,26.5,14,"unburned-before",0,0
"3093","unburned-5799-after","unburned-5799","unburned","5799",5799,"after","unburned",1322.82470703125,NA,0.615162702006783,-4.20324424545077,0.596250466985741,132.516666666667,222.250000635783,11.5,4.66666666666667,46.8333333333333,22,16.3333333333333,"unburned-after",0,1
"3094","unburned-5799-before","unburned-5799","unburned","5799",5799,"before","unburned",1322.82470703125,NA,0.895099835253823,-83.2851536279801,0.501111690741541,105.93,211.389999389648,15.1,6.9,40.1,17.6,14.4,"unburned-before",0,0
"3095","unburned-5804-after","unburned-5804","unburned","5804",5804,"after","unburned",2036.73620605469,NA,0.110515350223623,109.361828272977,0.315798116401156,168.2375,532.737503051758,8.625,32.5,9.375,33.375,11.75,"unburned-after",0,1
"3096","unburned-5804-before","unburned-5804","unburned","5804",5804,"before","unburned",2036.73620605469,NA,0.110408160121494,82.4389483778154,0.265147532535445,141.26,532.76000213623,10.7,31.3,9,31.8,12.2,"unburned-before",0,0
"3097","unburned-5813-after","unburned-5813","unburned","5813",5813,"after","unburned",1985.32421875,NA,0.21260609195242,71.0870689433613,0.510627594584968,121.8,238.529999732971,15.5,15.4,17.1,11.2,16.9,"unburned-after",0,1
"3098","unburned-5813-before","unburned-5813","unburned","5813",5813,"before","unburned",1985.32421875,NA,0.368524112010047,0.997070896305057,0.372203510075721,100.8625,270.987503528595,18.625,17.625,15.25,13.875,16.5,"unburned-before",0,0
"3099","unburned-5819-after","unburned-5819","unburned","5819",5819,"after","unburned",1329.060546875,NA,0.339944653410829,-17.8531698010715,0.246993282864712,47.44,192.070000648498,25.5,9.6,30.3,6.6,16.7,"unburned-after",0,1
"3100","unburned-5819-before","unburned-5819","unburned","5819",5819,"before","unburned",1329.060546875,NA,0.294694786199207,-7.66192150726954,0.255443138615501,49.8625,195.19999742508,35.25,13.25,16.125,5.625,13.75,"unburned-before",0,0
"3101","unburned-5820-after","unburned-5820","unburned","5820",5820,"after","unburned",1242.06616210938,NA,0.0935993944638115,8.52753963468493,0.138208829375286,26.42,191.160001277924,29.2,17,11.9,3.1,15.5,"unburned-after",0,1
"3102","unburned-5820-before","unburned-5820","unburned","5820",5820,"before","unburned",1242.06616210938,NA,-0.019671657214323,55.7854038620824,0.252644137045248,51.7555555555556,204.855557547675,28.5555555555556,16.5555555555556,10.7777777777778,4.33333333333333,15.3333333333333,"unburned-before",0,0
"3103","unburned-5839-after","unburned-5839","unburned","5839",5839,"after","unburned",1566.31958007812,NA,0.127472940820489,49.7273307479781,0.303036244307565,85.8333333333333,283.244446648492,23.7777777777778,15.5555555555556,12.5555555555556,16.6666666666667,18.6666666666667,"unburned-after",0,1
"3104","unburned-5839-before","unburned-5839","unburned","5839",5839,"before","unburned",1566.31958007812,NA,0.0672322547175141,85.1535666808713,0.360127955519892,104.7,290.729998588562,24.7,17.2,13.8,18,17.8,"unburned-before",0,0
"3105","unburned-5849-after","unburned-5849","unburned","5849",5849,"after","unburned",1456.20153808594,NA,0.14838872690984,81.4453138006717,0.417998673911945,126.271428571429,302.085715702602,17.1428571428571,10.5714285714286,21.4285714285714,17,19.7142857142857,"unburned-after",0,1
"3106","unburned-5849-before","unburned-5849","unburned","5849",5849,"before","unburned",1456.20153808594,NA,0.506753014359062,-33.9097764398381,0.391378318371983,115.03,293.909996032715,15.4,14.3,19.7,19.3,19.5,"unburned-before",0,0
"3107","unburned-5854-after","unburned-5854","unburned","5854",5854,"after","unburned",1347.2626953125,NA,0.168974833307738,-4.59644323747907,0.146247666256447,29.5777777777778,202.244442833795,24.3333333333333,8.44444444444444,17.4444444444444,4.33333333333333,16.1111111111111,"unburned-after",0,1
"3108","unburned-5854-before","unburned-5854","unburned","5854",5854,"before","unburned",1347.2626953125,NA,0.159138449150454,5.62284958912405,0.185009662962219,40.21,217.339999198914,22.8,11.6,15.4,6,16.3,"unburned-before",0,0
"3109","unburned-5873-after","unburned-5873","unburned","5873",5873,"after","unburned",2206.07299804688,NA,0.0751569309261178,116.657210527273,0.28117667911378,159.214285714286,566.242855616978,11.2857142857143,26.2857142857143,12.8571428571429,32,13.1428571428571,"unburned-after",0,1
"3110","unburned-5873-before","unburned-5873","unburned","5873",5873,"before","unburned",2206.07299804688,NA,0.057382624038094,119.992648377676,0.262997362009823,153.48,583.579998016357,12.4,26.3,8.6,30.7,12.8,"unburned-before",0,0
"3111","unburned-5874-after","unburned-5874","unburned","5874",5874,"after","unburned",1565.21264648438,NA,0.149765016178966,26.1512065444483,0.24105030453551,69.0555555555556,286.477777693007,16.2222222222222,20.6666666666667,12.1111111111111,16.7777777777778,15.7777777777778,"unburned-after",0,1
"3112","unburned-5874-before","unburned-5874","unburned","5874",5874,"before","unburned",1565.21264648438,NA,0.13723829495144,25.8403795951702,0.22163433666655,67.86,306.17999458313,17.7,23.4,12.4,15,16.5,"unburned-before",0,0
"3113","unburned-5879-after","unburned-5879","unburned","5879",5879,"after","unburned",1756.23681640625,NA,0.168765551527322,62.0811585320426,0.322673061798716,130.155555555556,403.366661071777,11.6666666666667,25.4444444444444,6.22222222222222,26.3333333333333,13.7777777777778,"unburned-after",0,1
"3114","unburned-5879-before","unburned-5879","unburned","5879",5879,"before","unburned",1756.23681640625,NA,0.325496402037598,1.31766640530818,0.328729145914131,133.99,407.60000038147,12.5,27.3,7.9,29.5,13.8,"unburned-before",0,0
"3115","unburned-5881-after","unburned-5881","unburned","5881",5881,"after","unburned",1231.52661132812,NA,0.187582196259627,-11.2600777649325,0.11558681424797,18.0777777777778,156.400000254313,21,14.4444444444444,17.3333333333333,2,13,"unburned-after",0,1
"3116","unburned-5881-before","unburned-5881","unburned","5881",5881,"before","unburned",1231.52661132812,NA,0.144603655954053,-3.56568983402231,0.125482625148927,23.4,186.480000495911,20.9,16.4,11.4,2.4,12.6,"unburned-before",0,0
"3117","unburned-5911-after","unburned-5911","unburned","5911",5911,"after","unburned",1417.77783203125,NA,0.365178657039898,-21.7767007851924,0.2583403431983,52.6571428571429,203.828570502145,18.7142857142857,9.42857142857143,35.5714285714286,8,17.8571428571429,"unburned-after",0,1
"3118","unburned-5911-before","unburned-5911","unburned","5911",5911,"before","unburned",1417.77783203125,NA,0.18784256100479,21.6207598077008,0.279150300876009,66.1,236.790000915527,26.3,11,28.4,7.5,16.5,"unburned-before",0,0
"3119","unburned-5941-after","unburned-5941","unburned","5941",5941,"after","unburned",2177.36596679688,NA,0.105488783904352,107.992905900249,0.319016652538872,161.344444444444,505.75555589464,7.88888888888889,28,8.22222222222222,29,13.4444444444444,"unburned-after",0,1
"3120","unburned-5941-before","unburned-5941","unburned","5941",5941,"before","unburned",2177.36596679688,NA,0.220759448772004,46.5676686712454,0.311596606103315,159.74,512.64999961853,9.5,28.6,9.6,30.2,12.8,"unburned-before",0,0
"3121","unburned-5949-after","unburned-5949","unburned","5949",5949,"after","unburned",1846.31555175781,NA,0.0442317690271428,108.92725356848,0.264796066829722,130.771428571429,493.857141222273,9.28571428571429,15.8571428571429,17.4285714285714,27.1428571428571,13,"unburned-after",0,1
"3122","unburned-5949-before","unburned-5949","unburned","5949",5949,"before","unburned",1846.31555175781,NA,0.123939691284501,82.6067483110175,0.307180411561084,138.48,450.809995651245,9.1,20.6,10.4,29.9,14.8,"unburned-before",0,0
"3123","unburned-5959-after","unburned-5959","unburned","5959",5959,"after","unburned",1349.76159667969,NA,0.199014875774606,-1.66250343702359,0.190432490158102,36.8888888888889,193.711109161377,22,12.4444444444444,25,4.33333333333333,14.3333333333333,"unburned-after",0,1
"3124","unburned-5959-before","unburned-5959","unburned","5959",5959,"before","unburned",1349.76159667969,NA,0.153823572822706,12.8545467182026,0.217659032637342,43.83,201.370002746582,26.1,11.9,18.4,4.6,14.2,"unburned-before",0,0
"3125","unburned-596-after","unburned-596","unburned","596",596,"after","unburned",1856.34350585938,NA,0.11869214861529,41.0376562338341,0.214250783605164,92.01,429.450004577637,15.5,25.5,5.9,26.1,14.6,"unburned-after",0,1
"3126","unburned-596-before","unburned-596","unburned","596",596,"before","unburned",1856.34350585938,NA,0.122806829008322,40.3851686371734,0.217203296805261,92.925,427.824997901917,16.875,23.375,6.375,25.125,13.75,"unburned-before",0,0
"3127","unburned-5960-after","unburned-5960","unburned","5960",5960,"after","unburned",1591.23901367188,NA,0.124102632219929,29.4800118683204,0.214541363533932,69.9333333333333,325.966667599148,14.1111111111111,16.8888888888889,15.1111111111111,16.3333333333333,14.6666666666667,"unburned-after",0,1
"3128","unburned-5960-before","unburned-5960","unburned","5960",5960,"before","unburned",1591.23901367188,NA,0.215724976148847,1.69769268283685,0.220898344942609,72.49,328.159996032715,14.8,18.6,15.1,14.8,15.2,"unburned-before",0,0
"3129","unburned-5964-after","unburned-5964","unburned","5964",5964,"after","unburned",1551.69030761719,NA,0.255597519661865,-10.9244956648349,0.215847990011554,59.3222222222222,274.833331637912,22.4444444444444,8.44444444444444,38,12.2222222222222,17.1111111111111,"unburned-after",0,1
"3130","unburned-5964-before","unburned-5964","unburned","5964",5964,"before","unburned",1551.69030761719,NA,0.415686412973968,-45.3823532330236,0.260128883785889,75.89,291.73999786377,21.8,8.4,27,13,17.7,"unburned-before",0,0
"3131","unburned-5965-after","unburned-5965","unburned","5965",5965,"after","unburned",1710.81323242188,NA,0.0936840167104998,43.8773314670282,0.217273428180085,77.1375,355.025005340576,26.25,19,10.625,16.5,16,"unburned-after",0,1
"3132","unburned-5965-before","unburned-5965","unburned","5965",5965,"before","unburned",1710.81323242188,NA,0.148863167490519,28.4024045787944,0.229202614430991,81.03,353.529998779297,27.5,19.1,12.1,17.3,16.6,"unburned-before",0,0
"3133","unburned-5973-after","unburned-5973","unburned","5973",5973,"after","unburned",1386.74499511719,NA,0.352443898491771,78.9156957983268,0.644598014417941,174.116666666667,270.11666615804,13,4.66666666666667,51.1666666666667,23,12.5,"unburned-after",0,1
"3134","unburned-5973-before","unburned-5973","unburned","5973",5973,"before","unburned",1386.74499511719,NA,0.742253558184445,-75.0115158335723,0.434967842977897,106.18,244.109999656677,19.1,9.3,35.2,16,15.7,"unburned-before",0,0
"3135","unburned-5977-after","unburned-5977","unburned","5977",5977,"after","unburned",1510.86242675781,NA,0.105869548493958,26.5183248498655,0.201935519730892,55.7428571428571,276.042853764125,25,14,17.7142857142857,6.42857142857143,18.4285714285714,"unburned-after",0,1
"3136","unburned-5977-before","unburned-5977","unburned","5977",5977,"before","unburned",1510.86242675781,NA,0.153070706183868,30.0616773867148,0.258229266015387,73.82,285.869998931885,23.4,9.8,26,12.8,16.1,"unburned-before",0,0
"3137","unburned-5983-after","unburned-5983","unburned","5983",5983,"after","unburned",1584.80676269531,NA,0.16622038510776,76.3751290516668,0.414953009111339,127.414285714286,307.057143620082,15.4285714285714,11.4285714285714,26.8571428571429,21.2857142857143,15.1428571428571,"unburned-after",0,1
"3138","unburned-5983-before","unburned-5983","unburned","5983",5983,"before","unburned",1584.80676269531,NA,0.453335393327117,-16.9514390179741,0.398757206283922,123.85,310.589998245239,17.2,11.5,27.9,24.1,14.1,"unburned-before",0,0
"3139","unburned-5990-after","unburned-5990","unburned","5990",5990,"after","unburned",1669.57336425781,NA,0.0350684809335652,38.5568809230402,0.14765427325088,50.5666666666667,342.466665903727,16.5555555555556,14.3333333333333,12.5555555555556,7.11111111111111,9.88888888888889,"unburned-after",0,1
"3140","unburned-5990-before","unburned-5990","unburned","5990",5990,"before","unburned",1669.57336425781,NA,0.0685896171265719,26.1648201554094,0.14385157817453,50.01,347.649991989136,16.5,17.4,10.3,7,9.9,"unburned-before",0,0
"3141","unburned-5993-after","unburned-5993","unburned","5993",5993,"after","unburned",1277.75659179688,NA,0.20380436668885,-11.7651003353584,0.142824233765061,27.5555555555556,192.933333714803,23.5555555555556,15.1111111111111,18.8888888888889,4.11111111111111,12.2222222222222,"unburned-after",0,1
"3142","unburned-5993-before","unburned-5993","unburned","5993",5993,"before","unburned",1277.75659179688,NA,0.264992782544751,-19.4387800463374,0.166158227914451,32.68,196.679998397827,24.6,17.4,12.4,4,10.7,"unburned-before",0,0
"3143","unburned-6009-after","unburned-6009","unburned","6009",6009,"after","unburned",1419.42004394531,NA,0.28089493963365,-20.2013999692731,0.187026625123672,40.25,215.210000038147,20.8,10.5,27.7,6.4,15.9,"unburned-after",0,1
"3144","unburned-6009-before","unburned-6009","unburned","6009",6009,"before","unburned",1419.42004394531,NA,0.274565779026179,-13.6543488073049,0.217604423608678,52.1625,239.712498188019,22.125,11,22.625,7.375,16.875,"unburned-before",0,0
"3145","unburned-6021-after","unburned-6021","unburned","6021",6021,"after","unburned",1537.23669433594,NA,0.101935795363291,21.6260462641057,0.176757775528932,51.0888888888889,289.033332400852,20.7777777777778,23.6666666666667,7.88888888888889,9.55555555555556,15.2222222222222,"unburned-after",0,1
"3146","unburned-6021-before","unburned-6021","unburned","6021",6021,"before","unburned",1537.23669433594,NA,0.103047404656234,25.8688695063846,0.189285592048776,56.78,299.9700050354,23.4,22.4,10.6,11.3,15.6,"unburned-before",0,0
"3147","unburned-6028-after","unburned-6028","unburned","6028",6028,"after","unburned",1483.61535644531,NA,0.159720989261756,1.97641250788696,0.169270413499298,35.0333333333333,206.966667175293,21.3333333333333,16.8888888888889,15.8888888888889,3,11,"unburned-after",0,1
"3148","unburned-6028-before","unburned-6028","unburned","6028",6028,"before","unburned",1483.61535644531,NA,0.168318154200198,-3.20535844779894,0.154581296312558,36.07,233.340002059937,21.3,17.7,11.9,3.1,10.3,"unburned-before",0,0
"3149","unburned-6041-after","unburned-6041","unburned","6041",6041,"after","unburned",1715.00964355469,NA,0.0723127836409543,84.6444063365413,0.35803765802425,106.066666666667,296.24444325765,23.4444444444444,16.2222222222222,7.11111111111111,18.5555555555556,15.5555555555556,"unburned-after",0,1
"3150","unburned-6041-before","unburned-6041","unburned","6041",6041,"before","unburned",1715.00964355469,NA,0.120630526198776,64.4351886545332,0.321350696111847,103.16,321.019998550415,21.6,20,6.1,17.4,16.3,"unburned-before",0,0
"3151","unburned-6044-after","unburned-6044","unburned","6044",6044,"after","unburned",1473.21875,NA,0.154035026745423,9.5227433552249,0.194983278302725,45.3444444444444,232.555554707845,20.8888888888889,15.7777777777778,17.3333333333333,5,11.6666666666667,"unburned-after",0,1
"3152","unburned-6044-before","unburned-6044","unburned","6044",6044,"before","unburned",1473.21875,NA,0.119243860401962,25.1450843014336,0.225175881333138,53.45,237.370004653931,25.2,16.6,12.2,4.8,11.2,"unburned-before",0,0
"3153","unburned-6053-after","unburned-6053","unburned","6053",6053,"after","unburned",1513.60705566406,NA,0.25186444049772,-9.55388670154944,0.209787131490628,47.6333333333333,227.055553860134,23.4444444444444,19.3333333333333,20.3333333333333,9.22222222222222,18.8888888888889,"unburned-after",0,1
"3154","unburned-6053-before","unburned-6053","unburned","6053",6053,"before","unburned",1513.60705566406,NA,0.229264534185112,-2.49116532886531,0.219718742195919,57.34,260.969999313355,25.9,20.9,17.7,7.6,17.3,"unburned-before",0,0
"3155","unburned-6058-after","unburned-6058","unburned","6058",6058,"after","unburned",1391.4296875,NA,0.175748765676188,-9.40639652069118,0.130858069486474,27.42,209.540000915527,28.7,14.3,16.5,3.3,13.3,"unburned-after",0,1
"3156","unburned-6058-before","unburned-6058","unburned","6058",6058,"before","unburned",1391.4296875,NA,0.267553452714105,-26.2190566625451,0.154534188137399,35.85,231.987500190735,29.375,17.25,12.625,4,13.75,"unburned-before",0,0
"3157","unburned-6062-after","unburned-6062","unburned","6062",6062,"after","unburned",1307.47338867188,NA,0.215594444863649,4.75992347468976,0.237751658801499,51.075,214.824999570846,22.625,15.375,29.75,6.125,17,"unburned-after",0,1
"3158","unburned-6062-before","unburned-6062","unburned","6062",6062,"before","unburned",1307.47338867188,NA,0.126041057801152,52.5179463942395,0.364217682349047,80.31,220.500002861023,23.3,15,25.4,7.7,15,"unburned-before",0,0
"3159","unburned-6065-after","unburned-6065","unburned","6065",6065,"after","unburned",1364.6298828125,NA,0.19885877345585,7.60570297943965,0.224523369518197,66.5375,296.349997520447,14.25,8.875,38.25,16.25,14.625,"unburned-after",0,1
"3160","unburned-6065-before","unburned-6065","unburned","6065",6065,"before","unburned",1364.6298828125,NA,0.0578209364452148,85.7228045007476,0.35736250112711,102.27,286.179998397827,18.3,10.4,29.3,16.9,15.6,"unburned-before",0,0
"3161","unburned-6074-after","unburned-6074","unburned","6074",6074,"after","unburned",1592.67309570312,NA,0.159146888644174,20.2898415916597,0.229176254663695,66.4,289.733332528008,12.4444444444444,14.7777777777778,21.2222222222222,8,14,"unburned-after",0,1
"3162","unburned-6074-before","unburned-6074","unburned","6074",6074,"before","unburned",1592.67309570312,NA,0.17310309419937,22.5854648230458,0.243629776389819,78.02,320.240001678467,14.7,15.6,13.6,8.7,15.3,"unburned-before",0,0
"3163","unburned-6086-after","unburned-6086","unburned","6086",6086,"after","unburned",1545.78271484375,NA,0.203561107094578,7.35928429377125,0.236020581866679,53.5111111111111,226.722223493788,11.7777777777778,15.8888888888889,20.6666666666667,6.55555555555556,11,"unburned-after",0,1
"3164","unburned-6086-before","unburned-6086","unburned","6086",6086,"before","unburned",1545.78271484375,NA,0.24218493262887,1.6471756468676,0.249079188613161,59.51,238.920001029968,11.8,17,10.9,7.7,10.2,"unburned-before",0,0
"3165","unburned-6089-after","unburned-6089","unburned","6089",6089,"after","unburned",1382.08032226562,NA,0.101091561908131,6.79059788946313,0.122006624801927,39.6125,324.67499256134,22.875,14.375,17,7.625,19.625,"unburned-after",0,1
"3166","unburned-6089-before","unburned-6089","unburned","6089",6089,"before","unburned",1382.08032226562,NA,-0.0181990578381275,68.861736403022,0.202759504863191,63.19,311.650001525879,25.3,16.9,13.6,7.1,17.9,"unburned-before",0,0
"3167","unburned-6098-after","unburned-6098","unburned","6098",6098,"after","unburned",1376.72607421875,NA,0.431046394921766,49.9428357402236,0.639532454483052,153.2,239.550000826518,12.1666666666667,8.16666666666667,45,14.5,16,"unburned-after",0,1
"3168","unburned-6098-before","unburned-6098","unburned","6098",6098,"before","unburned",1376.72607421875,NA,0.439476104927329,41.6338623606944,0.595108398636715,159.2,267.514288766043,16.7142857142857,9.71428571428571,37.1428571428571,14,14.7142857142857,"unburned-before",0,0
"3169","unburned-61-after","unburned-61","unburned","61",61,"after","unburned",1371.8544921875,NA,0.412587456305314,24.5854451115572,0.530860631906884,110.35,207.870000839233,22.7,7.7,34,10.4,20.1,"unburned-after",0,1
"3170","unburned-61-before","unburned-61","unburned","61",61,"before","unburned",1371.8544921875,NA,0.621678231133829,-51.3629018850276,0.381237717134908,81.44,213.619997024536,28.3,11.4,24.9,10.8,16.2,"unburned-before",0,0
"3171","unburned-6102-after","unburned-6102","unburned","6102",6102,"after","unburned",1206.66137695312,NA,0.113755522440355,-0.404663774991665,0.110829960140764,15.33,138.319999217987,43.8,10.9,7.2,1.2,13.4,"unburned-after",0,1
"3172","unburned-6102-before","unburned-6102","unburned","6102",6102,"before","unburned",1206.66137695312,NA,0.157468193971593,-2.62984409455534,0.139259129933395,20.1125,144.425001144409,49.75,9.625,6.125,1.5,11.875,"unburned-before",0,0
"3173","unburned-6108-after","unburned-6108","unburned","6108",6108,"after","unburned",1554.89465332031,NA,0.123396331192109,14.005528942148,0.170408774082669,50.7666666666667,297.91110780504,13.1111111111111,14,23.1111111111111,6.33333333333333,12.7777777777778,"unburned-after",0,1
"3174","unburned-6108-before","unburned-6108","unburned","6108",6108,"before","unburned",1554.89465332031,NA,0.129608639613905,7.33344566752466,0.152952410525587,48.05,314.150001525879,14.5,16.7,15.7,6.9,11,"unburned-before",0,0
"3175","unburned-611-after","unburned-611","unburned","611",611,"after","unburned",1450.39306640625,NA,0.16885776083395,-0.223406450542541,0.168084043945542,48.5333333333333,288.744441138373,18.2222222222222,16.2222222222222,20.5555555555556,5.77777777777778,14,"unburned-after",0,1
"3176","unburned-611-before","unburned-611","unburned","611",611,"before","unburned",1450.39306640625,NA,0.130870625663686,5.6749232172142,0.149665496191528,45.19,301.940000534058,21.6,21.3,13.5,6.2,15.3,"unburned-before",0,0
"3177","unburned-6126-after","unburned-6126","unburned","6126",6126,"after","unburned",1612.91906738281,NA,0.156125764170413,4.45649682310475,0.172299594514281,47.475,275.537502765656,29.625,15.5,15.125,7.375,13.5,"unburned-after",0,1
"3178","unburned-6126-before","unburned-6126","unburned","6126",6126,"before","unburned",1612.91906738281,NA,0.274109434853682,-22.3051027615847,0.201119145213218,61.46,305.590002059937,32.9,16.4,12.7,8.1,13.5,"unburned-before",0,0
"3179","unburned-6128-after","unburned-6128","unburned","6128",6128,"after","unburned",1475.56701660156,NA,0.0769758630123549,42.9274046619231,0.18171836352059,74.475,409.837501049042,16.25,13.875,21.625,16.375,16.75,"unburned-after",0,1
"3180","unburned-6128-before","unburned-6128","unburned","6128",6128,"before","unburned",1475.56701660156,NA,-0.0359482572224543,120.05858713462,0.259689733788658,105.46,406.099996566773,20.9,11.6,20.1,18.9,18.4,"unburned-before",0,0
"3181","unburned-6130-after","unburned-6130","unburned","6130",6130,"after","unburned",1532.03771972656,NA,0.131134330803103,10.6419647025216,0.173108948120264,43.8888888888889,253.533334732056,14.2222222222222,10.7777777777778,24.5555555555556,5.66666666666667,10.8888888888889,"unburned-after",0,1
"3182","unburned-6130-before","unburned-6130","unburned","6130",6130,"before","unburned",1532.03771972656,NA,0.0943148073007358,26.6300755233467,0.196123406016365,51.3,261.570003509521,15.7,12.2,20.4,7.1,10,"unburned-before",0,0
"3183","unburned-6133-after","unburned-6133","unburned","6133",6133,"after","unburned",1936.82543945312,NA,0.0962636512410057,101.981809698512,0.330089417735587,143.966666666667,436.14444732666,12.4444444444444,20.7777777777778,8.22222222222222,26.4444444444444,16.2222222222222,"unburned-after",0,1
"3184","unburned-6133-before","unburned-6133","unburned","6133",6133,"before","unburned",1936.82543945312,NA,0.128683136232136,71.8067005260339,0.284182940315213,131.23,461.780006408691,14.9,23.8,9,26.9,16.4,"unburned-before",0,0
"3185","unburned-6137-after","unburned-6137","unburned","6137",6137,"after","unburned",1463.03356933594,NA,0.126009294272407,15.8963037976142,0.201529765016487,42.42,210.489998817444,26.2,16.6,16.3,6.2,14.6,"unburned-after",0,1
"3186","unburned-6137-before","unburned-6137","unburned","6137",6137,"before","unburned",1463.03356933594,NA,0.156225640482555,11.6255868413416,0.209921021441714,45.45,216.509998321533,24.8,14.8,10.6,6.4,15.1,"unburned-before",0,0
"3187","unburned-6147-after","unburned-6147","unburned","6147",6147,"after","unburned",2296.14233398438,NA,0.125221403654184,80.008105523678,0.271544979444153,148.477777777778,546.788889567057,13.7777777777778,29,12.6666666666667,37,12.1111111111111,"unburned-after",0,1
"3188","unburned-6147-before","unburned-6147","unburned","6147",6147,"before","unburned",2296.14233398438,NA,-0.00805914803593507,150.512552057826,0.260152897462015,145.99,561.169994354248,17.6,29.9,7.7,30,12.4,"unburned-before",0,0
"3189","unburned-6151-after","unburned-6151","unburned","6151",6151,"after","unburned",1546.22924804688,NA,0.168137636198204,-3.85127407634118,0.15190025836113,36.0285714285714,237.185715266636,14.4285714285714,13.1428571428571,22,7.57142857142857,14.2857142857143,"unburned-after",0,1
"3190","unburned-6151-before","unburned-6151","unburned","6151",6151,"before","unburned",1546.22924804688,NA,0.240337894085225,-13.997292190204,0.18964143531101,52.36,276.099998474121,13.5,10.2,21.1,10.4,16,"unburned-before",0,0
"3191","unburned-6157-after","unburned-6157","unburned","6157",6157,"after","unburned",1294.69934082031,NA,0.186917319139649,9.33510232859009,0.228927589995701,50.87,222.210000991821,13.2,16.8,25.7,5.7,14.5,"unburned-after",0,1
"3192","unburned-6157-before","unburned-6157","unburned","6157",6157,"before","unburned",1294.69934082031,NA,0.232426061212393,-1.64981947932398,0.2249016579433,49.3125,219.262501001358,16.75,19.5,17.25,5.5,14.375,"unburned-before",0,0
"3193","unburned-616-after","unburned-616","unburned","616",616,"after","unburned",1394.25622558594,NA,0.424141165201135,9.38676722644725,0.463307773057925,111.0375,239.662501811981,18.875,7.375,40.25,9.125,15.75,"unburned-after",0,1
"3194","unburned-616-before","unburned-616","unburned","616",616,"before","unburned",1394.25622558594,NA,0.578528769240327,-56.748198117563,0.340261155162461,81.04,238.170001983643,24.2,8.4,29.4,9.8,14.4,"unburned-before",0,0
"3195","unburned-617-after","unburned-617","unburned","617",617,"after","unburned",1347.51049804688,NA,0.198091275670842,2.70139656874089,0.20955035695113,49.4,235.742857796805,20.1428571428571,12.8571428571429,28.2857142857143,13,19.8571428571429,"unburned-after",0,1
"3196","unburned-617-before","unburned-617","unburned","617",617,"before","unburned",1347.51049804688,NA,0.34318670005688,-19.4146063036023,0.260893523143843,61.55,235.920000076294,17.3,13.3,29.8,11.9,18.2,"unburned-before",0,0
"3197","unburned-6178-after","unburned-6178","unburned","6178",6178,"after","unburned",1417.34326171875,NA,0.0599078906385774,33.1236901853366,0.171887910233362,50.8444444444444,295.800003475613,25.2222222222222,14,21.5555555555556,7.66666666666667,19.7777777777778,"unburned-after",0,1
"3198","unburned-6178-before","unburned-6178","unburned","6178",6178,"before","unburned",1417.34326171875,NA,0.182432977535656,1.76881999397017,0.188231436763108,57.42,305.050001144409,27.5,14.4,19,9.1,19.6,"unburned-before",0,0
"3199","unburned-6180-after","unburned-6180","unburned","6180",6180,"after","unburned",1991.28881835938,NA,0.0276587453757236,175.719439134877,0.415834584857068,188.24,452.680000305176,10.4,38.6,8.6,27.6,11.4,"unburned-after",0,1
"3200","unburned-6180-before","unburned-6180","unburned","6180",6180,"before","unburned",1991.28881835938,NA,0.150564122989014,103.703592763341,0.417806988564795,162.13,388.049995422363,10.1,33,6.1,29.1,14.8,"unburned-before",0,0
"3201","unburned-6183-after","unburned-6183","unburned","6183",6183,"after","unburned",1295.52465820312,NA,0.149383793780666,2.50396904567352,0.159938178036049,37.9444444444444,237.244446012709,23.7777777777778,14.6666666666667,25.2222222222222,7.66666666666667,19.1111111111111,"unburned-after",0,1
"3202","unburned-6183-before","unburned-6183","unburned","6183",6183,"before","unburned",1295.52465820312,NA,0.236419704739726,-10.3449830843761,0.189784970538157,42.1,221.829999923706,27.7,14.7,18.4,9,16.9,"unburned-before",0,0
"3203","unburned-6192-after","unburned-6192","unburned","6192",6192,"after","unburned",1521.55786132812,NA,0.137528087228179,11.8916013117925,0.186389314341483,45.3625,243.37500333786,19.125,18.5,19.875,6.5,15.75,"unburned-after",0,1
"3204","unburned-6192-before","unburned-6192","unburned","6192",6192,"before","unburned",1521.55786132812,NA,0.259478019974532,7.96014089116053,0.2911135852116,73.25,251.619998931885,14.6,13.6,28,12.1,14.7,"unburned-before",0,0
"3205","unburned-6211-after","unburned-6211","unburned","6211",6211,"after","unburned",1578.56616210938,NA,0.168126994492244,26.6770288516136,0.265002269402882,72.975,275.375000238419,11.5,20.25,16.125,26,13.625,"unburned-after",0,1
"3206","unburned-6211-before","unburned-6211","unburned","6211",6211,"before","unburned",1578.56616210938,NA,-0.0928351032999873,140.110897899712,0.431630169391799,115.31,267.150000572205,12.5,21.6,17.4,21.3,14.6,"unburned-before",0,0
"3207","unburned-6228-after","unburned-6228","unburned","6228",6228,"after","unburned",1940.67395019531,NA,0.140546483260692,90.8903206234485,0.348941479873762,152.188888888889,436.14444732666,14.2222222222222,27.2222222222222,8.33333333333333,27.4444444444444,15,"unburned-after",0,1
"3208","unburned-6228-before","unburned-6228","unburned","6228",6228,"before","unburned",1940.67395019531,NA,0.144175877398032,68.4124624111579,0.29232534567668,134.99,461.780006408691,18,28.2,6.9,25.1,16.6,"unburned-before",0,0
"3209","unburned-624-after","unburned-624","unburned","624",624,"after","unburned",1395.49560546875,NA,0.109648735680238,5.22074028497191,0.134218081597818,28.52,212.489998817444,22,16.5,12.6,3.6,13.3,"unburned-after",0,1
"3210","unburned-624-before","unburned-624","unburned","624",624,"before","unburned",1395.49560546875,NA,0.148139121715651,1.56706412957884,0.156056586000761,30.8875,197.925001382828,21.5,18.375,10.875,2.875,12.875,"unburned-before",0,0
"3211","unburned-6249-after","unburned-6249","unburned","6249",6249,"after","unburned",1579.8291015625,NA,0.195414514189209,26.6618535067308,0.313011515029585,70.9666666666667,226.722223493788,14.4444444444444,18.3333333333333,19,10,13.7777777777778,"unburned-after",0,1
"3212","unburned-6249-before","unburned-6249","unburned","6249",6249,"before","unburned",1579.8291015625,NA,0.268354031036868,18.0248546282754,0.343797085408923,82.14,238.920001029968,17.2,18.7,17,12.2,13.8,"unburned-before",0,0
"3213","unburned-6253-after","unburned-6253","unburned","6253",6253,"after","unburned",1318.64453125,NA,0.149786545472458,-6.27408519862228,0.120261438508184,25.5555555555556,212.499998940362,34.3333333333333,13.4444444444444,14.1111111111111,3.44444444444444,16,"unburned-after",0,1
"3214","unburned-6253-before","unburned-6253","unburned","6253",6253,"before","unburned",1318.64453125,NA,0.1902817357788,-9.07789829408633,0.148353425934166,32.12,216.509998321533,34.9,14.2,11.1,3.5,15.3,"unburned-before",0,0
"3215","unburned-6264-after","unburned-6264","unburned","6264",6264,"after","unburned",1149.10485839844,NA,0.361587143208731,-16.1044364269946,0.246792332833152,34.6222222222222,140.288889143202,18.2222222222222,9.11111111111111,33.3333333333333,6.55555555555556,16.5555555555556,"unburned-after",0,1
"3216","unburned-6264-before","unburned-6264","unburned","6264",6264,"before","unburned",1149.10485839844,NA,0.295042097747683,-2.92886316377602,0.277206015011639,45.52,164.210000991821,17.2,9.6,29.3,7,17.3,"unburned-before",0,0
"3217","unburned-6280-after","unburned-6280","unburned","6280",6280,"after","unburned",1433.68908691406,NA,0.321683347676211,-39.5822017624998,0.170548556090713,44.6666666666667,261.899998982747,22.6666666666667,10.4444444444444,26.4444444444444,7,15.5555555555556,"unburned-after",0,1
"3218","unburned-6280-before","unburned-6280","unburned","6280",6280,"before","unburned",1433.68908691406,NA,0.303565379366528,-25.3684069978035,0.216880235469215,63.47,292.649995803833,24.5,12.8,25.8,9.7,16.1,"unburned-before",0,0
"3219","unburned-6284-after","unburned-6284","unburned","6284",6284,"after","unburned",1808.71069335938,NA,0.119033954974115,78.9540054619435,0.332084069714796,123.066666666667,370.588889651828,20.5555555555556,13.4444444444444,13.5555555555556,14.6666666666667,20,"unburned-after",0,1
"3220","unburned-6284-before","unburned-6284","unburned","6284",6284,"before","unburned",1808.71069335938,NA,0.398567131256514,-53.3963719368167,0.265651061994334,106.72,401.729995727539,20.3,15.5,12.9,17.4,18.2,"unburned-before",0,0
"3221","unburned-6286-after","unburned-6286","unburned","6286",6286,"after","unburned",1277.91333007812,NA,0.135730320602946,0.174605684852731,0.136630906978371,26.49,193.879998207092,32.6,13,24,5.4,14.7,"unburned-after",0,1
"3222","unburned-6286-before","unburned-6286","unburned","6286",6286,"before","unburned",1277.91333007812,NA,0.231804671951833,-13.9128080683219,0.155876937536849,28.5625,183.237497806549,39.625,14.875,17.875,4.5,14,"unburned-before",0,0
"3223","unburned-6287-after","unburned-6287","unburned","6287",6287,"after","unburned",1359.86096191406,NA,0.234306198759641,41.3357969537321,0.435759976644711,89.4125,205.187499523163,18,8.625,21,7,25.125,"unburned-after",0,1
"3224","unburned-6287-before","unburned-6287","unburned","6287",6287,"before","unburned",1359.86096191406,NA,0.20553010775553,49.0207147589276,0.444737224613978,91.14,204.93000125885,17.9,9.9,15.1,6.5,25.9,"unburned-before",0,0
"3225","unburned-629-after","unburned-629","unburned","629",629,"after","unburned",1307.64074707031,NA,0.108315894771009,19.3701219810434,0.188816032142453,45.4333333333333,240.622222688463,20.1111111111111,16.2222222222222,18.2222222222222,11.7777777777778,14,"unburned-after",0,1
"3226","unburned-629-before","unburned-629","unburned","629",629,"before","unburned",1307.64074707031,NA,-0.0614935625677034,95.940399464852,0.373255390294215,82.37,220.68000125885,29.6,14.7,19.8,11.5,13,"unburned-before",0,0
"3227","unburned-6290-after","unburned-6290","unburned","6290",6290,"after","unburned",1330.50402832031,NA,0.155328556172454,11.8343557627338,0.215291849705917,42.49,197.3600025177,27.5,9.7,27.6,9.9,18.6,"unburned-after",0,1
"3228","unburned-6290-before","unburned-6290","unburned","6290",6290,"before","unburned",1330.50402832031,NA,0.324484614431148,-15.3304653289941,0.241996234577174,44.975,185.849999189377,35,11.125,16,7.5,19.375,"unburned-before",0,0
"3229","unburned-6296-after","unburned-6296","unburned","6296",6296,"after","unburned",1300.19348144531,NA,0.172019998219304,-7.34623123691036,0.13276332971067,24.8444444444444,187.133333418104,23,18.2222222222222,18.6666666666667,4.44444444444444,11.6666666666667,"unburned-after",0,1
"3230","unburned-6296-before","unburned-6296","unburned","6296",6296,"before","unburned",1300.19348144531,NA,0.204959662642859,-12.0406839884105,0.146907090989891,30.47,207.410001754761,26.6,18.1,14,4.2,10.3,"unburned-before",0,0
"3231","unburned-6300-after","unburned-6300","unburned","6300",6300,"after","unburned",1713.16467285156,NA,0.130933485272739,53.1387589804602,0.292384039567768,96.2333333333333,329.133332570394,16.8888888888889,17,14.8888888888889,15.2222222222222,12.3333333333333,"unburned-after",0,1
"3232","unburned-6300-before","unburned-6300","unburned","6300",6300,"before","unburned",1713.16467285156,NA,0.123347197047404,48.7498917356109,0.26199482193446,92.12,351.6100025177,16,21.5,11.9,16.8,11.3,"unburned-before",0,0
"3233","unburned-6304-after","unburned-6304","unburned","6304",6304,"after","unburned",1292.58544921875,NA,0.288864147227425,-17.1103400877032,0.175500587498898,26.4888888888889,150.933334562514,28,9.77777777777778,23.1111111111111,4.33333333333333,17.1111111111111,"unburned-after",0,1
"3234","unburned-6304-before","unburned-6304","unburned","6304",6304,"before","unburned",1292.58544921875,NA,0.273378041452904,-7.93782454089545,0.223797625950206,35.83,160.10000038147,34,12.2,18.6,5.9,15.9,"unburned-before",0,0
"3235","unburned-6309-after","unburned-6309","unburned","6309",6309,"after","unburned",1110.39208984375,NA,0.339987011822192,-17.1873702644188,0.217986939061992,30.71,140.880000114441,19.1,9.6,31.3,5.9,15.7,"unburned-after",0,1
"3236","unburned-6309-before","unburned-6309","unburned","6309",6309,"before","unburned",1110.39208984375,NA,0.313342735178202,-11.6918416527267,0.244257328334434,41.3375,169.237501621246,21.5,11.375,31.5,5.125,15.625,"unburned-before",0,0
"3237","unburned-6322-after","unburned-6322","unburned","6322",6322,"after","unburned",1379.04357910156,NA,0.201806115297608,14.3074090044052,0.266170145859399,59.1666666666667,222.288891474406,30,7.88888888888889,27.2222222222222,14.3333333333333,18.6666666666667,"unburned-after",0,1
"3238","unburned-6322-before","unburned-6322","unburned","6322",6322,"before","unburned",1379.04357910156,NA,0.00259243914712397,80.3411083379528,0.362382444831532,80.92,223.300000190735,33.2,11.8,23.5,12.2,16.5,"unburned-before",0,0
"3239","unburned-6332-after","unburned-6332","unburned","6332",6332,"after","unburned",1457.25903320312,NA,0.274778816788219,19.4215419689747,0.367576094008876,76.93,209.289998054504,18,14.7,19.7,15.1,16.1,"unburned-after",0,1
"3240","unburned-6332-before","unburned-6332","unburned","6332",6332,"before","unburned",1457.25903320312,NA,0.218750186332278,27.7331589432634,0.338308987512515,78.475,231.962504386902,18.625,16.125,18.875,16.125,15.75,"unburned-before",0,0
"3241","unburned-6334-after","unburned-6334","unburned","6334",6334,"after","unburned",1386.8388671875,NA,0.164969300115573,-0.454409127663943,0.162769304351127,33.62,206.550001144409,13.8,18.4,18.1,4.3,12.3,"unburned-after",0,1
"3242","unburned-6334-before","unburned-6334","unburned","6334",6334,"before","unburned",1386.8388671875,NA,0.219562301043823,-11.0378722126563,0.170824594038351,38.6875,226.47500038147,14.25,19.25,12.5,5.375,13.25,"unburned-before",0,0
"3243","unburned-6337-after","unburned-6337","unburned","6337",6337,"after","unburned",1286.685546875,NA,0.275807855790503,-30.4721762149617,0.130247862488436,27.2666666666667,209.344446394179,28.8888888888889,10.2222222222222,30.5555555555556,5.66666666666667,15,"unburned-after",0,1
"3244","unburned-6337-before","unburned-6337","unburned","6337",6337,"before","unburned",1286.685546875,NA,0.283896862915715,-30.3511425472849,0.15527397595719,36.64,235.969999313355,26.4,10.7,22.7,7.5,15.5,"unburned-before",0,0
"3245","unburned-6338-after","unburned-6338","unburned","6338",6338,"after","unburned",1559.41369628906,NA,0.139881706662705,49.3133173791881,0.331033414030293,85.4,257.979999542236,21.2,8.6,25.2,16.6,17.4,"unburned-after",0,1
"3246","unburned-6338-before","unburned-6338","unburned","6338",6338,"before","unburned",1559.41369628906,NA,0.424696466645685,-33.0205734930148,0.293336650659354,73.7375,251.374998092652,19,9.25,24.125,15.75,16.875,"unburned-before",0,0
"3247","unburned-634-after","unburned-634","unburned","634",634,"after","unburned",1409.49963378906,NA,0.230272315582493,7.36208643036537,0.264890276060357,56.3333333333333,212.666671541002,21.8888888888889,13.3333333333333,29.2222222222222,6.77777777777778,18.5555555555556,"unburned-after",0,1
"3248","unburned-634-before","unburned-634","unburned","634",634,"before","unburned",1409.49963378906,NA,0.228480163611893,14.0183919026413,0.291219117287612,65.07,223.440001487732,21.9,14,27,8.2,18.1,"unburned-before",0,0
"3249","unburned-6344-after","unburned-6344","unburned","6344",6344,"after","unburned",2081.17651367188,NA,0.025980792419996,119.783185395417,0.299631933856839,131.155555555556,437.722220950656,14.3333333333333,26.7777777777778,6.44444444444444,22.6666666666667,11.5555555555556,"unburned-after",0,1
"3250","unburned-6344-before","unburned-6344","unburned","6344",6344,"before","unburned",2081.17651367188,NA,-0.19449966812565,269.003162161354,0.383683997267061,178.511111111111,465.255555046929,15.3333333333333,28.1111111111111,4.88888888888889,25.1111111111111,12.4444444444444,"unburned-before",0,0
"3251","unburned-6349-after","unburned-6349","unburned","6349",6349,"after","unburned",1261.228515625,NA,0.29833448933872,-5.64236142345063,0.268480725236518,50.7428571428571,189.000000272478,14.2857142857143,8,36.5714285714286,7.42857142857143,16.7142857142857,"unburned-after",0,1
"3252","unburned-6349-before","unburned-6349","unburned","6349",6349,"before","unburned",1261.228515625,NA,0.298886880148253,-6.8652869684451,0.268766725142206,61.26,227.93000125885,13.8,10,29.9,7.8,15.1,"unburned-before",0,0
"3253","unburned-6350-after","unburned-6350","unburned","6350",6350,"after","unburned",1576.51538085938,NA,0.135758562105224,28.004590089919,0.232701255384813,67.2222222222222,288.877780702379,14.5555555555556,12.6666666666667,27.6666666666667,13.2222222222222,15.8888888888889,"unburned-after",0,1
"3254","unburned-6350-before","unburned-6350","unburned","6350",6350,"before","unburned",1576.51538085938,NA,0.18041293335357,12.7142130114372,0.222894182217696,66.71,299.290000915528,16,14.3,21.8,13.2,16.4,"unburned-before",0,0
"3255","unburned-6358-after","unburned-6358","unburned","6358",6358,"after","unburned",2135.50830078125,NA,0.039903025157865,141.216738617101,0.272167399178708,165.477777777778,607.999996609158,10.4444444444444,31.1111111111111,10,26.8888888888889,11.8888888888889,"unburned-after",0,1
"3256","unburned-6358-before","unburned-6358","unburned","6358",6358,"before","unburned",2135.50830078125,NA,0.078544887056925,98.2873308024975,0.245597936168099,144.5,588.359992980957,11.9,29.4,11.5,29.3,12.5,"unburned-before",0,0
"3257","unburned-6362-after","unburned-6362","unburned","6362",6362,"after","unburned",1774.26184082031,NA,0.137741466764844,20.5407602704565,0.221467392069593,54.3333333333333,245.333332485623,23,18.8888888888889,12.1111111111111,9,12.6666666666667,"unburned-after",0,1
"3258","unburned-6362-before","unburned-6362","unburned","6362",6362,"before","unburned",1774.26184082031,NA,0.202902309941525,7.7314341274221,0.231142928200026,63.28,273.770002365112,22.5,20.3,12.5,8.5,13.3,"unburned-before",0,0
"3259","unburned-6363-after","unburned-6363","unburned","6363",6363,"after","unburned",1557.51708984375,NA,0.18151469703745,17.6341466187551,0.25281779198718,62.525,247.312499284744,26,18.5,17.75,8.5,16,"unburned-after",0,1
"3260","unburned-6363-before","unburned-6363","unburned","6363",6363,"before","unburned",1557.51708984375,NA,0.127660108470661,39.7047575563562,0.283212538844995,72.29,255.249998092651,32.9,17.9,11.9,9.1,15.7,"unburned-before",0,0
"3261","unburned-6365-after","unburned-6365","unburned","6365",6365,"after","unburned",1315.74548339844,NA,0.163168811921873,5.090690497828,0.190961480796294,34.9777777777778,183.166666030884,19,20.3333333333333,20.3333333333333,5.22222222222222,14.1111111111111,"unburned-after",0,1
"3262","unburned-6365-before","unburned-6365","unburned","6365",6365,"before","unburned",1315.74548339844,NA,0.216698353845039,-4.70922589993051,0.192072374999206,36.73,191.229998588562,18.7,20.8,13.5,5.9,14.1,"unburned-before",0,0
"3263","unburned-6371-after","unburned-6371","unburned","6371",6371,"after","unburned",1877.02783203125,NA,0.0275321323986814,70.4159113889319,0.175578762955246,83.5111111111111,475.63332663642,13.7777777777778,28,6.77777777777778,21.3333333333333,15.8888888888889,"unburned-after",0,1
"3264","unburned-6371-before","unburned-6371","unburned","6371",6371,"before","unburned",1877.02783203125,NA,0.0561419747335965,53.8668036697413,0.169013492313262,80.66,477.240005493164,15.7,26.3,7,21.6,15,"unburned-before",0,0
"3265","unburned-6385-after","unburned-6385","unburned","6385",6385,"after","unburned",1573.74645996094,NA,0.126626268912584,24.5886236586197,0.251468778620563,49.5285714285714,196.957139968872,13.5714285714286,18.5714285714286,17.4285714285714,9.42857142857143,14,"unburned-after",0,1
"3266","unburned-6385-before","unburned-6385","unburned","6385",6385,"before","unburned",1573.74645996094,NA,0.20000412527982,11.8090644557349,0.252095278196955,57.15,226.700001716614,13.6,18.9,19.3,11.8,13.6,"unburned-before",0,0
"3267","unburned-6392-after","unburned-6392","unburned","6392",6392,"after","unburned",1474.02600097656,NA,0.144892453881794,14.3679316563907,0.205256278336246,48.8555555555556,238.022222518921,22.5555555555556,20.2222222222222,15.2222222222222,10.1111111111111,18.6666666666667,"unburned-after",0,1
"3268","unburned-6392-before","unburned-6392","unburned","6392",6392,"before","unburned",1474.02600097656,NA,0.336951617684448,-22.7151315955462,0.241948975903155,57.85,239.099999427795,17.7,18.5,13.6,12.1,18.3,"unburned-before",0,0
"3269","unburned-6398-after","unburned-6398","unburned","6398",6398,"after","unburned",1298.33508300781,NA,0.234287651544804,-2.61556524633524,0.220412709933433,41.55,188.510000228882,19,14.3,31,5.2,17.8,"unburned-after",0,1
"3270","unburned-6398-before","unburned-6398","unburned","6398",6398,"before","unburned",1298.33508300781,NA,0.144680806499638,40.7094765581312,0.362699158551274,67.725,186.724998950958,20.75,17.5,20.125,6.25,17,"unburned-before",0,0
"3271","unburned-6404-after","unburned-6404","unburned","6404",6404,"after","unburned",1577.7890625,NA,0.205524661148181,10.8459277182863,0.26258746819664,49.91,190.069999694824,13.5,17.5,15.5,5.4,10.4,"unburned-after",0,1
"3272","unburned-6404-before","unburned-6404","unburned","6404",6404,"before","unburned",1577.7890625,NA,0.150981036762719,26.3155816843507,0.282501404490525,56.525,200.087500810623,14.375,17.25,10.75,5.375,10.375,"unburned-before",0,0
"3273","unburned-6410-after","unburned-6410","unburned","6410",6410,"after","unburned",1465.34924316406,NA,0.0968339682496404,24.2120053009599,0.2044960468527,45.9888888888889,224.888889524672,22.6666666666667,18.7777777777778,16.5555555555556,8,17.8888888888889,"unburned-after",0,1
"3274","unburned-6410-before","unburned-6410","unburned","6410",6410,"before","unburned",1465.34924316406,NA,0.18689186329251,9.97081988494282,0.233690041996002,49.79,213.059998512268,22.4,20,11.8,8.5,17.6,"unburned-before",0,0
"3275","unburned-6412-after","unburned-6412","unburned","6412",6412,"after","unburned",1849.68029785156,NA,0.106219786160166,62.3856245573161,0.23401204367701,114.24,488.180002212525,21.7,28.2,6.1,23,14.3,"unburned-after",0,1
"3276","unburned-6412-before","unburned-6412","unburned","6412",6412,"before","unburned",1849.68029785156,NA,0.148678234482239,47.4402692836365,0.249264530844986,117.5625,471.637499332428,22.375,27.375,5.75,24,15.125,"unburned-before",0,0
"3277","unburned-6417-after","unburned-6417","unburned","6417",6417,"after","unburned",1557.82067871094,NA,0.10393402818281,23.3706423249864,0.18323719293827,54,294.699995858329,19.2857142857143,18.8571428571429,18.1428571428571,6.28571428571429,15.5714285714286,"unburned-after",0,1
"3278","unburned-6417-before","unburned-6417","unburned","6417",6417,"before","unburned",1557.82067871094,NA,0.0992393238433781,29.8539662631756,0.19427025212022,61.03,314.150001525879,21.1,19,12.8,7.5,15.1,"unburned-before",0,0
"3279","unburned-6442-after","unburned-6442","unburned","6442",6442,"after","unburned",1370.17370605469,NA,0.301838598874682,21.1675409411504,0.412258740071949,79.03,191.699998855591,35,12.9,13.3,10.1,16.3,"unburned-after",0,1
"3280","unburned-6442-before","unburned-6442","unburned","6442",6442,"before","unburned",1370.17370605469,NA,0.257019081428974,38.8908098052584,0.457396799763271,88.775,194.087496995926,38.625,12.5,10.875,10,15.625,"unburned-before",0,0
"3281","unburned-6456-after","unburned-6456","unburned","6456",6456,"after","unburned",1541.19665527344,NA,0.0978482713101323,44.9103363319796,0.296445743628371,67.0375,226.137502193451,19.375,18.875,11.875,13.25,14.875,"unburned-after",0,1
"3282","unburned-6456-before","unburned-6456","unburned","6456",6456,"before","unburned",1541.19665527344,NA,-0.0387962952701615,104.245300575128,0.347655238788136,93.78,269.749998092651,24.8,15.4,10.5,13.5,16.2,"unburned-before",0,0
"3283","unburned-6458-after","unburned-6458","unburned","6458",6458,"after","unburned",1400.86560058594,NA,0.104219818113494,18.6510097268819,0.187154149668525,42.0888888888889,224.888889524672,22.8888888888889,19,17,6.33333333333333,17,"unburned-after",0,1
"3284","unburned-6458-before","unburned-6458","unburned","6458",6458,"before","unburned",1400.86560058594,NA,0.179317387724134,10.5246376382722,0.228714917583153,48.73,213.059998512268,19.7,18.3,11.3,6.8,17.5,"unburned-before",0,0
"3285","unburned-6468-after","unburned-6468","unburned","6468",6468,"after","unburned",1307.37890625,NA,0.329568077971283,-28.7814167694241,0.176630001092882,33.24,188.190000534058,15.1,7.9,37.4,6.4,17.4,"unburned-after",0,1
"3286","unburned-6468-before","unburned-6468","unburned","6468",6468,"before","unburned",1307.37890625,NA,0.246366042872093,-11.8068330582114,0.193521316125621,43.2375,223.424999713898,13.75,11.5,27,5.125,17.25,"unburned-before",0,0
"3287","unburned-6469-after","unburned-6469","unburned","6469",6469,"after","unburned",2144.578125,NA,0.0542060941558095,111.215501609477,0.26093062817493,140.377777777778,537.988885243734,8.33333333333333,31.1111111111111,7.33333333333333,27.4444444444444,11,"unburned-after",0,1
"3288","unburned-6469-before","unburned-6469","unburned","6469",6469,"before","unburned",2144.578125,NA,0.106730512765636,82.8919041512346,0.263794146834409,139.22,527.760004043579,9.4,34.2,8,25.8,11.9,"unburned-before",0,0
"3289","unburned-6471-after","unburned-6471","unburned","6471",6471,"after","unburned",1301.08703613281,NA,0.292557623365449,-13.3460873187243,0.219262712679041,39.925,182.087503671646,19.875,12.25,29.625,4.25,18.25,"unburned-after",0,1
"3290","unburned-6471-before","unburned-6471","unburned","6471",6471,"before","unburned",1301.08703613281,NA,0.208646535609134,9.66413256042308,0.258036491165719,50.49,195.66999912262,23.3,13.9,24.7,6.3,17.4,"unburned-before",0,0
"3291","unburned-6474-after","unburned-6474","unburned","6474",6474,"after","unburned",1419.05920410156,NA,0.115513690952149,7.22302131874262,0.153136392599022,29.4,191.985716138567,19.1428571428571,19.2857142857143,15.4285714285714,2.42857142857143,11.4285714285714,"unburned-after",0,1
"3292","unburned-6474-before","unburned-6474","unburned","6474",6474,"before","unburned",1419.05920410156,NA,0.137551335223391,5.95661893576014,0.162759201642315,38.46,236.300004005432,18.6,19.8,13,3.2,10.8,"unburned-before",0,0
"3293","unburned-6477-after","unburned-6477","unburned","6477",6477,"after","unburned",1662.02038574219,NA,0.150898544879526,23.8495672877152,0.243146544440691,62.8625,258.537501096725,15.75,19.125,16.375,8.75,12.875,"unburned-after",0,1
"3294","unburned-6477-before","unburned-6477","unburned","6477",6477,"before","unburned",1662.02038574219,NA,0.117374547786292,41.838339123611,0.277325377630159,72.54,261.570003509521,18,18.4,12,9.4,13.4,"unburned-before",0,0
"3295","unburned-6489-after","unburned-6489","unburned","6489",6489,"after","unburned",1433.49597167969,NA,0.109670798156328,12.5262284753854,0.16000321460325,39.82,248.869999885559,27.5,18.3,18,4.9,12.7,"unburned-after",0,1
"3296","unburned-6489-before","unburned-6489","unburned","6489",6489,"before","unburned",1433.49597167969,NA,0.152114278778308,2.35140764166121,0.161817807747226,39.2125,242.324998378754,29.625,19.25,8.625,2.875,13,"unburned-before",0,0
"3297","unburned-6502-after","unburned-6502","unburned","6502",6502,"after","unburned",1281.259765625,NA,0.204596497006294,1.8616350041921,0.213362632635288,45.3111111111111,212.366666793823,23.7777777777778,13.7777777777778,28.8888888888889,6.66666666666667,16.3333333333333,"unburned-after",0,1
"3298","unburned-6502-before","unburned-6502","unburned","6502",6502,"before","unburned",1281.259765625,NA,0.120042529027444,48.2206220060041,0.338730154335081,74.69,220.500002861023,24.9,16.5,25.7,9.9,14.4,"unburned-before",0,0
"3299","unburned-6526-after","unburned-6526","unburned","6526",6526,"after","unburned",2053.36547851562,NA,0.101217597344345,95.190838284586,0.323248141690397,138.585714285714,428.728572300502,15.7142857142857,29.4285714285714,10.2857142857143,27.5714285714286,15.7142857142857,"unburned-after",0,1
"3300","unburned-6526-before","unburned-6526","unburned","6526",6526,"before","unburned",2053.36547851562,NA,0.0983974594972605,87.8526428362741,0.286454319812718,133.82,467.159999847412,16.7,26.2,7,26.8,16.4,"unburned-before",0,0
"3301","unburned-6529-after","unburned-6529","unburned","6529",6529,"after","unburned",1385.73559570312,NA,0.0839475132254786,1.79954650230266,0.0935205875242597,17.58,187.979999542236,21.9,15.8,10.6,1,8.1,"unburned-after",0,1
"3302","unburned-6529-before","unburned-6529","unburned","6529",6529,"before","unburned",1385.73559570312,NA,0.129644560471363,-3.24173000654639,0.113891757194716,23.4375,205.787500143051,25.625,15.375,7.875,1.375,6.75,"unburned-before",0,0
"3303","unburned-6531-after","unburned-6531","unburned","6531",6531,"after","unburned",1251.96252441406,NA,0.143986643626817,10.9168791174075,0.183147994286134,51.0555555555556,278.76666492886,25,17.4444444444444,23,5.33333333333333,14.5555555555556,"unburned-after",0,1
"3304","unburned-6531-before","unburned-6531","unburned","6531",6531,"before","unburned",1251.96252441406,NA,0.224404660792329,-9.32583500784009,0.191825324954566,54.91,286.250003814697,24.8,18.4,19.4,6.5,15.4,"unburned-before",0,0
"3305","unburned-6537-after","unburned-6537","unburned","6537",6537,"after","unburned",1290.99694824219,NA,0.130676674550668,-3.89857599871449,0.108706677470067,19.29,177.450000762939,35,14.2,10.1,3.2,15.4,"unburned-after",0,1
"3306","unburned-6537-before","unburned-6537","unburned","6537",6537,"before","unburned",1290.99694824219,NA,0.221510485450768,-9.34183840611222,0.174053850721723,34.2625,196.84999704361,30.25,16,9.75,3.75,14.875,"unburned-before",0,0
"3307","unburned-6558-after","unburned-6558","unburned","6558",6558,"after","unburned",1564.47924804688,NA,0.154494121793643,22.6593330957793,0.247923663541182,60.1285714285714,242.528569357736,17.7142857142857,18.1428571428571,24.5714285714286,7.28571428571429,14.7142857142857,"unburned-after",0,1
"3308","unburned-6558-before","unburned-6558","unburned","6558",6558,"before","unburned",1564.47924804688,NA,0.185530981001712,29.7304164362971,0.298424152099332,78.59,263.349998474121,18.3,17.8,20.8,10.3,15.1,"unburned-before",0,0
"3309","unburned-6571-after","unburned-6571","unburned","6571",6571,"after","unburned",1571.37976074219,NA,0.111320489611917,40.4507862125419,0.257710403932251,71.2111111111111,276.322220696343,14.2222222222222,18.4444444444444,16,12.7777777777778,15.8888888888889,"unburned-after",0,1
"3310","unburned-6571-before","unburned-6571","unburned","6571",6571,"before","unburned",1571.37976074219,NA,0.11623991469097,43.18049571145,0.267289328315303,76.41,285.869998931885,17.2,20.2,14,15.4,16.9,"unburned-before",0,0
"3311","unburned-6579-after","unburned-6579","unburned","6579",6579,"after","unburned",1602.23132324219,NA,0.117861991616358,22.0214255884207,0.186686117291432,59.7333333333333,319.966659545898,16.2222222222222,15.8888888888889,16,14.4444444444444,15.2222222222222,"unburned-after",0,1
"3312","unburned-6579-before","unburned-6579","unburned","6579",6579,"before","unburned",1602.23132324219,NA,0.127338624136318,16.674917593613,0.18084389451004,56.36,311.650001525879,18.5,19.3,14.3,16.3,15.6,"unburned-before",0,0
"3313","unburned-6582-after","unburned-6582","unburned","6582",6582,"after","unburned",1298.44458007812,NA,0.240110115903037,-11.311156771503,0.184175824175824,37.2444444444444,202.222222222222,19.6666666666667,14.1111111111111,28.2222222222222,4.33333333333333,16,"unburned-after",0,1
"3314","unburned-6582-before","unburned-6582","unburned","6582",6582,"before","unburned",1298.44458007812,NA,0.201475251738159,-5.13832359232801,0.176401697057223,36.15,204.93000125885,26.2,18,16.3,3.6,15.9,"unburned-before",0,0
"3315","unburned-6583-after","unburned-6583","unburned","6583",6583,"after","unburned",1446.89147949219,NA,0.135174955508597,12.9532706002136,0.203580483016705,38.55,189.359998703003,12.4,13.9,12,6.7,14,"unburned-after",0,1
"3316","unburned-6583-before","unburned-6583","unburned","6583",6583,"before","unburned",1446.89147949219,NA,0.118366519613547,14.7590055572009,0.186565008829488,40.375,216.412500143051,12.375,15.875,7.5,5,14.125,"unburned-before",0,0
"3317","unburned-661-after","unburned-661","unburned","661",661,"after","unburned",1424.11840820312,NA,0.220561600431667,-12.3212572874882,0.161324786489157,33.5555555555556,207.999999788072,25.5555555555556,14,20.5555555555556,3.44444444444444,12.6666666666667,"unburned-after",0,1
"3318","unburned-661-before","unburned-661","unburned","661",661,"before","unburned",1424.11840820312,NA,0.222393129738753,-8.52310544207942,0.185767692904266,43.23,232.710000991821,27,14.1,13.7,5.7,13,"unburned-before",0,0
"3319","unburned-662-after","unburned-662","unburned","662",662,"after","unburned",1519.78393554688,NA,0.183158412207827,0.74826260620963,0.185606214629281,56.7375,305.687501430511,18.625,12.875,29.25,10,16.875,"unburned-after",0,1
"3320","unburned-662-before","unburned-662","unburned","662",662,"before","unburned",1519.78393554688,NA,0.207811043178139,6.64000398661069,0.228311210120506,73.95,323.899995803833,20.5,13.8,23.8,11,17.6,"unburned-before",0,0
"3321","unburned-663-after","unburned-663","unburned","663",663,"after","unburned",1392.77380371094,NA,0.221532970873431,-9.68718138415337,0.178697766893469,40.4125,226.150000095367,21.25,14.75,27.125,6.125,13.5,"unburned-after",0,1
"3322","unburned-663-before","unburned-663","unburned","663",663,"before","unburned",1392.77380371094,NA,0.21702450906466,-2.0851149569906,0.208326382203078,49.94,239.71999835968,21.7,17.9,14.9,7.2,14.4,"unburned-before",0,0
"3323","unburned-6635-after","unburned-6635","unburned","6635",6635,"after","unburned",1952.44482421875,NA,0.0666836213904578,71.6063280067269,0.260487773507041,96.2444444444444,369.477780659994,16.4444444444444,18.2222222222222,8.55555555555556,17,14.7777777777778,"unburned-after",0,1
"3324","unburned-6635-before","unburned-6635","unburned","6635",6635,"before","unburned",1952.44482421875,NA,0.142838106157293,48.9018178396494,0.266427414604031,105.42,395.680002212525,17.3,16.7,7.7,18.3,15.1,"unburned-before",0,0
"3325","unburned-6637-after","unburned-6637","unburned","6637",6637,"after","unburned",1330.68395996094,NA,0.0945201488517886,7.50114815655656,0.117963679397134,37.7444444444444,319.966659545898,22.6666666666667,14.5555555555556,19.3333333333333,5.11111111111111,17.7777777777778,"unburned-after",0,1
"3326","unburned-6637-before","unburned-6637","unburned","6637",6637,"before","unburned",1330.68395996094,NA,0.11258532819624,4.45278229585014,0.126873094196717,39.54,311.650001525879,25,17.4,16.4,5.5,16.5,"unburned-before",0,0
"3327","unburned-6641-after","unburned-6641","unburned","6641",6641,"after","unburned",1519.720703125,NA,0.177299316329196,76.4168569225487,0.445546289250331,126.925,284.875001907349,18.75,12.125,19.375,20.375,17.25,"unburned-after",0,1
"3328","unburned-6641-before","unburned-6641","unburned","6641",6641,"before","unburned",1519.720703125,NA,0.221245613657736,54.217263053561,0.40773226215213,118.54,290.729998588562,23.9,13.1,15.5,16.5,16.4,"unburned-before",0,0
"3329","unburned-6643-after","unburned-6643","unburned","6643",6643,"after","unburned",1521.29626464844,NA,0.0953671484968572,36.7880998044713,0.209323933840247,67.575,322.825005054474,26.875,14.625,12.25,13.875,19.5,"unburned-after",0,1
"3330","unburned-6643-before","unburned-6643","unburned","6643",6643,"before","unburned",1521.29626464844,NA,0.183553488096611,17.3373765844157,0.238905562109838,74.83,313.219999313355,23.5,16.7,14.2,13.5,18.1,"unburned-before",0,0
"3331","unburned-6644-after","unburned-6644","unburned","6644",6644,"after","unburned",1673.86376953125,NA,0.0511963288703445,41.868764429507,0.217474186520729,54.76,251.799999237061,16.4,18.2,12.5,7.2,14.6,"unburned-after",0,1
"3332","unburned-6644-before","unburned-6644","unburned","6644",6644,"before","unburned",1673.86376953125,NA,0.271546375217191,-6.16644965003666,0.246759119118896,61.3875,248.775000572205,16.5,20,12.75,7.875,15.75,"unburned-before",0,0
"3333","unburned-6649-after","unburned-6649","unburned","6649",6649,"after","unburned",1854.30798339844,NA,0.0741920882131535,47.855395009678,0.179443317177059,81.5888888888889,454.677778879802,22.6666666666667,27.5555555555556,5,19,14.6666666666667,"unburned-after",0,1
"3334","unburned-6649-before","unburned-6649","unburned","6649",6649,"before","unburned",1854.30798339844,NA,0.102072165967322,30.2810168114724,0.167571542406341,77.47,462.310001373291,20.2,26.2,5.8,18,14.8,"unburned-before",0,0
"3335","unburned-6652-after","unburned-6652","unburned","6652",6652,"after","unburned",1414.83166503906,NA,0.192755626430617,9.54079018973655,0.242595202918085,46.44,191.43000125885,18.5,19,21.5,9.5,13.1,"unburned-after",0,1
"3336","unburned-6652-before","unburned-6652","unburned","6652",6652,"before","unburned",1414.83166503906,NA,0.223255889488938,5.99853250971393,0.255131186945531,48.0125,188.187499046326,17.375,21.125,12.875,9.875,14.375,"unburned-before",0,0
"3337","unburned-666-after","unburned-666","unburned","666",666,"after","unburned",1301.98193359375,NA,0.13997637152809,-12.8102025851402,0.0706945837783028,13.0714285714286,184.900000435965,44,11.1428571428571,17,12.5714285714286,11,"unburned-after",0,1
"3338","unburned-666-before","unburned-666","unburned","666",666,"before","unburned",1301.98193359375,NA,0.104109503675133,-1.13453013983305,0.0986725451309334,20.59,208.670000076294,47.8,13.2,9,10.2,11.8,"unburned-before",0,0
"3339","unburned-6673-after","unburned-6673","unburned","6673",6673,"after","unburned",1607.67419433594,NA,0.139097742036674,34.0199672283106,0.246018996542261,78.2777777777778,318.177778455946,16,19.6666666666667,15.6666666666667,16.2222222222222,11.6666666666667,"unburned-after",0,1
"3340","unburned-6673-before","unburned-6673","unburned","6673",6673,"before","unburned",1607.67419433594,NA,0.139982067417058,36.83506861603,0.245351563449705,85.77,349.580001831055,18.2,22.6,15.5,17.4,11,"unburned-before",0,0
"3341","unburned-6678-after","unburned-6678","unburned","6678",6678,"after","unburned",1508.87683105469,NA,0.124521595344449,12.6285159615745,0.173655540903397,44.6333333333333,257.022224002414,20.4444444444444,15.4444444444444,25.2222222222222,8.44444444444444,14.8888888888889,"unburned-after",0,1
"3342","unburned-6678-before","unburned-6678","unburned","6678",6678,"before","unburned",1508.87683105469,NA,0.286863817963903,-14.2958559581117,0.233134137900353,62.03,266.069999694824,20.2,12.3,25,11.9,15.5,"unburned-before",0,0
"3343","unburned-6689-after","unburned-6689","unburned","6689",6689,"after","unburned",1598.3515625,NA,0.1031114279347,60.9674766986372,0.280531577397503,96.4,343.633329603407,34.7777777777778,17.7777777777778,8.11111111111111,11.8888888888889,16.2222222222222,"unburned-after",0,1
"3344","unburned-6689-before","unburned-6689","unburned","6689",6689,"before","unburned",1598.3515625,NA,0.139438615053978,44.9337227619175,0.265109772593901,94.79,357.550003051758,38.3,18,10.6,14.1,15,"unburned-before",0,0
"3345","unburned-672-after","unburned-672","unburned","672",672,"after","unburned",1553.27954101562,NA,0.129012043470942,66.3923066296397,0.29731295990637,117.285714285714,394.485710689,11.4285714285714,12.7142857142857,13.7142857142857,26.7142857142857,16.1428571428571,"unburned-after",0,1
"3346","unburned-672-before","unburned-672","unburned","672",672,"before","unburned",1553.27954101562,NA,0.206352956302221,36.0176280016571,0.291848656537771,122.95,421.279993057251,14.3,13.7,15,26.8,13.1,"unburned-before",0,0
"3347","unburned-6727-after","unburned-6727","unburned","6727",6727,"after","unburned",1347.95288085938,NA,0.411366783204635,-16.4281009953735,0.331991194760437,68.7111111111111,206.966667175293,23.1111111111111,10.1111111111111,37.3333333333333,9.11111111111111,12.7777777777778,"unburned-after",0,1
"3348","unburned-6727-before","unburned-6727","unburned","6727",6727,"before","unburned",1347.95288085938,NA,0.396863537633841,-10.5941386889943,0.351461383714802,82.01,233.340002059937,28.5,11.8,25.6,13.3,11.4,"unburned-before",0,0
"3349","unburned-6739-after","unburned-6739","unburned","6739",6739,"after","unburned",1874.8916015625,NA,0.100265429129839,61.759233468281,0.254445091514139,101.922222222222,400.56666692098,19,22.7777777777778,7.44444444444444,23.1111111111111,15.5555555555556,"unburned-after",0,1
"3350","unburned-6739-before","unburned-6739","unburned","6739",6739,"before","unburned",1874.8916015625,NA,0.116564354399728,46.9316831964083,0.227758429890589,96.13,422.069997787476,20.8,23.3,10.1,21.9,16,"unburned-before",0,0
"3351","unburned-6758-after","unburned-6758","unburned","6758",6758,"after","unburned",1422.17626953125,NA,0.470675668813069,-38.9460010726775,0.289510410563008,62.2375,214.974998235702,15.5,6.125,47.125,8.875,16.5,"unburned-after",0,1
"3352","unburned-6758-before","unburned-6758","unburned","6758",6758,"before","unburned",1422.17626953125,NA,0.19637838704831,17.879561551041,0.271886480641414,64.38,236.790000915527,22.9,9,28.2,8.2,16.1,"unburned-before",0,0
"3353","unburned-676-after","unburned-676","unburned","676",676,"after","unburned",1555.654296875,NA,0.131262980704848,43.3368561179433,0.269080937577261,84.6125,314.449996948242,18.25,15.625,22.375,13.25,12,"unburned-after",0,1
"3354","unburned-676-before","unburned-676","unburned","676",676,"before","unburned",1555.654296875,NA,0.172381940524758,39.5494954363853,0.300411126838939,92.8,308.909996032715,19.4,14.4,22.7,16.9,13.8,"unburned-before",0,0
"3355","unburned-6760-after","unburned-6760","unburned","6760",6760,"after","unburned",1900.27429199219,NA,0.0782575169498979,66.8224472296426,0.312393628940098,89.1571428571429,285.400003705706,14.4285714285714,20.7142857142857,10.7142857142857,22.5714285714286,13.8571428571429,"unburned-after",0,1
"3356","unburned-6760-before","unburned-6760","unburned","6760",6760,"before","unburned",1900.27429199219,NA,0.152250800711234,50.4393268344028,0.320398703196241,96.11,299.970003128052,13.3,21.8,9.4,26.6,12,"unburned-before",0,0
"3357","unburned-6765-after","unburned-6765","unburned","6765",6765,"after","unburned",1350.75988769531,NA,0.1709539445292,14.0658976255684,0.236553011235804,50.7222222222222,214.422221713596,18.6666666666667,9,31.1111111111111,12.1111111111111,18.6666666666667,"unburned-after",0,1
"3358","unburned-6765-before","unburned-6765","unburned","6765",6765,"before","unburned",1350.75988769531,NA,0.29631731731294,-7.51539552429453,0.259444608375901,52.88,203.819999694824,24.1,13.7,22.1,9.5,18.5,"unburned-before",0,0
"3359","unburned-677-after","unburned-677","unburned","677",677,"after","unburned",1479.69860839844,NA,0.224876938484421,-11.9219961352721,0.168727186488974,35.825,212.32500076294,22.375,18.375,24.625,8.125,16.5,"unburned-after",0,1
"3360","unburned-677-before","unburned-677","unburned","677",677,"before","unburned",1479.69860839844,NA,0.227799486584203,-13.3348524655431,0.174818229727348,44,251.689998626709,26,20,18,5.6,16.1,"unburned-before",0,0
"3361","unburned-6775-after","unburned-6775","unburned","6775",6775,"after","unburned",2162.37377929688,NA,0.0291244633943735,183.755721355113,0.424581533349103,197.288888888889,464.666673872206,6.22222222222222,38.6666666666667,9.22222222222222,33.3333333333333,10.3333333333333,"unburned-after",0,1
"3362","unburned-6775-before","unburned-6775","unburned","6775",6775,"before","unburned",2162.37377929688,NA,0.132727443416584,125.799997983651,0.419274749687427,184.07,439.019998550415,9,35.8,8.8,33.5,11,"unburned-before",0,0
"3363","unburned-6786-after","unburned-6786","unburned","6786",6786,"after","unburned",1342.50793457031,NA,0.206390668030992,0.582864487287319,0.208706788140076,52.5222222222222,251.655553181966,24.5555555555556,14.3333333333333,23.4444444444444,5.33333333333333,15,"unburned-after",0,1
"3364","unburned-6786-before","unburned-6786","unburned","6786",6786,"before","unburned",1342.50793457031,NA,0.307411866658733,-17.4063200646476,0.23901768172888,60.83,254.5,23.8,14.8,20.6,8.6,14.5,"unburned-before",0,0
"3365","unburned-6791-after","unburned-6791","unburned","6791",6791,"after","unburned",1424.43908691406,NA,0.329800338123158,-26.6470321873813,0.21118750133159,47.4444444444444,224.655550850762,14.7777777777778,6.44444444444444,41.2222222222222,11.4444444444444,16.8888888888889,"unburned-after",0,1
"3366","unburned-6791-before","unburned-6791","unburned","6791",6791,"before","unburned",1424.43908691406,NA,0.379956299249506,-29.8397081109042,0.25324840866886,59.64,235.499999046326,19.7,11.8,32.7,12.8,16.8,"unburned-before",0,0
"3367","unburned-68-after","unburned-68","unburned","68",68,"after","unburned",1851.41345214844,NA,0.110263841403925,74.8868156085483,0.281965707763948,122.977777777778,436.14444732666,14.3333333333333,22.6666666666667,8.11111111111111,25.1111111111111,14.6666666666667,"unburned-after",0,1
"3368","unburned-68-before","unburned-68","unburned","68",68,"before","unburned",1851.41345214844,NA,0.140162024532545,51.0259794131063,0.25066048419939,115.75,461.780006408691,16.5,25.3,9.6,23.7,15.1,"unburned-before",0,0
"3369","unburned-6809-after","unburned-6809","unburned","6809",6809,"after","unburned",1765.4462890625,NA,0.154009827465855,16.8177596143864,0.211293193428953,62.0333333333333,293.588886260986,22.6666666666667,20.3333333333333,11.5555555555556,10.4444444444444,16.4444444444444,"unburned-after",0,1
"3370","unburned-6809-before","unburned-6809","unburned","6809",6809,"before","unburned",1765.4462890625,NA,0.134938299763257,27.3694890850074,0.214635140596426,73.71,343.420000076294,21.6,21.1,10,10.4,16.4,"unburned-before",0,0
"3371","unburned-6812-after","unburned-6812","unburned","6812",6812,"after","unburned",1466.11242675781,NA,0.174209968941172,-0.0492295480667905,0.173979264010795,37.125,213.387498855591,17.875,15.125,16,5.125,12.875,"unburned-after",0,1
"3372","unburned-6812-before","unburned-6812","unburned","6812",6812,"before","unburned",1466.11242675781,NA,0.154449269326624,7.93076478429036,0.187175046892628,45.36,242.339995384216,16.8,17.7,14.8,6.4,14,"unburned-before",0,0
"3373","unburned-6814-after","unburned-6814","unburned","6814",6814,"after","unburned",1473.3037109375,NA,0.0706656919417148,15.118990719293,0.119050886977736,37.2,312.471422467913,18.2857142857143,15.4285714285714,13.7142857142857,8,14.4285714285714,"unburned-after",0,1
"3374","unburned-6814-before","unburned-6814","unburned","6814",6814,"before","unburned",1473.3037109375,NA,0.0944060597738847,12.4583513274166,0.134381517070271,41.88,311.650001525879,21.3,18.1,13.5,6.8,15.5,"unburned-before",0,0
"3375","unburned-6830-after","unburned-6830","unburned","6830",6830,"after","unburned",1409.72961425781,NA,0.127887416840554,12.0009777804658,0.184901896615786,38.92,210.489998817444,28.2,16.3,14.2,5.2,14.9,"unburned-after",0,1
"3376","unburned-6830-before","unburned-6830","unburned","6830",6830,"before","unburned",1409.72961425781,NA,0.176503154710174,2.68889587210691,0.189587010464918,38.9625,205.512497425079,30.75,15.125,10.625,4.625,16.125,"unburned-before",0,0
"3377","unburned-6853-after","unburned-6853","unburned","6853",6853,"after","unburned",1559.05004882812,NA,0.130886513457397,1.07335693624535,0.134782015613989,37.1375,275.537502765656,17.5,20.625,10.625,5.125,12.25,"unburned-after",0,1
"3378","unburned-6853-before","unburned-6853","unburned","6853",6853,"before","unburned",1559.05004882812,NA,0.194752373249194,-9.89437814239879,0.162374422152292,49.62,305.590002059937,18.5,21.5,12.8,5.7,12.7,"unburned-before",0,0
"3379","unburned-6859-after","unburned-6859","unburned","6859",6859,"after","unburned",1418.65393066406,NA,0.122866499577199,15.6976774440759,0.184580910581188,46.95,254.359997749329,29.6,21,9.7,15.5,15.1,"unburned-after",0,1
"3380","unburned-6859-before","unburned-6859","unburned","6859",6859,"before","unburned",1418.65393066406,NA,-0.0189836269842586,91.6328374690574,0.374543703948852,87.2125,232.849996089935,26.625,16.125,10.125,18.25,14.875,"unburned-before",0,0
"3381","unburned-6861-after","unburned-6861","unburned","6861",6861,"after","unburned",1316.10473632812,NA,0.27911347703766,66.4632206837873,0.545459099021075,136.1125,249.537500143051,17.25,7.25,45,12.625,12,"unburned-after",0,1
"3382","unburned-6861-before","unburned-6861","unburned","6861",6861,"before","unburned",1316.10473632812,NA,0.83562932199387,-89.0366798295395,0.432164217219367,95.37,220.68000125885,24.2,11,27.3,14.7,12.7,"unburned-before",0,0
"3383","unburned-6877-after","unburned-6877","unburned","6877",6877,"after","unburned",1473.53527832031,NA,0.186638839279809,-16.4467458986255,0.123551974185196,32.21,260.700002670288,31.3,13.6,17.5,6.8,17.6,"unburned-after",0,1
"3384","unburned-6877-before","unburned-6877","unburned","6877",6877,"before","unburned",1473.53527832031,NA,0.371700582044565,-52.8909925497845,0.159274771095184,39.6571428571429,248.98571559361,34.1428571428571,11.2857142857143,13.1428571428571,7.28571428571429,17.5714285714286,"unburned-before",0,0
"3385","unburned-6878-after","unburned-6878","unburned","6878",6878,"after","unburned",1455.8349609375,NA,0.236888618831167,24.3700076747966,0.332144425943723,84.975,255.83750128746,11.375,4.5,51.25,19.375,13.625,"unburned-after",0,1
"3386","unburned-6878-before","unburned-6878","unburned","6878",6878,"before","unburned",1455.8349609375,NA,0.291068281336053,14.3643688322102,0.34528572188804,91.48,264.940002441406,14,7.3,33.5,22.9,12.9,"unburned-before",0,0
"3387","unburned-6910-after","unburned-6910","unburned","6910",6910,"after","unburned",1307.13439941406,NA,0.160113410230043,10.7273700260178,0.207317075755865,47.1142857142857,227.257140023368,15.1428571428571,15.4285714285714,23.5714285714286,8.28571428571429,15.4285714285714,"unburned-after",0,1
"3388","unburned-6910-before","unburned-6910","unburned","6910",6910,"before","unburned",1307.13439941406,NA,0.212590214382609,-0.0439011659008069,0.212410402112994,51.86,244.150001525879,16,16,20.1,10.9,14.2,"unburned-before",0,0
"3389","unburned-6924-after","unburned-6924","unburned","6924",6924,"after","unburned",1809.77746582031,NA,0.0880264227145289,96.7650330657182,0.29147102519859,138.633333333333,475.63332663642,13.4444444444444,26.8888888888889,7.88888888888889,26.6666666666667,13.2222222222222,"unburned-after",0,1
"3390","unburned-6924-before","unburned-6924","unburned","6924",6924,"before","unburned",1809.77746582031,NA,0.138843426037056,77.1483625953859,0.300498697404474,143.41,477.240005493164,13.5,23,8.3,28.8,13.3,"unburned-before",0,0
"3391","unburned-6943-after","unburned-6943","unburned","6943",6943,"after","unburned",1454.16186523438,NA,0.189733655422284,1.63473383989746,0.196589162923329,46.8777777777778,238.455554114448,27.7777777777778,10.8888888888889,21.5555555555556,9.88888888888889,17.8888888888889,"unburned-after",0,1
"3392","unburned-6943-before","unburned-6943","unburned","6943",6943,"before","unburned",1454.16186523438,NA,0.131057574551136,44.9529663262537,0.319239782964519,76.26,238.88000202179,29.5,11.2,23.3,10.9,14.2,"unburned-before",0,0
"3393","unburned-6952-after","unburned-6952","unburned","6952",6952,"after","unburned",1261.78173828125,NA,0.125310841393632,-1.78873866883432,0.117505890409896,26.93,229.180000305176,36.9,19.7,11.1,6.5,14.4,"unburned-after",0,1
"3394","unburned-6952-before","unburned-6952","unburned","6952",6952,"before","unburned",1261.78173828125,NA,0.179967306008754,-9.99121028971377,0.133569395043208,28.7625,215.33750295639,40,18.875,8.25,6.25,12.875,"unburned-before",0,0
"3395","unburned-6957-after","unburned-6957","unburned","6957",6957,"after","unburned",1620.73547363281,NA,0.149040177971153,20.0408938020626,0.225035815264532,59.3444444444444,263.711109161377,24.6666666666667,14.4444444444444,16.1111111111111,7.55555555555556,19,"unburned-after",0,1
"3396","unburned-6957-before","unburned-6957","unburned","6957",6957,"before","unburned",1620.73547363281,NA,0.0130962184342961,81.1937232871227,0.300772390501571,84.89,282.240001678467,25.6,16.9,12,8.4,18.4,"unburned-before",0,0
"3397","unburned-6960-after","unburned-6960","unburned","6960",6960,"after","unburned",1396.2373046875,NA,0.26059601451809,-16.5642455168819,0.186280228425216,41.52,222.889999389648,26.9,13.9,24.5,6.2,15,"unburned-after",0,1
"3398","unburned-6960-before","unburned-6960","unburned","6960",6960,"before","unburned",1396.2373046875,NA,0.239272390435249,-5.17949526971626,0.216638445800597,49.575,228.837498426437,27,16.25,15,6.375,14.375,"unburned-before",0,0
"3399","unburned-6969-after","unburned-6969","unburned","6969",6969,"after","unburned",1691.16040039062,NA,0.074423759690145,58.1732168902815,0.194671567399099,94.1777777777778,483.777775234646,10,19.7777777777778,17,31.6666666666667,12.1111111111111,"unburned-after",0,1
"3400","unburned-6969-before","unburned-6969","unburned","6969",6969,"before","unburned",1691.16040039062,NA,0.122917325963639,33.0972477295684,0.192125129792876,91.88,478.229995727539,12.5,20.2,15.4,28.7,11.8,"unburned-before",0,0
"3401","unburned-6973-after","unburned-6973","unburned","6973",6973,"after","unburned",1511.97717285156,NA,0.10542816365437,33.3384087212204,0.241126668537993,59.24,245.680000305176,23.1,15.3,12.6,11.2,18.9,"unburned-after",0,1
"3402","unburned-6973-before","unburned-6973","unburned","6973",6973,"before","unburned",1511.97717285156,NA,0.303272085639267,-5.42458636042528,0.280019290762479,65.325,233.287498950958,21.875,16.875,10.875,14.125,17.125,"unburned-before",0,0
"3403","unburned-6982-after","unburned-6982","unburned","6982",6982,"after","unburned",1876.17553710938,NA,0.0605040055079163,39.8475730223186,0.189552430559952,58.53,308.780002593994,17.9,19.1,14.7,13.5,18.5,"unburned-after",0,1
"3404","unburned-6982-before","unburned-6982","unburned","6982",6982,"before","unburned",1876.17553710938,NA,0.195906101309624,10.1716663495563,0.229108864266648,70.1875,306.349997520447,14.625,18.75,14,15.25,16.125,"unburned-before",0,0
"3405","unburned-6985-after","unburned-6985","unburned","6985",6985,"after","unburned",1913.751953125,NA,0.121177946653857,76.4744849490187,0.281491734176732,134.28,477.029993057251,13.9,29.7,5.8,30,16.2,"unburned-after",0,1
"3406","unburned-6985-before","unburned-6985","unburned","6985",6985,"before","unburned",1913.751953125,NA,0.179213807476067,51.495335141199,0.290564101829126,134.375,462.462496757507,13,26.125,7.625,31.25,15.875,"unburned-before",0,0
"3407","unburned-6986-after","unburned-6986","unburned","6986",6986,"after","unburned",1253.08435058594,NA,0.146132521172273,-1.56427734047441,0.134216941162704,17.62,131.279999732971,32.8,14.1,12.5,1.8,14.9,"unburned-after",0,1
"3408","unburned-6986-before","unburned-6986","unburned","6986",6986,"before","unburned",1253.08435058594,NA,0.153079753018726,2.06587948858405,0.167714514378488,23.675,141.162499189377,34.375,14.875,9.25,2.25,15.125,"unburned-before",0,0
"3409","unburned-6994-after","unburned-6994","unburned","6994",6994,"after","unburned",2201.60083007812,NA,0.0594174949523642,167.39638549266,0.334740498942885,203.522222222222,607.999996609158,8.77777777777778,32.1111111111111,8,28.8888888888889,11.8888888888889,"unburned-after",0,1
"3410","unburned-6994-before","unburned-6994","unburned","6994",6994,"before","unburned",2201.60083007812,NA,0.116443642347544,111.719219405722,0.306326062529941,180.23,588.359992980957,8.7,30.3,10.6,32.6,13.4,"unburned-before",0,0
"3411","unburned-6996-after","unburned-6996","unburned","6996",6996,"after","unburned",1549.83508300781,NA,0.100680084629565,8.92211250592489,0.138394556259111,32.74,236.56999874115,25.5,18.9,11.2,4.3,10.9,"unburned-after",0,1
"3412","unburned-6996-before","unburned-6996","unburned","6996",6996,"before","unburned",1549.83508300781,NA,0.117405602518022,3.50306384582967,0.132122039382868,31.45,238.03750038147,21.75,18.375,7.5,3.875,10,"unburned-before",0,0
"3413","unburned-7001-after","unburned-7001","unburned","7001",7001,"after","unburned",1412.22216796875,NA,0.15787761798583,18.9458341543994,0.24486048206347,53.3333333333333,217.811109754774,27.2222222222222,12.5555555555556,18,13.1111111111111,18.4444444444444,"unburned-after",0,1
"3414","unburned-7001-before","unburned-7001","unburned","7001",7001,"before","unburned",1412.22216796875,NA,-0.0429692958100635,85.4866081197701,0.333524185019004,75.73,227.059995651245,32.3,14.1,14.4,13.9,15.3,"unburned-before",0,0
"3415","unburned-7004-after","unburned-7004","unburned","7004",7004,"after","unburned",1409.97265625,NA,0.151950033734899,3.64677645431311,0.169586244476292,35.0666666666667,206.777777141995,20.6666666666667,15.7777777777778,15,3,10.6666666666667,"unburned-after",0,1
"3416","unburned-7004-before","unburned-7004","unburned","7004",7004,"before","unburned",1409.97265625,NA,0.182267178979377,-2.28263675416221,0.172455294774441,40.12,232.640001296997,23,15.4,9.5,3.5,10,"unburned-before",0,0
"3417","unburned-7017-after","unburned-7017","unburned","7017",7017,"after","unburned",1393.119140625,NA,0.416839559639689,33.5744764405174,0.578352374562165,120.225,207.875000238419,17.375,6.25,41.25,16.125,15.125,"unburned-after",0,1
"3418","unburned-7017-before","unburned-7017","unburned","7017",7017,"before","unburned",1393.119140625,NA,0.695326780708924,-55.7308651850758,0.434658560952377,92.93,213.799999237061,17.7,10.9,28.4,20.5,14.4,"unburned-before",0,0
"3419","unburned-7023-after","unburned-7023","unburned","7023",7023,"after","unburned",1388.55773925781,NA,0.205066452013045,62.9029330882355,0.49959031443529,106.7,213.574997186661,18.625,8.625,31,8.25,19,"unburned-after",0,1
"3420","unburned-7023-before","unburned-7023","unburned","7023",7023,"before","unburned",1388.55773925781,NA,0.584843382399292,-38.3295991693642,0.396371144551075,80.61,203.370000839233,23.5,12.3,27.3,7.7,17.5,"unburned-before",0,0
"3421","unburned-703-after","unburned-703","unburned","703",703,"after","unburned",2088.0927734375,NA,0.0857288575009069,91.494673634707,0.298073698979101,128.433333333333,430.87777879503,14.5555555555556,27.1111111111111,7.88888888888889,24.4444444444444,13.1111111111111,"unburned-after",0,1
"3422","unburned-703-before","unburned-703","unburned","703",703,"before","unburned",2088.0927734375,NA,0.182230940788747,75.2880736529998,0.345694560523111,159.22,460.579998016357,14.3,23.8,10.1,30.6,14.1,"unburned-before",0,0
"3423","unburned-7033-after","unburned-7033","unburned","7033",7033,"after","unburned",1360.31750488281,NA,0.0929982677048823,6.37432843699157,0.115290459437036,32.9666666666667,285.944446987576,19.3333333333333,15.5555555555556,13.4444444444444,5.77777777777778,16.1111111111111,"unburned-after",0,1
"3424","unburned-7033-before","unburned-7033","unburned","7033",7033,"before","unburned",1360.31750488281,NA,0.152021204844184,-8.90353873556684,0.120228529718802,33.67,280.050002098084,20.4,17.5,11.4,5.1,15.1,"unburned-before",0,0
"3425","unburned-7039-after","unburned-7039","unburned","7039",7039,"after","unburned",1372.47290039062,NA,0.232019887296524,-11.3696715150398,0.176473778351867,36.1222222222222,204.688892364502,18.7777777777778,16,27.1111111111111,3.77777777777778,12.7777777777778,"unburned-after",0,1
"3426","unburned-7039-before","unburned-7039","unburned","7039",7039,"before","unburned",1372.47290039062,NA,0.204433656421046,-3.46705516520682,0.188923187269932,42.23,223.529999732971,19.8,17.4,19.9,5,13.4,"unburned-before",0,0
"3427","unburned-7047-after","unburned-7047","unburned","7047",7047,"after","unburned",1787.75122070312,NA,0.0813195594371948,111.214242486691,0.388170378287988,140.6875,362.437496185303,15.25,10.625,20.5,19.75,15.75,"unburned-after",0,1
"3428","unburned-7047-before","unburned-7047","unburned","7047",7047,"before","unburned",1787.75122070312,NA,0.371317609212958,14.5272015012028,0.412437373326169,145.71,353.290000915527,13,8.9,29.5,23.2,14.9,"unburned-before",0,0
"3429","unburned-7066-after","unburned-7066","unburned","7066",7066,"after","unburned",1894.49267578125,NA,0.0894576639351865,62.0438735140323,0.227370395098488,102.288888888889,449.877781338162,13,27.4444444444444,6.88888888888889,25.5555555555556,15.6666666666667,"unburned-after",0,1
"3430","unburned-7066-before","unburned-7066","unburned","7066",7066,"before","unburned",1894.49267578125,NA,0.11449754692723,40.5577256335947,0.201667846097387,93.83,465.27000617981,14.2,25.9,6,23.3,14.4,"unburned-before",0,0
"3431","unburned-707-after","unburned-707","unburned","707",707,"after","unburned",1389.60437011719,NA,0.0712220464493446,6.41120829530484,0.103776579366393,20.4375,196.937499046325,16.875,16.75,7,3.25,8.375,"unburned-after",0,1
"3432","unburned-707-before","unburned-707","unburned","707",707,"before","unburned",1389.60437011719,NA,0.0704008055688834,7.090630748694,0.101234997374057,23.28,229.960000038147,17.5,13.6,5.9,2.8,7.3,"unburned-before",0,0
"3433","unburned-7080-after","unburned-7080","unburned","7080",7080,"after","unburned",1316.09521484375,NA,0.253675281510478,33.0362029798938,0.394237776972912,92.6571428571429,235.028574807303,26.2857142857143,7.28571428571429,32.1428571428571,11.1428571428571,15.4285714285714,"unburned-after",0,1
"3434","unburned-7080-before","unburned-7080","unburned","7080",7080,"before","unburned",1316.09521484375,NA,0.642310371066654,-61.9348094808236,0.355442333472044,76.74,215.900000572205,30.5,10.3,24.7,10.5,13,"unburned-before",0,0
"3435","unburned-7084-after","unburned-7084","unburned","7084",7084,"after","unburned",1403.76672363281,NA,0.280377384774765,-9.06024878516149,0.237292613049181,49.9,210.288889143202,24.6666666666667,12.8888888888889,28.6666666666667,5.55555555555556,13.5555555555556,"unburned-after",0,1
"3436","unburned-7084-before","unburned-7084","unburned","7084",7084,"before","unburned",1403.76672363281,NA,0.214480342117686,6.58490497678555,0.242900303314533,56.28,231.699998855591,21.6,14.2,25.8,6.2,13.9,"unburned-before",0,0
"3437","unburned-7086-after","unburned-7086","unburned","7086",7086,"after","unburned",1078.98596191406,NA,0.186825262418092,-13.736325429128,0.0862419661075816,11.7777777777778,136.566665967305,35.4444444444444,13,11.5555555555556,2.88888888888889,15.6666666666667,"unburned-after",0,1
"3438","unburned-7086-before","unburned-7086","unburned","7086",7086,"before","unburned",1078.98596191406,NA,0.163454395947159,-8.8654645128101,0.109333984850685,17.91,163.809999465942,39.6,13.7,9.5,2.8,15.3,"unburned-before",0,0
"3439","unburned-7093-after","unburned-7093","unburned","7093",7093,"after","unburned",1471.9951171875,NA,0.0718895564430076,39.1494638358737,0.167413913622779,68.6125,409.837501049042,17.375,15.5,20.875,15.5,18.625,"unburned-after",0,1
"3440","unburned-7093-before","unburned-7093","unburned","7093",7093,"before","unburned",1471.9951171875,NA,0.102575068756546,23.4042649301301,0.160206846958942,65.06,406.099996566773,19.5,14.2,21,16,19.8,"unburned-before",0,0
"3441","unburned-7095-after","unburned-7095","unburned","7095",7095,"after","unburned",1501.50170898438,NA,0.178822375273029,11.7036478242755,0.222849188596007,59.24,265.83000087738,15.3,21.4,13.7,13.1,15.4,"unburned-after",0,1
"3442","unburned-7095-before","unburned-7095","unburned","7095",7095,"before","unburned",1501.50170898438,NA,0.230689599840065,1.87692288447242,0.237754664893355,63.1625,265.662505626678,21.625,22,11.625,11.75,16.125,"unburned-before",0,0
"3443","unburned-7099-after","unburned-7099","unburned","7099",7099,"after","unburned",1400.52282714844,NA,0.0700761353880787,21.9076706241017,0.130615002546509,47.2666666666667,361.877776251899,26.7777777777778,24.1111111111111,16,10.5555555555556,20.3333333333333,"unburned-after",0,1
"3444","unburned-7099-before","unburned-7099","unburned","7099",7099,"before","unburned",1400.52282714844,NA,0.13903905904258,0.0834730400682162,0.139268714969583,50.62,363.470001220703,27.4,20.2,14.8,10.5,19.9,"unburned-before",0,0
"3445","unburned-7100-after","unburned-7100","unburned","7100",7100,"after","unburned",1359.9580078125,NA,0.182744824549467,2.277369324721,0.191652230910485,49,255.67143031529,23.2857142857143,5.42857142857143,43,12.4285714285714,19.8571428571429,"unburned-after",0,1
"3446","unburned-7100-before","unburned-7100","unburned","7100",7100,"before","unburned",1359.9580078125,NA,0.234733486469954,-3.42641858193226,0.220416176820366,52.75,239.320002555847,30.8,10,28.5,13,15.9,"unburned-before",0,0
"3447","unburned-7101-after","unburned-7101","unburned","7101",7101,"after","unburned",1358.41052246094,NA,0.234437796939854,-14.9659406240956,0.16661631387936,36.7666666666667,220.666667090522,20.2222222222222,13.3333333333333,22.1111111111111,4.88888888888889,14.8888888888889,"unburned-after",0,1
"3448","unburned-7101-before","unburned-7101","unburned","7101",7101,"before","unburned",1358.41052246094,NA,0.134894152753266,12.4140319898524,0.186157912241516,45.08,242.159999847412,23.7,14.7,17.5,6.7,14.6,"unburned-before",0,0
"3449","unburned-7112-after","unburned-7112","unburned","7112",7112,"after","unburned",2122.7255859375,NA,0.0935850475263444,104.254060371199,0.335542431967822,144.577777777778,430.87777879503,8.55555555555556,32.1111111111111,6.55555555555556,30.4444444444444,12.5555555555556,"unburned-after",0,1
"3450","unburned-7112-before","unburned-7112","unburned","7112",7112,"before","unburned",2122.7255859375,NA,0.200299748480275,82.0559422422782,0.37845759857294,174.31,460.579998016357,7.2,34.2,5.9,33.5,12,"unburned-before",0,0
"3451","unburned-7118-after","unburned-7118","unburned","7118",7118,"after","unburned",1592.49462890625,NA,0.241358435907742,49.7748823672724,0.403461430094577,123.885714285714,307.057143620082,11.1428571428571,9.42857142857143,34.8571428571429,20.4285714285714,14.2857142857143,"unburned-after",0,1
"3452","unburned-7118-before","unburned-7118","unburned","7118",7118,"before","unburned",1592.49462890625,NA,0.396814466579518,13.3933955213819,0.439936896783489,136.64,310.589998245239,13.5,11.3,24.7,22.6,13.7,"unburned-before",0,0
"3453","unburned-7122-after","unburned-7122","unburned","7122",7122,"after","unburned",1386.50793457031,NA,0.217326164783274,63.6367831380254,0.539415413691503,106.575,197.574999332428,22.25,7,22.625,9,25,"unburned-after",0,1
"3454","unburned-7122-before","unburned-7122","unburned","7122",7122,"before","unburned",1386.50793457031,NA,0.20208796452689,60.3523776468649,0.500965685151457,101.16,201.929998397827,23.1,7.1,13.1,9.7,27.4,"unburned-before",0,0
"3455","unburned-7134-after","unburned-7134","unburned","7134",7134,"after","unburned",1957.72644042969,NA,0.184492857300241,99.0102239779694,0.54404440690744,149.814285714286,275.371428898403,11,15,13.7142857142857,14.8571428571429,14.7142857142857,"unburned-after",0,1
"3456","unburned-7134-before","unburned-7134","unburned","7134",7134,"before","unburned",1957.72644042969,NA,0.168812857368951,100.254948961617,0.539756538842339,145.88,270.270000457764,12.2,17.8,9.7,20.7,12.5,"unburned-before",0,0
"3457","unburned-7137-after","unburned-7137","unburned","7137",7137,"after","unburned",1300.95910644531,NA,0.242638454210574,4.69542317664675,0.264389111442652,57.075,215.875002145767,16.125,15,30.5,14.625,18.125,"unburned-after",0,1
"3458","unburned-7137-before","unburned-7137","unburned","7137",7137,"before","unburned",1300.95910644531,NA,0.010323859177965,95.0968884553605,0.455951266044665,97.3,213.399999618531,24,11.9,33.8,14.4,15.5,"unburned-before",0,0
"3459","unburned-7144-after","unburned-7144","unburned","7144",7144,"after","unburned",1240.88342285156,NA,0.101523237375184,17.8205120777374,0.196017203221546,36.9666666666667,188.588889439901,28.5555555555556,23.3333333333333,14.7777777777778,7.88888888888889,14.6666666666667,"unburned-after",0,1
"3460","unburned-7144-before","unburned-7144","unburned","7144",7144,"before","unburned",1240.88342285156,NA,0.231682402091383,-6.51216504095845,0.198619012744185,39.12,196.95999622345,31.3,20.9,15.5,8.9,14.7,"unburned-before",0,0
"3461","unburned-7149-after","unburned-7149","unburned","7149",7149,"after","unburned",1300.86157226562,NA,0.0677643610159662,-1.75916320683876,0.058863214745243,11.6333333333333,197.633333206177,20.8888888888889,17.5555555555556,8.55555555555556,1.88888888888889,9,"unburned-after",0,1
"3462","unburned-7149-before","unburned-7149","unburned","7149",7149,"before","unburned",1300.86157226562,NA,0.0800827370814989,-2.56204676530931,0.0668729057825726,12.97,193.949998855591,22.6,16.3,6.1,2.3,7.9,"unburned-before",0,0
"3463","unburned-715-after","unburned-715","unburned","715",715,"after","unburned",1864.61706542969,NA,0.0620563507820342,85.7156568586947,0.239677772994612,115.6625,482.574994564056,13.625,28.875,8.75,24.25,15.125,"unburned-after",0,1
"3464","unburned-715-before","unburned-715","unburned","715",715,"before","unburned",1864.61706542969,NA,0.0905594215837704,64.2114211459037,0.225106861879664,107.43,477.240005493164,14.1,27.5,8.5,22.7,14.5,"unburned-before",0,0
"3465","unburned-7165-after","unburned-7165","unburned","7165",7165,"after","unburned",1441.45300292969,NA,0.179308503314901,16.3303922303167,0.249132974580409,58.2666666666667,233.877778583103,18.2222222222222,7.22222222222222,32.7777777777778,9.66666666666667,13.2222222222222,"unburned-after",0,1
"3466","unburned-7165-before","unburned-7165","unburned","7165",7165,"before","unburned",1441.45300292969,NA,0.217510169368331,7.06980262737204,0.247497455799899,58.35,235.759999275208,26.8,11,19.4,8.8,13.4,"unburned-before",0,0
"3467","unburned-7172-after","unburned-7172","unburned","7172",7172,"after","unburned",1308.13879394531,NA,0.181876454901846,-6.44642137023551,0.150245339129677,30.62,203.79999923706,25.6,15.2,17.7,4.1,16.3,"unburned-after",0,1
"3468","unburned-7172-before","unburned-7172","unburned","7172",7172,"before","unburned",1308.13879394531,NA,0.225178971588087,-7.97920558298101,0.184543892977501,36.2375,196.362498998642,31.25,16.875,13.25,4,14.75,"unburned-before",0,0
"3469","unburned-7175-after","unburned-7175","unburned","7175",7175,"after","unburned",2197.04736328125,NA,0.0986429571406259,117.668621929241,0.30048458269876,175.175,582.975001335144,9.25,32.5,10.25,33.875,10.625,"unburned-after",0,1
"3470","unburned-7175-before","unburned-7175","unburned","7175",7175,"before","unburned",2197.04736328125,NA,0.091949353041247,94.5401967345837,0.25394975925108,148.2,583.579998016357,8.7,32.9,9.3,31.5,13.1,"unburned-before",0,0
"3471","unburned-7179-after","unburned-7179","unburned","7179",7179,"after","unburned",1511.17614746094,NA,0.309150691409523,49.1097477644924,0.545266599955775,113.41,207.989999771118,16.5,8.2,35.3,15.3,18.8,"unburned-after",0,1
"3472","unburned-7179-before","unburned-7179","unburned","7179",7179,"before","unburned",1511.17614746094,NA,0.202185234933549,60.7783936638037,0.496280164305169,102.5625,206.662501096725,20.875,11.75,21,11.375,19.25,"unburned-before",0,0
"3473","unburned-718-after","unburned-718","unburned","718",718,"after","unburned",1813.49694824219,NA,0.0958626234757546,23.729765229619,0.153656931935694,63.09,410.590002059937,31.9,25,4.3,16.6,14.4,"unburned-after",0,1
"3474","unburned-718-before","unburned-718","unburned","718",718,"before","unburned",1813.49694824219,NA,0.185428850162424,-8.1299866233774,0.165030577457347,65.775,398.562502861023,31.375,24,4.75,16.875,14.25,"unburned-before",0,0
"3475","unburned-7182-after","unburned-7182","unburned","7182",7182,"after","unburned",1511.05981445312,NA,0.0939862043947959,24.0719925808436,0.16921901963563,54.1444444444444,319.966659545898,18.1111111111111,18.4444444444444,15.3333333333333,10.5555555555556,15.1111111111111,"unburned-after",0,1
"3476","unburned-7182-before","unburned-7182","unburned","7182",7182,"before","unburned",1511.05981445312,NA,0.107255888120466,20.0437023035974,0.171570671388429,53.47,311.650001525879,17.3,18.4,12.2,10.8,15.7,"unburned-before",0,0
"3477","unburned-7186-after","unburned-7186","unburned","7186",7186,"after","unburned",1640.87658691406,NA,0.149020199218403,121.806657413468,0.554251229227329,166.6,300.585711342948,8.28571428571429,5.57142857142857,46.7142857142857,20,14,"unburned-after",0,1
"3478","unburned-7186-before","unburned-7186","unburned","7186",7186,"before","unburned",1640.87658691406,NA,0.477300100133521,44.9148958596085,0.634279325728657,181.48,286.119998931885,14.5,7.7,39.2,25.8,15.1,"unburned-before",0,0
"3479","unburned-7200-after","unburned-7200","unburned","7200",7200,"after","unburned",1299.10412597656,NA,0.135524441311228,-0.663900265443111,0.132530663073932,29.39,221.760001182556,25.4,15.3,16,5.6,14.9,"unburned-after",0,1
"3480","unburned-7200-before","unburned-7200","unburned","7200",7200,"before","unburned",1299.10412597656,NA,0.164970445953435,0.523158653826748,0.167430921672285,35.6,212.62500166893,31.375,18.25,11.875,4.875,15.125,"unburned-before",0,0
"3481","unburned-7202-after","unburned-7202","unburned","7202",7202,"after","unburned",1516.54821777344,NA,0.092233877385037,52.8021326111648,0.247790478045209,84.11,339.440000534058,11.1,18.4,12.2,24.4,14.9,"unburned-after",0,1
"3482","unburned-7202-before","unburned-7202","unburned","7202",7202,"before","unburned",1516.54821777344,NA,0.112548930113761,47.0901459025783,0.241824237189478,88.0875,364.262495040894,15.5,19.625,12.125,21.625,15,"unburned-before",0,0
"3483","unburned-7205-after","unburned-7205","unburned","7205",7205,"after","unburned",1354.87683105469,NA,0.160113909175767,19.0792647077875,0.243482061305947,55.7222222222222,228.855554792616,23.4444444444444,18.7777777777778,17,13.3333333333333,19.2222222222222,"unburned-after",0,1
"3484","unburned-7205-before","unburned-7205","unburned","7205",7205,"before","unburned",1354.87683105469,NA,0.212088116408543,10.3200976482403,0.258431004332934,57.55,222.689998626709,24.9,18.3,16.9,13.1,20.6,"unburned-before",0,0
"3485","unburned-7206-after","unburned-7206","unburned","7206",7206,"after","unburned",1438.91589355469,NA,0.115048398795374,12.5192196108282,0.160865321382213,43.9555555555556,273.244445588854,22.4444444444444,18.5555555555556,14.8888888888889,9.77777777777778,19,"unburned-after",0,1
"3486","unburned-7206-before","unburned-7206","unburned","7206",7206,"before","unburned",1438.91589355469,NA,0.229143071676451,-10.5880472324664,0.190916313934618,52.88,276.979996681214,17.4,18.9,14.9,12,19.3,"unburned-before",0,0
"3487","unburned-721-after","unburned-721","unburned","721",721,"after","unburned",1462.35583496094,NA,0.0873658117985409,17.5679416509164,0.142911347515485,45.2,316.279993057251,22.9,16.8,14.2,7.7,16.2,"unburned-after",0,1
"3488","unburned-721-before","unburned-721","unburned","721",721,"before","unburned",1462.35583496094,NA,0.112904491643202,12.1091046332443,0.154220155293824,45.2,293.087501525879,21,18.875,9.75,6.5,16,"unburned-before",0,0
"3489","unburned-7218-after","unburned-7218","unburned","7218",7218,"after","unburned",1313.13366699219,NA,0.170284959955424,-4.28370805342713,0.147724879523782,28.05,189.879999160767,34,16.1,16.5,2.2,15.2,"unburned-after",0,1
"3490","unburned-7218-before","unburned-7218","unburned","7218",7218,"before","unburned",1313.13366699219,NA,0.18334539217964,-3.95162944152862,0.163993632122366,33.4875,204.200001955032,42.375,16.25,9.625,2,12.375,"unburned-before",0,0
"3491","unburned-7241-after","unburned-7241","unburned","7241",7241,"after","unburned",1462.93566894531,NA,0.255648991602164,-0.177377602667165,0.254760199038177,50.8428571428571,199.571429661342,25.2857142857143,14.4285714285714,27.4285714285714,6.57142857142857,14.2857142857143,"unburned-after",0,1
"3492","unburned-7241-before","unburned-7241","unburned","7241",7241,"before","unburned",1462.93566894531,NA,0.193860734357443,13.2224680712366,0.250927925279086,58.14,231.699998855591,25,15.7,19.3,7.3,14.7,"unburned-before",0,0
"3493","unburned-7246-after","unburned-7246","unburned","7246",7246,"after","unburned",1367.47277832031,NA,0.153807141827913,31.5722884523463,0.304278757328619,63.8444444444444,209.822220272488,21.4444444444444,10,20.7777777777778,11.5555555555556,22.7777777777778,"unburned-after",0,1
"3494","unburned-7246-before","unburned-7246","unburned","7246",7246,"before","unburned",1367.47277832031,NA,0.179435685192956,23.5484783660021,0.275815491216349,67.39,244.330003738403,30.5,13,13.4,11.6,20.5,"unburned-before",0,0
"3495","unburned-7247-after","unburned-7247","unburned","7247",7247,"after","unburned",1488.47412109375,NA,0.100632068016275,26.8659905318627,0.195789059131493,55.2777777777778,282.333333757189,22.3333333333333,18.6666666666667,14.1111111111111,11,18.6666666666667,"unburned-after",0,1
"3496","unburned-7247-before","unburned-7247","unburned","7247",7247,"before","unburned",1488.47412109375,NA,0.163775875205721,11.9289823435977,0.205457912876808,58.8,286.189999580383,20.5,19.3,16.6,11.4,17.6,"unburned-before",0,0
"3497","unburned-7260-after","unburned-7260","unburned","7260",7260,"after","unburned",1390.99487304688,NA,0.139328837460829,-0.723218951381047,0.136109602731741,30.5777777777778,224.655550850762,26.8888888888889,16.4444444444444,20.8888888888889,7.44444444444444,15.6666666666667,"unburned-after",0,1
"3498","unburned-7260-before","unburned-7260","unburned","7260",7260,"before","unburned",1390.99487304688,NA,-0.0451960938245816,85.4636800525866,0.317707007656004,74.82,235.499999046326,23,16,19.5,10.8,16.4,"unburned-before",0,0
"3499","unburned-727-after","unburned-727","unburned","727",727,"after","unburned",1281.51696777344,NA,0.195306517179151,-14.2818342046551,0.120004217567575,22.76,189.660000801086,30.8,13.3,21.5,3.6,13.1,"unburned-after",0,1
"3500","unburned-727-before","unburned-727","unburned","727",727,"before","unburned",1281.51696777344,NA,0.190378116619916,-10.0821091929737,0.140124612257112,28.1125,200.624997615814,27.625,14.625,10.625,3.75,12.75,"unburned-before",0,0
"3501","unburned-7270-after","unburned-7270","unburned","7270",7270,"after","unburned",1399.02514648438,NA,0.186300030814943,15.1419105380886,0.24824984248745,60.6777777777778,244.422220653958,17.2222222222222,8.33333333333333,29.5555555555556,15.5555555555556,15.6666666666667,"unburned-after",0,1
"3502","unburned-7270-before","unburned-7270","unburned","7270",7270,"before","unburned",1399.02514648438,NA,0.234290736388137,10.2894601554542,0.278491347598238,64.83,232.78999710083,18.7,11.6,24.8,17.1,14.1,"unburned-before",0,0
"3503","unburned-7274-after","unburned-7274","unburned","7274",7274,"after","unburned",1824.92272949219,NA,0.0735448495394622,118.83586609541,0.35164545421804,150.2625,427.312505245209,10.5,25.875,10.5,28.25,13.5,"unburned-after",0,1
"3504","unburned-7274-before","unburned-7274","unburned","7274",7274,"before","unburned",1824.92272949219,NA,0.15858191947932,76.760225112238,0.330320385878784,147.64,446.960000991821,12.3,27.3,9,29.5,13.3,"unburned-before",0,0
"3505","unburned-7288-after","unburned-7288","unburned","7288",7288,"after","unburned",2221.9287109375,NA,0.0396047087675775,85.9970394781177,0.189185010421246,108.766666666667,574.922222561306,10.6666666666667,25.7777777777778,10.3333333333333,28.3333333333333,11.7777777777778,"unburned-after",0,1
"3506","unburned-7288-before","unburned-7288","unburned","7288",7288,"before","unburned",2221.9287109375,NA,-0.094129730265064,179.532227801366,0.213509716617305,124.6,583.579998016357,12.9,25.5,9,24.6,11.9,"unburned-before",0,0
"3507","unburned-7299-after","unburned-7299","unburned","7299",7299,"after","unburned",1609.01318359375,NA,0.142738428064606,9.6949892419044,0.173149310326545,55.2,318.799999237061,16.2,15.4,22.6,9.6,10.8,"unburned-after",0,1
"3508","unburned-7299-before","unburned-7299","unburned","7299",7299,"before","unburned",1609.01318359375,NA,0.123006531582054,18.1409636514245,0.175701680010478,60.4875,344.262502193451,19.25,17.5,19.125,12,11.25,"unburned-before",0,0
"3509","unburned-7324-after","unburned-7324","unburned","7324",7324,"after","unburned",1960.43530273438,NA,0.116883260413808,107.67439945736,0.378031689414151,155.866666666667,412.311113145616,11.7777777777778,22.3333333333333,10.1111111111111,27,15.2222222222222,"unburned-after",0,1
"3510","unburned-7324-before","unburned-7324","unburned","7324",7324,"before","unburned",1960.43530273438,NA,0.11847631423509,92.8713839545334,0.325422819283026,146.04,448.770004272461,11.4,22.7,7.9,27.9,16.1,"unburned-before",0,0
"3511","unburned-7327-after","unburned-7327","unburned","7327",7327,"after","unburned",1460.13684082031,NA,0.231560091697819,-16.8440286108475,0.160944116224277,38.39,238.529999732971,21.8,11.3,27.8,5.6,12.1,"unburned-after",0,1
"3512","unburned-7327-before","unburned-7327","unburned","7327",7327,"before","unburned",1460.13684082031,NA,0.197503322860013,-9.20843240043709,0.163522300559974,44.3125,270.987503528595,23.875,13.25,24.75,5.25,12,"unburned-before",0,0
"3513","unburned-7328-after","unburned-7328","unburned","7328",7328,"after","unburned",1714.14562988281,NA,0.13203865434531,13.476268373058,0.187334731336806,45.6555555555556,243.711111280653,18,16.2222222222222,12,6.55555555555556,12,"unburned-after",0,1
"3514","unburned-7328-before","unburned-7328","unburned","7328",7328,"before","unburned",1714.14562988281,NA,0.207683814242649,-1.27822085649643,0.202998425628099,55.38,272.809997558594,18.1,17.9,12.1,7.9,11.3,"unburned-before",0,0
"3515","unburned-7330-after","unburned-7330","unburned","7330",7330,"after","unburned",1378.56005859375,NA,0.180548696248031,8.88559921654988,0.221343673265291,48.2111111111111,217.811109754774,31.1111111111111,12.4444444444444,18,11.5555555555556,16.1111111111111,"unburned-after",0,1
"3516","unburned-7330-before","unburned-7330","unburned","7330",7330,"before","unburned",1378.56005859375,NA,-0.00106071791146162,72.1908466043637,0.316876602563281,71.95,227.059995651245,33.7,14.3,15.6,12.7,14.8,"unburned-before",0,0
"3517","unburned-7338-after","unburned-7338","unburned","7338",7338,"after","unburned",1258.7998046875,NA,0.147842888456931,-7.59256276453372,0.103867687523907,17.9333333333333,172.655555937025,19.6666666666667,13.1111111111111,19.3333333333333,2.88888888888889,14.7777777777778,"unburned-after",0,1
"3518","unburned-7338-before","unburned-7338","unburned","7338",7338,"before","unburned",1258.7998046875,NA,0.152457512050351,-5.86998864503206,0.123663297393247,25.21,203.860001564026,20.3,13.7,15.5,4.4,13.2,"unburned-before",0,0
"3519","unburned-7341-after","unburned-7341","unburned","7341",7341,"after","unburned",1691.69787597656,NA,0.148703077903284,72.2198680318948,0.454259119399679,107.366666666667,236.355555852254,13.1111111111111,16.2222222222222,15.7777777777778,14.8888888888889,13.2222222222222,"unburned-after",0,1
"3520","unburned-7341-before","unburned-7341","unburned","7341",7341,"before","unburned",1691.69787597656,NA,0.156896154947766,73.7416048548685,0.437250508944767,115.01,263.029996871948,13.6,18.2,12.5,20.6,12.3,"unburned-before",0,0
"3521","unburned-7354-after","unburned-7354","unburned","7354",7354,"after","unburned",1310.1357421875,NA,0.168329330949786,-11.4213658231967,0.109911342867627,21.4888888888889,195.511112213135,23.1111111111111,15.8888888888889,12.1111111111111,3.11111111111111,14.7777777777778,"unburned-after",0,1
"3522","unburned-7354-before","unburned-7354","unburned","7354",7354,"before","unburned",1310.1357421875,NA,0.166223012647449,-3.38842719526931,0.150383319473136,32.17,213.920001983643,23.4,16.7,12.8,4.2,15.7,"unburned-before",0,0
"3523","unburned-7359-after","unburned-7359","unburned","7359",7359,"after","unburned",1272.64819335938,NA,0.196746491748699,1.18659248235778,0.202480669315096,41.9,206.933334138658,21.1111111111111,14.3333333333333,30.8888888888889,9.88888888888889,19,"unburned-after",0,1
"3524","unburned-7359-before","unburned-7359","unburned","7359",7359,"before","unburned",1272.64819335938,NA,0.337083055220264,-21.5647107133612,0.230411554290762,46.58,202.160000801086,29.1,15.7,21.9,13.3,16.4,"unburned-before",0,0
"3525","unburned-7360-after","unburned-7360","unburned","7360",7360,"after","unburned",1350.30102539062,NA,0.186044440619653,6.40092588473972,0.218503497437269,43.0888888888889,197.199996312459,23.4444444444444,15.3333333333333,19.1111111111111,5.11111111111111,16.3333333333333,"unburned-after",0,1
"3526","unburned-7360-before","unburned-7360","unburned","7360",7360,"before","unburned",1350.30102539062,NA,0.12938639192573,17.9516532687912,0.205221358335586,48.58,236.720000267029,26.2,17.2,14.3,7.9,16.6,"unburned-before",0,0
"3527","unburned-7367-after","unburned-7367","unburned","7367",7367,"after","unburned",1588.65625,NA,0.0807471610408914,102.279897008527,0.337789951012187,134.41,397.910001754761,13.9,17.4,15.9,23.3,14.9,"unburned-after",0,1
"3528","unburned-7367-before","unburned-7367","unburned","7367",7367,"before","unburned",1588.65625,NA,0.126089560290267,73.7591230084551,0.320794566736148,121.525,378.824994564057,13.625,21.25,13.875,26.125,15.125,"unburned-before",0,0
"3529","unburned-7383-after","unburned-7383","unburned","7383",7383,"after","unburned",1299.9736328125,NA,0.604282400448903,-18.3642176175637,0.513748900605134,104.211111111111,202.844445970323,13.8888888888889,9.44444444444444,37.6666666666667,7.88888888888889,17.3333333333333,"unburned-after",0,1
"3530","unburned-7383-before","unburned-7383","unburned","7383",7383,"before","unburned",1299.9736328125,NA,0.512167676718486,-41.3508904863909,0.328598065516139,74.02,225.259999275208,18.7,14.2,23.7,10.2,13,"unburned-before",0,0
"3531","unburned-7393-after","unburned-7393","unburned","7393",7393,"after","unburned",1437.08654785156,NA,0.194162916107694,-13.0321453511446,0.13280918867733,28.21,212.410001754761,37.1,14,11,4.8,13.6,"unburned-after",0,1
"3532","unburned-7393-before","unburned-7393","unburned","7393",7393,"before","unburned",1437.08654785156,NA,0.167025715110102,31.3584249367292,0.305756788272562,69.1125,226.037499904633,33.625,16.875,11.75,6.875,14.75,"unburned-before",0,0
"3533","unburned-7405-after","unburned-7405","unburned","7405",7405,"after","unburned",1605.44201660156,NA,0.258309599551409,3.74545560427078,0.276450327309883,57.0777777777778,206.466667387221,19.2222222222222,22.8888888888889,13.5555555555556,8.55555555555556,16.5555555555556,"unburned-after",0,1
"3534","unburned-7405-before","unburned-7405","unburned","7405",7405,"before","unburned",1605.44201660156,NA,0.340454646854676,-16.5634478404917,0.274192903901562,68.54,249.969999313354,19.7,24.6,11.6,9.8,16.1,"unburned-before",0,0
"3535","unburned-7409-after","unburned-7409","unburned","7409",7409,"after","unburned",1376.07373046875,NA,0.0935207667744159,8.17490129770152,0.134495433681378,26.8333333333333,199.511110517714,31.5555555555556,16.6666666666667,17.3333333333333,3.88888888888889,17.8888888888889,"unburned-after",0,1
"3536","unburned-7409-before","unburned-7409","unburned","7409",7409,"before","unburned",1376.07373046875,NA,0.323343489978176,-28.1997054057986,0.187270795626675,38.81,207.240001678467,31.6,15.7,15.1,5.2,17.1,"unburned-before",0,0
"3537","unburned-741-after","unburned-741","unburned","741",741,"after","unburned",1391.06518554688,NA,0.109843004522056,32.5708221122868,0.243469934646856,59.3444444444444,243.744446436564,27.2222222222222,14.7777777777778,16.6666666666667,7.22222222222222,18,"unburned-after",0,1
"3538","unburned-741-before","unburned-741","unburned","741",741,"before","unburned",1391.06518554688,NA,0.00108034892298786,89.1908189724273,0.323150254220859,89.49,276.930000305176,27.5,13.6,17.6,9.7,18.1,"unburned-before",0,0
"3539","unburned-7418-after","unburned-7418","unburned","7418",7418,"after","unburned",1470.08215332031,NA,0.211069854168157,-2.21936516393461,0.200039760365498,40.25,201.209999084473,24.5,10.3,17.1,4.6,14.6,"unburned-after",0,1
"3540","unburned-7418-before","unburned-7418","unburned","7418",7418,"before","unburned",1470.08215332031,NA,0.156932429018718,14.8989071870284,0.224751068075899,49.375,219.687498807907,26.875,12.375,12.75,5.75,15.125,"unburned-before",0,0
"3541","unburned-7421-after","unburned-7421","unburned","7421",7421,"after","unburned",1349.77893066406,NA,0.243331698097931,-19.0280631489568,0.166288767345333,41.07,246.980001449585,27.4,10.3,28.4,5.7,19,"unburned-after",0,1
"3542","unburned-7421-before","unburned-7421","unburned","7421",7421,"before","unburned",1349.77893066406,NA,0.169487882935955,4.85901613927524,0.18783331196804,49.75,264.862496852875,32.375,11.375,18.75,7.375,16.875,"unburned-before",0,0
"3543","unburned-7433-after","unburned-7433","unburned","7433",7433,"after","unburned",1349.56286621094,NA,0.181448014567152,8.64023124705778,0.233759155774266,38.61,165.170001029968,27.9,15.6,14.2,4.1,14,"unburned-after",0,1
"3544","unburned-7433-before","unburned-7433","unburned","7433",7433,"before","unburned",1349.56286621094,NA,0.142666746729133,10.763484431902,0.198508429627432,38.2625,192.750000953674,31.375,18.25,9,3.625,13.875,"unburned-before",0,0
"3545","unburned-7442-after","unburned-7442","unburned","7442",7442,"after","unburned",1629.13745117188,NA,0.278515364223773,3.8870709342338,0.293846961302878,74.5,253.533334732056,15.8888888888889,13.8888888888889,26.3333333333333,12.1111111111111,16.5555555555556,"unburned-after",0,1
"3546","unburned-7442-before","unburned-7442","unburned","7442",7442,"before","unburned",1629.13745117188,NA,0.129837410506066,52.528428078261,0.330657181020574,86.49,261.570003509521,17.2,14.9,20,12.4,17.6,"unburned-before",0,0
"3547","unburned-7462-after","unburned-7462","unburned","7462",7462,"after","unburned",2270.20458984375,NA,0.0187547070746058,66.7017590771357,0.171138469846053,74.9111111111111,437.722220950656,10.6666666666667,25.6666666666667,6.11111111111111,23.4444444444444,12.3333333333333,"unburned-after",0,1
"3548","unburned-7462-before","unburned-7462","unburned","7462",7462,"before","unburned",2270.20458984375,NA,-0.115289094875038,158.87151526723,0.243207870830198,107.78,443.159999847412,12.1,26.6,4.3,22.3,12.4,"unburned-before",0,0
"3549","unburned-7478-after","unburned-7478","unburned","7478",7478,"after","unburned",1450.861328125,NA,0.0679196091441666,39.1844657599477,0.164681994832533,66.6888888888889,404.955556657579,23.6666666666667,17.6666666666667,18.3333333333333,15.8888888888889,19.6666666666667,"unburned-after",0,1
"3550","unburned-7478-before","unburned-7478","unburned","7478",7478,"before","unburned",1450.861328125,NA,0.128813286697849,13.7389247142488,0.162644670175809,66.05,406.099996566773,22.8,14.4,18.5,15.6,18.8,"unburned-before",0,0
"3551","unburned-7486-after","unburned-7486","unburned","7486",7486,"after","unburned",1307.34069824219,NA,0.267266753756364,-17.4224022406675,0.164425788391773,27.8555555555556,169.41111140781,13.6666666666667,14.6666666666667,27,3.88888888888889,14.8888888888889,"unburned-after",0,1
"3552","unburned-7486-before","unburned-7486","unburned","7486",7486,"before","unburned",1307.34069824219,NA,0.237754380254417,-20.0146826314853,0.144219084918881,30.86,213.980001449585,15,16.9,20,6.8,14.1,"unburned-before",0,0
"3553","unburned-7490-after","unburned-7490","unburned","7490",7490,"after","unburned",1586.05236816406,NA,0.116115207995689,39.0003124249145,0.268489938640978,68.72,255.950000762939,26.7,19.4,11.6,15.9,17.5,"unburned-after",0,1
"3554","unburned-7490-before","unburned-7490","unburned","7490",7490,"before","unburned",1586.05236816406,NA,0.294678040773316,3.38968127647816,0.307829593711951,79.34,257.740001678467,26.3,18.4,11.8,19.2,16.4,"unburned-before",0,0
"3555","unburned-7491-after","unburned-7491","unburned","7491",7491,"after","unburned",1961.498046875,NA,0.04391189187118,332.86266162474,0.548153744503416,361.85,660.125017166138,7.75,36,7,30.5,11.5,"unburned-after",0,1
"3556","unburned-7491-before","unburned-7491","unburned","7491",7491,"before","unburned",1961.498046875,NA,0.423471091160884,13.0728497011274,0.447455331154968,243.89,545.059993743897,9.6,32.4,8.2,30,12.4,"unburned-before",0,0
"3557","unburned-7499-after","unburned-7499","unburned","7499",7499,"after","unburned",1574.443359375,NA,0.173901928062003,24.6582124650064,0.249548351196682,81.3444444444444,325.966667599148,12.3333333333333,9.88888888888889,32.2222222222222,20.1111111111111,12.4444444444444,"unburned-after",0,1
"3558","unburned-7499-before","unburned-7499","unburned","7499",7499,"before","unburned",1574.443359375,NA,0.392794004844484,7.15072092855995,0.414584354110112,136.05,328.159996032715,14.6,11,23.7,21.8,13.3,"unburned-before",0,0
"3559","unburned-7509-after","unburned-7509","unburned","7509",7509,"after","unburned",1410.96899414062,NA,0.260063978463759,-11.548034696256,0.198670918313374,37.37,188.100001335144,16.9,14.9,24,3.7,12.7,"unburned-after",0,1
"3560","unburned-7509-before","unburned-7509","unburned","7509",7509,"before","unburned",1410.96899414062,NA,0.169771763219279,3.33081545702189,0.186878088941735,36.3875,194.712500572205,16.75,16.5,15,3.875,12,"unburned-before",0,0
"3561","unburned-751-after","unburned-751","unburned","751",751,"after","unburned",1413.92785644531,NA,0.126410348352018,14.00180135896,0.183123316418218,45.2111111111111,246.88888337877,21.4444444444444,14.4444444444444,23.2222222222222,8.33333333333333,17.3333333333333,"unburned-after",0,1
"3562","unburned-751-before","unburned-751","unburned","751",751,"before","unburned",1413.92785644531,NA,0.355698787353501,-30.383779480804,0.237731014625571,61.23,257.559999465942,22.1,13.6,24.2,9.5,17.6,"unburned-before",0,0
"3563","unburned-7521-after","unburned-7521","unburned","7521",7521,"after","unburned",1491.16284179688,NA,0.140971931548959,18.5813700509341,0.210052793131372,56.5,268.979998588562,20.1,21.9,12.1,14.2,15,"unburned-after",0,1
"3564","unburned-7521-before","unburned-7521","unburned","7521",7521,"before","unburned",1491.16284179688,NA,0.30460118571771,-11.9427317798362,0.255602850478183,62.3,243.737500905991,19.125,20.25,15.375,16.25,15.375,"unburned-before",0,0
"3565","unburned-7522-after","unburned-7522","unburned","7522",7522,"after","unburned",1726.91809082031,NA,0.149710840604616,85.0702020173345,0.360947298337265,145.3625,402.724997997284,12.5,10.25,22.25,24.625,12.625,"unburned-after",0,1
"3566","unburned-7522-before","unburned-7522","unburned","7522",7522,"before","unburned",1726.91809082031,NA,-0.0142364749034947,207.923197787006,0.490241008621834,202.055555555556,412.155556148953,16.6666666666667,13.4444444444444,17.5555555555556,27,14.6666666666667,"unburned-before",0,0
"3567","unburned-754-after","unburned-754","unburned","754",754,"after","unburned",1686.55163574219,NA,0.105648884769538,107.828423792661,0.417051724615214,144.411111111111,346.266668107774,15.5555555555556,20.5555555555556,8.88888888888889,21.8888888888889,15.3333333333333,"unburned-after",0,1
"3568","unburned-754-before","unburned-754","unburned","754",754,"before","unburned",1686.55163574219,NA,0.141133333962203,91.8823552929266,0.388808018477539,144.24,370.980003356934,16.7,21.8,9.6,22.4,15.2,"unburned-before",0,0
"3569","unburned-7550-after","unburned-7550","unburned","7550",7550,"after","unburned",1918.73571777344,NA,0.132274888535289,67.559936312603,0.305866030525047,119.04,389.189998626709,13.8,22.6,8.7,26.3,15.4,"unburned-after",0,1
"3570","unburned-7550-before","unburned-7550","unburned","7550",7550,"before","unburned",1918.73571777344,NA,0.273001648188931,12.9993054084449,0.307641060014932,115.45,375.275003910065,15.625,21.625,7.625,25.25,16.25,"unburned-before",0,0
"3571","unburned-7554-after","unburned-7554","unburned","7554",7554,"after","unburned",1840.08361816406,NA,0.157126778299862,54.3986653085475,0.356828191476856,97.2,272.400001798357,12.5714285714286,20.1428571428571,13.1428571428571,21.7142857142857,12.4285714285714,"unburned-after",0,1
"3572","unburned-7554-before","unburned-7554","unburned","7554",7554,"before","unburned",1840.08361816406,NA,0.263722157392761,19.7605952724758,0.329747067052382,98.69,299.290000915528,12.8,22,10.6,24.3,11.7,"unburned-before",0,0
"3573","unburned-7558-after","unburned-7558","unburned","7558",7558,"after","unburned",1271.30712890625,NA,0.237460915835133,-7.57320788305275,0.196160768989051,35.97,183.369998931885,31.7,13.8,24,7.4,16.2,"unburned-after",0,1
"3574","unburned-7558-before","unburned-7558","unburned","7558",7558,"before","unburned",1271.30712890625,NA,0.0642035571407608,58.6623027819407,0.38783532364044,70.3,181.262499094009,36,18.75,15.125,9.5,16.75,"unburned-before",0,0
"3575","unburned-7563-after","unburned-7563","unburned","7563",7563,"after","unburned",2060.58862304688,NA,0.0988532068036606,89.870368519669,0.280254774001006,138.844444444444,495.422227647569,11.2222222222222,30.5555555555556,6.22222222222222,28.6666666666667,13.2222222222222,"unburned-after",0,1
"3576","unburned-7563-before","unburned-7563","unburned","7563",7563,"before","unburned",2060.58862304688,NA,0.120701469439261,62.7415906353732,0.244325348400426,124,507.519996643066,12.3,28.3,7.8,27.4,13.6,"unburned-before",0,0
"3577","unburned-7565-after","unburned-7565","unburned","7565",7565,"after","unburned",2144.0068359375,NA,0.0980181510745044,145.750256067769,0.51498356194064,180.0125,349.549992084503,13.875,22.625,10.75,26,12.875,"unburned-after",0,1
"3578","unburned-7565-before","unburned-7565","unburned","7565",7565,"before","unburned",2144.0068359375,NA,0.284204290619523,50.4532745393892,0.456348357755509,133.75,293.087501525879,15.625,22,10.625,27,12.875,"unburned-before",0,0
"3579","unburned-7566-after","unburned-7566","unburned","7566",7566,"after","unburned",1673.59228515625,NA,0.157845789489411,19.2879899786602,0.236740444772152,57.8777777777778,244.477777481079,15.2222222222222,14.5555555555556,15.3333333333333,7,11.3333333333333,"unburned-after",0,1
"3580","unburned-7566-before","unburned-7566","unburned","7566",7566,"before","unburned",1673.59228515625,NA,0.174703102842866,24.598619642267,0.272905105202605,68.36,250.490000724792,15.4,15.7,11.3,7.1,12.5,"unburned-before",0,0
"3581","unburned-7567-after","unburned-7567","unburned","7567",7567,"after","unburned",1928.16821289062,NA,0.107030693015714,108.645337002533,0.341006438473479,158.344444444444,464.344442155626,14.1111111111111,22.3333333333333,12.4444444444444,28.2222222222222,16.5555555555556,"unburned-after",0,1
"3582","unburned-7567-before","unburned-7567","unburned","7567",7567,"before","unburned",1928.16821289062,NA,0.134270828058054,74.9962597921973,0.285665259826514,141.51,495.370000839233,16.4,25.2,8,27.5,16.9,"unburned-before",0,0
"3583","unburned-7581-after","unburned-7581","unburned","7581",7581,"after","unburned",1377.912109375,NA,0.352723220228606,25.2895124873585,0.460905933752585,107.744444444444,233.766668107775,27.5555555555556,9.22222222222222,34.8888888888889,9.22222222222222,16.7777777777778,"unburned-after",0,1
"3584","unburned-7581-before","unburned-7581","unburned","7581",7581,"before","unburned",1377.912109375,NA,0.574455597738494,-48.8780908528917,0.369232058057587,87.94,238.170001983643,22.6,11.5,28.5,14.4,15.1,"unburned-before",0,0
"3585","unburned-7605-after","unburned-7605","unburned","7605",7605,"after","unburned",1268.79821777344,NA,0.201858247018428,-6.9433025767466,0.157362574166615,24.5555555555556,156.044445037842,29.7777777777778,13.2222222222222,19.4444444444444,3.33333333333333,15.5555555555556,"unburned-after",0,1
"3586","unburned-7605-before","unburned-7605","unburned","7605",7605,"before","unburned",1268.79821777344,NA,0.221087154629716,-1.24641812242756,0.213650736051536,35.81,167.610000610352,31.2,15.1,16.7,6.1,15.9,"unburned-before",0,0
"3587","unburned-7611-after","unburned-7611","unburned","7611",7611,"after","unburned",1309.26599121094,NA,0.146905818989624,0.378730607984191,0.14890007097263,28.2777777777778,189.911110136244,24.6666666666667,18,20.6666666666667,2.22222222222222,15,"unburned-after",0,1
"3588","unburned-7611-before","unburned-7611","unburned","7611",7611,"before","unburned",1309.26599121094,NA,0.174942163842986,-1.31862137501328,0.168903137607727,36.88,218.349999427795,27.8,18.7,11.9,3.4,13.3,"unburned-before",0,0
"3589","unburned-77-after","unburned-77","unburned","77",77,"after","unburned",1745.87145996094,NA,0.0883285291394614,72.0185354885733,0.268120162932047,107.4,400.56666692098,28.5555555555556,15.5555555555556,8,16.3333333333333,17,"unburned-after",0,1
"3590","unburned-77-before","unburned-77","unburned","77",77,"before","unburned",1745.87145996094,NA,0.133049925462169,46.9936182545585,0.244390742153483,103.15,422.069997787476,23.9,16.6,7,15,18.3,"unburned-before",0,0
"3591","unburned-773-after","unburned-773","unburned","773",773,"after","unburned",1352.32312011719,NA,0.255665993980792,50.342853651793,0.469215851322325,110.614285714286,235.742857796805,16.4285714285714,8.85714285714286,34.2857142857143,13.2857142857143,19.5714285714286,"unburned-after",0,1
"3592","unburned-773-before","unburned-773","unburned","773",773,"before","unburned",1352.32312011719,NA,0.655585684085779,-69.3057746395343,0.361817565159357,85.36,235.920000076294,23.7,13.5,29.3,13.5,17.3,"unburned-before",0,0
"3593","unburned-779-after","unburned-779","unburned","779",779,"after","unburned",1534.22888183594,NA,0.0885920569997862,42.452110855425,0.210378680808332,73.3333333333333,348.577779134115,13.8888888888889,20.7777777777778,13.7777777777778,16.5555555555556,10.3333333333333,"unburned-after",0,1
"3594","unburned-779-before","unburned-779","unburned","779",779,"before","unburned",1534.22888183594,NA,0.103691375113827,26.922562361741,0.173070482649797,67.16,388.049995422363,16.7,21,9.2,14.7,11.3,"unburned-before",0,0
"3595","unburned-804-after","unburned-804","unburned","804",804,"after","unburned",1704.50317382812,NA,0.196768079805368,29.8872687263919,0.31321702657176,80.3888888888889,256.655552122328,14.3333333333333,13.7777777777778,25.2222222222222,13.1111111111111,11.2222222222222,"unburned-after",0,1
"3596","unburned-804-before","unburned-804","unburned","804",804,"before","unburned",1704.50317382812,NA,0.109923177953693,63.070080734082,0.352416472306956,91.66,260.089999198914,17.5,13.9,20.4,14.1,10.7,"unburned-before",0,0
"3597","unburned-807-after","unburned-807","unburned","807",807,"after","unburned",1358.91430664062,NA,0.0927149213054262,48.6943082941442,0.28270441727842,72.4571428571429,256.300002506801,21.5714285714286,22.2857142857143,17,13.8571428571429,19,"unburned-after",0,1
"3598","unburned-807-before","unburned-807","unburned","807",807,"before","unburned",1358.91430664062,NA,0.0249853564698146,131.947065895602,0.448163889574485,139.7375,311.799998283386,13.75,7.25,29.5,22,15.375,"unburned-before",0,0
"3599","unburned-809-after","unburned-809","unburned","809",809,"after","unburned",1279.72424316406,NA,0.170160217713328,-1.968120292342,0.157607540600314,24.7111111111111,156.788888507419,29.1111111111111,12.8888888888889,12.8888888888889,3,14.5555555555556,"unburned-after",0,1
"3600","unburned-809-before","unburned-809","unburned","809",809,"before","unburned",1279.72424316406,NA,0.170196229670432,0.220233623904273,0.171503176594044,28.9,168.509998321533,31.1,13.6,7.7,1.4,13.6,"unburned-before",0,0
"3601","unburned-810-after","unburned-810","unburned","810",810,"after","unburned",1405.8095703125,NA,0.150658347737858,26.4346188260977,0.284708141451913,56.1444444444444,197.199996312459,26.5555555555556,15.5555555555556,13.2222222222222,8.11111111111111,20.1111111111111,"unburned-after",0,1
"3602","unburned-810-before","unburned-810","unburned","810",810,"before","unburned",1405.8095703125,NA,0.147278501138843,27.3262331710856,0.262715444110542,62.19,236.720000267029,23.9,15.6,13.3,11.6,19.5,"unburned-before",0,0
"3603","unburned-819-after","unburned-819","unburned","819",819,"after","unburned",1460.37353515625,NA,0.0715647827309463,35.4933596234888,0.200169089424588,55.2444444444444,275.988888210721,21.8888888888889,18,15.2222222222222,10.4444444444444,18.6666666666667,"unburned-after",0,1
"3604","unburned-819-before","unburned-819","unburned","819",819,"before","unburned",1460.37353515625,NA,0.156650707915299,21.5325863405729,0.237448405253283,63.28,266.5,21.6,18.5,11.8,10.6,18.1,"unburned-before",0,0
"3605","unburned-836-after","unburned-836","unburned","836",836,"after","unburned",1427.41967773438,NA,0.190131137590279,1.37352425721086,0.198005044108312,34.54,174.440000534057,22.1,15.8,15.4,3.3,14.7,"unburned-after",0,1
"3606","unburned-836-before","unburned-836","unburned","836",836,"before","unburned",1427.41967773438,NA,0.130956603463618,20.146232498429,0.23846051215186,44.6875,187.400000095367,22.625,14.5,12.625,4,14.625,"unburned-before",0,0
"3607","unburned-849-after","unburned-849","unburned","849",849,"after","unburned",1403.53369140625,NA,0.221344649875987,17.319648367763,0.306300413386213,62.4444444444444,203.866667217679,20,7.77777777777778,24,19.5555555555556,17,"unburned-after",0,1
"3608","unburned-849-before","unburned-849","unburned","849",849,"before","unburned",1403.53369140625,NA,-0.0481938755026735,111.863850545703,0.475023388037484,101.56,213.799999237061,20.5,13,21.2,20.4,13.3,"unburned-before",0,0
"3609","unburned-850-after","unburned-850","unburned","850",850,"after","unburned",1845.20678710938,NA,0.106954347212286,133.516097612185,0.432732484328656,177.35,409.837501049042,6.375,23.375,12.625,32.625,11.125,"unburned-after",0,1
"3610","unburned-850-before","unburned-850","unburned","850",850,"before","unburned",1845.20678710938,NA,0.146122803987011,91.7795298025479,0.372125095487787,151.12,406.099996566773,7.8,27.1,11.6,31.4,11.5,"unburned-before",0,0
"3611","unburned-855-after","unburned-855","unburned","855",855,"after","unburned",1128.01403808594,NA,0.210320004124342,-15.309977685496,0.113977817878992,18.1125,158.912500143051,27.625,11.5,15.125,2.75,15.25,"unburned-after",0,1
"3612","unburned-855-before","unburned-855","unburned","855",855,"before","unburned",1128.01403808594,NA,0.192778526196059,-9.15933966064201,0.143661518279476,26.79,186.480000495911,31.7,12.6,13.2,3.6,16.4,"unburned-before",0,0
"3613","unburned-88-after","unburned-88","unburned","88",88,"after","unburned",1913.40002441406,NA,0.165643629185938,94.5564170245043,0.397946146903669,161.98,407.040000915527,12.3,22.1,10.6,27.7,14.9,"unburned-after",0,1
"3614","unburned-88-before","unburned-88","unburned","88",88,"before","unburned",1913.40002441406,NA,0.241301026188479,45.5607163607657,0.351831632849365,145.025,412.200002670288,15,22.75,8.625,26.875,16.5,"unburned-before",0,0
"3615","unburned-880-after","unburned-880","unburned","880",880,"after","unburned",2116.78198242188,NA,0.0640733538237015,67.7278786521932,0.19798760916468,100.133333333333,505.75555589464,9.22222222222222,25.3333333333333,6.55555555555556,28.6666666666667,11.5555555555556,"unburned-after",0,1
"3616","unburned-880-before","unburned-880","unburned","880",880,"before","unburned",2116.78198242188,NA,0.118527703911877,30.9067726347912,0.178815956438531,91.67,512.64999961853,12,24.5,6.4,26.4,10.6,"unburned-before",0,0
"3617","unburned-888-after","unburned-888","unburned","888",888,"after","unburned",1443.41174316406,NA,0.113502574338291,16.5018602892938,0.173770133517853,47.58,273.809998512268,11.7,22.1,14.4,14.3,11.2,"unburned-after",0,1
"3618","unburned-888-before","unburned-888","unburned","888",888,"before","unburned",1443.41174316406,NA,0.144292815176092,8.38618110541021,0.173589517337322,49.69,286.250003814697,13.7,23.2,12.1,16.8,11.1,"unburned-before",0,0
"3619","unburned-904-after","unburned-904","unburned","904",904,"after","unburned",1312.78723144531,NA,0.215410935513689,-11.5171600912876,0.169365317825645,42.3625,250.124999284744,16.375,10.625,32.375,7.625,15.875,"unburned-after",0,1
"3620","unburned-904-before","unburned-904","unburned","904",904,"before","unburned",1312.78723144531,NA,0.176886764993876,-2.00923734341121,0.169471510475336,45.92,270.959997177124,19.9,16.7,22.2,6.3,14.8,"unburned-before",0,0
"3621","unburned-905-after","unburned-905","unburned","905",905,"after","unburned",1726.291015625,NA,0.138637878961794,35.3144355862115,0.254086451848357,77.7222222222222,305.888888041178,22.3333333333333,10.8888888888889,19.5555555555556,16.7777777777778,16.8888888888889,"unburned-after",0,1
"3622","unburned-905-before","unburned-905","unburned","905",905,"before","unburned",1726.291015625,NA,0.204094350847108,27.5185544492975,0.289486749623725,93.29,322.260000228882,18.8,11.6,21.1,17.7,18.3,"unburned-before",0,0
"3623","unburned-910-after","unburned-910","unburned","910",910,"after","unburned",1770.34594726562,NA,0.156773390489339,67.3795832875621,0.324984050166756,130.177777777778,400.56666692098,10.8888888888889,21.7777777777778,9.22222222222222,28.6666666666667,13.2222222222222,"unburned-after",0,1
"3624","unburned-910-before","unburned-910","unburned","910",910,"before","unburned",1770.34594726562,NA,0.200498269989126,38.7156956292971,0.292226409473685,123.34,422.069997787476,13.3,21.1,10.4,27.6,12.5,"unburned-before",0,0
"3625","unburned-932-after","unburned-932","unburned","932",932,"after","unburned",1894.83117675781,NA,0.130076330694713,55.7648781365387,0.268324935545612,108.233333333333,403.366661071777,12.8888888888889,19.8888888888889,10.8888888888889,28.7777777777778,16.1111111111111,"unburned-after",0,1
"3626","unburned-932-before","unburned-932","unburned","932",932,"before","unburned",1894.83117675781,NA,0.24519896652678,20.0969011501484,0.294504415818586,120.04,407.60000038147,11.1,18.5,18,28.2,15.3,"unburned-before",0,0
"3627","unburned-935-after","unburned-935","unburned","935",935,"after","unburned",1371.4013671875,NA,0.179091263933171,3.04660744854489,0.193654396999299,40.5125,209.200000762939,25.5,16.375,19.25,5.875,13.75,"unburned-after",0,1
"3628","unburned-935-before","unburned-935","unburned","935",935,"before","unburned",1371.4013671875,NA,0.0276213880421487,60.786464865552,0.319443110605238,66.54,208.300000190735,24.8,17.4,14.8,6.4,14.4,"unburned-before",0,0
"3629","unburned-950-after","unburned-950","unburned","950",950,"after","unburned",1687.40441894531,NA,0.0391828838951828,78.6328944611796,0.203648616702167,97.3666666666667,478.111112382677,17,15.6666666666667,15,22.5555555555556,13.2222222222222,"unburned-after",0,1
"3630","unburned-950-before","unburned-950","unburned","950",950,"before","unburned",1687.40441894531,NA,0.0512113248762002,75.2134228552657,0.218051953036211,98.3,450.809995651245,16.5,17.5,15.3,21.8,13.5,"unburned-before",0,0
"3631","unburned-955-after","unburned-955","unburned","955",955,"after","unburned",1339.06616210938,NA,0.169970174576102,4.0770984352871,0.196097977038397,30.6,156.044445037842,15.2222222222222,20.4444444444444,20,5.66666666666667,13.5555555555556,"unburned-after",0,1
"3632","unburned-955-before","unburned-955","unburned","955",955,"before","unburned",1339.06616210938,NA,0.219764974565667,3.11519247891468,0.238350932847218,39.95,167.610000610352,16,21,16.1,11.5,14.7,"unburned-before",0,0
"3633","unburned-96-after","unburned-96","unburned","96",96,"after","unburned",1864.97631835938,NA,0.126170508784794,77.1777013090218,0.398252971736469,112.966666666667,283.655552334256,18.1111111111111,15.1111111111111,11.5555555555556,15.5555555555556,15.2222222222222,"unburned-after",0,1
"3634","unburned-96-before","unburned-96","unburned","96",96,"before","unburned",1864.97631835938,NA,0.142978262623275,79.0548345164604,0.394801393258255,123.94,313.929996490478,15.1,19.7,8.6,16.6,13.6,"unburned-before",0,0
"3635","unburned-960-after","unburned-960","unburned","960",960,"after","unburned",1497.93347167969,NA,0.1313362203683,96.8269530588408,0.428052356824273,139.685714285714,326.328571864537,16.8571428571429,12.4285714285714,31.2857142857143,12.2857142857143,18.1428571428571,"unburned-after",0,1
"3636","unburned-960-before","unburned-960","unburned","960",960,"before","unburned",1497.93347167969,NA,0.408981149168242,-5.09601000612846,0.392301903180978,119.86,305.529998779297,16.9,9.8,27.7,17.7,17.5,"unburned-before",0,0
"3637","unburned-971-after","unburned-971","unburned","971",971,"after","unburned",1917.65661621094,NA,0.0867723388124381,42.2255186587484,0.170262313695769,86.1111111111111,505.75555589464,18.1111111111111,23.4444444444444,7.33333333333333,24.6666666666667,11.7777777777778,"unburned-after",0,1
"3638","unburned-971-before","unburned-971","unburned","971",971,"before","unburned",1917.65661621094,NA,0.143389402781309,5.52142271886089,0.154159758234287,79.03,512.64999961853,21.1,24.3,7.1,21,12.5,"unburned-before",0,0
"3639","unburned-973-after","unburned-973","unburned","973",973,"after","unburned",1544.64526367188,NA,0.142896388584788,7.97268699744458,0.185682086831637,34.6,186.339999675751,16.2,21.8,18,5.2,15.6,"unburned-after",0,1
"3640","unburned-973-before","unburned-973","unburned","973",973,"before","unburned",1544.64526367188,NA,0.19123578855798,-0.956063991863969,0.186177248912106,35.1875,188.999999761581,14.75,21.5,13.375,3.75,14.875,"unburned-before",0,0
"3641","unburned-978-after","unburned-978","unburned","978",978,"after","unburned",1895.21240234375,NA,0.0918970994475523,39.649764271024,0.179101194551364,81.4333333333333,454.677778879802,18.8888888888889,27,6.33333333333333,20.4444444444444,13.6666666666667,"unburned-after",0,1
"3642","unburned-978-before","unburned-978","unburned","978",978,"before","unburned",1895.21240234375,NA,0.126044580054281,20.5883300220094,0.170578182963264,78.86,462.310001373291,20.5,26.9,5.5,18.4,13.1,"unburned-before",0,0
"3643","unburned-979-after","unburned-979","unburned","979",979,"after","unburned",2142.48388671875,NA,0.103655913972231,72.8366259340171,0.263849856402112,119.966666666667,454.677778879802,12,27.6666666666667,7.44444444444444,27.2222222222222,13.5555555555556,"unburned-after",0,1
"3644","unburned-979-before","unburned-979","unburned","979",979,"before","unburned",2142.48388671875,NA,0.155627718301418,41.4817493383493,0.245354847749468,113.43,462.310001373291,14.1,30.1,6.9,25.5,13.3,"unburned-before",0,0
"3645","unburned-989-after","unburned-989","unburned","989",989,"after","unburned",1407.98474121094,NA,0.166500797771545,2.49738043392073,0.176863850086634,42.6222222222222,240.988886091444,28.7777777777778,15.6666666666667,16.6666666666667,8.22222222222222,19.8888888888889,"unburned-after",0,1
"3646","unburned-989-before","unburned-989","unburned","989",989,"before","unburned",1407.98474121094,NA,0.342650682003128,-25.7385976442125,0.236314810803249,57.2,242.050000190735,21.8,15.5,18.9,13.3,18,"unburned-before",0,0
"3647","unburned-999-after","unburned-999","unburned","999",999,"after","unburned",1393.7587890625,NA,0.565824501005396,5.81286438332033,0.594363701320482,121.06,203.680002212524,12.7,9.5,43.2,9.6,16.8,"unburned-after",0,1
"3648","unburned-999-before","unburned-999","unburned","999",999,"before","unburned",1393.7587890625,NA,0.592851863317399,-44.0362293986483,0.39596490391093,88.5625,223.662499189377,17.875,13.375,28.75,10.5,14.875,"unburned-before",0,0
