"","pixel.id","V1","V2","sens.d","pue.d","pixelxocc","fire","pix","ID","fire.occ","group","elev","sens","int","pue","m.npp","map","m.bare","m.shrub","m.annual","m.perennial","m.litter","restored","subclass"
"1","NV3984111739119990804-672",-13.0161997016042,6.59033124497332,-0.313343939695774,0.134567944761661,"NV3984111739119990804-672-before","NV3984111739119990804","672",672,"before","fire",1507.50903320312,0.767605832987556,-91.2337699638046,0.372939198675944,86.2111111111111,231.166665818956,38.2222222222222,14.4444444444444,18.6666666666667,9.44444444444444,13.6666666666667,"0","1"
"2","NV3984111739119990804-735",-2.62748951374733,0.984290927814054,0.146393786810251,0.0464206191207426,"NV3984111739119990804-735-before","NV3984111739119990804","735",735,"before","fire",1600.29650878906,0.22785400320179,5.44082068433495,0.249068536526077,63.8777777777778,256.466668446859,23.1111111111111,19.5555555555556,20,10.5555555555556,14.8888888888889,"0","2"
"3","NV3984111739119990804-80",-7.22266178551983,-8.71904932492697,0.0250928215784055,0.0125997337177907,"NV3984111739119990804-80-before","NV3984111739119990804","80",80,"before","fire",1542.7724609375,0.368755458128845,-29.8734838179,0.252274497858992,64.7,256.466668446859,25,12.1111111111111,28.8888888888889,13.2222222222222,15.1111111111111,"0","3"
"4","NV3984111739119990804-809",-5.88187093804155,-4.06999203790286,-0.0172141989980168,0.205348917721419,"NV3984111739119990804-809-before","NV3984111739119990804","809",809,"before","fire",1553.24145507812,0.575821304818317,-44.6567494452547,0.40169829025392,103.022222222222,256.466668446859,25.1111111111111,14.4444444444444,24.5555555555556,12.1111111111111,15.3333333333333,"0","4"
"5","NV4005011861820020929-205",-3.95875597744941,1.94520957125651,NA,NA,"NV4005011861820020929-205-before","NV4005011861820020929","205",205,"before","fire",1188.82104492188,-0.119650483436598,97.3710390650908,0.594911942651513,81.0666666666667,136.266665458679,27.4444444444444,11.4444444444444,16.3333333333333,14.6666666666667,15.8888888888889,"0","6"
"6","NV4007011712019990804-779",1.64147211479406,1.10982705303587,0.0846982873375582,0.0257522373794384,"NV4007011712019990804-779-before","NV4007011712019990804","779",779,"before","fire",1551.74584960938,0.225623890806328,-2.78722981933904,0.214756085503525,55.0777777777778,256.466668446859,20.3333333333333,20.8888888888889,18.3333333333333,13.1111111111111,14.1111111111111,"0","12"
"7","NV4016511743619960813-259",7.69002896293639,-3.29924300040379,-0.0720387770077821,0.00449935052209455,"NV4016511743619960813-259-before","NV4016511743619960813","259",259,"before","fire",1986.89782714844,0.291822460939342,16.994119381969,0.360972959586484,88.7111111111111,245.755558013916,14,17,17.4444444444444,18.5555555555556,13.1111111111111,"0","14"
"8","NV4016511743619960813-308",4.11422301772152,-3.48344234527228,-0.416887260106324,0.152874221692244,"NV4016511743619960813-308-before","NV4016511743619960813","308",308,"before","fire",1854.53686523438,0.569979790951253,-40.9645904707691,0.403291432804539,99.1111111111111,245.755558013916,16,14.2222222222222,18,16.6666666666667,12.7777777777778,"0","15"
"9","NV4016511743619960813-454",5.57004096790876,-4.98415970682139,-0.326868280026592,0.282571132846894,"NV4016511743619960813-454-before","NV4016511743619960813","454",454,"before","fire",1942.11010742188,0.70379980583825,-53.4293806805315,0.486391169743411,119.533333333333,245.755558013916,14.7777777777778,15.8888888888889,19.6666666666667,17.6666666666667,15.3333333333333,"0","16"
"10","NV4027111775119960607-426",16.750002723208,-2.26756752445207,0.0493895382447279,-0.274424420037615,"NV4027111775119960607-426-before","NV4027111775119960607","426",426,"before","fire",1775.005859375,0.187759402210202,136.060916731686,0.621120422621526,195.011111111111,313.966670566135,12.8888888888889,22.2222222222222,15.4444444444444,27.1111111111111,12.6666666666667,"0","17"
"11","NV4032611769419960607-181",-12.8584450018429,-0.482309509467868,0.317851515926827,0.181549289443667,"NV4032611769419960607-181-before","NV4032611769419960607","181",181,"before","fire",1385.74645996094,0.535360227088638,-55.4216218822388,0.29356731228417,67.2888888888889,229.211107889811,31.2222222222222,12.1111111111111,23.4444444444444,7.55555555555556,16.3333333333333,"0","18"
"12","NV4032611769419960607-422",-15.0151626652884,1.44352420119769,-0.00481861173222542,-0.037723525180164,"NV4032611769419960607-422-before","NV4032611769419960607","422",422,"before","fire",1368.60388183594,0.266408381680381,-20.4748714272029,0.177080811059127,40.5888888888889,229.211107889811,33.8888888888889,13.2222222222222,23.3333333333333,5.88888888888889,15.3333333333333,"0","19"
"13","NV4034111811419990805-129",-5.98128337590385,-8.25758481476154,0.113442121320062,0.142135397528292,"NV4034111811419990805-129-before","NV4034111811419990805","129",129,"before","fire",1422.82568359375,0.251626811919065,24.6990147998251,0.334589840023319,99.6111111111111,297.71110534668,18,14.2222222222222,27.3333333333333,7.77777777777778,13.7777777777778,"0","20"
"14","NV4034111811419990805-317",-6.22701811077866,-2.9808352065147,0.0901173665564673,0.0104628653463206,"NV4034111811419990805-317-before","NV4034111811419990805","317",317,"before","fire",1349.4072265625,0.133323907524923,12.5277097022409,0.180102062896117,48.2333333333333,267.811109754774,18.7777777777778,11.8888888888889,20.6666666666667,6.33333333333333,14.4444444444444,"0","21"
"15","NV4034111811419990805-429",-4.55887179979327,1.28943221362829,0.11035872773462,0.242884948055649,"NV4034111811419990805-429-before","NV4034111811419990805","429",429,"before","fire",1534.7685546875,0.184169678818963,50.7662028212021,0.373729413169367,100.088888888889,267.811109754774,21.3333333333333,14.8888888888889,17.5555555555556,7.77777777777778,12.2222222222222,"0","22"
"16","NV4034111811419990805-453",-5.0678138256587,-3.34145045105044,0.143162517023763,0.12892711742935,"NV4034111811419990805-453-before","NV4034111811419990805","453",453,"before","fire",1477.33215332031,0.24174256551888,51.5253219200891,0.434136831639017,116.266666666667,267.811109754774,21.4444444444444,11.5555555555556,21.1111111111111,10.4444444444444,14,"0","23"
"17","NV4034111811419990805-737",-6.98315717295142,-0.223491253742406,0.0270386037029397,0.0975469725698909,"NV4034111811419990805-737-before","NV4034111811419990805","737",737,"before","fire",1453.8759765625,0.241958231933723,31.556452947082,0.359789239676372,96.3555555555556,267.811109754774,22.7777777777778,11.2222222222222,18.5555555555556,7.77777777777778,13.1111111111111,"0","24"
"18","NV4034111811419990805-765",-2.23122217749056,2.46892845156025,0.140696866904305,0.228091873551942,"NV4034111811419990805-765-before","NV4034111811419990805","765",765,"before","fire",1524.84167480469,0.194309304144452,43.8173651769518,0.357922252154988,95.8555555555556,267.811109754774,21.2222222222222,18.8888888888889,17.4444444444444,8.88888888888889,15.2222222222222,"0","25"
"19","NV4034111811419990805-808",-4.51037584161706,-5.22008788911207,0.149082475414624,0.00815461224097949,"NV4034111811419990805-808-before","NV4034111811419990805","808",808,"before","fire",1438.2607421875,0.107388787211545,40.2291654574117,0.242516986109484,72.2,297.71110534668,17.3333333333333,14.4444444444444,23.4444444444444,7.55555555555556,15.4444444444444,"0","26"
"20","NV4034111811419990805-877",-10.4053212323631,-5.21995936089243,0.102023249544832,0.131409105724025,"NV4034111811419990805-877-before","NV4034111811419990805","877",877,"before","fire",1377.5888671875,0.230850895720654,32.4755654291681,0.352113846532907,94.3,267.811109754774,24.7777777777778,11.5555555555556,25.8888888888889,7.44444444444444,14.5555555555556,"0","27"
"21","NV4037611762919990804-480",-5.28162107180704,-1.84101639751302,-0.0283725047943102,0.0156025774902711,"NV4037611762919990804-480-before","NV4037611762919990804","480",480,"before","fire",1415.37121582031,0.35941010726646,-15.0613636334118,0.310645034404083,95.9444444444444,308.855554792616,24.1111111111111,14.2222222222222,21.5555555555556,11,14.6666666666667,"0","28"
"22","NV4037611762919990804-569",-6.18690528622249,-5.8225343072476,-0.0312116698528977,0.0271600914630729,"NV4037611762919990804-569-before","NV4037611762919990804","569",569,"before","fire",1410.03466796875,0.395463604384893,-19.1744642659172,0.333381300963826,102.966666666667,308.855554792616,24.8888888888889,12.3333333333333,25.4444444444444,13,14.5555555555556,"0","29"
"23","NV4037611762919990804-953",-7.90900247137318,-2.39484892948867,0.019446220669248,0.00394562286757094,"NV4037611762919990804-953-before","NV4037611762919990804","953",953,"before","fire",1384.30969238281,0.425599042802175,-16.4528024171461,0.36190803644264,93.4888888888889,258.322224087185,27.1111111111111,14.5555555555556,24,10.4444444444444,13.8888888888889,"0","30"
"24","NV4044311880219990630-137",8.17933572775757,4.01756864883997,0.0174240956309765,0.0582141855175999,"NV4044311880219990630-137-before","NV4044311880219990630","137",137,"before","fire",1854.31396484375,0.112461470905414,108.65294180663,0.395007155264752,151.9,384.549996058146,14.1666666666667,17,9.33333333333333,15.8333333333333,12.5,"0","31"
"25","NV4044311880219990630-142",-6.96926002044253,2.75017407272871,0.0860310305790404,0.0528860429387162,"NV4044311880219990630-142-before","NV4044311880219990630","142",142,"before","fire",1675.44665527344,0.106772438404904,19.0412595112768,0.162148189198754,55.7555555555556,343.855554792616,30,12.2222222222222,17.5555555555556,12.4444444444444,10.8888888888889,"0","32"
"26","NV4046511744319950729-202",-8.45799512366797,8.28961603357564,-0.0840086938901333,-0.0172966978432602,"NV4046511744319950729-202-before","NV4046511744319950729","202",202,"before","fire",1478.13049316406,0.315103415633536,-35.3134513304658,0.166080553323022,39.3555555555556,236.966669294569,28.8888888888889,16.3333333333333,13.8888888888889,5.66666666666667,18.4444444444444,"0","33"
"27","NV4046511744319950729-674",-11.2261173848072,8.43068107556964,-0.0534460615850125,-0.0155858877091494,"NV4046511744319950729-674-before","NV4046511744319950729","674",674,"before","fire",1471.19506835938,0.258214068284309,-27.265905504111,0.14315187162484,33.9222222222222,236.966669294569,31.4444444444444,14.7777777777778,14.5555555555556,4.77777777777778,18.3333333333333,"0","34"
"28","NV4048111756319990804-233",6.68078541782909,-2.14063637825076,0.0144288531029245,-0.00910390372307218,"NV4048111756319990804-233-before","NV4048111756319990804","233",233,"before","fire",1707.63342285156,0.130157662730467,36.6468645361034,0.218112483132676,90.8777777777778,416.655555301242,20,18.1111111111111,18.5555555555556,21.6666666666667,15.6666666666667,"0","36"
"29","NV4048111756319990804-389",1.45651535170999,-4.36893811368518,-0.193535296798381,0.015977273461475,"NV4048111756319990804-389-before","NV4048111756319990804","389",389,"before","fire",1489.85314941406,0.427664461853447,3.68045166607232,0.440357133549005,127.688888888889,289.966663784451,19.5555555555556,14,20.6666666666667,16.8888888888889,14.8888888888889,"0","38"
"30","NV4048111756319990804-610",-3.9374048405483,-19.6659366383317,0.0194622542362495,0.0558393365554539,"NV4048111756319990804-610-before","NV4048111756319990804","610",610,"before","fire",1495.58715820312,0.433796017070901,3.65806061141251,0.446411469356588,129.444444444444,289.966663784451,16.5555555555556,7.66666666666667,35.3333333333333,16.5555555555556,15.6666666666667,"0","41"
"31","NV4048111756319990804-71",-1.26431556852923,-0.95539393178518,0.0111875313687592,0.118338360989947,"NV4048111756319990804-71-before","NV4048111756319990804","71",71,"before","fire",1588.37512207031,0.357755500472834,6.28836077494253,0.379361687871169,110.411111111111,291.044442918566,22.4444444444444,18,20.6666666666667,13.1111111111111,15.8888888888889,"0","43"
"32","NV4048211779820010812-14",23.545265696787,3.80645699885904,0.106613779287857,0.0715276960303929,"NV4048211779820010812-14-before","NV4048211779820010812","14",14,"before","fire",2233.66821289062,0.08578088181776,78.802622032206,0.32626902717835,106.911111111111,327.677781846788,11.1111111111111,27.7777777777778,8.77777777777778,29.6666666666667,12.5555555555556,"0","46"
"33","NV4048211779820010812-175",19.9540455897987,3.21602610210394,0.0554641297807855,0.0238507082042097,"NV4048211779820010812-175-before","NV4048211779820010812","175",175,"before","fire",2230.11059570312,0.0515327066693429,89.2167202306502,0.260672522105668,111.2,426.588882870144,12.1111111111111,26.3333333333333,10.2222222222222,26.6666666666667,11.5555555555556,"0","47"
"34","NV4048211779820010812-177",-1.95593032570699,1.1489308618928,0.070585253335917,0.0442257870979764,"NV4048211779820010812-177-before","NV4048211779820010812","177",177,"before","fire",1706.80126953125,0.0756952590580846,31.318567637751,0.171272589511312,56.1222222222222,327.677781846788,18.7777777777778,16.1111111111111,16.7777777777778,8.55555555555556,13,"0","48"
"35","NV4048211779820010812-319",6.18478464698581,3.22908369429068,0.132079221287156,0.0581804611932814,"NV4048211779820010812-319-before","NV4048211779820010812","319",319,"before","fire",1747.3037109375,0.0768574263340256,63.6377512426358,0.271065745506519,88.8222222222222,327.677781846788,16.4444444444444,20.6666666666667,13.3333333333333,14.5555555555556,11.5555555555556,"0","52"
"36","NV4048211779820010812-417",16.5407946532781,7.06989213806217,0.106785338611403,0.00541072719731511,"NV4048211779820010812-417-before","NV4048211779820010812","417",417,"before","fire",2224.78735351562,0.0502234377302511,96.8762286611644,0.34586822669083,113.333333333333,327.677781846788,12,25.6666666666667,6.88888888888889,20.5555555555556,11.8888888888889,"0","53"
"37","NV4048211779820010812-456",4.85598801138204,-20.7418410140367,0.0199286534999842,0.0031730155044975,"NV4048211779820010812-456-before","NV4048211779820010812","456",456,"before","fire",1750.63562011719,0.142427572512192,53.9743062016631,0.290252884502776,105.977777777778,365.122220781114,9.22222222222222,12,33.7777777777778,20.5555555555556,11.4444444444444,"0","55"
"38","NV4048211779820010812-48",13.9231756386673,6.19095610446193,0.056161634168516,-0.0672295206020693,"NV4048211779820010812-48-before","NV4048211779820010812","48",48,"before","fire",2009.16979980469,0.0552524196155241,147.374376484786,0.400724095982784,170.944444444444,426.588882870144,13.3333333333333,20.2222222222222,6.33333333333333,20.4444444444444,14.3333333333333,"0","56"
"39","NV4048211779820010812-629",2.02003127764118,0.116875166169505,0.0719983205671436,0.091176587010563,"NV4048211779820010812-629-before","NV4048211779820010812","629",629,"before","fire",1860.31274414062,0.0997979859086965,24.1317506779947,0.173442743090549,56.8333333333333,327.677781846788,15.4444444444444,21.5555555555556,18.4444444444444,9.55555555555556,10.1111111111111,"0","57"
"40","NV4048211779820010812-710",22.0461244979697,1.87724999563053,0.156206766104476,0.0571899509791327,"NV4048211779820010812-710-before","NV4048211779820010812","710",710,"before","fire",1949.25842285156,0.089090703415229,94.7291781439499,0.37818316983165,123.922222222222,327.677781846788,10.1111111111111,26.3333333333333,10.4444444444444,28.2222222222222,11.6666666666667,"0","58"
"41","NV4048211779820010812-863",16.3509278234629,-0.513869431107511,0.0802157216543121,0.0423036110632536,"NV4048211779820010812-863-before","NV4048211779820010812","863",863,"before","fire",1952.05090332031,0.0845347674212846,101.060630224289,0.321438808483818,137.122222222222,426.588882870144,10.7777777777778,21.8888888888889,13,24,15.3333333333333,"0","64"
"42","NV4048211779820010812-878",6.33288702083603,2.38344619554632,0.147148721212239,0.023458454907933,"NV4048211779820010812-878-before","NV4048211779820010812","878",878,"before","fire",1710.80920410156,0.0713374858223146,64.130876529393,0.246979703357573,90.1777777777778,365.122220781114,17.8888888888889,21.3333333333333,14.8888888888889,16.2222222222222,15.3333333333333,"0","65"
"43","NV4048211779820010812-905",12.8391376794167,-3.65799262498356,0.082517597219944,-0.011162460132243,"NV4048211779820010812-905-before","NV4048211779820010812","905",905,"before","fire",1801.23352050781,0.0815891170806846,80.0877781577079,0.300934239342414,109.877777777778,365.122220781114,16.6666666666667,16.6666666666667,16.4444444444444,27.7777777777778,12.8888888888889,"0","66"
"44","NV4048211779820010812-955",-0.857605651163137,0.0267861494680887,0.0834490827818937,0.00881429533139169,"NV4048211779820010812-955-before","NV4048211779820010812","955",955,"before","fire",1573.28173828125,0.0775005699814834,24.1825629143835,0.1513003948524,49.5777777777778,327.677781846788,15.2222222222222,18.7777777777778,18.1111111111111,6.55555555555556,11,"0","67"
"45","NV4050111851919990804-100",-15.2167262917465,8.6587989248025,0.0388462829252716,-0.0213624497834051,"NV4050111851919990804-100-before","NV4050111851919990804","100",100,"before","fire",1287.77001953125,0.11673537704214,-3.35227862652953,0.103260384715799,25.6888888888889,248.777776294284,37.1111111111111,14.7777777777778,17.1111111111111,4.55555555555556,15.6666666666667,"0","68"
"46","NV4050111851919990804-102",-5.88682974776979,7.96264900133029,0.043348965059944,0.000684946284022936,"NV4050111851919990804-102-before","NV4050111851919990804","102",102,"before","fire",1392.43029785156,0.124560272180421,3.78766520543487,0.138987640816048,36.4888888888889,262.533335155911,22.2222222222222,17.1111111111111,12.1111111111111,3,13.5555555555556,"0","69"
"47","NV4050111851919990804-107",2.66268686853674,-0.586194085331317,0.0776485252825012,0.0672015025319541,"NV4050111851919990804-107-before","NV4050111851919990804","107",107,"before","fire",1757.08435058594,0.178092996409668,21.6070803998776,0.249495134587205,75.5,302.611111534966,13.2222222222222,16.3333333333333,15.7777777777778,10.3333333333333,12.2222222222222,"0","70"
"48","NV4050111851919990804-109",-1.93204653935208,1.71388715906751,0.0945445052112502,0.0321162394009334,"NV4050111851919990804-109-before","NV4050111851919990804","109",109,"before","fire",1509.89416503906,0.138248229628935,15.1214232389073,0.191957061253531,54.0444444444444,281.544445885552,15.7777777777778,17.2222222222222,16,5.33333333333333,12,"0","71"
"49","NV4050111851919990804-113",-11.1867970008635,4.49644092378087,0.161803485447952,0.0343259150358923,"NV4050111851919990804-113-before","NV4050111851919990804","113",113,"before","fire",1467.43359375,0.183424248001556,17.1225705876192,0.2475350502489,66.1111111111111,267.077777650621,31.5555555555556,12.6666666666667,17.7777777777778,7.44444444444444,16.1111111111111,"0","72"
"50","NV4050111851919990804-114",-4.28589090610443,7.72374346819485,0.178247398563105,0.040947478718034,"NV4050111851919990804-114-before","NV4050111851919990804","114",114,"before","fire",1501.81140136719,0.146184816411291,21.0517391051331,0.215751789673939,65.2888888888889,302.611111534966,24,17.3333333333333,12.3333333333333,6.66666666666667,12.8888888888889,"0","73"
"51","NV4050111851919990804-122",-13.9463038897353,6.878456644175,0.0568626667417264,-0.0219944010018896,"NV4050111851919990804-122-before","NV4050111851919990804","122",122,"before","fire",1383.80090332031,0.210419485655386,-1.96166714291581,0.202720970691999,51.6555555555556,254.811109966702,33.8888888888889,11,15.8888888888889,5.33333333333333,15.8888888888889,"0","74"
"52","NV4050111851919990804-123",-13.7515988769313,17.1212457655062,-0.00434227440803292,-0.0194040961129038,"NV4050111851919990804-123-before","NV4050111851919990804","123",123,"before","fire",1284.22729492188,0.128510301992533,-5.53784995613271,0.104957232815246,24.6777777777778,235.122221840753,39.8888888888889,17.5555555555556,9.44444444444444,4,12.5555555555556,"0","75"
"53","NV4050111851919990804-144",-1.52965561984785,11.3986262835943,0.0833208937604825,0.0152913962390401,"NV4050111851919990804-144-before","NV4050111851919990804","144",144,"before","fire",1577.30456542969,0.0791012616852929,6.7591292448164,0.104551919724004,27.7666666666667,265.577779346042,20.4444444444444,19.4444444444444,7.55555555555556,4.66666666666667,12.6666666666667,"0","76"
"54","NV4050111851919990804-146",3.57357728353952,-3.16051238058521,0.130355630885179,0.0432439503976157,"NV4050111851919990804-146-before","NV4050111851919990804","146",146,"before","fire",1545.09912109375,0.116729655249906,27.3765233319674,0.224041810543867,57.1555555555556,255.111112594605,14.5555555555556,14.5555555555556,17.6666666666667,14.4444444444444,16.5555555555556,"0","77"
"55","NV4050111851919990804-153",-14.0601625118837,13.7550797985127,0.0865146558946737,-0.00846051777494025,"NV4050111851919990804-153-before","NV4050111851919990804","153",153,"before","fire",1377.41003417969,0.139717358784149,3.474464751635,0.152058091490513,42.8111111111111,281.544445885552,37.2222222222222,14.8888888888889,11.2222222222222,3.66666666666667,14.2222222222222,"0","78"
"56","NV4050111851919990804-16",-11.4924210769303,3.82563917722806,0.218043203731362,0.0120301292720065,"NV4050111851919990804-16-before","NV4050111851919990804","16",16,"before","fire",1282.99523925781,0.141285942486236,0.637735932545003,0.143952062608878,34.4333333333333,239.199999703301,34.2222222222222,14.3333333333333,20.1111111111111,9.22222222222222,15.8888888888889,"0","80"
"57","NV4050111851919990804-161",-11.6283375795972,5.85102103951793,0.0564289050066221,-0.0187435068168977,"NV4050111851919990804-161-before","NV4050111851919990804","161",161,"before","fire",1364.64611816406,0.198319138179314,-8.3777458016288,0.166950950697283,44.5888888888889,267.077777650621,30.7777777777778,13,16.4444444444444,5.44444444444444,14.7777777777778,"0","81"
"58","NV4050111851919990804-163",-13.6560477082757,8.87414323712309,0.0596067905210348,0.000738661660479561,"NV4050111851919990804-163-before","NV4050111851919990804","163",163,"before","fire",1396.52795410156,0.147547959291432,8.6598856022268,0.179972542416259,48.0666666666667,267.077777650621,33.6666666666667,11,13.5555555555556,4.55555555555556,16.7777777777778,"0","82"
"59","NV4050111851919990804-164",-13.4039090787083,13.9437626863405,0.0680372166706172,0.00373107889901531,"NV4050111851919990804-164-before","NV4050111851919990804","164",164,"before","fire",1429.99658203125,0.131162098893879,13.4471113660177,0.183955678290161,46.8555555555556,254.711112976074,38.1111111111111,15.5555555555556,11.3333333333333,5,15.5555555555556,"0","83"
"60","NV4050111851919990804-167",-2.97783383278391,8.90895363728954,0.124896589573994,0.0433207600953482,"NV4050111851919990804-167-before","NV4050111851919990804","167",167,"before","fire",1457.65844726562,0.120660180784628,5.76712476254101,0.142627390240585,37.4444444444444,262.533335155911,19.2222222222222,19.5555555555556,10.5555555555556,2.88888888888889,11.8888888888889,"0","85"
"61","NV4050111851919990804-180",-9.95138268825958,2.19202208063541,0.129274973226505,0.191817230919337,"NV4050111851919990804-180-before","NV4050111851919990804","180",180,"before","fire",1316.92150878906,0.35473566632411,-8.75277127947747,0.318143813103649,76.1,239.199999703301,29.1111111111111,14.7777777777778,20.3333333333333,7.33333333333333,15.2222222222222,"0","89"
"62","NV4050111851919990804-184",-2.43503903777597,4.42372301260803,0.0888805635398329,0.00947226357560547,"NV4050111851919990804-184-before","NV4050111851919990804","184",184,"before","fire",1380.47680664062,0.125828819641127,-0.370534611869753,0.124409448919895,32.4777777777778,261.055555343628,16.6666666666667,17.4444444444444,13.5555555555556,4.11111111111111,14.3333333333333,"0","90"
"63","NV4050111851919990804-186",-8.04537662099454,4.62252424261148,0.00242893219218432,0.105291346415447,"NV4050111851919990804-186-before","NV4050111851919990804","186",186,"before","fire",1280.80920410156,0.384456921680079,-16.9416849943304,0.315007973312444,76.8444444444444,243.944442537096,28.3333333333333,17.1111111111111,18,7.22222222222222,15.2222222222222,"0","91"
"64","NV4050111851919990804-190",-1.52372940388876,10.593643643493,0.180907653852257,0.085883712711053,"NV4050111851919990804-190-before","NV4050111851919990804","190",190,"before","fire",1633.25024414062,0.105019472208717,15.7687520140196,0.156935907246424,47.6666666666667,303.733336130778,21.8888888888889,19.4444444444444,8.77777777777778,6.33333333333333,13.5555555555556,"0","92"
"65","NV4050111851919990804-194",-4.90387796521058,6.3680048028386,0.0861658933427916,0.00394446448329894,"NV4050111851919990804-194-before","NV4050111851919990804","194",194,"before","fire",1473.84375,0.100353236400475,14.1052185603406,0.147405484919599,44.1888888888889,299.777779049344,22.6666666666667,18.1111111111111,14.1111111111111,5.11111111111111,15.3333333333333,"0","93"
"66","NV4050111851919990804-196",-17.1404065568807,15.4237496792602,0.0697089767203598,-0.00127437831477234,"NV4050111851919990804-196-before","NV4050111851919990804","196",196,"before","fire",1350.857421875,0.120041973619735,2.3172342386245,0.128718226129428,34.3777777777778,267.077777650621,41.1111111111111,14.2222222222222,11.1111111111111,2.55555555555556,12,"0","94"
"67","NV4050111851919990804-197",-10.9302134418144,3.73344279286677,0.0282976695874114,0.107798044881443,"NV4050111851919990804-197-before","NV4050111851919990804","197",197,"before","fire",1274.97619628906,0.332336617951485,-14.1716710008389,0.274242771445087,66.9,243.944442537096,30.2222222222222,15.1111111111111,19.4444444444444,6.22222222222222,15.8888888888889,"0","95"
"68","NV4050111851919990804-198",-9.77407282432659,-2.15875802046188,0.122823675175322,-0.0280042646356219,"NV4050111851919990804-198-before","NV4050111851919990804","198",198,"before","fire",1308.93359375,0.168091611840008,-2.44084683559066,0.15788740264846,37.7666666666667,239.199999703301,28.1111111111111,15.4444444444444,25.1111111111111,8.55555555555556,16.4444444444444,"0","96"
"69","NV4050111851919990804-207",-12.8881571173886,8.41169153950882,-0.0365394574001234,0.0450649653744713,"NV4050111851919990804-207-before","NV4050111851919990804","207",207,"before","fire",1280.07092285156,0.383334724253729,-28.5012645020762,0.266499660475869,65.0111111111111,243.944442537096,37.5555555555556,16.7777777777778,17.6666666666667,7.44444444444444,14.5555555555556,"0","97"
"70","NV4050111851919990804-209",-8.26824591115374,5.98366937621078,-0.0720336560534161,0.0450935866070819,"NV4050111851919990804-209-before","NV4050111851919990804","209",209,"before","fire",1326.6708984375,0.380424503253398,-17.2518913919231,0.314711357219285,82.6222222222222,262.533335155911,28.1111111111111,13,14.4444444444444,7.33333333333333,15.6666666666667,"0","98"
"71","NV4050111851919990804-21",-9.33224922186779,4.51431237567015,0.0755749156154331,0.0110481683296894,"NV4050111851919990804-21-before","NV4050111851919990804","21",21,"before","fire",1452.40295410156,0.134546230357392,4.54390194485656,0.150625147350068,42.5666666666667,282.600000169542,26.5555555555556,12.8888888888889,16,5.33333333333333,12,"0","99"
"72","NV4050111851919990804-210",4.92305775017637,5.1280991158502,0.0838391925827425,0.0715404255865986,"NV4050111851919990804-210-before","NV4050111851919990804","210",210,"before","fire",1683.15734863281,0.104110123477054,13.466889357123,0.145768885832539,47.1222222222222,323.26666937934,13.2222222222222,20.5555555555556,10.8888888888889,9.22222222222222,9.11111111111111,"0","100"
"73","NV4050111851919990804-213",-4.24607789790682,-2.89417827926913,0.0558085390815494,0.148613363425482,"NV4050111851919990804-213-before","NV4050111851919990804","213",213,"before","fire",1454.26843261719,0.445063001768453,-19.8235085074132,0.370407560283565,98.3555555555556,265.533337063259,19.1111111111111,12.6666666666667,20.3333333333333,8.88888888888889,14.2222222222222,"0","102"
"74","NV4050111851919990804-216",-9.34741789216745,11.1026066840811,0.0525107317607151,-0.0204891738346027,"NV4050111851919990804-216-before","NV4050111851919990804","216",216,"before","fire",1401.81896972656,0.128700636679165,4.7088595992144,0.146431260117653,38.8888888888889,265.577779346042,30.3333333333333,17.1111111111111,11.8888888888889,4.22222222222222,15.7777777777778,"0","103"
"75","NV4050111851919990804-217",-2.09127132125714,9.20514870813988,0.0907792792174726,0.00925360138808588,"NV4050111851919990804-217-before","NV4050111851919990804","217",217,"before","fire",1380.11682128906,0.0777514864969278,4.2803202915297,0.0941476910745148,24.5777777777778,261.055555343628,18.8888888888889,19.6666666666667,9.88888888888889,3.55555555555556,12.2222222222222,"0","104"
"76","NV4050111851919990804-218",15.8398159665018,0.800128562100673,0.0312408480017414,0.0286416312657378,"NV4050111851919990804-218-before","NV4050111851919990804","218",218,"before","fire",1962.69152832031,0.147174638216285,65.0342768081781,0.308221437506896,124.466666666667,403.822224934896,13.6666666666667,21.6666666666667,12.3333333333333,25.3333333333333,13.4444444444444,"0","105"
"77","NV4050111851919990804-225",-8.14590673709748,7.35430252824395,0.0730281030827682,0.0131854026112965,"NV4050111851919990804-225-before","NV4050111851919990804","225",225,"before","fire",1448.91479492188,0.16619027666572,-2.3920001813418,0.157183498360578,41.7444444444444,265.577779346042,28.3333333333333,16.7777777777778,14.8888888888889,5.88888888888889,13.6666666666667,"0","106"
"78","NV4050111851919990804-226",-2.24490963310747,8.90484053173909,0.061755567852923,0.045631955098274,"NV4050111851919990804-226-before","NV4050111851919990804","226",226,"before","fire",1728.84375,0.123719028555179,36.3562288380306,0.244996292511579,73.4444444444444,299.777779049344,26.8888888888889,17.1111111111111,10.8888888888889,11.3333333333333,15.1111111111111,"0","107"
"79","NV4050111851919990804-23",-4.91007249140594,6.32154313530605,-0.0285711264130893,0.0279686099157938,"NV4050111851919990804-23-before","NV4050111851919990804","23",23,"before","fire",1289.67077636719,0.335303446881095,-5.55096798573101,0.312548396886927,76.2444444444444,243.944442537096,23.6666666666667,16.6666666666667,13.6666666666667,6.44444444444444,15.5555555555556,"0","108"
"80","NV4050111851919990804-236",-4.56462551955248,7.48126821385472,0.0916319061862387,0.0408813841856054,"NV4050111851919990804-236-before","NV4050111851919990804","236",236,"before","fire",1422.51257324219,0.116211515977598,-0.0468491373507428,0.116027873889748,29.6,255.111112594605,19.6666666666667,18.2222222222222,12.1111111111111,2.33333333333333,11.4444444444444,"0","109"
"81","NV4050111851919990804-238",-3.59493369738496,3.70058916375246,0.0136227969782866,0.0638906832189305,"NV4050111851919990804-238-before","NV4050111851919990804","238",238,"before","fire",1303.8603515625,0.297925997947707,4.66041050809171,0.316659224755631,78.7777777777778,248.777776294284,23.2222222222222,17,16.1111111111111,8.88888888888889,15.6666666666667,"0","110"
"82","NV4050111851919990804-241",-10.7708529124946,5.03895061813416,0.112405683826289,0.0405247170768001,"NV4050111851919990804-241-before","NV4050111851919990804","241",241,"before","fire",1471.494140625,0.16028380164554,10.5843922810945,0.1930742498505,62.3222222222222,322.788887023926,31.4444444444444,11.7777777777778,16.5555555555556,7.88888888888889,13.6666666666667,"0","111"
"83","NV4050111851919990804-243",-11.7990698798121,8.52339284426228,0.0161711174390458,-0.0134402287364811,"NV4050111851919990804-243-before","NV4050111851919990804","243",243,"before","fire",1375.86950683594,0.142597791521791,5.67085429802895,0.163830760988264,43.7555555555556,267.077777650621,31.1111111111111,12.3333333333333,13.3333333333333,4.44444444444444,16.7777777777778,"0","112"
"84","NV4050111851919990804-244",-0.610863826537556,6.1542097234326,0.14754784580727,0.0951496134522707,"NV4050111851919990804-244-before","NV4050111851919990804","244",244,"before","fire",1525.26635742188,0.163550040247005,13.1987894899164,0.215287455194078,54.9222222222222,255.111112594605,19.2222222222222,21.4444444444444,13.6666666666667,6.66666666666667,12,"0","113"
"85","NV4050111851919990804-25",-9.62164835355463,7.0585889290806,0.130357474257109,0.0315005957269983,"NV4050111851919990804-25-before","NV4050111851919990804","25",25,"before","fire",1420.59741210938,0.162889774831272,5.21706638248499,0.181419944609885,51.0777777777778,281.544445885552,28.3333333333333,14.6666666666667,14.6666666666667,4.77777777777778,14.6666666666667,"0","114"
"86","NV4050111851919990804-255",0.617554993059341,6.92131037587554,0.0836060933693568,0.0185866226350374,"NV4050111851919990804-255-before","NV4050111851919990804","255",255,"before","fire",1664.7158203125,0.155197566571981,2.72741935434811,0.165467323932948,43.9444444444444,265.577779346042,17.8888888888889,20.4444444444444,11.5555555555556,7,12.8888888888889,"0","115"
"87","NV4050111851919990804-257",-1.57457446831327,2.60360221650945,0.0615055009709772,-0.000280599846435636,"NV4050111851919990804-257-before","NV4050111851919990804","257",257,"before","fire",1499.35314941406,0.0967942870137939,8.80097498054655,0.131347058888232,33.4555555555556,254.711112976074,15.3333333333333,15.6666666666667,14,5.44444444444444,12.1111111111111,"0","116"
"88","NV4050111851919990804-271",-11.8972973007514,12.2725748921931,0.117861016167527,0.0228582124061108,"NV4050111851919990804-271-before","NV4050111851919990804","271",271,"before","fire",1401.84924316406,0.127958257611867,6.9185077086306,0.152531669766632,42.9444444444444,281.544445885552,32.7777777777778,16,11.5555555555556,2.88888888888889,12.8888888888889,"0","117"
"89","NV4050111851919990804-273",0.821147381999135,9.34507360038911,0.115836911268447,0.0572690256353028,"NV4050111851919990804-273-before","NV4050111851919990804","273",273,"before","fire",1622.44445800781,0.130631752054443,9.94500436611772,0.163374303441149,49.6222222222222,303.733336130778,19.2222222222222,21,9.44444444444444,7.11111111111111,10.3333333333333,"0","118"
"90","NV4050111851919990804-283",-10.1392431914084,9.1527264604342,0.0474855765218472,-0.016733118729599,"NV4050111851919990804-283-before","NV4050111851919990804","283",283,"before","fire",1368.99096679688,0.120296703746781,1.9924260346376,0.128119000981314,32.6333333333333,254.711112976074,30.3333333333333,15,13.2222222222222,4.77777777777778,14.5555555555556,"0","119"
"91","NV4050111851919990804-293",-4.68325868372714,-7.90393877384088,0.0254331049817765,0.194003080417485,"NV4050111851919990804-293-before","NV4050111851919990804","293",293,"before","fire",1265.63488769531,0.569177341838748,-41.7706856789846,0.391522140420672,92.0555555555556,235.122221840753,22,14.6666666666667,27.6666666666667,12.6666666666667,14.3333333333333,"0","120"
"92","NV4050111851919990804-298",-3.9274921319404,-5.13756838662554,0.0638180404730341,-0.00974156275382329,"NV4050111851919990804-298-before","NV4050111851919990804","298",298,"before","fire",1514.67846679688,0.142625656944063,-0.0667860987136777,0.14233855583143,33.1111111111111,232.622221840752,13.2222222222222,15.4444444444444,22.6666666666667,4.33333333333333,9,"0","121"
"93","NV4050111851919990804-306",-6.52994420309147,10.0913836381483,0.0797534045875703,0.024121381366875,"NV4050111851919990804-306-before","NV4050111851919990804","306",306,"before","fire",1481.84057617188,0.102593111794914,2.11284422657355,0.109129029124808,35.2777777777778,323.26666937934,24.8888888888889,17.3333333333333,10.7777777777778,3.44444444444444,11,"0","122"
"94","NV4050111851919990804-307",-6.7359060817693,7.8347993181799,0.0587208359980741,-0.00330412729820002,"NV4050111851919990804-307-before","NV4050111851919990804","307",307,"before","fire",1433.13061523438,0.12524865204913,0.409460045664735,0.126769865841073,34.1222222222222,269.166666666667,23.4444444444444,15.4444444444444,12,3.55555555555556,14.4444444444444,"0","123"
"95","NV4050111851919990804-312",-12.0093621317522,13.5700099339353,0.0303635793687896,-0.0163099082632386,"NV4050111851919990804-312-before","NV4050111851919990804","312",312,"before","fire",1471.6396484375,0.163721924814114,11.6030535197537,0.202758776645074,60.2666666666667,297.23333146837,37.3333333333333,16.1111111111111,11.3333333333333,6.11111111111111,15.5555555555556,"0","124"
"96","NV4050111851919990804-315",-5.93293287757684,6.65275188767325,0.0598180168904187,0.0100151908663429,"NV4050111851919990804-315-before","NV4050111851919990804","315",315,"before","fire",1458.12329101562,0.129393457192085,5.19760406233766,0.14979933584264,38.1555555555556,254.711112976074,21.1111111111111,16.1111111111111,12.7777777777778,2.88888888888889,16.8888888888889,"0","125"
"97","NV4050111851919990804-320",-5.46614624558959,8.68509317791962,0.0607726595187233,0.0278318755546344,"NV4050111851919990804-320-before","NV4050111851919990804","320",320,"before","fire",1459.12243652344,0.132953026781644,8.44887208158127,0.166071427605709,42.3666666666667,255.111112594605,23.8888888888889,20.7777777777778,13.4444444444444,3.55555555555556,11.8888888888889,"0","126"
"98","NV4050111851919990804-322",-14.619033223882,9.10981620728782,0.0331830134251401,-0.00606086262639702,"NV4050111851919990804-322-before","NV4050111851919990804","322",322,"before","fire",1386.08801269531,0.157218566401158,2.63263690238435,0.167075758285644,44.6222222222222,267.077777650621,35.3333333333333,11.7777777777778,14.4444444444444,4.44444444444444,16.2222222222222,"0","127"
"99","NV4050111851919990804-328",-15.75852107337,8.7048184055087,-0.0208475763624915,-0.0427980196657854,"NV4050111851919990804-328-before","NV4050111851919990804","328",328,"before","fire",1341.85803222656,0.212668059797226,-8.9211350101349,0.179265299415548,47.8777777777778,267.077777650621,40.6666666666667,9.55555555555556,15.4444444444444,8.55555555555556,17.2222222222222,"0","128"
"100","NV4050111851919990804-33",-4.11915018070907,1.11001383103069,0.055914709611522,-0.0334571157958384,"NV4050111851919990804-33-before","NV4050111851919990804","33",33,"before","fire",1303.05285644531,0.202015466820595,-13.3109884924376,0.146367521549073,35.0111111111111,239.199999703301,25.3333333333333,15.1111111111111,18.6666666666667,11.8888888888889,15.6666666666667,"0","129"
"101","NV4050111851919990804-330",-9.07111647480219,5.31802843666145,0.10814139175575,-0.0170601582036763,"NV4050111851919990804-330-before","NV4050111851919990804","330",330,"before","fire",1275.22680664062,0.173625376212138,-5.5806104072748,0.148284561905642,32.6555555555556,220.222220950656,31.6666666666667,14.7777777777778,17.2222222222222,9.22222222222222,15.3333333333333,"0","130"
"102","NV4050111851919990804-337",-3.71374725115322,-0.942938877953576,0.0189209596701653,0.134291449577736,"NV4050111851919990804-337-before","NV4050111851919990804","337",337,"before","fire",1293.07775878906,0.485542996369851,-38.1418845876085,0.326086956926211,78,239.199999703301,22.8888888888889,14.7777777777778,20,11.3333333333333,16.5555555555556,"0","132"
"103","NV4050111851919990804-344",-1.96762351425151,7.0599953223305,0.120014939651583,0.0299582223464367,"NV4050111851919990804-344-before","NV4050111851919990804","344",344,"before","fire",1542.71826171875,0.119702616338391,22.215403119434,0.202441548012519,54.3555555555556,268.499999576145,20.7777777777778,17.3333333333333,11.4444444444444,7.11111111111111,13,"0","133"
"104","NV4050111851919990804-345",-5.47689006574154,5.66729504387386,0.124729221080586,0.0424115657482385,"NV4050111851919990804-345-before","NV4050111851919990804","345",345,"before","fire",1485.2568359375,0.171669646638512,-2.15290559701828,0.16458150272766,49.9888888888889,303.733336130778,23.5555555555556,16.4444444444444,14.4444444444444,6,12,"0","134"
"105","NV4050111851919990804-353",-14.684067643697,10.2314551108946,0.0870221930526843,0.00362380718146291,"NV4050111851919990804-353-before","NV4050111851919990804","353",353,"before","fire",1413.42077636719,0.130126166278343,5.063603947206,0.149192535308443,39.6222222222222,265.577779346042,37.6666666666667,14.3333333333333,15.1111111111111,5.11111111111111,15.4444444444444,"0","135"
"106","NV4050111851919990804-354",-4.77163503633846,6.73722533413327,0.0411982017032092,0.0222043855779041,"NV4050111851919990804-354-before","NV4050111851919990804","354",354,"before","fire",1583.53076171875,0.132004286909995,20.7391591562406,0.201186062897557,60.3111111111111,299.777779049344,25.1111111111111,15.6666666666667,13,8,15.4444444444444,"0","136"
"107","NV4050111851919990804-358",-2.66581215525458,7.13477374828664,0.106357005310061,0.038296779977695,"NV4050111851919990804-358-before","NV4050111851919990804","358",358,"before","fire",1481.115234375,0.138836804568504,1.76471900540221,0.145081387032564,41,282.600000169542,20.6666666666667,19.4444444444444,12.6666666666667,5.44444444444444,9.66666666666667,"0","138"
"108","NV4050111851919990804-359",-6.87231439840502,3.79795693913891,0.0618581858262527,-0.00566173035727846,"NV4050111851919990804-359-before","NV4050111851919990804","359",359,"before","fire",1442.35888671875,0.149685293109839,7.32904795139862,0.178459255367571,45.4555555555556,254.711112976074,23.1111111111111,17.3333333333333,17.3333333333333,4.44444444444444,11.8888888888889,"0","139"
"109","NV4050111851919990804-36",-15.1708947177336,13.3394986862265,0.0781736266344502,-0.0199698762675174,"NV4050111851919990804-36-before","NV4050111851919990804","36",36,"before","fire",1347.73754882812,0.157063793288042,2.46286225036431,0.166285310226026,44.4111111111111,267.077777650621,39.3333333333333,12.2222222222222,11.2222222222222,5.11111111111111,16.8888888888889,"0","140"
"110","NV4050111851919990804-367",-9.3452030251161,10.52598271876,0.0449259331866706,-0.0207727343230454,"NV4050111851919990804-367-before","NV4050111851919990804","367",367,"before","fire",1440.37329101562,0.154776685883541,9.89475146850913,0.192034138268579,51,265.577779346042,31.6666666666667,16.7777777777778,12.6666666666667,5.77777777777778,16.6666666666667,"0","141"
"111","NV4050111851919990804-37",-8.08347617969454,6.8750214540606,0.0389094917452917,-0.00759261710133319,"NV4050111851919990804-37-before","NV4050111851919990804","37",37,"before","fire",1309.61083984375,0.127747055796528,-2.37858242382605,0.118423344259093,30.2111111111111,255.111112594605,24,15.4444444444444,13.6666666666667,2.77777777777778,14.2222222222222,"0","142"
"112","NV4050111851919990804-370",-7.57103161557153,9.81490038937496,0.141827580368746,0.135650643228094,"NV4050111851919990804-370-before","NV4050111851919990804","370",370,"before","fire",1513.36865234375,0.191501234990385,30.0997049864433,0.297610652798322,84.4222222222222,283.666667938232,30.3333333333333,13.4444444444444,10.7777777777778,8.22222222222222,17.4444444444444,"0","143"
"113","NV4050111851919990804-381",-4.14725193537534,10.1754526414994,0.0816501919043255,0.0194841732258101,"NV4050111851919990804-381-before","NV4050111851919990804","381",381,"before","fire",1436.5537109375,0.126122654014432,3.34164718151682,0.138923175256427,36.2666666666667,261.055555343628,24.5555555555556,20.4444444444444,11.3333333333333,5.22222222222222,15.4444444444444,"0","144"
"114","NV4050111851919990804-387",-11.5823169838516,-3.01585808461677,0.0734072052686349,0.0128508819911544,"NV4050111851919990804-387-before","NV4050111851919990804","387",387,"before","fire",1335.13464355469,0.216394585769351,3.28985600666351,0.230275183836471,54.5777777777778,237.011113696628,24.4444444444444,11.6666666666667,23.8888888888889,4.55555555555556,14,"0","145"
"115","NV4050111851919990804-396",-14.3982072791844,11.2789415418747,0.0300503744559504,-0.0248816553015267,"NV4050111851919990804-396-before","NV4050111851919990804","396",396,"before","fire",1332.31604003906,0.1317556310665,4.28877663958184,0.147813787148629,39.4777777777778,267.077777650621,36,12.3333333333333,12.4444444444444,4.11111111111111,16.1111111111111,"0","146"
"116","NV4050111851919990804-398",-8.87585062048553,3.43658622528323,0.131304753033368,0.1341060435357,"NV4050111851919990804-398-before","NV4050111851919990804","398",398,"before","fire",1353.40454101562,0.286973984231843,-5.39459749497527,0.264859942858858,64.6111111111111,243.944442537096,25.7777777777778,13.8888888888889,17.3333333333333,5.44444444444444,18.3333333333333,"0","147"
"117","NV4050111851919990804-400",-3.69780557335996,-6.88863015709231,0.111817451149047,0.131297378125985,"NV4050111851919990804-400-before","NV4050111851919990804","400",400,"before","fire",1343.09436035156,0.31460766895144,2.13260371313224,0.323179992994604,80.4,248.777776294284,18.1111111111111,15.4444444444444,25.6666666666667,9.77777777777778,16,"0","148"
"118","NV4050111851919990804-402",-13.8989054449321,9.03833341573656,0.0979144198257064,0.0668572527557368,"NV4050111851919990804-402-before","NV4050111851919990804","402",402,"before","fire",1341.29321289062,0.297430074218758,1.76706820639527,0.304364890391515,77.5555555555556,254.811109966702,35.7777777777778,13.6666666666667,15.3333333333333,5.22222222222222,16.4444444444444,"0","149"
"119","NV4050111851919990804-405",-5.75131073251696,6.43812832366524,0.0855640102137865,0.0199865151114941,"NV4050111851919990804-405-before","NV4050111851919990804","405",405,"before","fire",1395.90612792969,0.11789673717433,2.48150971895656,0.127348907191074,33.4333333333333,262.533335155911,20.6666666666667,15.5555555555556,12.5555555555556,3,12.1111111111111,"0","150"
"120","NV4050111851919990804-406",-7.86631250551539,6.26708261498276,0.045394581685525,-0.0228168884847409,"NV4050111851919990804-406-before","NV4050111851919990804","406",406,"before","fire",1298.92724609375,0.166229055991593,-5.33954328622563,0.14434069800855,35.2111111111111,243.944442537096,27.7777777777778,16.2222222222222,15.5555555555556,6.44444444444444,15.2222222222222,"0","151"
"121","NV4050111851919990804-407",-10.3296782091126,12.5146323007271,0.108916956607601,0.0134198825825809,"NV4050111851919990804-407-before","NV4050111851919990804","407",407,"before","fire",1500.65417480469,0.134724134380288,16.2015871000209,0.188769458057711,56.5888888888889,299.777779049344,35.5555555555556,15.6666666666667,11.2222222222222,7.33333333333333,15.3333333333333,"0","152"
"122","NV4050111851919990804-411",-5.34603764009321,9.61741048517464,0.0427999465981476,0.00412419969923827,"NV4050111851919990804-411-before","NV4050111851919990804","411",411,"before","fire",1483.32202148438,0.102115783076965,13.8212906766362,0.148220903744902,44.4333333333333,299.777779049344,24.3333333333333,16.3333333333333,10.2222222222222,5,11.5555555555556,"0","153"
"123","NV4050111851919990804-412",-5.82012083339282,1.69842798032801,-0.0287217138140621,0.0323952620127877,"NV4050111851919990804-412-before","NV4050111851919990804","412",412,"before","fire",1280.8505859375,0.390155317314108,-13.2564072920992,0.333774396836597,78.4777777777778,235.122221840753,23.1111111111111,15.5555555555556,18.3333333333333,7.33333333333333,14.5555555555556,"0","154"
"124","NV4050111851919990804-420",-1.37419397751956,1.25976320256332,0.0391684691806305,-0.00574350480270003,"NV4050111851919990804-420-before","NV4050111851919990804","420",420,"before","fire",1471.6845703125,0.119634594076554,6.74996161454225,0.146135053894247,37.2222222222222,254.711112976074,15,17.6666666666667,16.3333333333333,5.44444444444444,10.2222222222222,"0","155"
"125","NV4050111851919990804-427",-4.91963572384827,6.73003893068395,0.0629030586027417,0.00770376803676365,"NV4050111851919990804-427-before","NV4050111851919990804","427",427,"before","fire",1487.58117675781,0.0912201671839006,9.09093893734086,0.123786020507201,34.5555555555556,279.155557420519,21.3333333333333,16.8888888888889,12.7777777777778,4.11111111111111,9.66666666666667,"0","156"
"126","NV4050111851919990804-428",-4.42483391368976,-2.10615528631923,0.123979528922906,0.167022640774499,"NV4050111851919990804-428-before","NV4050111851919990804","428",428,"before","fire",1373.16955566406,0.330394387748097,-8.87255886186087,0.29472979184237,73.3222222222222,248.777776294284,18.3333333333333,16.1111111111111,21.1111111111111,6.55555555555556,14,"0","157"
"127","NV4050111851919990804-433",0.233547426075186,5.47727940484353,0.0350240511000194,0.00957997133334304,"NV4050111851919990804-433-before","NV4050111851919990804","433",433,"before","fire",1489.51501464844,0.122823877372306,-4.65262593654096,0.105304994776038,27.9666666666667,265.577779346042,15.4444444444444,19.1111111111111,12,5.44444444444444,7.11111111111111,"0","158"
"128","NV4050111851919990804-434",16.2177617140306,6.00341416803779,0.0191409826481181,0.0665801475220767,"NV4050111851919990804-434-before","NV4050111851919990804","434",434,"before","fire",1919.14953613281,0.131187193861041,93.6755872364178,0.386017407825017,141.9,367.600002288818,15.7777777777778,23.7777777777778,8.11111111111111,24.5555555555556,13.6666666666667,"0","159"
"129","NV4050111851919990804-436",10.9534219097612,5.72764747876276,0.0724432804005059,0.190238432084888,"NV4050111851919990804-436-before","NV4050111851919990804","436",436,"before","fire",1954.6279296875,0.174035732484605,81.7022421181009,0.396294278756072,145.677777777778,367.600002288818,22.5555555555556,23.8888888888889,12,23.8888888888889,16.1111111111111,"0","160"
"130","NV4050111851919990804-44",-0.389156262225367,1.57391959824204,0.106440529876602,0.0308143297373316,"NV4050111851919990804-44-before","NV4050111851919990804","44",44,"before","fire",1551.99645996094,0.126872989818156,11.8234443185116,0.162533512272123,53.8888888888889,331.5555551317,15.5555555555556,18.5555555555556,16.2222222222222,6.77777777777778,11.4444444444444,"0","161"
"131","NV4050111851919990804-440",-9.92763031904904,9.08861220074688,0.120577025201286,0.0152304554491268,"NV4050111851919990804-440-before","NV4050111851919990804","440",440,"before","fire",1471.74536132812,0.139250037897712,14.6003773509314,0.187954039232408,56.3444444444444,299.777779049344,31.7777777777778,14.3333333333333,13.2222222222222,6.55555555555556,15.6666666666667,"0","162"
"132","NV4050111851919990804-441",3.01718605519689,3.38046525335409,0.11789164797103,0.0713819213672343,"NV4050111851919990804-441-before","NV4050111851919990804","441",441,"before","fire",1633.19140625,0.0940068396708919,24.099610929602,0.168557089394664,54.4888888888889,323.26666937934,13.5555555555556,19.8888888888889,13.2222222222222,8.11111111111111,9.44444444444444,"0","163"
"133","NV4050111851919990804-444",-6.95754885244467,3.22114018624795,0.0860163822518294,0.111566247055528,"NV4050111851919990804-444-before","NV4050111851919990804","444",444,"before","fire",1287.43896484375,0.364429606359298,-14.0116882784433,0.306991576073723,74.8888888888889,243.944442537096,23.8888888888889,16.1111111111111,17.5555555555556,5.66666666666667,14.5555555555556,"0","164"
"134","NV4050111851919990804-448",-6.18268461237344,9.65446443558824,0.114342960234408,0.0231643259333304,"NV4050111851919990804-448-before","NV4050111851919990804","448",448,"before","fire",1476.38122558594,0.135414754700558,7.78734774441949,0.162867214311059,46.2,283.666667938232,26.6666666666667,17.3333333333333,11.5555555555556,5.66666666666667,13.7777777777778,"0","165"
"135","NV4050111851919990804-45",-11.1330180242382,7.10503975134609,0.15121838399851,0.0278293583015747,"NV4050111851919990804-45-before","NV4050111851919990804","45",45,"before","fire",1416.99987792969,0.155844203245367,10.5330320930513,0.195282273255183,52.1555555555556,267.077777650621,28.4444444444444,12.5555555555556,14.1111111111111,3.55555555555556,16.7777777777778,"0","166"
"136","NV4050111851919990804-450",-0.394593133634139,3.69286249172327,0.0981070385521498,0.0274612885812055,"NV4050111851919990804-450-before","NV4050111851919990804","450",450,"before","fire",1550.88659667969,0.116946898611278,-5.18071985681207,0.0974395442325752,25.8777777777778,265.577779346042,18.2222222222222,18.5555555555556,14.5555555555556,8.11111111111111,6.66666666666667,"0","167"
"137","NV4050111851919990804-455",-8.583747882599,5.16225176963473,0.0807296691608488,0.0876961086621265,"NV4050111851919990804-455-before","NV4050111851919990804","455",455,"before","fire",1390.14831542969,0.276297158713873,2.97673621681673,0.286870040759029,80.7666666666667,281.544445885552,27,16.3333333333333,16.8888888888889,5.33333333333333,17.2222222222222,"0","168"
"138","NV4050111851919990804-458",-6.94363098105399,2.66027967168678,0.0693743933849903,0.00122270060332469,"NV4050111851919990804-458-before","NV4050111851919990804","458",458,"before","fire",1388.18664550781,0.125125129627181,3.17089211579091,0.138756209627618,32.2777777777778,232.622221840752,21.4444444444444,14.3333333333333,16.6666666666667,4.33333333333333,12.2222222222222,"0","169"
"139","NV4050111851919990804-46",-4.44187105636326,8.14843131234995,0.0854669114335552,0.019741494694848,"NV4050111851919990804-46-before","NV4050111851919990804","46",46,"before","fire",1489.51391601562,0.106789702088618,9.05503168218034,0.142339904733411,36.2555555555556,254.711112976074,20.5555555555556,18.4444444444444,11.6666666666667,2.88888888888889,13.8888888888889,"0","170"
"140","NV4050111851919990804-462",-13.8555488845483,13.899415497607,0.111092541249165,0.0045255129008013,"NV4050111851919990804-462-before","NV4050111851919990804","462",462,"before","fire",1376.65942382812,0.120287630205576,6.50035247355149,0.143375823095,40.3666666666667,281.544445885552,36.7777777777778,15.3333333333333,11.1111111111111,3.33333333333333,14.2222222222222,"0","171"
"141","NV4050111851919990804-463",-9.91446565282497,14.3008993456602,0.0436383636318672,-0.0121055896453197,"NV4050111851919990804-463-before","NV4050111851919990804","463",463,"before","fire",1397.21325683594,0.105474103264131,10.6765538714046,0.145139318885449,39.0666666666667,269.166666666667,32.8888888888889,17.1111111111111,9.22222222222222,4.22222222222222,15,"0","172"
"142","NV4050111851919990804-465",-1.84612919728539,4.56666170114964,0.0371694524214746,0.00705968653317812,"NV4050111851919990804-465-before","NV4050111851919990804","465",465,"before","fire",1492.03820800781,0.116133451963857,5.14174141875464,0.136320012961051,34.7222222222222,254.711112976074,15.8888888888889,17.4444444444444,13,4.11111111111111,12,"0","173"
"143","NV4050111851919990804-470",1.12703433033287,7.69902679560423,0.105047193575929,0.0619608651211825,"NV4050111851919990804-470-before","NV4050111851919990804","470",470,"before","fire",1636.61267089844,0.0778970571652874,12.3267076518226,0.110736167853724,41.5666666666667,375.366670820448,15.7777777777778,18.8888888888889,9.22222222222222,5.88888888888889,11.1111111111111,"0","174"
"144","NV4050111851919990804-471",-17.8707220889817,6.03578772242091,0.111782620280312,-0.0091279973779313,"NV4050111851919990804-471-before","NV4050111851919990804","471",471,"before","fire",1284.40209960938,0.164226572357108,-7.14966272576113,0.134336677981567,32.1333333333333,239.199999703301,42.7777777777778,13.5555555555556,21.6666666666667,7.77777777777778,14.7777777777778,"0","175"
"145","NV4050111851919990804-473",-7.29593391266673,11.0655110735996,0.0320069370669115,-0.00539963645684483,"NV4050111851919990804-473-before","NV4050111851919990804","473",473,"before","fire",1464.03625488281,0.102916031816239,14.1925049980007,0.15025945080816,45.0444444444444,299.777779049344,28.6666666666667,16.2222222222222,10.3333333333333,5.66666666666667,13.7777777777778,"0","176"
"146","NV4050111851919990804-474",-3.40381764867304,6.35631589151544,0.105822605193745,0.0255578567304568,"NV4050111851919990804-474-before","NV4050111851919990804","474",474,"before","fire",1507.53979492188,0.150264297303186,3.22647494055977,0.162413186221922,43.1333333333333,265.577779346042,22.6666666666667,15.6666666666667,12.3333333333333,7.77777777777778,14.4444444444444,"0","177"
"147","NV4050111851919990804-476",-9.4852451260866,10.4648797909909,0.0504936448675558,-0.00879563980725281,"NV4050111851919990804-476-before","NV4050111851919990804","476",476,"before","fire",1461.81518554688,0.170832127489072,8.39318890353759,0.198568018814953,60.0888888888889,302.611111534966,31.4444444444444,16,12.3333333333333,5.66666666666667,14.7777777777778,"0","178"
"148","NV4050111851919990804-481",-11.7289415937896,9.72193713597998,0.118861907486953,0.107136373650943,"NV4050111851919990804-481-before","NV4050111851919990804","481",481,"before","fire",1410.00402832031,0.276025431948507,7.28657271173737,0.301906151025805,85,281.544445885552,33.1111111111111,14,13.3333333333333,5.22222222222222,15.5555555555556,"0","179"
"149","NV4050111851919990804-505",3.74906906349021,6.71499841062773,0.167541642099291,0.076154424974457,"NV4050111851919990804-505-before","NV4050111851919990804","505",505,"before","fire",1662.3203125,0.084355864997248,22.8750049241708,0.155117892422129,50.1444444444444,323.26666937934,14,21.2222222222222,10.1111111111111,7.44444444444444,11,"0","181"
"150","NV4050111851919990804-518",-7.47810334225733,6.0499048536125,0.0484632008803438,0.0363628858833833,"NV4050111851919990804-518-before","NV4050111851919990804","518",518,"before","fire",1285.107421875,0.308721326772405,-2.38862973658478,0.298929631123419,72.9222222222222,243.944442537096,27.1111111111111,17,15.8888888888889,6.22222222222222,14.4444444444444,"0","182"
"151","NV4050111851919990804-522",-8.45509242334019,-1.13153999456712,0.164741894675871,-0.00537139822504445,"NV4050111851919990804-522-before","NV4050111851919990804","522",522,"before","fire",1382.73205566406,0.175569807471137,2.36967240902224,0.185756591821621,43.2111111111111,232.622221840752,22.8888888888889,11.8888888888889,20.4444444444444,6.22222222222222,13.2222222222222,"0","184"
"152","NV4050111851919990804-524",-11.9075241320204,-0.895990448980277,0.0754645134974551,0.032346260805899,"NV4050111851919990804-524-before","NV4050111851919990804","524",524,"before","fire",1499.88403320312,0.266772326365447,-11.6720931187903,0.228343574133375,69.3555555555556,303.733336130778,31.1111111111111,15,25,8,13.6666666666667,"0","185"
"153","NV4050111851919990804-539",-13.08458079204,-1.02818757434031,0.109426268274607,0.0357021078851241,"NV4050111851919990804-539-before","NV4050111851919990804","539",539,"before","fire",1357.5029296875,0.205299398373004,6.7862053948111,0.233931833742669,55.4444444444444,237.011113696628,27.3333333333333,10.2222222222222,22.2222222222222,4.66666666666667,12.8888888888889,"0","186"
"154","NV4050111851919990804-545",-8.50732321297369,1.5075357256621,0.173245690106617,0.157062167433083,"NV4050111851919990804-545-before","NV4050111851919990804","545",545,"before","fire",1293.84509277344,0.316961824388669,-3.3172682997275,0.303093645860901,72.5,239.199999703301,26.5555555555556,14.8888888888889,20,7.22222222222222,16.2222222222222,"0","187"
"155","NV4050111851919990804-548",-5.7095353220772,7.15811948248923,0.0763005601618428,-0.014068422254605,"NV4050111851919990804-548-before","NV4050111851919990804","548",548,"before","fire",1373.50793457031,0.139652327446651,2.79853965893994,0.150372419785832,39.2555555555556,261.055555343628,23.4444444444444,17.5555555555556,13.4444444444444,4.55555555555556,14.3333333333333,"0","188"
"156","NV4050111851919990804-549",-4.09297929475898,3.08205635501237,0.148764074076116,0.050087084359858,"NV4050111851919990804-549-before","NV4050111851919990804","549",549,"before","fire",1528.318359375,0.136545701784545,3.65985179599529,0.14859525763053,45.1333333333333,303.733336130778,20.4444444444444,15.1111111111111,15.3333333333333,6.66666666666667,11,"0","189"
"157","NV4050111851919990804-562",-1.23434199640377,4.11226811460963,0.0415887965492813,0.0185913654763295,"NV4050111851919990804-562-before","NV4050111851919990804","562",562,"before","fire",1493.48376464844,0.0989862344978355,13.0976421246762,0.145506925337535,40.9666666666667,281.544445885552,14.7777777777778,16.7777777777778,12.6666666666667,4.33333333333333,11.6666666666667,"0","190"
"158","NV4050111851919990804-566",-8.25636235289603,10.4368665752473,0.024852900725899,-0.000207060796331246,"NV4050111851919990804-566-before","NV4050111851919990804","566",566,"before","fire",1287.67980957031,0.12541486650116,-3.59893317472519,0.110108218126755,25.8888888888889,235.122221840753,26.8888888888889,16.7777777777778,11.2222222222222,3,12.3333333333333,"0","191"
"159","NV4050111851919990804-573",-7.78470192107277,6.12854442843259,0.10641013593363,-0.00224991885560338,"NV4050111851919990804-573-before","NV4050111851919990804","573",573,"before","fire",1353.93286132812,0.144574022907971,1.10872305101559,0.148926887759689,37.9333333333333,254.711112976074,26.1111111111111,16.3333333333333,15.3333333333333,5.11111111111111,13.5555555555556,"0","192"
"160","NV4050111851919990804-575",-5.72613411399376,11.6992735421896,0.0623297270692113,-0.0126364504853359,"NV4050111851919990804-575-before","NV4050111851919990804","575",575,"before","fire",1400.04040527344,0.0737887080461267,17.0718727509176,0.137213622291022,36.9333333333333,269.166666666667,25.3333333333333,16.5555555555556,8.44444444444444,4.33333333333333,14.7777777777778,"0","193"
"161","NV4050111851919990804-576",-1.14838267946279,3.91417495223296,0.115749383316456,0.0279722374664667,"NV4050111851919990804-576-before","NV4050111851919990804","576",576,"before","fire",1598.48156738281,0.133091199334768,14.6244380746319,0.181875462534693,54.5222222222222,299.777779049344,18.8888888888889,16.2222222222222,13.5555555555556,8.33333333333333,8.88888888888889,"0","194"
"162","NV4050111851919990804-577",-3.50481885986294,-0.508655905215244,0.0999250751587975,-0.010103244494179,"NV4050111851919990804-577-before","NV4050111851919990804","577",577,"before","fire",1451.85778808594,0.168932921490292,10.7468929053235,0.215131830692872,50.0444444444444,232.622221840752,16.1111111111111,15.7777777777778,18.3333333333333,5.11111111111111,11.3333333333333,"0","195"
"163","NV4050111851919990804-578",2.60304677083549,3.3238499569735,0.0361618631321721,0.220319608156017,"NV4050111851919990804-578-before","NV4050111851919990804","578",578,"before","fire",1684.16479492188,0.19746923861683,52.0103074324823,0.338955384178979,124.6,367.600002288818,22.8888888888889,19,15.2222222222222,16.1111111111111,13.7777777777778,"0","196"
"164","NV4050111851919990804-584",-4.65410521728294,2.71683132426409,0.0368087694366557,0.092946873378794,"NV4050111851919990804-584-before","NV4050111851919990804","584",584,"before","fire",1301.84948730469,0.297914404334642,1.10773918581353,0.302367129985278,75.2222222222222,248.777776294284,24.5555555555556,17.2222222222222,18,9.11111111111111,16.2222222222222,"0","198"
"165","NV4050111851919990804-586",-5.2907052028318,5.4628640252397,0.112492771874794,0.0230952505861133,"NV4050111851919990804-586-before","NV4050111851919990804","586",586,"before","fire",1401.83996582031,0.126733462851487,3.61713021063036,0.140511256854226,36.8888888888889,262.533335155911,20.2222222222222,14.4444444444444,12.7777777777778,4,11.1111111111111,"0","199"
"166","NV4050111851919990804-589",-8.40534230392729,9.65823999275843,0.0530403706971134,-0.0147816444028729,"NV4050111851919990804-589-before","NV4050111851919990804","589",589,"before","fire",1378.75390625,0.128718012144073,5.34742520004878,0.149712091034345,38.1333333333333,254.711112976074,28.8888888888889,17.3333333333333,12.8888888888889,4.77777777777778,14.2222222222222,"0","200"
"167","NV4050111851919990804-597",-3.89735935058685,8.00658773365878,0.0733716360452239,0.00970660721170964,"NV4050111851919990804-597-before","NV4050111851919990804","597",597,"before","fire",1351.28356933594,0.12377310971976,-1.27832456116629,0.118876356768137,31.0333333333333,261.055555343628,20.8888888888889,20.1111111111111,12.5555555555556,3.44444444444444,12.7777777777778,"0","201"
"168","NV4050111851919990804-599",3.00268442749737,-0.521263828286644,0.0875056052719828,0.0563981177781056,"NV4050111851919990804-599-before","NV4050111851919990804","599",599,"before","fire",1540.45935058594,0.164916754169339,12.7834589139247,0.215026131153785,54.8555555555556,255.111112594605,14.3333333333333,14.6666666666667,15,12.2222222222222,15.1111111111111,"0","202"
"169","NV4050111851919990804-6",-14.4469694001609,1.95859348029922,0.100384160850636,0.16045137851776,"NV4050111851919990804-6-before","NV4050111851919990804","6",6,"before","fire",1311.02575683594,0.384323904059465,-16.0080555147735,0.317400594968205,75.9222222222222,239.199999703301,34.7777777777778,13,22.6666666666667,7.22222222222222,15.6666666666667,"0","203"
"170","NV4050111851919990804-600",-4.65588052951534,9.74082192650556,0.0543576409976112,0.00738260233618721,"NV4050111851919990804-600-before","NV4050111851919990804","600",600,"before","fire",1577.8974609375,0.110582810128695,12.2316628521761,0.156639610822998,41.6,265.577779346042,26.7777777777778,18.1111111111111,11.3333333333333,7.44444444444444,15.5555555555556,"0","204"
"171","NV4050111851919990804-603",-9.11905886604764,3.70477045170798,0.0513788706763646,-0.0133565019418289,"NV4050111851919990804-603-before","NV4050111851919990804","603",603,"before","fire",1420.57348632812,0.122835724646011,1.31237586219205,0.127988133768872,32.6,254.711112976074,23.6666666666667,12.8888888888889,16.1111111111111,3.44444444444444,8.55555555555556,"0","205"
"172","NV4050111851919990804-606",-6.9880309727874,6.11717218331861,0.00604743107385505,-0.0468748089010735,"NV4050111851919990804-606-before","NV4050111851919990804","606",606,"before","fire",1289.76416015625,0.156170763379523,-1.05255020569331,0.151694154586645,35.6666666666667,235.122221840753,26.3333333333333,16.3333333333333,15.1111111111111,6.33333333333333,15.2222222222222,"0","206"
"173","NV4050111851919990804-608",-6.42104625468753,6.96653172538975,0.0598965410907959,0.0193995011755141,"NV4050111851919990804-608-before","NV4050111851919990804","608",608,"before","fire",1606.25134277344,0.109437278361964,32.7637516075031,0.210939383684055,68.0888888888889,322.788887023926,28.3333333333333,14.7777777777778,13.6666666666667,8.88888888888889,13.6666666666667,"0","207"
"174","NV4050111851919990804-609",-8.42874732425664,4.85645372972167,0.0619306059747055,0.129050854623386,"NV4050111851919990804-609-before","NV4050111851919990804","609",609,"before","fire",1275.48010253906,0.337393630349719,-9.30530107122912,0.299248465104505,73,243.944442537096,29.5555555555556,16.1111111111111,17.6666666666667,8,15.2222222222222,"0","208"
"175","NV4050111851919990804-612",-9.48306179930323,6.73887238022704,0.0865744020146218,0.109055087340946,"NV4050111851919990804-612-before","NV4050111851919990804","612",612,"before","fire",1287.48278808594,0.348072630409654,-17.7992726765925,0.275108177965176,67.1111111111111,243.944442537096,29.7777777777778,16.6666666666667,16.3333333333333,5.77777777777778,13.8888888888889,"0","209"
"176","NV4050111851919990804-613",-6.16852226209743,3.30850382952878,0.0966989888560817,-0.0101161823084331,"NV4050111851919990804-613-before","NV4050111851919990804","613",613,"before","fire",1391.61071777344,0.149747850839213,1.16532222190474,0.154757356004642,36,232.622221840752,20.4444444444444,14.7777777777778,15.6666666666667,4,11.8888888888889,"0","210"
"177","NV4050111851919990804-614",-10.7300118665421,10.6272614978592,0.0902489666901781,-0.00825478672750539,"NV4050111851919990804-614-before","NV4050111851919990804","614",614,"before","fire",1336.19506835938,0.116530721806629,3.43196838120128,0.130326039187155,32.4222222222222,248.777776294284,32.7777777777778,17.6666666666667,13.7777777777778,4.66666666666667,16.1111111111111,"0","211"
"178","NV4050111851919990804-618",10.2498627575889,6.22249384003065,0.0723655832276942,0.249373561180855,"NV4050111851919990804-618-before","NV4050111851919990804","618",618,"before","fire",1866.994140625,0.200984550619951,70.0847453987555,0.391639460746124,143.966666666667,367.600002288818,22,21.4444444444444,10.3333333333333,23,16.6666666666667,"0","212"
"179","NV4050111851919990804-621",-6.04338639349461,7.12676022304504,0.105605680194254,0.0402239083196282,"NV4050111851919990804-621-before","NV4050111851919990804","621",621,"before","fire",1391.72924804688,0.132362426865211,-2.52732715203188,0.122735736408812,32.2222222222222,262.533335155911,22.1111111111111,17.4444444444444,13.2222222222222,3,11.4444444444444,"0","213"
"180","NV4050111851919990804-623",-14.5637157905261,9.01581262093526,0.102678064444884,0.000965926408248496,"NV4050111851919990804-623-before","NV4050111851919990804","623",623,"before","fire",1377.07946777344,0.155681184933657,3.42101510590365,0.168490244287067,45,267.077777650621,35,11.5555555555556,14.3333333333333,4.33333333333333,16.2222222222222,"0","214"
"181","NV4050111851919990804-627",-3.2602005136332,11.2713156744036,0.104082139670681,0.0572953061693503,"NV4050111851919990804-627-before","NV4050111851919990804","627",627,"before","fire",1669.02502441406,0.0749797689400473,38.3005091712975,0.202742771564045,60.7777777777778,299.777779049344,26.7777777777778,18.6666666666667,9.44444444444444,8.33333333333333,14.1111111111111,"0","215"
"182","NV4050111851919990804-628",-2.77126312849347,-0.598479136987281,0.0393744641704822,0.139709513606569,"NV4050111851919990804-628-before","NV4050111851919990804","628",628,"before","fire",1293.25341796875,0.334740084083236,-13.9647826436781,0.278606522429566,69.3111111111111,248.777776294284,24,15.2222222222222,19.7777777777778,13.2222222222222,13.6666666666667,"0","216"
"183","NV4050111851919990804-631",6.42280408097415,6.20470990768504,0.159989524159268,0.10771167298347,"NV4050111851919990804-631-before","NV4050111851919990804","631",631,"before","fire",1792.193359375,0.0849889404429036,48.0535399249455,0.213006539394653,79.9555555555555,375.366670820448,19.5555555555556,23.1111111111111,12,15.4444444444444,12.7777777777778,"0","217"
"184","NV4050111851919990804-632",-5.96479550087209,6.4151353535223,0.057200406960223,0.00845968795915708,"NV4050111851919990804-632-before","NV4050111851919990804","632",632,"before","fire",1374.81567382812,0.132562239615111,-1.81810043624353,0.125435539340268,32,255.111112594605,21.3333333333333,17,13.5555555555556,2.88888888888889,11.7777777777778,"0","218"
"185","NV4050111851919990804-644",-4.26209407919168,7.72325662040229,0.124173559760237,0.0310233570510484,"NV4050111851919990804-644-before","NV4050111851919990804","644",644,"before","fire",1562.68701171875,0.117559979492055,29.080599489437,0.213658894505216,64.6555555555556,302.611111534966,23.7777777777778,17.8888888888889,12.5555555555556,6.33333333333333,13.1111111111111,"0","219"
"186","NV4050111851919990804-649",-10.2079381236656,14.3735487134223,0.0344184169290816,-0.00893120594737233,"NV4050111851919990804-649-before","NV4050111851919990804","649",649,"before","fire",1272.0244140625,0.082547669665802,-0.485533465182669,0.0806803130570338,20.9777777777778,260.011110305786,31.2222222222222,15.6666666666667,8.11111111111111,2.77777777777778,10.7777777777778,"0","220"
"187","NV4050111851919990804-652",-1.41707810566567,3.76291318337982,0.0543241632622633,-0.00253584439434168,"NV4050111851919990804-652-before","NV4050111851919990804","652",652,"before","fire",1455.9306640625,0.0828022201556888,10.9315765694768,0.1257197687532,32.0222222222222,254.711112976074,14.7777777777778,16.5555555555556,13,4.33333333333333,10.7777777777778,"0","221"
"188","NV4050111851919990804-657",-9.09608044512467,2.35914875901346,0.111854196200991,0.0145205350321225,"NV4050111851919990804-657-before","NV4050111851919990804","657",657,"before","fire",1421.66613769531,0.196397929278656,4.90203306862814,0.214752257039466,57.3555555555556,267.077777650621,24.1111111111111,12,17.2222222222222,4.77777777777778,11.4444444444444,"0","222"
"189","NV4050111851919990804-66",-13.5959382735636,7.6846017541353,0.0763848090345574,0.104130117250589,"NV4050111851919990804-66-before","NV4050111851919990804","66",66,"before","fire",1396.83557128906,0.331039129167429,-0.80222818787945,0.328189745350404,92.4,281.544445885552,35.1111111111111,10,14.6666666666667,6.77777777777778,16.7777777777778,"0","223"
"190","NV4050111851919990804-663",-8.16936283675379,-2.45142747662702,0.11330110371157,0.0371694792713294,"NV4050111851919990804-663-before","NV4050111851919990804","663",663,"before","fire",1507.20434570312,0.236773060606275,-0.554623383743319,0.234907107750304,69.8222222222222,297.23333146837,24.1111111111111,15.4444444444444,23.8888888888889,7.22222222222222,14.8888888888889,"0","224"
"191","NV4050111851919990804-668",-13.061365214369,8.21241203153287,0.0716751415118402,0.103069469544515,"NV4050111851919990804-668-before","NV4050111851919990804","668",668,"before","fire",1364.72143554688,0.285564344565309,4.84614350551092,0.304582916817297,77.6111111111111,254.811109966702,34,13.3333333333333,15.3333333333333,5.22222222222222,17.5555555555556,"0","225"
"192","NV4050111851919990804-675",-10.0443042448388,-6.88169796396492,0.0924361913309763,0.00532567973959966,"NV4050111851919990804-675-before","NV4050111851919990804","675",675,"before","fire",1381.98510742188,0.215694439526886,2.59280843956305,0.225402504579587,60.2,267.077777650621,19.8888888888889,11,26.1111111111111,4.55555555555556,13.5555555555556,"0","226"
"193","NV4050111851919990804-676",-8.5462163921089,8.05657802347904,0.120483711884186,0.0271829808483841,"NV4050111851919990804-676-before","NV4050111851919990804","676",676,"before","fire",1426.01196289062,0.154868246097412,7.07548324501461,0.179999209781529,50.6777777777778,281.544445885552,27.7777777777778,14.5555555555556,13,5.22222222222222,13,"0","227"
"194","NV4050111851919990804-68",-12.0847910598785,11.4316020563143,0.128220785643145,0.00936971845282628,"NV4050111851919990804-68-before","NV4050111851919990804","68",68,"before","fire",1402.05969238281,0.141598231964595,5.15602646537653,0.159911597902818,45.0222222222222,281.544445885552,33.7777777777778,15.7777777777778,12.6666666666667,4,15.4444444444444,"0","229"
"195","NV4050111851919990804-690",-8.19337083079804,4.76531717975673,0.156026925264329,-0.0439275890496711,"NV4050111851919990804-690-before","NV4050111851919990804","690",690,"before","fire",1274.20861816406,0.0707390175396305,21.9792270255086,0.162625418261918,38.9,239.199999703301,26.8888888888889,17.5555555555556,17.7777777777778,5.55555555555556,13.7777777777778,"0","231"
"196","NV4050111851919990804-693",-6.24350543470558,10.4097177558442,0.124745997317001,-0.00850340891435641,"NV4050111851919990804-693-before","NV4050111851919990804","693",693,"before","fire",1418.9423828125,0.105485016203861,16.5847275829052,0.167100103199174,44.9777777777778,269.166666666667,27,17.2222222222222,10.7777777777778,5.55555555555556,15.6666666666667,"0","233"
"197","NV4050111851919990804-697",-5.03398975432493,9.22894345725082,0.0946528717279402,-0.0143515623033605,"NV4050111851919990804-697-before","NV4050111851919990804","697",697,"before","fire",1437.73095703125,0.0807552312504544,24.9479881881577,0.168703485338559,47.8555555555556,283.666667938232,25.3333333333333,16.7777777777778,11,6.33333333333333,15.6666666666667,"0","234"
"198","NV4050111851919990804-7",-7.03709498576402,9.17904249995642,0.137108288158368,0.0227203050166516,"NV4050111851919990804-7-before","NV4050111851919990804","7",7,"before","fire",1439.53088378906,0.12473600556161,7.43849369602996,0.151057639289732,42.6888888888889,282.600000169542,27.1111111111111,18.3333333333333,13,4.88888888888889,11.7777777777778,"0","235"
"199","NV4050111851919990804-70",1.88795596484677,10.8034774713757,0.0757188101522056,0.174033474950746,"NV4050111851919990804-70-before","NV4050111851919990804","70",70,"before","fire",1801.24621582031,0.181356387767021,45.2111692195292,0.304346510014102,111.877777777778,367.600002288818,27,20.5555555555556,9.11111111111111,14.7777777777778,17.4444444444444,"0","236"
"200","NV4050111851919990804-702",0.281476513106493,4.25283736676718,0.122400223312397,0.0470542674526517,"NV4050111851919990804-702-before","NV4050111851919990804","702",702,"before","fire",1645.80151367188,0.105049403304144,26.6751898536915,0.194032615930123,58.1666666666667,299.777779049344,17.6666666666667,17.4444444444444,13,8.55555555555556,9.77777777777778,"0","237"
"201","NV4050111851919990804-704",4.50321429292566,4.99679436892273,0.103459241092426,0.0527481658106283,"NV4050111851919990804-704-before","NV4050111851919990804","704",704,"before","fire",1828.59582519531,0.0739643418772312,25.1759993417357,0.136308605731937,55.0444444444444,403.822224934896,15.2222222222222,20.7777777777778,11.7777777777778,10.4444444444444,11.3333333333333,"0","238"
"202","NV4050111851919990804-705",-8.41828197194016,10.5807828796137,0.0682431242356284,0.00113576600079843,"NV4050111851919990804-705-before","NV4050111851919990804","705",705,"before","fire",1424.91577148438,0.100894432670707,9.47134728960142,0.136557609435434,36.2666666666667,265.577779346042,27.1111111111111,15.7777777777778,10.6666666666667,3.22222222222222,12.5555555555556,"0","239"
"203","NV4050111851919990804-708",7.04705893855651,6.57230691432485,-0.0311493486461002,0.252066841117222,"NV4050111851919990804-708-before","NV4050111851919990804","708",708,"before","fire",1904.89624023438,0.162991818458398,71.4397627171897,0.357332847490984,131.355555555556,367.600002288818,20.6666666666667,20.3333333333333,10.2222222222222,17.8888888888889,16.4444444444444,"0","240"
"204","NV4050111851919990804-709",-3.48038640043869,4.80595799941828,0.0849955910490499,0.0226265677705951,"NV4050111851919990804-709-before","NV4050111851919990804","709",709,"before","fire",1519.28662109375,0.12959854578342,16.5694571787493,0.191309745801692,51.3666666666667,268.499999576145,20.2222222222222,19.1111111111111,15.2222222222222,5.22222222222222,13,"0","241"
"205","NV4050111851919990804-711",-6.94899824666532,-1.14189934840225,0.076441847847388,0.142173135930427,"NV4050111851919990804-711-before","NV4050111851919990804","711",711,"before","fire",1494.46618652344,0.358589932519721,-7.86885362059676,0.332586744531405,100.644444444444,302.611111534966,22.3333333333333,11.8888888888889,19.7777777777778,7.66666666666667,12.8888888888889,"0","242"
"206","NV4050111851919990804-714",-9.9254500804956,12.7414198631313,0.0611539601469785,0.049453715335633,"NV4050111851919990804-714-before","NV4050111851919990804","714",714,"before","fire",1600.63061523438,0.101661846579788,25.1684818627005,0.185618976232676,55.6444444444444,299.777779049344,34.5555555555556,17.7777777777778,11.6666666666667,6.22222222222222,14.2222222222222,"0","244"
"207","NV4050111851919990804-726",-15.18192060041,13.3217301489678,0.0636590143096987,-0.0106538340596793,"NV4050111851919990804-726-before","NV4050111851919990804","726",726,"before","fire",1347.67553710938,0.141835588195534,5.67442186852353,0.163081915458099,43.5555555555556,267.077777650621,39,12.3333333333333,11.2222222222222,4.77777777777778,18,"0","245"
"208","NV4050111851919990804-729",-12.6371218977379,0.918237399417525,-0.00268332949576933,0.144494466600789,"NV4050111851919990804-729-before","NV4050111851919990804","729",729,"before","fire",1295.396484375,0.602615311227532,-54.2426155507313,0.356306762904948,78.4666666666667,220.222220950656,32.5555555555556,12.8888888888889,22.5555555555556,8.11111111111111,14.3333333333333,"0","246"
"209","NV4050111851919990804-74",-15.0056391639212,13.2283817677906,-0.000133187109067651,-0.0236380687341954,"NV4050111851919990804-74-before","NV4050111851919990804","74",74,"before","fire",1291.50024414062,0.170263991533828,-15.2245638634414,0.109066548216255,27.1333333333333,248.777776294284,40.1111111111111,15,12.8888888888889,5.22222222222222,13.8888888888889,"0","248"
"210","NV4050111851919990804-745",-4.85386652639416,0.142395721096558,0.132960382131952,0.0112543412264912,"NV4050111851919990804-745-before","NV4050111851919990804","745",745,"before","fire",1502.45080566406,0.1816292197644,20.4925354754218,0.249348264750803,75.4555555555556,302.611111534966,22.8888888888889,14.1111111111111,18.8888888888889,9.55555555555556,15.8888888888889,"0","249"
"211","NV4050111851919990804-759",-3.55974109715916,2.31186898405093,0.00942210415105338,0.056908555566562,"NV4050111851919990804-759-before","NV4050111851919990804","759",759,"before","fire",1306.69909667969,0.319007777320225,-0.417601017863376,0.317329166697991,78.9444444444444,248.777776294284,23.6666666666667,17.3333333333333,17.8888888888889,9.88888888888889,16.5555555555556,"0","252"
"212","NV4050111851919990804-760",0.167446817442294,1.4866400907891,0.139123641500513,0.0127746732496309,"NV4050111851919990804-760-before","NV4050111851919990804","760",760,"before","fire",1655.78393554688,0.131172392285221,22.3107649014805,0.205596737452606,61.6333333333333,299.777779049344,15.8888888888889,15.7777777777778,14.7777777777778,8.66666666666667,10.3333333333333,"0","253"
"213","NV4050111851919990804-762",-8.89174978312937,8.25032436589709,0.0546239683663023,-0.0203009690624953,"NV4050111851919990804-762-before","NV4050111851919990804","762",762,"before","fire",1269.77429199219,0.12891454033021,-2.08131900911228,0.120382601715556,29.3666666666667,243.944442537096,31,17.7777777777778,15.3333333333333,6.55555555555556,15.5555555555556,"0","254"
"214","NV4050111851919990804-77",-7.90591888173493,3.75364338388185,0.0707400233200617,-0.0137647726913099,"NV4050111851919990804-77-before","NV4050111851919990804","77",77,"before","fire",1351.41821289062,0.159777331438709,-1.93039525243395,0.152198568070754,38.7666666666667,254.711112976074,24.4444444444444,15.4444444444444,17.1111111111111,4.88888888888889,15.5555555555556,"0","255"
"215","NV4050111851919990804-773",-9.32077510084526,9.92549345341983,0.0153379510629769,-0.0192982670918641,"NV4050111851919990804-773-before","NV4050111851919990804","773",773,"before","fire",1334.51647949219,0.172679933140249,-10.2679447315172,0.133347520857348,34.8111111111111,261.055555343628,30.1111111111111,17.3333333333333,13.2222222222222,4.55555555555556,11.4444444444444,"0","256"
"216","NV4050111851919990804-784",-10.2349742026405,10.8344117054452,0.0567894027525757,-0.0163914123554817,"NV4050111851919990804-784-before","NV4050111851919990804","784",784,"before","fire",1437.271484375,0.138580814864127,9.2685930754937,0.174969463035768,44.5666666666667,254.711112976074,31.3333333333333,15.2222222222222,11.7777777777778,4.66666666666667,14.8888888888889,"0","257"
"217","NV4050111851919990804-785",4.28961378852814,8.89230370669344,0.0135016340404958,0.117828739548586,"NV4050111851919990804-785-before","NV4050111851919990804","785",785,"before","fire",1915.00646972656,0.149399388958252,67.8877825512124,0.337101774559621,121.922222222222,361.677782270643,25.5555555555556,22.5555555555556,11,16.8888888888889,15.5555555555556,"0","258"
"218","NV4050111851919990804-787",1.98575498391265,4.30123867804619,0.0987185163354196,0.0462060948467693,"NV4050111851919990804-787-before","NV4050111851919990804","787",787,"before","fire",1815.42626953125,0.149912586592394,15.8903410937492,0.202423352020494,61.2555555555556,302.611111534966,14.2222222222222,17.1111111111111,11.3333333333333,7.77777777777778,11.3333333333333,"0","259"
"219","NV4050111851919990804-788",-13.8635784724206,8.33248153551498,0.0656074723263446,-0.00829771134786805,"NV4050111851919990804-788-before","NV4050111851919990804","788",788,"before","fire",1377.79760742188,0.157609854808111,-3.90211968743472,0.142916909874829,37.9555555555556,265.577779346042,35.7777777777778,15.6666666666667,17.1111111111111,5,15.3333333333333,"0","260"
"220","NV4050111851919990804-791",-5.80215101892658,5.49630913388834,-0.0263252637572246,-0.00208814502364718,"NV4050111851919990804-791-before","NV4050111851919990804","791",791,"before","fire",1289.25769042969,0.323306279802541,-2.23543686183974,0.314142566792354,76.6333333333333,243.944442537096,26,16.2222222222222,15.2222222222222,7.88888888888889,15.7777777777778,"0","261"
"221","NV4050111851919990804-795",-10.3492706285287,6.11737116939033,0.111030846288361,0.0243293138175348,"NV4050111851919990804-795-before","NV4050111851919990804","795",795,"before","fire",1496.91662597656,0.137986924353074,18.2568085018078,0.198888064389884,59.6222222222222,299.777779049344,32.4444444444444,14.7777777777778,17,7.88888888888889,13.4444444444444,"0","262"
"222","NV4050111851919990804-800",-14.6085195045185,13.9567060438302,0.0253348067963094,-0.0264448834307875,"NV4050111851919990804-800-before","NV4050111851919990804","800",800,"before","fire",1331.91687011719,0.129171655826501,7.14556567085175,0.15592628039208,41.6444444444444,267.077777650621,38.7777777777778,13.1111111111111,10.6666666666667,4.77777777777778,16.7777777777778,"0","263"
"223","NV4050111851919990804-801",-7.77648412874992,-1.12873923454642,0.102869793901935,0.131915690721868,"NV4050111851919990804-801-before","NV4050111851919990804","801",801,"before","fire",1295.3662109375,0.295487504346337,0.667053523748403,0.298168827146486,74.1777777777778,248.777776294284,26.3333333333333,14.8888888888889,22.5555555555556,9.22222222222222,16.6666666666667,"0","264"
"224","NV4050111851919990804-802",5.75383430545437,4.17370336492038,0.095547472688728,0.258407832195271,"NV4050111851919990804-802-before","NV4050111851919990804","802",802,"before","fire",1700.36486816406,0.220676095891865,47.3829455554874,0.3805435774102,112.788888888889,296.388891008165,21.2222222222222,21,13.7777777777778,17.6666666666667,15.2222222222222,"0","265"
"225","NV4050111851919990804-807",1.30959591530848,10.4501012466028,0.116901390443292,0.0698475646137504,"NV4050111851919990804-807-before","NV4050111851919990804","807",807,"before","fire",1620.44384765625,0.0925527419434677,13.0030055922318,0.13277651638083,42.9222222222222,323.26666937934,18.8888888888889,22.5555555555556,8.77777777777778,6.44444444444444,10.3333333333333,"0","266"
"226","NV4050111851919990804-812",-8.72667330216624,13.2202970486523,0.058144135651823,-0.00101256111360534,"NV4050111851919990804-812-before","NV4050111851919990804","812",812,"before","fire",1443.78967285156,0.0920269602138885,14.7960765424284,0.146996904024768,39.5666666666667,269.166666666667,28.8888888888889,16.2222222222222,8.55555555555556,3,13.3333333333333,"0","267"
"227","NV4050111851919990804-817",5.28114924575904,3.23265862341147,0.137405605249289,0.0641686994721785,"NV4050111851919990804-817-before","NV4050111851919990804","817",817,"before","fire",1712.45129394531,0.18087927073276,29.8305894965921,0.279456581213129,84.5666666666667,302.611111534966,17,19.5555555555556,13.2222222222222,14.2222222222222,15.5555555555556,"0","268"
"228","NV4050111851919990804-819",-4.40490018876365,6.75022265282377,0.0432510215675002,0.0848278507849629,"NV4050111851919990804-819-before","NV4050111851919990804","819",819,"before","fire",1271.98303222656,0.352213778487316,-2.39106393864222,0.342044327382598,80.4222222222222,235.122221840753,24,18,13.7777777777778,6.77777777777778,15.4444444444444,"0","269"
"229","NV4050111851919990804-82",-11.5257253303314,14.5348419562995,0.0775607085572578,0.0465575595836012,"NV4050111851919990804-82-before","NV4050111851919990804","82",82,"before","fire",1595.78527832031,0.0980427584452393,27.6534040658593,0.19028910223214,57.0444444444444,299.777779049344,38,17.1111111111111,10.7777777777778,6.55555555555556,15.1111111111111,"0","270"
"230","NV4050111851919990804-821",-0.79742559806529,5.69574870470585,0.0975390099356456,0.0662490949111351,"NV4050111851919990804-821-before","NV4050111851919990804","821",821,"before","fire",1622.05053710938,0.113746517103596,34.7346550614191,0.229614528306994,68.8333333333333,299.777779049344,23.4444444444444,19,14,11.1111111111111,15,"0","271"
"231","NV4050111851919990804-825",-3.16816470172628,4.14375498682108,0.123010890722468,0.0598095300937394,"NV4050111851919990804-825-before","NV4050111851919990804","825",825,"before","fire",1487.39758300781,0.17588825596325,9.99074954816182,0.211373770574406,59.5111111111111,281.544445885552,20.7777777777778,17.2222222222222,15,7,13.3333333333333,"0","272"
"232","NV4050111851919990804-829",-5.49398162583036,5.14108933010576,0.0496630039594358,0.10075563606468,"NV4050111851919990804-829-before","NV4050111851919990804","829",829,"before","fire",1272.27026367188,0.378810031898903,-6.82221191119195,0.34979443372285,82.2444444444444,235.122221840753,25,18.1111111111111,16.2222222222222,7,16.1111111111111,"0","273"
"233","NV4050111851919990804-831",1.06371010746059,-7.3450564579216,0.174430711600266,0.222760962243849,"NV4050111851919990804-831-before","NV4050111851919990804","831",831,"before","fire",1617.52001953125,0.200433950982601,25.155960651985,0.299041810107736,76.2888888888889,255.111112594605,13.4444444444444,11.3333333333333,21.2222222222222,13.2222222222222,15.1111111111111,"0","275"
"234","NV4050111851919990804-832",3.83943797007301,7.0417028309206,0.14151941307751,0.0769702761866778,"NV4050111851919990804-832-before","NV4050111851919990804","832",832,"before","fire",1820.12341308594,0.0994692849442986,13.6292123282348,0.135778348555208,50.9666666666667,375.366670820448,16.4444444444444,23.4444444444444,11.4444444444444,8.88888888888889,11.3333333333333,"0","276"
"235","NV4050111851919990804-833",2.0986295032305,9.17828747128964,0.0395181859894618,0.0200815111481076,"NV4050111851919990804-833-before","NV4050111851919990804","833",833,"before","fire",1776.11535644531,0.0692502051687883,48.2759615949878,0.202728024270386,73.3222222222222,361.677782270643,19.7777777777778,19.1111111111111,8.33333333333333,9.88888888888889,14.1111111111111,"0","277"
"236","NV4050111851919990804-836",-6.21762625600773,5.40806386438599,-0.0231265090573305,0.0381301435448231,"NV4050111851919990804-836-before","NV4050111851919990804","836",836,"before","fire",1318.23095703125,0.317324737236404,-1.55049661463135,0.311385401401967,81.2888888888889,261.055555343628,24.7777777777778,15.4444444444444,14.7777777777778,6.55555555555556,14.8888888888889,"0","278"
"237","NV4050111851919990804-839",4.4430262334972,2.02919726867327,0.0447284698396194,0.047305258367794,"NV4050111851919990804-839-before","NV4050111851919990804","839",839,"before","fire",1852.61389160156,0.104005707771616,22.9597237274441,0.165171830158722,62,375.366670820448,15.1111111111111,20.1111111111111,14.6666666666667,11.8888888888889,10.6666666666667,"0","279"
"238","NV4050111851919990804-841",-0.315148929516706,-2.5453349870245,0.0897116517872328,0.016141764555462,"NV4050111851919990804-841-before","NV4050111851919990804","841",841,"before","fire",1585.61401367188,0.135067909397006,14.7946025141221,0.187615927055774,52.8222222222222,281.544445885552,11.1111111111111,12.7777777777778,16.6666666666667,6.66666666666667,9.88888888888889,"0","281"
"239","NV4050111851919990804-851",6.21630596477105,1.0075834206353,0.0493986638646226,0.0293813931156706,"NV4050111851919990804-851-before","NV4050111851919990804","851",851,"before","fire",1724.43518066406,0.110551337047163,37.6227007020105,0.237488283212847,70.3888888888889,296.388891008165,13.6666666666667,18.7777777777778,14.1111111111111,13.7777777777778,12.4444444444444,"0","282"
"240","NV4050111851919990804-853",-4.8080348464412,6.22771775712835,0.0529346645970524,-0.0264401618504257,"NV4050111851919990804-853-before","NV4050111851919990804","853",853,"before","fire",1488.40405273438,0.137695165198,12.6468225126896,0.192061521140328,44.6777777777778,232.622221840752,20,15,12,3.88888888888889,9.88888888888889,"0","283"
"241","NV4050111851919990804-859",0.531529486945889,4.77138039539257,0.0126902094248018,0.043750126390551,"NV4050111851919990804-859-before","NV4050111851919990804","859",859,"before","fire",1730.56994628906,0.149304431098009,-7.39946279555609,0.129591805095858,48.6444444444444,375.366670820448,17.7777777777778,19.1111111111111,13.2222222222222,8.22222222222222,11.4444444444444,"0","284"
"242","NV4050111851919990804-862",-14.3359102253969,11.1453767508637,0.0552267693434243,-0.00698445606842696,"NV4050111851919990804-862-before","NV4050111851919990804","862",862,"before","fire",1346.35424804688,0.132733833405961,2.46085386599932,0.141947830495672,37.9111111111111,267.077777650621,35.2222222222222,13.1111111111111,12.7777777777778,3.33333333333333,12.8888888888889,"0","286"
"243","NV4050111851919990804-88",-4.26044813561073,2.67039828632625,0.0754917692643442,0.00128383797252041,"NV4050111851919990804-88-before","NV4050111851919990804","88",88,"before","fire",1378.36584472656,0.154618464330128,-2.08623129430282,0.146626942021566,38.2777777777778,261.055555343628,18.7777777777778,15.3333333333333,15.5555555555556,5.11111111111111,14.4444444444444,"0","289"
"244","NV4050111851919990804-891",-10.7443987465485,7.57728946982177,0.089239467009852,-0.00980579615576385,"NV4050111851919990804-891-before","NV4050111851919990804","891",891,"before","fire",1321.802734375,0.13624609041685,-1.67895367617534,0.129227053300387,30.9111111111111,239.199999703301,30.7777777777778,16.2222222222222,15.8888888888889,4.77777777777778,14.3333333333333,"0","290"
"245","NV4050111851919990804-894",3.05236116868937,9.89849721068008,0.0567219481418966,0.203406325337985,"NV4050111851919990804-894-before","NV4050111851919990804","894",894,"before","fire",1752.84887695312,0.131707696023206,58.0086970387954,0.292095477309111,105.644444444444,361.677782270643,24.6666666666667,20.1111111111111,8.88888888888889,14.7777777777778,16.5555555555556,"0","291"
"246","NV4050111851919990804-895",-2.88430306764497,4.98100303583093,-0.0314766946039633,0.0238924057667446,"NV4050111851919990804-895-before","NV4050111851919990804","895",895,"before","fire",1291.38305664062,0.320831711767954,-0.787335297677913,0.317604192872711,77.4777777777778,243.944442537096,22.4444444444444,17.5555555555556,14.5555555555556,8.33333333333333,14.4444444444444,"0","292"
"247","NV4050111851919990804-896",-14.8703675826948,10.4744590592071,0.145219851224456,0.0119572352426791,"NV4050111851919990804-896-before","NV4050111851919990804","896",896,"before","fire",1382.65881347656,0.149641102147949,3.03604548071912,0.16042464103528,45.1666666666667,281.544445885552,37.1111111111111,14.1111111111111,14.6666666666667,4.33333333333333,16.1111111111111,"0","293"
"248","NV4050111851919990804-902",-2.19525606331208,8.80812779333857,0.117096164096981,0.0546029532631996,"NV4050111851919990804-902-before","NV4050111851919990804","902",902,"before","fire",1610.22985839844,0.0870751632862698,23.4968009396831,0.165455892552449,49.6,299.777779049344,22.3333333333333,17.7777777777778,10.2222222222222,7.22222222222222,12,"0","294"
"249","NV4050111851919990804-908",-5.76492041867779,7.40812115303305,0.0344558658102787,0.00536375174737576,"NV4050111851919990804-908-before","NV4050111851919990804","908",908,"before","fire",1439.09484863281,0.113304464975876,-1.55781486495132,0.107438707423466,28.5333333333333,265.577779346042,22.2222222222222,16.6666666666667,12.4444444444444,3.55555555555556,14,"0","295"
"250","NV4050111851919990804-91",-7.55920342893279,4.48216974383661,-0.0253341121600527,0.0787910049219167,"NV4050111851919990804-91-before","NV4050111851919990804","91",91,"before","fire",1281.64318847656,0.372202959111739,-15.0465200553882,0.30820849726296,72.4666666666667,235.122221840753,24.7777777777778,16,16.5555555555556,5.11111111111111,14.6666666666667,"0","296"
"251","NV4050111851919990804-911",2.90805209955472,8.42721861196615,0.0609957433352428,0.171687857566258,"NV4050111851919990804-911-before","NV4050111851919990804","911",911,"before","fire",1776.11560058594,0.159120497429623,49.8184158917838,0.294643934811547,108.311111111111,367.600002288818,23.7777777777778,20.3333333333333,10.4444444444444,14.4444444444444,15.8888888888889,"0","298"
"252","NV4050111851919990804-912",-3.46927819941372,-1.93055576293743,0.139868119517392,-0.0104715229018513,"NV4050111851919990804-912-before","NV4050111851919990804","912",912,"before","fire",1353.26098632812,0.166883504496915,7.26807728424528,0.198127627378782,46.0888888888889,232.622221840752,17.2222222222222,13.3333333333333,18.8888888888889,7.55555555555556,12.5555555555556,"0","299"
"253","NV4050111851919990804-914",-8.05137192288256,9.83947203709468,0.0774317855697449,0.133989033182064,"NV4050111851919990804-914-before","NV4050111851919990804","914",914,"before","fire",1272.38305664062,0.371146284739481,-10.1425168736652,0.328009073827385,77.1222222222222,235.122221840753,30.6666666666667,18.2222222222222,13.4444444444444,6.44444444444444,16.1111111111111,"0","300"
"254","NV4050111851919990804-920",-7.13254084624162,0.48188307503202,0.119475384440864,-0.00403829448258469,"NV4050111851919990804-920-before","NV4050111851919990804","920",920,"before","fire",1439.87170410156,0.142802263916029,5.76990897285285,0.167606037722311,38.9888888888889,232.622221840752,23.6666666666667,11.3333333333333,18.1111111111111,8,13.8888888888889,"0","301"
"255","NV4050111851919990804-921",-7.67630121760976,5.79571999189014,0.0239233166472905,0.0938419402046239,"NV4050111851919990804-921-before","NV4050111851919990804","921",921,"before","fire",1305.73315429688,0.294641197271123,3.78870702709322,0.309870479739713,77.0888888888889,248.777776294284,28.4444444444444,16.7777777777778,16.4444444444444,7.33333333333333,15.8888888888889,"0","302"
"256","NV4050111851919990804-925",-11.493678326397,-6.09484583968957,0.130786367103262,-0.0311676848786689,"NV4050111851919990804-925-before","NV4050111851919990804","925",925,"before","fire",1365.44299316406,0.207687288494171,-1.43359373666653,0.202058976011389,51.4666666666667,254.711112976074,28.6666666666667,11.2222222222222,28,10,14.3333333333333,"0","303"
"257","NV4050111851919990804-928",-14.2702926750817,14.5908619280395,0.0646347273829382,-0.00751830872485099,"NV4050111851919990804-928-before","NV4050111851919990804","928",928,"before","fire",1376.04711914062,0.124258492994642,8.38237810991653,0.154031334307675,43.3666666666667,281.544445885552,37.6666666666667,15.4444444444444,10.7777777777778,3.22222222222222,15.7777777777778,"0","305"
"258","NV4050111851919990804-934",-6.37661137118818,3.84139797840785,0.11420185710504,0.0333909673327266,"NV4050111851919990804-934-before","NV4050111851919990804","934",934,"before","fire",1424.9853515625,0.18422217924016,-0.0858772701215855,0.183902338382591,49.3777777777778,268.499999576145,22.6666666666667,17.3333333333333,17,4.66666666666667,13.4444444444444,"0","306"
"259","NV4050111851919990804-936",-8.79793255723389,7.50895054499986,0.0962160651645548,0.0847100054984923,"NV4050111851919990804-936-before","NV4050111851919990804","936",936,"before","fire",1370.00964355469,0.286364379547096,5.50425461330082,0.307974173281607,78.4444444444444,254.711112976074,28.5555555555556,15.8888888888889,14.5555555555556,5.44444444444444,16,"0","307"
"260","NV4050111851919990804-943",-4.33376109895181,11.8695905690238,0.0423043908895432,-0.00371114912892823,"NV4050111851919990804-943-before","NV4050111851919990804","943",943,"before","fire",1388.39416503906,0.0771270757452628,11.1955176674557,0.118720330237358,31.9555555555556,269.166666666667,23.2222222222222,19.3333333333333,8.66666666666667,3.33333333333333,14,"0","308"
"261","NV4050111851919990804-951",-6.94155366005168,10.8030515305488,0.127976861560755,0.0672451002977302,"NV4050111851919990804-951-before","NV4050111851919990804","951",951,"before","fire",1537.44799804688,0.111182539435557,11.6190452666353,0.149436638951432,45.3888888888889,303.733336130778,27.2222222222222,18.3333333333333,11.2222222222222,4.33333333333333,10.6666666666667,"0","309"
"262","NV4050111851919990804-956",-7.7561543049483,7.70734969650815,0.00442747558333684,0.0743859540956661,"NV4050111851919990804-956-before","NV4050111851919990804","956",956,"before","fire",1278.96643066406,0.350383440873769,-12.5740931581812,0.298838535700252,72.9,243.944442537096,31.8888888888889,17.2222222222222,15.4444444444444,9.22222222222222,16,"0","310"
"263","NV4053011891319990910-199",-9.62213307741798,9.63628279515965,0.0233799812837228,0.0434300308101658,"NV4053011891319990910-199-before","NV4053011891319990910","199",199,"before","fire",1522.01330566406,0.180241422565946,9.96342715165874,0.211930592434872,66.6333333333333,314.411112467448,30.3333333333333,14.2222222222222,12.1111111111111,5.44444444444444,15.6666666666667,"0","325"
"264","NV4053011891319990910-740",-7.7053675806935,7.49143440789605,0.0477675194410676,0.0531685985734237,"NV4053011891319990910-740-before","NV4053011891319990910","740",740,"before","fire",1525.00061035156,0.196704888467939,8.25379718900991,0.222956496193364,70.1,314.411112467448,28.5555555555556,14.6666666666667,13.5555555555556,7.22222222222222,15.4444444444444,"0","326"
"265","NV4053011891319990910-888",-10.131553434974,9.75652238766909,0.0201425409189078,0.0672302793891657,"NV4053011891319990910-888-before","NV4053011891319990910","888",888,"before","fire",1547.63757324219,0.163376286857641,24.9437910093993,0.24271124042733,76.3111111111111,314.411112467448,34.3333333333333,12.8888888888889,12.4444444444444,8.66666666666667,17.3333333333333,"0","327"
"266","NV4053011891319990910-915",-12.4258168752162,11.5772054181604,0.016197960391648,0.0291387290805158,"NV4053011891319990910-915-before","NV4053011891319990910","915",915,"before","fire",1470.71545410156,0.166238099399908,15.8217831220897,0.216560058436034,68.0888888888889,314.411112467448,35.6666666666667,13,11.6666666666667,6,16.3333333333333,"0","328"
"267","NV4053511811619990804-159",20.0936431189067,2.77023507670341,-0.117259773866572,0.137561997432819,"NV4053511811619990804-159-before","NV4053511811619990804","159",159,"before","fire",2001.49584960938,0.190072500997809,129.372939062229,0.498674793080604,209.055555555556,419.222223493788,11.6666666666667,21.5555555555556,8.11111111111111,28.1111111111111,12.3333333333333,"0","329"
"268","NV4053511811619990804-246",9.83043305701417,-5.8827501530422,0.0936429658074037,0.28720645065944,"NV4053511811619990804-246-before","NV4053511811619990804","246",246,"before","fire",1774.36389160156,0.234722245566742,78.6861969870198,0.487949656744423,151.622222222222,310.733331044515,14.1111111111111,15.7777777777778,18.8888888888889,23,13.8888888888889,"0","331"
"269","NV4053511811619990804-331",-10.6212012059752,7.82729642341508,0.115153691596949,0.0305007568961843,"NV4053511811619990804-331-before","NV4053511811619990804","331",331,"before","fire",1498.47802734375,0.129452393204917,31.5394185839333,0.242849151529697,67.5444444444444,278.133335113525,32.3333333333333,16.1111111111111,15.8888888888889,6.22222222222222,15.7777777777778,"0","332"
"270","NV4053511811619990804-40",3.69012584513305,-3.93916858325455,0.136259138689226,0.0675002148888076,"NV4053511811619990804-40-before","NV4053511811619990804","40",40,"before","fire",1574.78601074219,0.110617741252148,46.7890742583706,0.278843079071769,77.5555555555556,278.133335113525,12.2222222222222,17.5555555555556,19.4444444444444,12,12.2222222222222,"0","333"
"271","NV4053511811619990804-611",-0.355767097874954,-4.20933848109099,0.0879195473565047,0.327478476587126,"NV4053511811619990804-611-before","NV4053511811619990804","611",611,"before","fire",1601.69677734375,0.218151838251095,57.7231620306385,0.394244465037673,129.233333333333,327.799994150797,17.4444444444444,16.4444444444444,21.8888888888889,11.8888888888889,14.3333333333333,"0","336"
"272","NV4053511811619990804-747",-3.03285404238203,5.09895287102036,0.21696838597561,0.235611477198223,"NV4053511811619990804-747-before","NV4053511811619990804","747",747,"before","fire",1469.77416992188,0.210733777742562,22.3957690562371,0.282807697141407,87.8777777777778,310.733331044515,21.5555555555556,18.5555555555556,14.7777777777778,7,17.4444444444444,"0","338"
"273","NV4053511811619990804-767",8.67100448502521,-13.7849484753704,0.0554690580720666,0.326615978920645,"NV4053511811619990804-767-before","NV4053511811619990804","767",767,"before","fire",1755.52258300781,0.306419630438936,78.0074297585025,0.557462637303646,173.222222222222,310.733331044515,9.44444444444444,13.7777777777778,25.7777777777778,21.7777777777778,12.1111111111111,"0","339"
"274","NV4053511811619990804-778",-10.1644140435675,6.16954411759968,0.0130715418054641,-0.00942456692761223,"NV4053511811619990804-778-before","NV4053511811619990804","778",778,"before","fire",1382.82006835938,0.178846923610449,3.03292106865561,0.19060749645536,49.1555555555556,257.888889312744,30.6666666666667,14.3333333333333,16.2222222222222,6.66666666666667,13.4444444444444,"0","340"
"275","NV4053511811619990804-890",3.73991225858963,-0.50166822659229,0.177738747650291,0.104302323037699,"NV4053511811619990804-890-before","NV4053511811619990804","890",890,"before","fire",1691.54370117188,0.0782019604826977,71.5889332138887,0.308589003202724,95.8888888888889,310.733331044515,17.6666666666667,18.6666666666667,17.5555555555556,14.8888888888889,12.1111111111111,"0","342"
"276","NV4053511811619990804-919",7.7404443154853,-11.6276797693159,-0.034861341511753,0.214371236397883,"NV4053511811619990804-919-before","NV4053511811619990804","919",919,"before","fire",1619.35888671875,0.316623066130223,64.3702155313838,0.523778878205504,162.755555555556,310.733331044515,10.6666666666667,13.6666666666667,24,20.6666666666667,13.6666666666667,"0","343"
"277","NV4054411774819960929-664",1.6082786793346,3.22307790603376,0.0203039938881687,-0.0410842252125,"NV4054411774819960929-664-before","NV4054411774819960929","664",664,"before","fire",1589.85278320312,0.157814053273302,23.8470628398257,0.233489652349478,73.5777777777778,315.122220781114,18.1111111111111,20.1111111111111,15.1111111111111,10.3333333333333,17.5555555555556,"0","344"
"278","NV4056611780919980814-590",-8.6189774339134,-15.564643825251,0.0254867066633956,-0.0421508693804383,"NV4056611780919980814-590-before","NV4056611780919980814","590",590,"before","fire",1483.54675292969,0.498148371173977,6.04984198493694,0.522160974623784,131.555555555556,251.944442325168,20.6666666666667,8.77777777777778,34.1111111111111,11.8888888888889,16.4444444444444,"0","345"
"279","NV4056911767919960715-49",-7.72283949726162,-15.0009481766341,-0.216266043385976,0.183097399644788,"NV4056911767919960715-49-before","NV4056911767919960715","49",49,"before","fire",1440.36169433594,0.859655416462253,-102.980166030994,0.40112798671199,90.0888888888889,224.588889016046,19.1111111111111,6.77777777777778,31.7777777777778,12,17.7777777777778,"0","346"
"280","NV4062411784719990711-239",11.2476106145284,5.58671872363026,-0.0476818033794494,0.0780611621824082,"NV4062411784719990711-239-before","NV4062411784719990711","239",239,"before","fire",1950.33581542969,0.177211047548824,103.075195825542,0.417510692157883,179.088888888889,428.944437238905,13.4444444444444,21.5555555555556,8.66666666666667,17,11.3333333333333,"0","347"
"281","NV4062411784719990711-277",9.754633585294,9.28731779325814,-0.023519761397954,0.026150730098866,"NV4062411784719990711-277-before","NV4062411784719990711","277",277,"before","fire",1855.89880371094,0.0601663384526296,317.747539367267,0.80093253514839,343.555555555556,428.944437238905,17.8888888888889,19.7777777777778,5.33333333333333,17.7777777777778,13.7777777777778,"0","348"
"282","NV4062411784719990711-885",14.5187967038195,7.46633833122595,-0.0272129529373648,0.0246448223502524,"NV4062411784719990711-885-before","NV4062411784719990711","885",885,"before","fire",1942.99304199219,0.178757198527339,116.911982964176,0.451314604136171,193.588888888889,428.944437238905,14.1111111111111,23,6.33333333333333,20.4444444444444,12,"0","351"
"283","NV4063411813020000717-228",0.903401249485189,-2.74001520708262,-0.0666117295856284,0.0316896895308527,"NV4063411813020000717-228-before","NV4063411813020000717","228",228,"before","fire",1283.98803710938,0.341364747876466,5.90344162385528,0.364303602405311,93.7555555555556,257.355554368761,18.5555555555556,17.5555555555556,20.6666666666667,13.4444444444444,13.1111111111111,"0","352"
"284","NV4063411813020000717-348",-1.31862763606497,-0.108859579921754,-0.033837598674597,-0.061851270013721,"NV4063411813020000717-348-before","NV4063411813020000717","348",348,"before","fire",1298.04223632812,0.183417882220313,6.51861146226942,0.208747086706528,53.7222222222222,257.355554368761,21.6666666666667,16,18.5555555555556,12.5555555555556,15.5555555555556,"0","353"
"285","NV4063411813020000717-408",-4.76044912424242,-19.2396980986918,-0.0180969517205465,0.0128258500421184,"NV4063411813020000717-408-before","NV4063411813020000717","408",408,"before","fire",1373.71569824219,0.286853940960047,1.96543389025208,0.294490977957647,75.7888888888889,257.355554368761,13,9.66666666666667,35.3333333333333,11.5555555555556,13.6666666666667,"0","354"
"286","NV4063411813020000717-477",5.55195148090665,4.91476326315037,0.176438152889624,0.0815804221725817,"NV4063411813020000717-477-before","NV4063411813020000717","477",477,"before","fire",1574.69982910156,0.0727548985293373,41.7116387874786,0.172147207299462,72.2444444444444,419.666665395101,17.3333333333333,21.2222222222222,12.2222222222222,13.5555555555556,12.6666666666667,"0","355"
"287","NV4063411813020000717-559",5.80483806914488,0.424115418014786,0.247990412825669,0.215401032682137,"NV4063411813020000717-559-before","NV4063411813020000717","559",559,"before","fire",1570.50427246094,0.154146813543079,58.9986096679847,0.294731269095296,123.688888888889,419.666665395101,15.2222222222222,19.5555555555556,15.6666666666667,14.6666666666667,13.8888888888889,"0","356"
"288","NV4063411813020000717-640",5.7396146751523,2.72346506212969,0.16885644857226,0.0703267289032936,"NV4063411813020000717-640-before","NV4063411813020000717","640",640,"before","fire",1524.478515625,0.0699484578297,36.2338528419688,0.156288059779872,65.5888888888889,419.666665395101,16,21.2222222222222,14.2222222222222,13.6666666666667,12.2222222222222,"0","357"
"289","NV4063411813020000717-685",6.04201770106519,3.94172126898034,0.135893207992955,0.120897114121189,"NV4063411813020000717-685-before","NV4063411813020000717","685",685,"before","fire",1561.01293945312,0.0767808282376341,36.9776458472381,0.164892772540918,69.2,419.666665395101,20.8888888888889,19.7777777777778,13.2222222222222,18.2222222222222,9.77777777777778,"0","358"
"290","NV4063411813020000717-728",-4.86986609661266,-10.1980506754303,-0.0022841761845902,0.123392689995502,"NV4063411813020000717-728-before","NV4063411813020000717","728",728,"before","fire",1316.99267578125,0.448344616066182,9.11602278403855,0.48376651634884,124.5,257.355554368761,19.6666666666667,14,29.3333333333333,11.6666666666667,15.5555555555556,"0","359"
"291","NV4063411813020000717-730",4.7279463270728,8.03781316391132,0.10398652529562,0.131003164445516,"NV4063411813020000717-730-before","NV4063411813020000717","730",730,"before","fire",1596.61657714844,0.060057596542544,32.5958287273462,0.137728356255276,57.8,419.666665395101,22.5555555555556,22.8888888888889,11.2222222222222,15.1111111111111,9.22222222222222,"0","360"
"292","NV4063411813020000717-734",3.10705665669513,6.08943934311755,0.144023551367196,0.070215401696605,"NV4063411813020000717-734-before","NV4063411813020000717","734",734,"before","fire",1588.8818359375,0.0673657616312441,32.7399465655257,0.145379931602791,61.0111111111111,419.666665395101,16.4444444444444,21.1111111111111,11.5555555555556,9.11111111111111,13.6666666666667,"0","361"
"293","NV4063411813020000717-739",-5.7393382521127,-22.1288392084017,-0.0241362609611476,0.245155795179452,"NV4063411813020000717-739-before","NV4063411813020000717","739",739,"before","fire",1355.53820800781,0.502331834851105,4.11100105370576,0.51830584817205,133.388888888889,257.355554368761,14.6666666666667,8.33333333333333,38.5555555555556,13.5555555555556,14.5555555555556,"0","362"
"294","NV4063411813020000717-743",-4.12770581436183,-14.7308325152772,0.0380342727508718,0.24764351752731,"NV4063411813020000717-743-before","NV4063411813020000717","743",743,"before","fire",1378.96484375,0.375271914517886,15.3772439557788,0.435022884313334,111.955555555556,257.355554368761,14.6666666666667,11.5555555555556,31.5555555555556,11.1111111111111,12.4444444444444,"0","363"
"295","NV4063411813020000717-764",-2.68169743252142,-6.29627921108548,0.0660649735928615,0.219214330083257,"NV4063411813020000717-764-before","NV4063411813020000717","764",764,"before","fire",1353.47680664062,0.32633673411747,24.3488685440997,0.420748788713216,108.511111111111,257.899996439616,18.6666666666667,14.5555555555556,24.3333333333333,11.5555555555556,14.3333333333333,"0","364"
"296","NV4063411813020000717-775",0.316647658869238,-9.0232587501195,0.242573557209178,0.24542867127495,"NV4063411813020000717-775-before","NV4063411813020000717","775",775,"before","fire",1471.83618164062,0.213169191152603,59.5462678762347,0.394768059428463,129.444444444444,327.89999432034,15,13.8888888888889,25,13.6666666666667,14.2222222222222,"0","365"
"297","NV4063411813020000717-803",-1.3176848309122,-7.16425246448498,0.145209745357145,0.237932316996998,"NV4063411813020000717-803-before","NV4063411813020000717","803",803,"before","fire",1351.89868164062,0.331176186400714,24.3896627063702,0.425746419216056,109.8,257.899996439616,16.5555555555556,14.4444444444444,24.2222222222222,11.8888888888889,13.7777777777778,"0","366"
"298","NV4063411813020000717-881",3.49947802190029,-6.03609640158581,0.199145084963238,0.233023599943814,"NV4063411813020000717-881-before","NV4063411813020000717","881",881,"before","fire",1483.232421875,0.143570290246858,62.9261128200721,0.293513371289117,123.177777777778,419.666665395101,14.5555555555556,15.1111111111111,21.1111111111111,15.5555555555556,12.8888888888889,"0","367"
"299","NV4063411813020000717-930",0.675769411766793,-3.11986627116994,-0.00788034186876346,0.047279859486881,"NV4063411813020000717-930-before","NV4063411813020000717","930",930,"before","fire",1287.57104492188,0.364236026777688,15.0840576297755,0.422847769845653,108.822222222222,257.355554368761,17.4444444444444,16.8888888888889,20.5555555555556,12.5555555555556,15.5555555555556,"0","368"
"300","NV4066711793919960724-223",-11.0379068788822,-4.32832681162889,-0.14632605248071,0.222688341482366,"NV4066711793919960724-223-before","NV4066711793919960724","223",223,"before","fire",1419.47729492188,0.535577284997257,-65.4708471664168,0.298802541137772,82.6222222222222,276.511109670003,27.5555555555556,8.22222222222222,24.1111111111111,9.66666666666667,17.6666666666667,"0","369"
"301","NV4066711793919960724-852",-9.3311830059013,-6.17134887684163,0.0693407022471752,0.0240865821296641,"NV4066711793919960724-852-before","NV4066711793919960724","852",852,"before","fire",1395.79089355469,0.300917986772035,2.34142884045514,0.311742344398824,67.4333333333333,216.311112509833,23.8888888888889,12.4444444444444,26.7777777777778,8.22222222222222,19.4444444444444,"0","370"
"302","NV4067711880120000802-139",-6.09042347386032,7.77140379649279,-0.000907815590384914,-0.0222205232852483,"NV4067711880120000802-139-before","NV4067711880120000802","139",139,"before","fire",1483.89379882812,0.139376693223245,14.0049961133822,0.187725357011478,54.3777777777778,289.666663275825,26.6666666666667,15.5555555555556,12.6666666666667,7.22222222222222,11.7777777777778,"0","371"
"303","NV4067711880120000802-383",-5.15699042033,3.69523803355328,0.0126217477638554,-0.00929036689166166,"NV4067711880120000802-383-before","NV4067711880120000802","383",383,"before","fire",1456.87731933594,0.143344574448946,8.68172228076401,0.17415996381604,49.0666666666667,281.73333062066,22.3333333333333,14.7777777777778,15.3333333333333,6.77777777777778,12,"0","372"
"304","NV4067711880120000802-385",-4.82966493048824,7.66213902018236,0.00588291762477786,-0.0186313037643709,"NV4067711880120000802-385-before","NV4067711880120000802","385",385,"before","fire",1510.0703125,0.128869440460184,12.8041525170092,0.173072499149119,50.1333333333333,289.666663275825,21.8888888888889,14.1111111111111,10.4444444444444,5.11111111111111,12.4444444444444,"0","373"
"305","NV4067711880120000802-397",-2.59988745620366,-12.1895118488103,0.0117249085271739,-0.0160905960876801,"NV4067711880120000802-397-before","NV4067711880120000802","397",397,"before","fire",1560.93566894531,0.116945205247762,31.8335174874056,0.216194546092444,69.3428571428571,320.742860521589,18,7.57142857142857,27,16,9.57142857142857,"0","375"
"306","NV4067711880120000802-409",-3.18766625235542,4.33157465500602,-0.0110531894033385,-0.0433898803968036,"NV4067711880120000802-409-before","NV4067711880120000802","409",409,"before","fire",1542.94177246094,0.150062141759071,20.9692080321697,0.220234994654261,65.8111111111111,298.822224934896,23.6666666666667,17.5555555555556,15.6666666666667,9.33333333333333,12.1111111111111,"0","376"
"307","NV4067711880120000802-52",-3.17436641697001,6.07529751378941,0.0211935720640994,-0.00474889166357539,"NV4067711880120000802-52-before","NV4067711880120000802","52",52,"before","fire",1480.96130371094,0.145636812746726,12.8027058048186,0.188480700304313,56.3222222222222,298.822224934896,22.1111111111111,17.6666666666667,13.4444444444444,7.11111111111111,11.7777777777778,"0","377"
"308","NV4067711880120000802-661",-3.86131619870107,7.57978003459897,0.00639099211512886,-0.0298960987206966,"NV4067711880120000802-661-before","NV4067711880120000802","661",661,"before","fire",1489.73059082031,0.167079034361001,12.5508489900494,0.209080090315872,62.4777777777778,298.822224934896,26.1111111111111,16.3333333333333,12.3333333333333,9.44444444444444,13.6666666666667,"0","378"
"309","NV4067711880120000802-694",-0.0542119113420997,1.92838830030192,-0.0194818600673941,-0.0238816165800005,"NV4067711880120000802-694-before","NV4067711880120000802","694",694,"before","fire",1531.98999023438,0.15321603765166,11.662866057545,0.193479097009787,56.0444444444444,289.666663275825,16.5555555555556,17.5555555555556,15.4444444444444,8.22222222222222,12.3333333333333,"0","379"
"310","NV4067711880120000802-823",-8.51293662301594,6.61330480002901,0.0670883330177111,-0.00292392838498631,"NV4067711880120000802-823-before","NV4067711880120000802","823",823,"before","fire",1456.32470703125,0.147080632191736,17.973594733941,0.210877111984685,59.4111111111111,281.73333062066,30.3333333333333,13.7777777777778,14.7777777777778,8.44444444444444,14.3333333333333,"0","381"
"311","NV4067711880120000802-906",-7.7157285343896,6.79566441099423,-0.0201881906701541,-0.046293649828977,"NV4067711880120000802-906-before","NV4067711880120000802","906",906,"before","fire",1380.68774414062,0.169535677905717,8.62857175774579,0.20201597631234,53.6666666666667,265.655556784736,27.6666666666667,15.3333333333333,14.4444444444444,6.55555555555556,14.7777777777778,"0","383"
"312","NV4074311759720010831-118",26.6503141199312,-1.74217372631634,0.00834713730026716,0.0191604202034295,"NV4074311759720010831-118-before","NV4074311759720010831","118",118,"before","fire",2341.72241210938,0.0591047022210971,147.961025491223,0.346302329878184,178.411111111111,515.188884735107,8.77777777777778,24.8888888888889,11.6666666666667,35.1111111111111,12.2222222222222,"0","385"
"313","NV4074311759720010831-382",2.68565818594485,-1.97726063403961,0.0487621873531768,0.0169211892402167,"NV4074311759720010831-382-before","NV4074311759720010831","382",382,"before","fire",1559.38269042969,0.0900159842469342,31.9370857009405,0.181485488930559,63.3666666666667,349.155555301242,14.4444444444444,14.1111111111111,16.4444444444444,12.7777777777778,14.4444444444444,"0","387"
"314","NV4074311759720010831-416",36.602386835859,6.42595195521923,0.00475514538349778,0.172061981072423,"NV4074311759720010831-416-before","NV4074311759720010831","416",416,"before","fire",2108.80078125,0.0567680369516697,489.409293909824,1.00672893170479,518.655555555556,515.188884735107,4.77777777777778,42.1111111111111,7,35.2222222222222,11.1111111111111,"0","388"
"315","NV4074311759720010831-449",12.0393675663312,-5.97735890360923,0.182401070678738,-0.00205132186271351,"NV4074311759720010831-449-before","NV4074311759720010831","449",449,"before","fire",1688.90637207031,-0.017366394163195,114.985795219853,0.31195901244718,108.922222222222,349.155555301242,10,17.3333333333333,18,21.7777777777778,12.2222222222222,"0","389"
"316","NV4074311759720010831-526",11.5180427091808,-4.48083841121462,0.0430830429201156,0.0028563923467903,"NV4074311759720010831-526-before","NV4074311759720010831","526",526,"before","fire",1615.53247070312,0.0866336797021593,43.0180361224693,0.209839613187463,73.2666666666667,349.155555301242,13.1111111111111,20,18.6666666666667,22.3333333333333,13.5555555555556,"0","392"
"317","NV4074311759720010831-58",5.49179919565323,-3.89595670857376,0.05732350586878,0.0441805576767689,"NV4074311759720010831-58-before","NV4074311759720010831","58",58,"before","fire",1731.76806640625,0.0832586217036964,45.5964563720965,0.213849287324803,74.6666666666667,349.155555301242,14.6666666666667,17.5555555555556,19.3333333333333,16.4444444444444,14.4444444444444,"0","394"
"318","NV4074311759720010831-601",26.2865041247503,5.78653154771702,0.133275059367035,-0.0226378273044608,"NV4074311759720010831-601-before","NV4074311759720010831","601",601,"before","fire",2034.68798828125,-0.0464903682526302,177.162432082108,0.297388231094867,153.211111111111,515.188884735107,9.22222222222222,32.2222222222222,7.44444444444444,29.2222222222222,12,"0","395"
"319","NV4074311759720010831-810",5.49335694858139,-5.87711789333323,0.0566797423236886,0.0372400138922075,"NV4074311759720010831-810-before","NV4074311759720010831","810",810,"before","fire",1675.68334960938,0.0790351985018342,46.3044213787482,0.211653513392451,73.9,349.155555301242,13.1111111111111,16.8888888888889,20.7777777777778,16.2222222222222,14.4444444444444,"0","396"
"320","NV4074311759720010831-868",4.92445063028805,-3.70362733220894,0.0732205661082168,0.050821432499181,"NV4074311759720010831-868-before","NV4074311759720010831","868",868,"before","fire",1737.18322753906,0.0684849849683357,43.9325314880279,0.194310081607924,67.8444444444444,349.155555301242,13.1111111111111,16.5555555555556,18.4444444444444,14.5555555555556,13,"0","397"
"321","NV4074311759720010831-944",1.21337662641185,-7.9984267503162,0.0258893738043402,0.00888331037058432,"NV4074311759720010831-944-before","NV4074311759720010831","944",944,"before","fire",1472.31628417969,0.161265818288612,31.8719867166369,0.276897647004039,76.3222222222222,275.633336173164,15.2222222222222,13.7777777777778,23.5555555555556,14.5555555555556,16.8888888888889,"0","398"
"322","NV4074411720419960708-346",1.46632445857325,0.979438399420843,-0.0912779501836626,-0.0125633449346218,"NV4074411720419960708-346-before","NV4074411720419960708","346",346,"before","fire",1701.58544921875,0.344820580043676,-23.5961466107489,0.259519600508527,71.7888888888889,276.622223324246,17.3333333333333,17.1111111111111,15.8888888888889,11.4444444444444,17.5555555555556,"0","399"
"323","NV4074411720419960708-486",-1.24252877532419,4.00554740570142,-0.0508714326526632,0.15356148243913,"NV4074411720419960708-486-before","NV4074411720419960708","486",486,"before","fire",1596.48461914062,0.529570486787442,-72.857632128712,0.266187338271167,73.6333333333333,276.622223324246,21.4444444444444,16.8888888888889,14.4444444444444,10.2222222222222,17.5555555555556,"0","400"
"324","NV4074411720419960708-691",-1.82822399197938,4.91712075940728,-0.131571774934129,-0.0208221701423548,"NV4074411720419960708-691-before","NV4074411720419960708","691",691,"before","fire",1571.88916015625,0.350247110840172,-32.1194678468352,0.234133996496549,64.7666666666667,276.622223324246,23.2222222222222,18.8888888888889,15.1111111111111,10,15.6666666666667,"0","401"
"325","NV4074411720419960708-789",-3.47598488892194,2.85210386881381,0.0419756737818121,0.195273476517932,"NV4074411720419960708-789-before","NV4074411720419960708","789",789,"before","fire",1626.28247070312,0.488151370409584,-47.0396853636214,0.303343807598048,77.2111111111111,254.533335367838,21.3333333333333,13.3333333333333,14.6666666666667,8.88888888888889,18.8888888888889,"0","402"
"326","NV4074411720419960708-814",-0.367964549341783,2.42485954903437,-0.203541901845185,0.136011175518573,"NV4074411720419960708-814-before","NV4074411720419960708","814",814,"before","fire",1655.80798339844,0.583440388331808,-83.6481329530615,0.281049163404762,77.7444444444444,276.622223324246,19.5555555555556,16.1111111111111,15,10.6666666666667,16.7777777777778,"0","403"
"327","NV4075011813819990823-830",-4.4707882931143,-6.68919248949788,-0.0251070913543978,0.179792098518017,"NV4075011813819990823-830-before","NV4075011813819990823","830",830,"before","fire",1346.12963867188,0.463710919326846,-13.8148682622504,0.407742513517148,100.644444444444,246.833335028754,16.1111111111111,13,24,7.66666666666667,15.5555555555556,"0","404"
"328","NV4077311800919990804-232",-4.20627896655976,5.35151784915976,-0.00637361960645952,-0.016047061341443,"NV4077311800919990804-232-before","NV4077311800919990804","232",232,"before","fire",1329.82958984375,0.184052624130925,3.288202861107,0.197142603622748,49.5222222222222,251.200000974867,26.1111111111111,16.5555555555556,15,10,12.6666666666667,"0","406"
"329","NV4077311800919990804-250",-4.28363430704016,2.96313273118195,0.0656289346009749,0.231137728413078,"NV4077311800919990804-250-before","NV4077311800919990804","250",250,"before","fire",1537.27380371094,0.232514900580068,25.6970059350984,0.32516123848411,90.1888888888889,277.366666793823,23.1111111111111,14.5555555555556,15.8888888888889,9,14.7777777777778,"0","407"
"330","NV4077311800919990804-251",14.7405712200342,4.85803365693943,-0.14097159003575,-0.0168966174431198,"NV4077311800919990804-251-before","NV4077311800919990804","251",251,"before","fire",1979.49597167969,0.302180591458453,77.894527072069,0.545246518959768,174.733333333333,320.466664632162,14.6666666666667,22.3333333333333,8.88888888888889,22.6666666666667,12.2222222222222,"0","408"
"331","NV4077311800919990804-275",-0.855723320561116,-6.08635777060326,-0.0283915055138773,-0.0302145159738847,"NV4077311800919990804-275-before","NV4077311800919990804","275",275,"before","fire",1385.35656738281,0.199587289135037,1.85275209080933,0.206795194790681,53.1555555555556,257.04444249471,14.1111111111111,18.2222222222222,24.2222222222222,8.66666666666667,13.8888888888889,"0","409"
"332","NV4077311800919990804-38",-10.3843514566094,-2.08472504484416,-0.0516698726710377,-0.0385789932220901,"NV4077311800919990804-38-before","NV4077311800919990804","38",38,"before","fire",1293.88806152344,0.249296851777273,-5.35977625587304,0.227229059801593,55.1888888888889,242.877776887682,29.5555555555556,11.4444444444444,23.5555555555556,10.2222222222222,15,"0","411"
"333","NV4077311800919990804-384",6.63355832354871,2.70003145408212,-0.130355944414409,0.236070560605772,"NV4077311800919990804-384-before","NV4077311800919990804","384",384,"before","fire",1595.05017089844,0.270888743966691,69.3265293022316,0.506630900534658,148.988888888889,294.077776802911,19,18,13,18.4444444444444,14.5555555555556,"0","412"
"334","NV4077311800919990804-386",6.82160526665938,-3.34412024591934,-0.168996987236081,0.17368102010158,"NV4077311800919990804-386-before","NV4077311800919990804","386",386,"before","fire",1527.69055175781,0.414585145644279,45.8972006633576,0.604609436720064,146.033333333333,241.533334520128,15.3333333333333,15.4444444444444,17.3333333333333,19.1111111111111,13.5555555555556,"0","413"
"335","NV4077311800919990804-466",-2.08700484581298,-3.67345833189963,0.000345305710261007,-0.0132519449598101,"NV4077311800919990804-466-before","NV4077311800919990804","466",466,"before","fire",1416.60510253906,0.139318893808264,2.89198262843548,0.150831563462771,37.8888888888889,251.200000974867,13,13.6666666666667,19.4444444444444,6.33333333333333,11.8888888888889,"0","415"
"336","NV4077311800919990804-478",5.4238820830502,5.24029591723889,0.0643752399330065,0.0271797228876109,"NV4077311800919990804-478-before","NV4077311800919990804","478",478,"before","fire",1534.12023925781,0.109539822991735,34.4980368456172,0.252369121954369,60.9555555555556,241.533334520128,16,22.8888888888889,12.4444444444444,11.5555555555556,11.1111111111111,"0","416"
"337","NV4077311800919990804-5",-8.62968226148087,-12.8498723159993,-0.280886149789596,0.147017697642864,"NV4077311800919990804-5-before","NV4077311800919990804","5",5,"before","fire",1330.93957519531,0.596236743904019,-32.6191150943857,0.466383579223302,117.155555555556,251.200000974867,23.6666666666667,9.88888888888889,32.4444444444444,12.8888888888889,16,"0","417"
"338","NV4077311800919990804-509",2.26541712160087,4.19113974782677,0.0414065813031114,0.0179047096637922,"NV4077311800919990804-509-before","NV4077311800919990804","509",509,"before","fire",1507.13024902344,0.132784210845527,42.5837423384117,0.309090071165039,74.6555555555556,241.533334520128,21.4444444444444,19.3333333333333,14.2222222222222,13.8888888888889,15.1111111111111,"0","419"
"339","NV4077311800919990804-517",-7.56634153000802,-0.155405923695602,-0.0307645020579832,-0.0209594188048912,"NV4077311800919990804-517-before","NV4077311800919990804","517",517,"before","fire",1280.95104980469,0.188855977551516,2.03050423046926,0.197436378543005,46.7222222222222,236.644444995457,28.5555555555556,14.1111111111111,21.5555555555556,11.2222222222222,13.4444444444444,"0","421"
"340","NV4077311800919990804-525",-7.81623321198073,-0.733351326857222,0.0725674577965561,0.214442679642473,"NV4077311800919990804-525-before","NV4077311800919990804","525",525,"before","fire",1345.93994140625,0.426558694314268,-8.25154442758208,0.393710189554876,98.9,251.200000974867,24.8888888888889,13.5555555555556,21.1111111111111,8.11111111111111,15.8888888888889,"0","422"
"341","NV4077311800919990804-540",-12.5213315583547,11.8532015399733,0.014601079118961,-0.0112763610779721,"NV4077311800919990804-540-before","NV4077311800919990804","540",540,"before","fire",1318.55834960938,0.130550239674106,5.32800188881761,0.151760438193774,38.1222222222222,251.200000974867,36.6666666666667,15.4444444444444,12.8888888888889,5.88888888888889,11.3333333333333,"0","423"
"342","NV4077311800919990804-695",-3.74737922884315,7.50257128991992,-0.0190252431334859,0.012215771910592,"NV4077311800919990804-695-before","NV4077311800919990804","695",695,"before","fire",1442.02319335938,0.113695803778701,25.1868130151618,0.199342578210221,58.6222222222222,294.077776802911,25.6666666666667,17.1111111111111,12.6666666666667,9,12.8888888888889,"0","426"
"343","NV4077311800919990804-722",2.23472692235657,6.92461448034027,0.0237345686101733,0.0411903734249032,"NV4077311800919990804-722-before","NV4077311800919990804","722",722,"before","fire",1660.90856933594,0.103694793264131,24.4612212864024,0.186874221347186,54.9555555555556,294.077776802911,22,19.4444444444444,11.4444444444444,13,10.1111111111111,"0","428"
"344","NV4077311800919990804-786",4.71722215191997,8.27919760086474,-0.0214755830578235,0.00913523943199296,"NV4077311800919990804-786-before","NV4077311800919990804","786",786,"before","fire",1532.64587402344,0.124756593575024,30.7118583199528,0.229191068882336,67.4,294.077776802911,19,23.1111111111111,10.2222222222222,11.7777777777778,14.3333333333333,"0","430"
"345","NV4077311800919990804-798",-12.3693278730698,4.83123526442397,-0.0351349512079521,-0.0199411513357156,"NV4077311800919990804-798-before","NV4077311800919990804","798",798,"before","fire",1294.89587402344,0.142194086838422,6.18643852433225,0.167665493088954,40.7222222222222,242.877776887682,32.8888888888889,13.2222222222222,18.4444444444444,6.77777777777778,15.1111111111111,"0","431"
"346","NV4077311800919990804-883",-4.6293738344094,-2.7708020203364,-0.0803082130854919,0.133147957962875,"NV4077311800919990804-883-before","NV4077311800919990804","883",883,"before","fire",1356.51586914062,0.455249532489909,-6.48157407174659,0.430116328461541,110.922222222222,257.888889312744,21.1111111111111,14.1111111111111,21.5555555555556,9.66666666666667,15,"0","433"
"347","NV4077311800919990804-898",-9.97254400655237,6.10415681905502,0.0519546240962927,0.168794735030934,"NV4077311800919990804-898-before","NV4077311800919990804","898",898,"before","fire",1335.75756835938,0.221686845548274,45.0460806768811,0.407154949110967,98.8888888888889,242.877776887682,29.2222222222222,15.4444444444444,16.4444444444444,5.33333333333333,17.1111111111111,"0","434"
"348","NV4077311800919990804-933",-7.16325687777459,-11.4305531818658,-0.109829547960145,0.166460264419256,"NV4077311800919990804-933-before","NV4077311800919990804","933",933,"before","fire",1318.2265625,0.654683568459102,-48.6858674500188,0.454229380867729,110.322222222222,242.877776887682,21.2222222222222,9.66666666666667,29.6666666666667,12,15.2222222222222,"0","435"
"349","NV4081411813419990806-131",-1.82119273820677,4.5969516437401,0.0804220742256647,0.0896346627536788,"NV4081411813419990806-131-before","NV4081411813419990806","131",131,"before","fire",1543.65307617188,0.108082598553603,19.9306056117446,0.181960461142067,49.0888888888889,269.777777989706,19.2222222222222,14,12,8.11111111111111,13.6666666666667,"0","437"
"350","NV4081411813419990806-134",2.42592011471586,4.21895644187274,0.109501852966206,0.249691604472032,"NV4081411813419990806-134-before","NV4081411813419990806","134",134,"before","fire",1588.56042480469,0.195539736296708,44.9737838179801,0.32519700339875,112.8,346.866664886475,20.4444444444444,18.8888888888889,13.6666666666667,13.3333333333333,15.8888888888889,"0","438"
"351","NV4081411813419990806-145",5.25604201441102,8.46715773739643,0.0126580330350138,0.0444579758378414,"NV4081411813419990806-145-before","NV4081411813419990806","145",145,"before","fire",1743.28430175781,0.0612642805472424,37.9277301348179,0.156733328525531,62.2666666666667,397.277766333686,19.7777777777778,22.2222222222222,9.55555555555556,13.3333333333333,10.7777777777778,"0","439"
"352","NV4081411813419990806-15",-5.25895460154032,2.13563330957519,0.0813499845622895,0.220108107432804,"NV4081411813419990806-15-before","NV4081411813419990806","15",15,"before","fire",1444.60217285156,0.258114749456707,7.06637642520003,0.284308072264302,76.7,269.777777989706,22.1111111111111,13.2222222222222,16.2222222222222,7.66666666666667,14.1111111111111,"0","440"
"353","NV4081411813419990806-363",0.221086418147815,0.758370051228925,0.0612817030858093,0.040066447338086,"NV4081411813419990806-363-before","NV4081411813419990806","363",363,"before","fire",1583.10083007812,0.096394083460936,23.0418835328944,0.162822731311648,56.4777777777778,346.866664886475,16.4444444444444,14,14.7777777777778,10.1111111111111,19.7777777777778,"0","443"
"354","NV4081411813419990806-368",6.79140889573106,4.86647206680807,-0.00968907401281435,0.0184414681601555,"NV4081411813419990806-368-before","NV4081411813419990806","368",368,"before","fire",1660.57336425781,0.0879409511144014,60.2963487053441,0.239714732118545,95.2333333333333,397.277766333686,14.7777777777778,16.8888888888889,9,14.2222222222222,10.2222222222222,"0","444"
"355","NV4081411813419990806-375",3.12544284758656,-6.20433122028749,0.0975284419703736,0.0692907506593109,"NV4081411813419990806-375-before","NV4081411813419990806","375",375,"before","fire",1662.29553222656,0.134381915409233,33.7318376253874,0.231629189477577,80.3444444444444,346.866664886475,13.8888888888889,15.8888888888889,21.6666666666667,14.3333333333333,12.3333333333333,"0","445"
"356","NV4081411813419990806-399",12.0981082222926,-6.36344994234568,0.0130799299753621,0.0762147678286103,"NV4081411813419990806-399-before","NV4081411813419990806","399",399,"before","fire",1943.79626464844,0.1593544421127,61.2585894628563,0.335960024787834,116.533333333333,346.866664886475,14.5555555555556,17.8888888888889,19.7777777777778,25.8888888888889,10,"0","446"
"357","NV4081411813419990806-529",1.62988212080783,-0.111348509425411,0.0254838557616501,0.0666248285860233,"NV4081411813419990806-529-before","NV4081411813419990806","529",529,"before","fire",1632.84399414062,0.0931619847112607,24.5332592511418,0.154915400910584,61.5444444444444,397.277766333686,15.1111111111111,18.5555555555556,17.2222222222222,9.77777777777778,10.7777777777778,"0","447"
"358","NV4081411813419990806-617",-7.6246159885765,8.57805690436648,0.160869811401108,0.0913823251231717,"NV4081411813419990806-617-before","NV4081411813419990806","617",617,"before","fire",1431.3662109375,0.1425256682341,13.6317218911537,0.19728620144602,49.1111111111111,248.933330112033,28.6666666666667,16.5555555555556,13.3333333333333,6.33333333333333,15,"0","448"
"359","NV4081411813419990806-717",-3.7047582158255,6.18315079320813,0.0399824882098388,0.043589554111535,"NV4081411813419990806-717-before","NV4081411813419990806","717",717,"before","fire",1414.59692382812,0.140898605526614,6.99230758478497,0.168987682958061,42.0666666666667,248.933330112033,20.4444444444444,17,12.7777777777778,5.11111111111111,14,"0","449"
"360","NV4081411813419990806-799",1.13923659396029,4.33765610903112,0.0360543417424415,0.020712234516227,"NV4081411813419990806-799-before","NV4081411813419990806","799",799,"before","fire",1765.62512207031,0.0487771585863146,23.8774749442805,0.108879880076712,43.2555555555556,397.277766333686,15.1111111111111,19,12.7777777777778,6.88888888888889,11,"0","450"
"361","NV4081411813419990806-847",-8.71623626496637,8.14492447257829,0.109688532065935,0.210809968097351,"NV4081411813419990806-847-before","NV4081411813419990806","847",847,"before","fire",1378.62182617188,0.283610510160466,16.1998912509826,0.348687738845318,86.8,248.933330112033,30.3333333333333,12.3333333333333,12.4444444444444,7.88888888888889,16.7777777777778,"0","451"
"362","NV4081511806819980814-13",-4.95990678618677,6.02772022645924,-0.000592052996077036,-0.0593925079325391,"NV4081511806819980814-13-before","NV4081511806819980814","13",13,"before","fire",1283.38842773438,0.187616402721191,3.91011987268655,0.206654043392847,42.4444444444444,205.388889312744,24.7777777777778,17.2222222222222,14.5555555555556,7.33333333333333,18,"0","452"
"363","NV4081511806819980814-211",-3.16601678657733,1.59514557059581,0.0714854686447098,0.218856715580782,"NV4081511806819980814-211-before","NV4081511806819980814","211",211,"before","fire",1423.037109375,0.356223954653986,-11.2167322684583,0.308984558067076,73.3666666666667,237.444444232517,17.8888888888889,14.6666666666667,15.7777777777778,6.44444444444444,14.6666666666667,"0","453"
"364","NV4081511806819980814-488",-12.3451118272727,13.5749873427704,-0.0190849740586393,-0.0182609812198255,"NV4081511806819980814-488-before","NV4081511806819980814","488",488,"before","fire",1295.35925292969,0.176602155375603,-0.176806478014607,0.175744842562042,36.2444444444444,206.233331892226,36.5555555555556,17.5555555555556,12,4.55555555555556,15.7777777777778,"0","454"
"365","NV4081511806819980814-50",-14.0328036851058,1.10596937986946,-0.0120784681110187,-0.0199345553286022,"NV4081511806819980814-50-before","NV4081511806819980814","50",50,"before","fire",1289.07592773438,0.266007926998194,-9.70414553902582,0.218953721695934,45.1555555555556,206.233331892226,36.7777777777778,9.44444444444444,22.1111111111111,11,18.1111111111111,"0","455"
"366","NV4081511806819980814-557",-12.5608988564563,13.0488829016552,-0.0444126933916413,-0.0209592500978369,"NV4081511806819980814-557-before","NV4081511806819980814","557",557,"before","fire",1290.77600097656,0.165406108160745,-0.490030579094068,0.163030010298203,33.6222222222222,206.233331892226,37.1111111111111,16.8888888888889,12.4444444444444,5.22222222222222,14.8888888888889,"0","456"
"367","NV4081511806819980814-580",-7.74839097881936,8.062337796195,-0.101494970648353,0.162231086156633,"NV4081511806819980814-580-before","NV4081511806819980814","580",580,"before","fire",1353.70153808594,0.380531467211264,-26.0328605227407,0.270893776563729,64.3222222222222,237.444444232517,26.8888888888889,15.3333333333333,12.8888888888889,5.22222222222222,15.1111111111111,"0","457"
"368","NV4081511806819980814-774",-8.65109620191084,-0.179768823718226,-0.123722722703557,0.196430308636121,"NV4081511806819980814-774-before","NV4081511806819980814","774",774,"before","fire",1328.61291503906,0.515970318082179,-47.714285417498,0.315021057838491,74.8,237.444444232517,24.3333333333333,12.6666666666667,20.2222222222222,6.55555555555556,15.8888888888889,"0","458"
"369","NV4081511806819980814-950",-1.79074552336905,8.57262710079651,-0.038709389454614,-0.0122529534075468,"NV4081511806819980814-950-before","NV4081511806819980814","950",950,"before","fire",1370.45153808594,0.163064773084439,4.72562002550823,0.182966776017305,43.4444444444444,237.444444232517,22.4444444444444,20.5555555555556,11.7777777777778,7.11111111111111,14.8888888888889,"0","459"
"370","NV4083311864219990804-321",-2.66427361299035,2.40872228385421,0.035531647002936,0.0536456085193446,"NV4083311864219990804-321-before","NV4083311864219990804","321",321,"before","fire",1536.11010742188,0.241206329626118,3.94418876434198,0.254561873104631,75.1777777777778,295.322221120199,23.8888888888889,16.1111111111111,16.8888888888889,11.5555555555556,12.2222222222222,"0","460"
"371","NV4083311864219990804-376",-4.43791653857238,-11.4304489044253,-0.0442006632152122,0.0545253879371015,"NV4083311864219990804-376-before","NV4083311864219990804","376",376,"before","fire",1521.20043945312,0.319853098945688,-8.35972761281914,0.29154595842267,86.1,295.322221120199,18.1111111111111,10.6666666666667,28.4444444444444,12.4444444444444,11.8888888888889,"0","461"
"372","NV4085411817720010812-101",13.9408828712831,1.0689367315425,0.00336189961987982,0.00605703509079281,"NV4085411817720010812-101-before","NV4085411817720010812","101",101,"before","fire",1932.28979492188,0.145122430801133,75.4463306878022,0.353460974003456,128,362.133331298828,13.1111111111111,23.3333333333333,13.4444444444444,21.7777777777778,12.6666666666667,"0","463"
"373","NV4085411817720010812-413",7.71550053426961,4.7133516781596,0.0530728193477476,0.0421280870831933,"NV4085411817720010812-413-before","NV4085411817720010812","413",413,"before","fire",1556.19897460938,0.0642797579874846,66.4949863240614,0.23164695785911,92.0333333333333,397.299986945258,17.3333333333333,21.8888888888889,12,16.2222222222222,11.7777777777778,"0","465"
"374","NV4085411817720010812-487",13.7204514454488,-0.0210786586898975,0.122018630458372,-0.0705586451837831,"NV4085411817720010812-487-before","NV4085411817720010812","487",487,"before","fire",1757.90283203125,0.00133848059900516,154.834888342155,0.391056309518766,155.366666666667,397.299986945258,11.8888888888889,20.5555555555556,13,21.7777777777778,13.1111111111111,"0","467"
"375","NV4085411817720010812-593",9.2651808318416,5.81606813776444,0.14153664953819,0.00569387521437154,"NV4085411817720010812-593-before","NV4085411817720010812","593",593,"before","fire",1839.40832519531,-0.0565079524969816,141.274524193719,0.333609476591977,120.811111111111,362.133331298828,18.2222222222222,21.2222222222222,10.1111111111111,18.6666666666667,13.1111111111111,"0","468"
"376","NV4086611785619980729-28",-5.08412430679639,-11.3779389661716,-0.339804909736033,0.0797913953861107,"NV4086611785619980729-28-before","NV4086611785619980729","28",28,"before","fire",1334.34460449219,0.562869606705685,-37.7556255583546,0.407219094891818,98.7777777777778,242.566665013631,19.7777777777778,8.66666666666667,28,13.6666666666667,18.5555555555556,"0","471"
"377","NV4086611785619980729-285",-1.30782964835615,0.534067222809826,-0.00221262903937683,-0.0222600873478777,"NV4086611785619980729-285-before","NV4086611785619980729","285",285,"before","fire",1372.90124511719,0.147650565975205,21.3626724017971,0.235719849529055,57.1777777777778,242.566665013631,22.4444444444444,17.6666666666667,18.8888888888889,12.4444444444444,16.5555555555556,"0","472"
"378","NV4086611785619980729-63",0.151798177054923,0.150965189173047,-0.016577070729523,-0.0144153825018717,"NV4086611785619980729-63-before","NV4086611785619980729","63",63,"before","fire",1413.27294921875,0.119752474441758,31.696486091977,0.250423711110638,60.7444444444444,242.566665013631,18.1111111111111,16.2222222222222,17,11.1111111111111,19.2222222222222,"0","473"
"379","NV4086611785619980729-721",-9.20663786694288,12.0933806523795,-0.0478541035811179,-0.0442365739784551,"NV4086611785619980729-721-before","NV4086611785619980729","721",721,"before","fire",1311.41906738281,0.168625072252541,1.49682327345597,0.175997375451505,35.7333333333333,203.033330705431,35,18,12.3333333333333,7.77777777777778,13.6666666666667,"0","474"
"380","NV4093511794019990804-564",-11.4036144000442,13.992892031965,-0.0270052707654828,-0.00716869695949957,"NV4093511794019990804-564-before","NV4093511794019990804","564",564,"before","fire",1295.79260253906,0.144853310565885,1.16633979008343,0.150125564755056,33.2111111111111,221.222222646077,37.5555555555556,17.5555555555556,11.4444444444444,6.44444444444444,15.6666666666667,"0","475"
"381","NV4093511794019990804-749",-1.48038667458467,2.10363788500373,-0.0879475065224218,-0.0213545659281195,"NV4093511794019990804-749-before","NV4093511794019990804","749",749,"before","fire",1382.31237792969,0.223569176599467,-4.22071030155078,0.205842548020154,49.0111111111111,238.100002076891,21,17.2222222222222,16.6666666666667,10.3333333333333,14.6666666666667,"0","477"
"382","NV4093911702219990804-185",-8.44230636542557,10.3160980095974,-0.0830576997360714,-0.0344811925814542,"NV4093911702219990804-185-before","NV4093911702219990804","185",185,"before","fire",1358.232421875,0.246999143778957,-18.5834161564465,0.169775602608518,40.8555555555556,240.644444359673,34.4444444444444,15.4444444444444,12.5555555555556,9.88888888888889,17.8888888888889,"0","478"
"383","NV4093911702219990804-19",-7.22740860700171,9.4957866334177,-0.12232156940336,-0.0517970493162793,"NV4093911702219990804-19-before","NV4093911702219990804","19",19,"before","fire",1363.36657714844,0.264667722275338,-15.5117197121464,0.197925131692611,46,232.41111225552,32.7777777777778,15.5555555555556,12.6666666666667,10.3333333333333,18.3333333333333,"0","479"
"384","NV4093911702219990804-203",-5.39486509498168,7.57209711478779,-0.0236387615372712,-0.0302811168386459,"NV4093911702219990804-203-before","NV4093911702219990804","203",203,"before","fire",1372.82495117188,0.259788797994815,-15.4500642776629,0.195585926747262,47.0666666666667,240.644444359673,29.8888888888889,13.8888888888889,12.5555555555556,11.5555555555556,15.7777777777778,"0","480"
"385","NV4093911702219990804-304",-6.20666541682662,1.46411801501578,-0.00932431197041755,-0.0351594357197094,"NV4093911702219990804-304-before","NV4093911702219990804","304",304,"before","fire",1377.50061035156,0.264789365481069,-11.8089786174313,0.215717056129181,51.9111111111111,240.644444359673,28,14.2222222222222,19.2222222222222,11.6666666666667,17.2222222222222,"0","482"
"386","NV4093911702219990804-313",-7.61562739458092,3.16730970768353,-0.162991399906055,0.133056725976273,"NV4093911702219990804-313-before","NV4093911702219990804","313",313,"before","fire",1371.60095214844,0.631140560832696,-59.102691796659,0.385538831052795,92.7777777777778,240.644444359673,30.5555555555556,15.2222222222222,19,11,16.4444444444444,"0","483"
"387","NV4093911702219990804-316",-10.6985530714458,10.9442566686656,-0.296373799340191,0.106428989077796,"NV4093911702219990804-316-before","NV4093911702219990804","316",316,"before","fire",1369.41052246094,0.55548015729288,-55.6287693601245,0.324314341235309,78.0444444444445,240.644444359673,36.5555555555556,12.8888888888889,11.8888888888889,9.33333333333333,16.2222222222222,"0","484"
"388","NV4093911702219990804-343",-7.15169951134864,2.02942059858023,-0.199861760583298,0.0961198265525963,"NV4093911702219990804-343-before","NV4093911702219990804","343",343,"before","fire",1362.10095214844,0.599130967444412,-49.1036421370755,0.388947015790204,90.8666666666667,233.622223536173,29.5555555555556,15.3333333333333,19.8888888888889,11.2222222222222,18.6666666666667,"0","485"
"389","NV4093911702219990804-371",-13.8972913661814,15.8482356076896,-0.0464715406357578,-0.0178332824015454,"NV4093911702219990804-371-before","NV4093911702219990804","371",371,"before","fire",1368.98791503906,0.190846510261798,-13.7483746421554,0.13371502451843,32.1777777777778,240.644444359673,42.1111111111111,14.7777777777778,10,7.22222222222222,13.4444444444444,"0","486"
"390","NV4093911702219990804-464",-9.59252730304552,1.47884642257205,-0.19171607029357,0.201143753640027,"NV4093911702219990804-464-before","NV4093911702219990804","464",464,"before","fire",1378.79968261719,0.715547892681824,-76.9704028249305,0.395696740373946,95.2222222222222,240.644444359673,30.6666666666667,12.7777777777778,20.3333333333333,10.1111111111111,16.6666666666667,"0","488"
"391","NV4093911702219990804-579",-13.7690868846971,14.0775877179858,0.133806629841097,-0.0829265493320132,"NV4093911702219990804-579-before","NV4093911702219990804","579",579,"before","fire",1373.20764160156,0.0268512614084512,44.3717264513402,0.211238341564855,50.8333333333333,240.644444359673,40.3333333333333,13.6666666666667,10.8888888888889,7,15.8888888888889,"0","489"
"392","NV4093911702219990804-583",-13.639748899952,14.7254786199112,0.110431737876926,-0.0889846439468695,"NV4093911702219990804-583-before","NV4093911702219990804","583",583,"before","fire",1366.30102539062,0.0144871326290479,44.3359742403401,0.1987256441738,47.8222222222222,240.644444359673,40.8888888888889,14.4444444444444,10.6666666666667,7.11111111111111,15,"0","490"
"393","NV4093911702219990804-588",-6.84110883784516,4.38298209699138,-0.186974603440585,0.107712341791246,"NV4093911702219990804-588-before","NV4093911702219990804","588",588,"before","fire",1363.35046386719,0.623235733981814,-54.1461624044749,0.391467704447196,91.4555555555556,233.622223536173,30.8888888888889,17.5555555555556,18.6666666666667,11,18.6666666666667,"0","491"
"394","NV4093911702219990804-591",-7.31512315009899,1.26533446506574,-0.403310687707773,0.0848908881435378,"NV4093911702219990804-591-before","NV4093911702219990804","591",591,"before","fire",1370.45422363281,0.721839194358547,-71.119005586054,0.41583400856578,96.6444444444444,232.41111225552,30.2222222222222,10.4444444444444,18.4444444444444,13.4444444444444,18.7777777777778,"0","492"
"395","NV4093911702219990804-65",-7.54722673094028,8.86499392973394,-0.0729341268978293,-0.0346705365923751,"NV4093911702219990804-65-before","NV4093911702219990804","65",65,"before","fire",1360.60986328125,0.262559406623526,-16.3995015043008,0.191996939342397,44.6222222222222,232.41111225552,32.8888888888889,15.8888888888889,13.6666666666667,10.2222222222222,17.2222222222222,"0","493"
"396","NV4093911702219990804-706",-7.79237172451974,4.46552976379273,-0.226558433287171,0.0829322769626167,"NV4093911702219990804-706-before","NV4093911702219990804","706",706,"before","fire",1367.5009765625,0.599068177430485,-55.5179842468769,0.36836272983703,88.6444444444444,240.644444359673,31.1111111111111,14.7777777777778,17.5555555555556,10.7777777777778,17.1111111111111,"0","494"
"397","NV4093911702219990804-901",-6.3085226652008,2.8388090237224,-0.187695121675685,0.116752353654631,"NV4093911702219990804-901-before","NV4093911702219990804","901",901,"before","fire",1368.20104980469,0.607104737406175,-55.9852710901233,0.37445747542972,90.1111111111111,240.644444359673,28.4444444444444,16.2222222222222,18.8888888888889,10.6666666666667,18.2222222222222,"0","495"
"398","NV4098611759420000807-201",17.6921713997951,-5.53425307205378,-0.0221761684244867,-0.0183613007616175,"NV4098611759420000807-201-before","NV4098611759420000807","201",201,"before","fire",1825.8046875,0.114275962910552,41.874136839796,0.236405468815635,81.0555555555556,342.866668701172,9.88888888888889,17.1111111111111,15.3333333333333,28.7777777777778,14.2222222222222,"0","497"
"399","NV4101611790220000802-150",1.00316018796537,5.94186816932102,0.0306571827398489,0.0140555796571304,"NV4101611790220000802-150-before","NV4101611790220000802","150",150,"before","fire",1392.79797363281,0.179639711404327,6.94541661283353,0.208784037181489,49.7555555555556,238.311109542847,20.3333333333333,19,12.3333333333333,10.5555555555556,15.7777777777778,"0","501"
"400","NV4101611790220000802-516",1.28391003022882,3.25808903012064,-0.022143674579976,0.00334030908391389,"NV4101611790220000802-516-before","NV4101611790220000802","516",516,"before","fire",1380.28259277344,0.158871830462063,5.53907780748276,0.182114883704979,43.4,238.311109542847,17.5555555555556,20,15,9.44444444444444,15.2222222222222,"0","502"
"401","NV4101611790220000802-806",-4.1353362626838,-15.3270024135557,-0.181297541844632,0.0977668790998804,"NV4101611790220000802-806-before","NV4101611790220000802","806",806,"before","fire",1439.51293945312,0.482013893595629,4.47062068474755,0.500769119370617,119.366666666667,238.366668489244,19.2222222222222,9.22222222222222,32.1111111111111,16.1111111111111,17,"0","504"
"402","NV4101611790220000802-867",-1.87311682367963,-1.87336367069173,-0.0604919568606926,-0.0252315243018182,"NV4101611790220000802-867-before","NV4101611790220000802","867",867,"before","fire",1319.80517578125,0.253844239953101,-4.41612469650637,0.23531331747543,56.0777777777778,238.311109542847,22.3333333333333,15.4444444444444,20.5555555555556,13.4444444444444,15.4444444444444,"0","505"
"403","NV4101711763219960827-550",-6.8257865947991,-0.491589294827782,NA,NA,"NV4101711763219960827-550-before","NV4101711763219960827","550",550,"before","fire",1369.04638671875,0.13460478722986,24.7178775006373,0.276092354616114,48.2333333333333,174.699996312459,24.6666666666667,14.3333333333333,20.8333333333333,8.83333333333333,18,"0","507"
"404","NV4103011783120010810-568",-0.834019358831109,-12.0879881696093,-0.0909112933659849,0.082929801060844,"NV4103011783120010810-568-before","NV4103011783120010810","568",568,"before","fire",1381.09387207031,0.363517788443295,23.922328219983,0.456802431628224,117.144444444444,256.444441477458,15.4444444444444,11.1111111111111,27.4444444444444,14.8888888888889,17.7777777777778,"0","508"
"405","NV4104211778619960826-215",-8.52899092821516,12.5267546390554,-0.142258470767453,-0.0295273989812016,"NV4104211778619960826-215-before","NV4104211778619960826","215",215,"before","fire",1301.31481933594,0.248598436714544,-10.147345058611,0.192307691448575,34.6666666666667,180.266667471992,34.7777777777778,17.3333333333333,11.2222222222222,8.44444444444444,13.7777777777778,"0","509"
"406","NV4104211778619960826-521",-4.47219865995931,10.0492860955889,-0.0684845849846957,-0.00925610367474383,"NV4104211778619960826-521-before","NV4104211778619960826","521",521,"before","fire",1345.96643066406,0.175277105643878,-1.18326631112309,0.169856461770761,37.0777777777778,218.28888575236,26.8888888888889,16.8888888888889,10.3333333333333,8,13.1111111111111,"0","510"
"407","NV4104211778619960826-843",-9.07797716118851,9.58670852305598,-0.140032643196659,-0.0279652852716163,"NV4104211778619960826-843-before","NV4104211778619960826","843",843,"before","fire",1301.1279296875,0.279076187800311,-13.3525787899941,0.205004930050628,36.9555555555556,180.266667471992,33.8888888888889,15.2222222222222,13.3333333333333,9,14.1111111111111,"0","511"
"408","NV4105511739819990806-221",-12.3713274721713,3.59241229980143,-0.206177611927336,0.0677379847144984,"NV4105511739819990806-221-before","NV4105511739819990806","221",221,"before","fire",1373.2861328125,0.394725488586064,-17.7778333359745,0.330886164190312,92.1444444444444,278.477780024211,33.1111111111111,11.7777777777778,19.1111111111111,8,13.4444444444444,"0","512"
"409","NV4105511739819990806-314",-11.7502452431435,3.28270088485753,-0.0710643671387594,-0.00112240151285975,"NV4105511739819990806-314-before","NV4105511739819990806","314",314,"before","fire",1354.89123535156,0.308709581705766,24.6979076810424,0.397398552434041,110.666666666667,278.477780024211,31.6666666666667,12.8888888888889,19.4444444444444,7.33333333333333,15.8888888888889,"0","513"
"410","NV4105511739819990806-650",-11.0806115987869,4.22594816123342,-0.101698000486419,0.0819106484639712,"NV4105511739819990806-650-before","NV4105511739819990806","650",650,"before","fire",1384.912109375,0.222077665488257,24.7074528652859,0.289298667222281,106.333333333333,367.555558946398,31,11.5555555555556,17.3333333333333,7.55555555555556,16.8888888888889,"0","515"
"411","NV4107011762520010812-253",-0.151138079854149,4.75861478079772,-0.0386751304843105,-0.0568941769181353,"NV4107011762520010812-253-before","NV4107011762520010812","253",253,"before","fire",1318.84875488281,0.163364236984124,8.54375647357823,0.201778489169389,44.8777777777778,222.411110136244,24.8888888888889,16.7777777777778,14,14.3333333333333,17.7777777777778,"0","518"
"412","NV4107011762520010812-804",-9.86292346619489,8.8598488036897,0.0211999190797727,-0.0238639532779602,"NV4107011762520010812-804-before","NV4107011762520010812","804",804,"before","fire",1321.00402832031,0.150563933957549,7.79988433650351,0.186355990078617,40.6111111111111,217.922220230102,34.2222222222222,16.2222222222222,15,8.33333333333333,16.8888888888889,"0","523"
"413","NV4108611692019990708-128",-4.40988327117501,-0.390517574919852,-0.340905945608878,0.0456682416791552,"NV4108611692019990708-128-before","NV4108611692019990708","128",128,"before","fire",1384.52673339844,0.746614846821599,-69.2452896698015,0.459289994177926,110.688888888889,241.000000635783,24.1111111111111,14.8888888888889,20,11.2222222222222,17,"0","525"
"414","NV4108611692019990708-224",-5.07304989274796,2.9415029520035,-0.210940148076068,0.0263692092441513,"NV4108611692019990708-224-before","NV4108611692019990708","224",224,"before","fire",1380.52038574219,0.662811615463623,-53.3931383777877,0.440381401207633,105.711111111111,240.04444970025,25.8888888888889,16.7777777777778,18,9.77777777777778,18.3333333333333,"0","527"
"415","NV4108611692019990708-393",-3.59221500174633,1.88653933741751,-0.2225428021978,0.059583762935483,"NV4108611692019990708-393-before","NV4108611692019990708","393",393,"before","fire",1383.89440917969,0.680002634371877,-59.3473019826229,0.433748269948397,104.533333333333,241.000000635783,22.8888888888889,16.3333333333333,17.6666666666667,9.66666666666667,15.3333333333333,"0","528"
"416","NV4108611692019990708-913",-6.20201942642465,-6.27483620708696,-0.12111800466332,0.0452084138559382,"NV4108611692019990708-913-before","NV4108611692019990708","913",913,"before","fire",1385.89831542969,0.501631930165547,-2.97107326660362,0.489303825357391,117.922222222222,241.000000635783,25.3333333333333,7.66666666666667,23.6666666666667,15,15.7777777777778,"0","529"
"417","NV4114511803919990804-115",-17.1632019614639,13.9325245316636,-0.0465824624706069,-0.00622795076162061,"NV4114511803919990804-115-before","NV4114511803919990804","115",115,"before","fire",1268.70056152344,0.132243655560869,-2.53319501511113,0.11995255885412,24.7222222222222,206.099998686049,41.8888888888889,15.4444444444444,13.5555555555556,3.55555555555556,14.1111111111111,"0","530"
"418","NV4114511803919990804-120",-6.54922504780146,11.6320492353612,0.00883482000299428,0.00481440122255883,"NV4114511803919990804-120-before","NV4114511803919990804","120",120,"before","fire",1349.54724121094,0.100129034424689,11.7343166702304,0.145378981553044,37.7,259.32221836514,27.6666666666667,17.7777777777778,10,5,15,"0","531"
"419","NV4114511803919990804-138",-12.5125515631291,7.78905383792176,-0.0191735785325199,-0.0175802211630628,"NV4114511803919990804-138-before","NV4114511803919990804","138",138,"before","fire",1276.02099609375,0.130829563097179,3.3755557771291,0.146103571314251,32.2888888888889,220.999997456869,34.6666666666667,15.3333333333333,16.7777777777778,6.11111111111111,15,"0","532"
"420","NV4114511803919990804-155",-8.97308040492819,7.99738866729173,0.0240821117626228,-0.00551881935344178,"NV4114511803919990804-155-before","NV4114511803919990804","155",155,"before","fire",1384.65588378906,0.133759765365985,8.58448334751519,0.168822324168785,41.3333333333333,244.833339055379,30.2222222222222,11.8888888888889,12.4444444444444,7.66666666666667,15.3333333333333,"0","533"
"421","NV4114511803919990804-170",-3.52629049741194,9.37829712368376,0.0102332692757126,0.0317444301476526,"NV4114511803919990804-170-before","NV4114511803919990804","170",170,"before","fire",1418.86962890625,0.141449244493352,9.42619124197857,0.177564919368745,46.3444444444444,261.000002755059,25.1111111111111,20.4444444444444,12.1111111111111,6.88888888888889,14.3333333333333,"0","534"
"422","NV4114511803919990804-179",-11.6272118911933,10.3520985102287,0.0572459606650766,-0.102945255327661,"NV4114511803919990804-179-before","NV4114511803919990804","179",179,"before","fire",1341.03454589844,0.0227886309814331,43.1761389398704,0.199137730766836,48.7555555555556,244.833339055379,36.5555555555556,14.6666666666667,13.7777777777778,7.88888888888889,13,"0","535"
"423","NV4114511803919990804-189",-9.12852456752017,-1.79304496522327,-0.105178368592232,-0.0521843180274481,"NV4114511803919990804-189-before","NV4114511803919990804","189",189,"before","fire",1271.70727539062,0.306522218790603,-17.0324761559019,0.231305199878765,52.3777777777778,226.44444571601,30.8888888888889,12.1111111111111,23.4444444444444,12.6666666666667,13.7777777777778,"0","536"
"424","NV4114511803919990804-206",-7.42089037302827,13.2983796721291,0.00425250232802979,-0.0142808698350579,"NV4114511803919990804-206-before","NV4114511803919990804","206",206,"before","fire",1309.14587402344,0.13036744313547,7.4327420962609,0.16104181886787,39.0222222222222,242.311112085978,30.6666666666667,18,9.33333333333333,5.66666666666667,17.4444444444444,"0","537"
"425","NV4114511803919990804-24",-7.24295889213999,13.5529838355234,0.0227843617142191,0.0353613216773626,"NV4114511803919990804-24-before","NV4114511803919990804","24",24,"before","fire",1436.43371582031,0.120233692260221,11.4523393221646,0.164112386517985,42.8333333333333,261.000002755059,30.8888888888889,19,9.55555555555556,5.66666666666667,14.3333333333333,"0","538"
"426","NV4114511803919990804-245",-15.9960681472449,6.52240005391997,-0.0204785362116134,-0.00594815062146514,"NV4114511803919990804-245-before","NV4114511803919990804","245",245,"before","fire",1270.81604003906,0.138002823507438,1.42208057192239,0.144603166531198,31.1555555555556,215.455555386014,38.2222222222222,15.8888888888889,20.5555555555556,5.22222222222222,13.8888888888889,"0","539"
"427","NV4114511803919990804-261",-16.3400099671243,13.2514594208791,-0.0391219536949524,-0.0162684872997825,"NV4114511803919990804-261-before","NV4114511803919990804","261",261,"before","fire",1268.81604003906,0.126737973405669,1.40152606984139,0.133538196980519,27.5222222222222,206.099998686049,40.3333333333333,14,12.8888888888889,4,14,"0","540"
"428","NV4114511803919990804-289",-17.9009435224718,11.2469759303,-0.0600608948333702,-0.0114110512777929,"NV4114511803919990804-289-before","NV4114511803919990804","289",289,"before","fire",1270.830078125,0.156550726132115,-2.92900425721715,0.142420667177273,29.5222222222222,207.288891474406,41.5555555555556,15.2222222222222,16.5555555555556,3.66666666666667,15.1111111111111,"0","541"
"429","NV4114511803919990804-30",-5.48926728799026,10.9160929588895,0.0256934925779246,0.0225447567097776,"NV4114511803919990804-30-before","NV4114511803919990804","30",30,"before","fire",1417.92395019531,0.106528104791672,12.2748955471895,0.153862635648977,39.9,259.32221836514,25.7777777777778,17.8888888888889,10,5,15.1111111111111,"0","542"
"430","NV4114511803919990804-310",-11.6589329531545,8.81934608105682,-0.0720783321597412,-0.0218205410913563,"NV4114511803919990804-310-before","NV4114511803919990804","310",310,"before","fire",1267.5419921875,0.220557521773948,-11.7698282028666,0.164761654433908,34.7555555555556,210.944443808661,36,15.3333333333333,15.6666666666667,7.88888888888889,15.2222222222222,"0","543"
"431","NV4114511803919990804-32",-14.5369977981093,8.24243845342269,-0.0135467161478763,-0.0154042796212579,"NV4114511803919990804-32-before","NV4114511803919990804","32",32,"before","fire",1274.720703125,0.121920012305247,5.76498936943663,0.148677221508361,32.0333333333333,215.455555386014,37.1111111111111,16.1111111111111,18,5.22222222222222,15,"0","544"
"432","NV4114511803919990804-323",-16.053128641223,14.6617941528615,-0.0165245842613172,-0.00332445119729008,"NV4114511803919990804-323-before","NV4114511803919990804","323",323,"before","fire",1270.68884277344,0.109727293241405,3.11420064922464,0.124181321329217,26.7555555555556,215.455555386014,41.1111111111111,14.8888888888889,11.8888888888889,4.11111111111111,13.5555555555556,"0","545"
"433","NV4114511803919990804-335",-7.0306352104138,1.65782407809822,-0.0224461650434433,-0.000738490436081901,"NV4114511803919990804-335-before","NV4114511803919990804","335",335,"before","fire",1301.00817871094,0.162118126099692,0.281860214162161,0.163426331932014,35.2111111111111,215.455555386014,23.5555555555556,17.6666666666667,20,5.55555555555556,15,"0","547"
"434","NV4114511803919990804-340",-4.77206505236983,8.85896243483202,0.109505293018468,-0.0498220066999329,"NV4114511803919990804-340-before","NV4114511803919990804","340",340,"before","fire",1353.16613769531,0.0191559483650024,48.2780752017364,0.204129414618349,53.2777777777778,261.000002755059,24,17.8888888888889,11.5555555555556,5.33333333333333,15.8888888888889,"0","548"
"435","NV4114511803919990804-350",-4.12376443936948,11.3795247226694,0.0316216111927863,0.0270650789726084,"NV4114511803919990804-350-before","NV4114511803919990804","350",350,"before","fire",1395.22619628906,0.120593514873279,9.40287006360971,0.156619836575789,40.8777777777778,261.000002755059,26.3333333333333,20.8888888888889,10.6666666666667,6.11111111111111,15.1111111111111,"0","549"
"436","NV4114511803919990804-352",-3.87990562918484,7.18588120682619,-0.019344587902832,0.000175527338004772,"NV4114511803919990804-352-before","NV4114511803919990804","352",352,"before","fire",1370.28125,0.132244193551355,4.71110141102479,0.15148626829984,37.0888888888889,244.833339055379,23.6666666666667,14.8888888888889,11.4444444444444,7.88888888888889,13.8888888888889,"0","550"
"437","NV4114511803919990804-41",1.24240949326522,1.51607246901032,0.0118469487479025,0.0480047578445698,"NV4114511803919990804-41-before","NV4114511803919990804","41",41,"before","fire",1540.39501953125,0.148659140936465,7.91688780200415,0.176992205119432,49.4555555555556,279.422223832872,15.1111111111111,15.4444444444444,14,9.44444444444444,11.6666666666667,"0","551"
"438","NV4114511803919990804-418",-3.20850351284281,5.62088341730221,0.0242401333361601,0.038029694676597,"NV4114511803919990804-418-before","NV4114511803919990804","418",418,"before","fire",1368.30883789062,0.114298972491727,12.0346345314254,0.160408682853376,41.8666666666667,261.000002755059,22.2222222222222,19.6666666666667,15,6.77777777777778,13.3333333333333,"0","552"
"439","NV4114511803919990804-425",-3.23185797371378,7.33219765528817,0.0508976787408293,0.0301816097341209,"NV4114511803919990804-425-before","NV4114511803919990804","425",425,"before","fire",1418.92492675781,0.126607909551923,24.7677560324224,0.22211748905717,57.6,259.32221836514,25.7777777777778,19.8888888888889,14.1111111111111,9,15.2222222222222,"0","553"
"440","NV4114511803919990804-438",-0.155223228743394,0.373337670191109,0.0129266297324621,0.0337470837908851,"NV4114511803919990804-438-before","NV4114511803919990804","438",438,"before","fire",1429.21813964844,0.161784459952378,5.98271530739516,0.183195481686188,51.1888888888889,279.422223832872,15.6666666666667,15.8888888888889,16.1111111111111,8.55555555555556,13.2222222222222,"0","554"
"441","NV4114511803919990804-483",-11.0909467067848,9.5816159023467,0.0039605568826333,0.0181482680990055,"NV4114511803919990804-483-before","NV4114511803919990804","483",483,"before","fire",1290.29638671875,0.134199525301189,2.30818896591513,0.144912588428198,31.2222222222222,215.455555386014,33.4444444444444,19,15.8888888888889,4.88888888888889,13.2222222222222,"0","555"
"442","NV4114511803919990804-484",-12.4515577247284,10.9114971186025,-0.0247778124472349,-0.0163579568710367,"NV4114511803919990804-484-before","NV4114511803919990804","484",484,"before","fire",1276.71606445312,0.13896928242044,-0.630592814380511,0.13604249404754,29.3111111111111,215.455555386014,36.1111111111111,17.4444444444444,14.7777777777778,5.33333333333333,15.6666666666667,"0","556"
"443","NV4114511803919990804-490",-7.70439517782551,9.3505487981548,0.0214066062711123,0.00986012952591228,"NV4114511803919990804-490-before","NV4114511803919990804","490",490,"before","fire",1347.802734375,0.131419841092341,8.90422001349665,0.168005843710778,40.8888888888889,243.377777735392,29.7777777777778,15.6666666666667,12.3333333333333,7.11111111111111,16.7777777777778,"0","557"
"444","NV4114511803919990804-496",-2.0525609156003,6.62607231784705,0.0387455734907766,0.0368818950675808,"NV4114511803919990804-496-before","NV4114511803919990804","496",496,"before","fire",1413.53515625,0.131723819985333,13.7311937320323,0.184333757100616,48.1111111111111,261.000002755059,22.6666666666667,21.3333333333333,14.4444444444444,7.66666666666667,14.3333333333333,"0","558"
"445","NV4114511803919990804-507",-17.7041880469522,10.8014732206819,-0.0381211551543961,-0.0191261152046503,"NV4114511803919990804-507-before","NV4114511803919990804","507",507,"before","fire",1272.52087402344,0.155103020637207,-1.01779987888526,0.15019296553659,31.1333333333333,207.288891474406,41.4444444444444,15.3333333333333,17,4,15.3333333333333,"0","559"
"446","NV4114511803919990804-528",-13.7176469898097,13.0219668879121,0.0844130195884242,-0.0923192132049893,"NV4114511803919990804-528-before","NV4114511803919990804","528",528,"before","fire",1265.19921875,0.0504934227484859,32.3317065029678,0.199335038363171,43.3,217.222222222222,41.5555555555556,15.4444444444444,13.2222222222222,8.11111111111111,14.6666666666667,"0","560"
"447","NV4114511803919990804-538",-9.46269024348871,11.3909745395897,-0.00325318838336888,0.0204822061766702,"NV4114511803919990804-538-before","NV4114511803919990804","538",538,"before","fire",1395.31811523438,0.1266852747582,14.5810268488396,0.182912723916871,47.4333333333333,259.32221836514,33.1111111111111,16.5555555555556,12,6.55555555555556,15,"0","561"
"448","NV4114511803919990804-541",-15.706002796982,13.4374721662407,-0.043560565625621,-0.0142479298416566,"NV4114511803919990804-541-before","NV4114511803919990804","541",541,"before","fire",1271.11596679688,0.154590023398194,-3.03878139702173,0.139845814682061,28.8222222222222,206.099998686049,40.2222222222222,15.3333333333333,13.1111111111111,4.22222222222222,14.4444444444444,"0","562"
"449","NV4114511803919990804-56",5.77338302606561,2.97018978401522,0.0264107040917348,0.0839550741532704,"NV4114511803919990804-56-before","NV4114511803919990804","56",56,"before","fire",1544.82312011719,0.153458700292164,11.786895364528,0.195641799413077,54.6666666666667,279.422223832872,14.4444444444444,20.1111111111111,13,12.5555555555556,12.6666666666667,"0","563"
"450","NV4114511803919990804-567",-3.78710473058142,1.37883995298971,-0.0826313475784245,0.0264020794578701,"NV4114511803919990804-567-before","NV4114511803919990804","567",567,"before","fire",1347.75207519531,0.27152387653146,25.3482116639139,0.357382106979567,105.511111111111,295.233334435357,25.2222222222222,14.6666666666667,18,12.2222222222222,14.8888888888889,"0","564"
"451","NV4114511803919990804-581",-2.9622171156117,8.33289864527651,0.076844358241153,0.008820609748179,"NV4114511803919990804-581-before","NV4114511803919990804","581",581,"before","fire",1362.90551757812,0.0507100275491238,35.2082691093754,0.176713852965796,49.3777777777778,279.422223832872,23.3333333333333,19.6666666666667,12.2222222222222,6.77777777777778,13.7777777777778,"0","565"
"452","NV4114511803919990804-587",1.32739413639046,6.11431872903583,0.0174141868566417,0.0304592020209184,"NV4114511803919990804-587-before","NV4114511803919990804","587",587,"before","fire",1422.0009765625,0.107368066364323,3.93230946117883,0.121441068172264,33.9333333333333,279.422223832872,14.6666666666667,19,10.6666666666667,5.88888888888889,10.4444444444444,"0","566"
"453","NV4114511803919990804-596",-8.72893687865381,-8.48039884243232,-0.183421717123502,0.174042689073756,"NV4114511803919990804-596-before","NV4114511803919990804","596",596,"before","fire",1306.02746582031,0.661596148843453,-51.2800523321057,0.425524296675192,92.4333333333333,217.222222222222,26.7777777777778,13.1111111111111,30.1111111111111,12.4444444444444,14.1111111111111,"0","567"
"454","NV4114511803919990804-62",-12.2307834851663,8.18121319593587,-0.0410969224150026,-0.00847174892846078,"NV4114511803919990804-62-before","NV4114511803919990804","62",62,"before","fire",1277.69738769531,0.155695961104787,-1.13444866007992,0.150430612258026,32.4111111111111,215.455555386014,35,15.7777777777778,16.5555555555556,6.44444444444444,15.3333333333333,"0","568"
"455","NV4114511803919990804-622",-16.403151720674,12.6776255564237,-0.0507344456706121,-0.0197169423976727,"NV4114511803919990804-622-before","NV4114511803919990804","622",622,"before","fire",1270.81604003906,0.138222393645887,1.07903151786693,0.143457869263286,29.5666666666667,206.099998686049,41.7777777777778,14.4444444444444,14.1111111111111,5.33333333333333,14.4444444444444,"0","569"
"456","NV4114511803919990804-633",-12.0650537480369,10.2880312867147,0.103778139168539,-0.0479663997780104,"NV4114511803919990804-633-before","NV4114511803919990804","633",633,"before","fire",1341.03698730469,0.0515105309757562,34.7551713713567,0.193464937616003,47.3666666666667,244.833339055379,37.8888888888889,15.3333333333333,14.6666666666667,8.33333333333333,14.7777777777778,"0","570"
"457","NV4114511803919990804-636",-12.99724772686,4.39966428033157,-0.0624287925365545,-0.0210312222721212,"NV4114511803919990804-636-before","NV4114511803919990804","636",636,"before","fire",1272.89001464844,0.25885078806847,-15.8708787828728,0.188763492561223,42.7444444444444,226.44444571601,35.5555555555556,12.7777777777778,19.5555555555556,8.66666666666667,13.6666666666667,"0","571"
"458","NV4114511803919990804-646",-8.93022809405726,4.98713106745385,-0.00574135836676776,-0.0168603639725732,"NV4114511803919990804-646-before","NV4114511803919990804","646",646,"before","fire",1267.53894042969,0.203175068396559,-4.34754068758777,0.18256518358949,38.5111111111111,210.944443808661,31.6666666666667,17,18.6666666666667,8.88888888888889,14.4444444444444,"0","572"
"459","NV4114511803919990804-653",-8.88208759003593,9.70209486453777,0.00547837239754254,-0.00588098568803316,"NV4114511803919990804-653-before","NV4114511803919990804","653",653,"before","fire",1355.12280273438,0.137763897561258,9.69605455441059,0.177778796056587,43.0777777777778,242.311112085978,31.6666666666667,16,13,7,16.1111111111111,"0","573"
"460","NV4114511803919990804-656",-16.0481140769286,11.1774274063896,-0.0265499199147189,-0.00953603515070456,"NV4114511803919990804-656-before","NV4114511803919990804","656",656,"before","fire",1270.11596679688,0.12346811839064,2.77544318414246,0.136934606512119,28.2222222222222,206.099998686049,39,13.8888888888889,14.6666666666667,4.22222222222222,14.3333333333333,"0","574"
"461","NV4114511803919990804-660",-5.37970993410884,5.96839577803075,0.0464646688688786,0.0139174557138088,"NV4114511803919990804-660-before","NV4114511803919990804","660",660,"before","fire",1317.19543457031,0.355588891319553,20.5581908300304,0.450230179028133,97.8,217.222222222222,29.8888888888889,17.2222222222222,16,11.3333333333333,14.3333333333333,"0","575"
"462","NV4114511803919990804-667",-10.6386173437379,11.433073444959,0.0530562023278112,0.0563615773214311,"NV4114511803919990804-667-before","NV4114511803919990804","667",667,"before","fire",1292.29150390625,0.145775282197365,-0.160781439336399,0.145047764363942,32.0555555555556,220.999997456869,33.3333333333333,17.6666666666667,13,4.88888888888889,13.4444444444444,"0","576"
"463","NV4114511803919990804-699",-3.90329286153442,9.38495229365315,0.0213805553779162,0.00709499815940229,"NV4114511803919990804-699-before","NV4114511803919990804","699",699,"before","fire",1424.82238769531,0.115015398607175,15.6517294648143,0.175371698053819,45.4777777777778,259.32221836514,24.8888888888889,18.5555555555556,11.2222222222222,6.77777777777778,15.1111111111111,"0","577"
"464","NV4114511803919990804-727",-11.2027085135179,5.47761457350255,0.0114378570948682,-0.0039910003200451,"NV4114511803919990804-727-before","NV4114511803919990804","727",727,"before","fire",1344.9970703125,0.173838012973709,2.21312528557366,0.183611382678476,41.5777777777778,226.44444571601,34.5555555555556,13.5555555555556,17.8888888888889,9.33333333333333,14.1111111111111,"0","578"
"465","NV4114511803919990804-751",-0.941931264761004,6.86589274967459,0.0474065678162054,0.0192059710197482,"NV4114511803919990804-751-before","NV4114511803919990804","751",751,"before","fire",1367.96118164062,0.139221686167917,11.7094828426115,0.187545853977673,45.4444444444444,242.311112085978,19.7777777777778,18.3333333333333,11.5555555555556,7.33333333333333,15.5555555555556,"0","579"
"466","NV4114511803919990804-756",-9.99049438789976,2.75621368727816,0.0529555343627148,-0.114360071854846,"NV4114511803919990804-756-before","NV4114511803919990804","756",756,"before","fire",1271.09631347656,0.118261388662135,33.2981431725749,0.265309125104896,60.0777777777778,226.44444571601,33.3333333333333,12.4444444444444,19.5555555555556,11.4444444444444,14.1111111111111,"0","580"
"467","NV4114511803919990804-805",-16.1846234540962,7.88887444496156,-0.0332384349755252,-0.00985142408938347,"NV4114511803919990804-805-before","NV4114511803919990804","805",805,"before","fire",1269.81604003906,0.147421990467879,0.327439069386614,0.14901072929114,30.7111111111111,206.099998686049,37.8888888888889,16,19.1111111111111,4,15.2222222222222,"0","581"
"468","NV4114511803919990804-813",-18.7844060139379,22.9045772172376,0.0105366667468833,-0.0183825116136179,"NV4114511803919990804-813-before","NV4114511803919990804","813",813,"before","fire",1316.91821289062,0.0368037844193177,12.249767720717,0.0837377598653374,21.8555555555556,261.000002755059,51.1111111111111,13.2222222222222,5.44444444444444,6,14,"0","582"
"469","NV4114511803919990804-842",-13.771575671021,14.6813726177309,0.08915577027066,-0.0857715364180595,"NV4114511803919990804-842-before","NV4114511803919990804","842",842,"before","fire",1264.6494140625,0.024535143443524,34.7642578389209,0.189190612008323,39.9444444444444,211.133332782322,42.2222222222222,17.1111111111111,12.4444444444444,7.33333333333333,14.2222222222222,"0","583"
"470","NV4114511803919990804-866",-2.84804293470844,-12.7539677411807,-0.114124956122599,0.0720317381468099,"NV4114511803919990804-866-before","NV4114511803919990804","866",866,"before","fire",1321.48986816406,0.505578040690208,11.5105478278493,0.558567774936061,121.333333333333,217.222222222222,20,11.7777777777778,30.3333333333333,16.4444444444444,12.8888888888889,"0","584"
"471","NV4114511803919990804-874",-11.7113329008994,11.8484170117642,-0.0207397032434107,-0.00760368942557119,"NV4114511803919990804-874-before","NV4114511803919990804","874",874,"before","fire",1276.97534179688,0.140754839058852,1.615403148174,0.14806435565054,32.7222222222222,220.999997456869,35.7777777777778,15.5555555555556,12.4444444444444,6.11111111111111,15.7777777777778,"0","585"
"472","NV4114511803919990804-876",-1.69370490457758,5.80836217520291,0.00451404803417996,0.0238165749492181,"NV4114511803919990804-876-before","NV4114511803919990804","876",876,"before","fire",1368.33190917969,0.142529518239821,6.79979534672944,0.168582373699408,44,261.000002755059,21.1111111111111,21.4444444444444,14.8888888888889,7.11111111111111,14.3333333333333,"0","586"
"473","NV4114511803919990804-884",-1.11685481217678,7.02267118743439,-0.215102500344616,-0.0189727854416464,"NV4114511803919990804-884-before","NV4114511803919990804","884",884,"before","fire",1272.48999023438,0.424105087659575,-15.8400155202049,0.353221962266305,78.9333333333333,223.466663360596,23.7777777777778,21.6666666666667,14.1111111111111,9.55555555555556,16.8888888888889,"0","587"
"474","NV4114511803919990804-89",-11.5823130745067,3.00377956993763,-0.0363413729461303,-0.0222453664166258,"NV4114511803919990804-89-before","NV4114511803919990804","89",89,"before","fire",1272.90905761719,0.21320272328172,-6.35635027645063,0.185132481786716,41.9222222222222,226.44444571601,33.2222222222222,12.3333333333333,19.7777777777778,9.22222222222222,14.1111111111111,"0","588"
"475","NV4114511803919990804-897",0.935219955353365,6.31359286090629,0.0303708709335402,0.0431450062905372,"NV4114511803919990804-897-before","NV4114511803919990804","897",897,"before","fire",1387.1611328125,0.145291698229998,6.96775525057223,0.171988078218588,44.8888888888889,261.000002755059,17.6666666666667,21,12.3333333333333,7.33333333333333,13.8888888888889,"0","589"
"476","NV4114811712320010704-280",-5.15857515122409,-7.35582052732936,-0.0069173942600749,-0.102831176038277,"NV4114811712320010704-280-before","NV4114811712320010704","280",280,"before","fire",1391.93237304688,0.204111148883232,18.9853958720953,0.280371330969907,69.8,248.95555390252,22,12.8888888888889,26.3333333333333,12.3333333333333,16.8888888888889,"0","593"
"477","NV4114811712320010704-287",3.88151263235691,-3.93088324277114,-0.0445530453662623,0.471491703799475,"NV4114811712320010704-287-before","NV4114811712320010704","287",287,"before","fire",1407.51428222656,0.230229128824198,17.9276241535216,0.302240473309171,75.2444444444444,248.95555390252,18.3333333333333,17.4444444444444,20.7777777777778,17.6666666666667,15.6666666666667,"0","594"
"478","NV4114811712320010704-395",-2.11227361888604,-11.5352204871299,-0.00837392893994937,-0.0901105404289848,"NV4114811712320010704-395-before","NV4114811712320010704","395",395,"before","fire",1428.75939941406,0.214904616714287,15.8765605920161,0.277266177170185,70.5888888888889,254.58889219496,19,11.8888888888889,28.5555555555556,15.8888888888889,15.3333333333333,"0","595"
"479","NV4114811712320010704-946",-0.522585928118296,-3.26190418635257,-0.0320254229649276,-0.0366833256613341,"NV4114811712320010704-946-before","NV4114811712320010704","946",946,"before","fire",1419.05822753906,0.253818196450506,2.59943920101453,0.264259575083225,65.7888888888889,248.95555390252,19.4444444444444,15.6666666666667,21,13.2222222222222,17.1111111111111,"0","599"
"480","NV4115111737319960826-103",3.89051648011643,-0.246509669284835,-0.285827098536045,0.128077901683461,"NV4115111737319960826-103-before","NV4115111737319960826","103",103,"before","fire",1624.22241210938,0.541422480475278,-52.191236820759,0.357815737119568,101.711111111111,284.255555470785,16.7777777777778,17.7777777777778,16.5555555555556,14.4444444444444,15.5555555555556,"0","600"
"481","NV4115111737319960826-105",31.3907579623779,7.3881806547127,0.108341942378576,-0.192928086520687,"NV4115111737319960826-105-before","NV4115111737319960826","105",105,"before","fire",2281.45629882812,0.0048137122962102,179.655659355462,0.510253198650155,181.366666666667,355.444448259142,10.3333333333333,36.5555555555556,6.33333333333333,34.6666666666667,11.2222222222222,"0","601"
"482","NV4115111737319960826-106",8.09286814793522,-4.0190308055589,-0.387636319197489,0.235447295311615,"NV4115111737319960826-106-before","NV4115111737319960826","106",106,"before","fire",1553.19299316406,0.713000444140103,-46.554081907899,0.51025838874479,117.166666666667,229.622225231595,17.3333333333333,17.4444444444444,19.1111111111111,22.2222222222222,14.6666666666667,"0","602"
"483","NV4115111737319960826-111",25.4166715114613,2.42622634692457,-0.0817602302351108,0.00990095963712218,"NV4115111737319960826-111-before","NV4115111737319960826","111",111,"before","fire",1718.55187988281,0.203136181404313,108.090646812316,0.494695201759398,183.4,370.733331044515,11.4444444444444,26,8.77777777777778,33.5555555555556,12.3333333333333,"0","603"
"484","NV4115111737319960826-12",-2.15114419788096,5.28750650410305,-0.166950468330111,-0.021594975651318,"NV4115111737319960826-12-before","NV4115111737319960826","12",12,"before","fire",1441.59729003906,0.31418253561179,-4.61661488626362,0.291673442710757,59.8222222222222,205.099996990628,22.2222222222222,16.2222222222222,13.2222222222222,9.33333333333333,18.2222222222222,"0","604"
"485","NV4115111737319960826-127",30.0255775915501,5.40132186725235,0.0866867310778717,-0.316975478307789,"NV4115111737319960826-127-before","NV4115111737319960826","127",127,"before","fire",2310.62939453125,-0.045311159725771,231.933930483376,0.713138576882019,218.077777777778,305.800001356337,7.77777777777778,32.3333333333333,6.22222222222222,32.8888888888889,12.1111111111111,"0","605"
"486","NV4115111737319960826-172",24.4130388421806,0.573327315016195,-0.221054118500541,-0.0240899522819711,"NV4115111737319960826-172-before","NV4115111737319960826","172",172,"before","fire",1959.74108886719,0.328763683109678,17.4774201817928,0.380363466790695,128.833333333333,338.71111339993,9.66666666666667,25,10.2222222222222,31.8888888888889,13.1111111111111,"0","606"
"487","NV4115111737319960826-192",14.1804833492756,6.78103159337561,-0.202843259708763,0.0913478725974944,"NV4115111737319960826-192-before","NV4115111737319960826","192",192,"before","fire",1905.29357910156,0.289468178616629,19.2733867989572,0.341455375841804,126.588888888889,370.733331044515,19.5555555555556,22,8,25.4444444444444,17.3333333333333,"0","607"
"488","NV4115111737319960826-240",8.39367846402701,4.30014819703839,-0.160022012073929,-0.0338460231154397,"NV4115111737319960826-240-before","NV4115111737319960826","240",240,"before","fire",1555.70349121094,0.299041687312445,12.8085946788767,0.348863345830157,89.6888888888889,257.088885837131,18.5555555555556,22,12.5555555555556,18.3333333333333,17.8888888888889,"0","608"
"489","NV4115111737319960826-295",23.9588342520466,4.88045854848908,-0.120878355023254,-0.0152464231122248,"NV4115111737319960826-295-before","NV4115111737319960826","295",295,"before","fire",1957.32629394531,0.238847001862414,43.6142703157752,0.361550480646186,128.511111111111,355.444448259142,10.1111111111111,28.2222222222222,7.44444444444444,28.6666666666667,11.5555555555556,"0","609"
"490","NV4115111737319960826-351",24.5108949497989,2.48611420644367,-0.140685835437209,-0.0288705744116386,"NV4115111737319960826-351-before","NV4115111737319960826","351",351,"before","fire",2132.7392578125,0.19771540602665,83.3093724661722,0.443675367688154,150.277777777778,338.71111339993,13,23.6666666666667,8.22222222222222,34.4444444444444,14.2222222222222,"0","610"
"491","NV4115111737319960826-356",12.7849063364782,-1.26287540151448,-0.314986928510999,0.0990433108065131,"NV4115111737319960826-356-before","NV4115111737319960826","356",356,"before","fire",1802.96264648438,0.419640456513095,-7.3969265063627,0.399688307928228,148.177777777778,370.733331044515,17,17.6666666666667,14.4444444444444,26.5555555555556,15.2222222222222,"0","611"
"492","NV4115111737319960826-388",10.3517648262059,-6.71499901351614,-0.215423855466244,0.120042971548217,"NV4115111737319960826-388-before","NV4115111737319960826","388",388,"before","fire",1805.97412109375,0.354184152629439,-3.39279071350264,0.344638945973042,122.5,355.444448259142,14.8888888888889,14.2222222222222,19,25.2222222222222,15.5555555555556,"0","612"
"493","NV4115111737319960826-47",27.4495394041653,7.29869297504193,-0.114474808865499,-0.0133570554571305,"NV4115111737319960826-47-before","NV4115111737319960826","47",47,"before","fire",2565.62670898438,0.128865933869071,40.2397636809535,0.242075646042198,86.0444444444445,355.444448259142,11.1111111111111,32.5555555555556,6,31.5555555555556,10.7777777777778,"0","613"
"494","NV4115111737319960826-512",21.075391877941,2.65472494963817,-0.353402073482152,0.171175337628485,"NV4115111737319960826-512-before","NV4115111737319960826","512",512,"before","fire",1877.10266113281,0.412159506691878,28.9224137713676,0.493529222587064,175.422222222222,355.444448259142,12,19.8888888888889,7.11111111111111,30.2222222222222,15,"0","614"
"495","NV4115111737319960826-671",19.6082938563374,5.40056822883713,-0.0930204731499969,-0.0424783893283429,"NV4115111737319960826-671-before","NV4115111737319960826","671",671,"before","fire",2332.04150390625,0.133844843279322,66.8367046393611,0.321881834619901,114.411111111111,355.444448259142,13.3333333333333,22.7777777777778,6.44444444444444,27.3333333333333,14.7777777777778,"0","615"
"496","NV4115111737319960826-673",30.3521476120196,2.57081353072136,-0.162968981282015,0.00636497735274483,"NV4115111737319960826-673-before","NV4115111737319960826","673",673,"before","fire",1804.28747558594,0.310559660202057,43.0207382407944,0.426601932742231,158.155555555556,370.733331044515,8.55555555555556,28.3333333333333,7.33333333333333,36.5555555555556,12.7777777777778,"0","616"
"497","NV4115111737319960826-69",8.3069370622885,-19.9971125863232,-0.351198760279611,0.0961787916837037,"NV4115111737319960826-69-before","NV4115111737319960826","69",69,"before","fire",1659.32995605469,0.527815836525328,-16.1092087961827,0.482494524362258,171.5,355.444448259142,10,10.4444444444444,31.1111111111111,25.7777777777778,11.6666666666667,"0","617"
"498","NV4115111737319960826-742",26.7716319700583,3.93133600165072,-0.243361721766948,-0.0799760685438554,"NV4115111737319960826-742-before","NV4115111737319960826","742",742,"before","fire",2205.197265625,0.479376790290403,106.552625711434,0.779149725929983,276.944444444444,355.444448259142,10.3333333333333,32,9.44444444444444,31.7777777777778,10.7777777777778,"0","619"
"499","NV4115111737319960826-81",13.3638506963396,-1.73146123338271,-0.131278476972675,-0.0111675344964399,"NV4115111737319960826-81-before","NV4115111737319960826","81",81,"before","fire",1675.38745117188,0.250950097276516,9.25596869920621,0.278277127105258,94.2555555555556,338.71111339993,18.3333333333333,16.6666666666667,14.5555555555556,29,14.6666666666667,"0","620"
"500","NV4115111737319960826-826",7.60474323809614,-8.26117671922207,-0.369982491444731,0.197923321989765,"NV4115111737319960826-826-before","NV4115111737319960826","826",826,"before","fire",1564.19494628906,0.673339323554927,-42.9914515883968,0.486112448869622,111.622222222222,229.622225231595,14.5555555555556,15.4444444444444,22.2222222222222,21.7777777777778,15.2222222222222,"0","621"
"501","NV4115111737319960826-880",15.2976810250455,-3.22666000876874,-0.111990144056282,0.000364037553979346,"NV4115111737319960826-880-before","NV4115111737319960826","880",880,"before","fire",1775.17907714844,0.260208593012601,36.686679966695,0.368521188954434,124.822222222222,338.71111339993,13.5555555555556,16.2222222222222,14.1111111111111,28.1111111111111,15,"0","622"
"502","NV4115111737319960826-893",18.3737821968856,3.734182006668,-0.0904379060918504,-0.00627647691055316,"NV4115111737319960826-893-before","NV4115111737319960826","893",893,"before","fire",1946.29052734375,0.174052104206774,45.0730836321155,0.295630284148473,109.6,370.733331044515,13.3333333333333,24.2222222222222,9.44444444444444,26.1111111111111,15.2222222222222,"0","623"
"503","NV4115111737319960826-92",0.17788005507003,5.91806612295884,-0.171094249614671,-0.0273559812148501,"NV4115111737319960826-92-before","NV4115111737319960826","92",92,"before","fire",1521.31274414062,0.240629887832938,18.18303729679,0.307018260329338,84.0888888888889,273.888884650336,24.4444444444444,15.7777777777778,12,14.1111111111111,18.2222222222222,"0","624"
"504","NV4118411702820010812-378",2.79845118378971,5.50263787320809,-0.00681889133282654,0.0704172328782188,"NV4118411702820010812-378-before","NV4118411702820010812","378",378,"before","fire",1594.44091796875,0.172315025918015,21.3750918983867,0.236393310610332,78.8555555555556,333.577779134115,21.1111111111111,17.4444444444444,11.5555555555556,14.2222222222222,15.5555555555556,"0","629"
"505","NV4118411702820010812-638",-0.197184532127721,-18.5703023977916,-0.0630196368537473,0.00608060657935144,"NV4118411702820010812-638-before","NV4118411702820010812","638",638,"before","fire",1548.34228515625,0.281846783938984,2.70738427115378,0.291816693261134,79.2444444444444,271.555556191338,12.7777777777778,8.55555555555556,32.3333333333333,17.2222222222222,15.2222222222222,"0","630"
"506","NV4118411702820010812-780",0.754077208869761,-17.0391588208239,-0.0960418107074418,0.00602432433040639,"NV4118411702820010812-780-before","NV4118411702820010812","780",780,"before","fire",1519.04956054688,0.247238627592792,4.98319919427839,0.265589197414192,72.1222222222222,271.555556191338,13.6666666666667,10.5555555555556,31.5555555555556,17.8888888888889,12.8888888888889,"0","632"
"507","NV4118411702820010812-900",1.89059283776612,-3.31533212784618,-0.0377208448809006,0.0427904451561661,"NV4118411702820010812-900-before","NV4118411702820010812","900",900,"before","fire",1520.54943847656,0.214930254607022,5.79005072339972,0.236252045273386,64.1555555555556,271.555556191338,16.5555555555556,16.4444444444444,19.8888888888889,13.5555555555556,16.2222222222222,"0","633"
"508","NV4118711774819960826-1",-3.97796194945989,4.77994421489982,-0.0947859131636846,-0.0184606222258703,"NV4118711774819960826-1-before","NV4118711774819960826","1",1,"before","fire",1356.73901367188,0.285048298052084,-3.35850319404309,0.267465534528602,51.0888888888889,191.011110941569,25.8888888888889,17.7777777777778,16.1111111111111,10,22,"0","637"
"509","NV4118711774819960826-126",15.0483795770878,0.80796352486594,0.0261588702047227,0.025734513877627,"NV4118711774819960826-126-before","NV4118711774819960826","126",126,"before","fire",1806.90612792969,0.226572172384402,42.5106631064933,0.357575756174583,116.033333333333,324.500001271566,13.8888888888889,21.8888888888889,12.7777777777778,24.4444444444444,13.3333333333333,"0","638"
"510","NV4118711774819960826-140",13.8098985086219,4.95961187236695,0.0552744348471515,0.0232846145497178,"NV4118711774819960826-140-before","NV4118711774819960826","140",140,"before","fire",1783.40380859375,0.132761298060669,58.5189586104983,0.313097071192223,101.6,324.500001271566,16,23.2222222222222,9.88888888888889,22.3333333333333,12.8888888888889,"0","639"
"511","NV4118711774819960826-17",10.0797246824348,3.38180919742085,0.018993654938363,0.019269545167262,"NV4118711774819960826-17-before","NV4118711774819960826","17",17,"before","fire",1608.41796875,0.141447936912857,29.533477625251,0.232460194261155,75.4333333333333,324.500001271566,14.5555555555556,23.3333333333333,12.6666666666667,17,11.7777777777778,"0","640"
"512","NV4118711774819960826-469",17.9253562180054,8.89577944579205,0.0250433782098031,-0.0164785062127523,"NV4118711774819960826-469-before","NV4118711774819960826","469",469,"before","fire",2271.2890625,0.0888242651317994,43.7431925184519,0.223626090546414,72.5666666666667,324.500001271566,15.2222222222222,30.3333333333333,7.55555555555556,22.8888888888889,10.2222222222222,"0","642"
"513","NV4118711774819960826-552",27.0099409326268,-0.7133474026644,-0.060123587183415,-0.0395680814826121,"NV4118711774819960826-552-before","NV4118711774819960826","552",552,"before","fire",1863.0517578125,0.231827202381601,60.1873787935601,0.443019221417595,126.255555555556,284.988888634576,8.88888888888889,25.1111111111111,10.5555555555556,35.1111111111111,12.7777777777778,"0","645"
"514","NV4118711774819960826-595",-5.05669478284104,0.0340163981913836,-0.0113468437896536,0.0674885708838372,"NV4118711774819960826-595-before","NV4118711774819960826","595",595,"before","fire",1411.36791992188,0.242404874015825,63.1939784350554,0.499977363785442,122.666666666667,245.344440672133,25.5555555555556,14.2222222222222,19.7777777777778,11.6666666666667,19.6666666666667,"0","646"
"515","NV4118711774819960826-598",11.2917069561855,7.63579706716558,-0.0323037358190732,-0.0169459118097505,"NV4118711774819960826-598-before","NV4118711774819960826","598",598,"before","fire",1647.96325683594,0.16705755151099,30.7682318346473,0.275020468879672,78.3777777777778,284.988888634576,15.1111111111111,23,7.55555555555556,17.1111111111111,15.3333333333333,"0","647"
"516","NV4118711774819960826-845",16.965619882938,0.776515662236368,0.0148911584711401,0.0199684774264585,"NV4118711774819960826-845-before","NV4118711774819960826","845",845,"before","fire",1822.72106933594,0.155783849349055,45.6814740214757,0.296558807261138,96.2333333333333,324.500001271566,11.1111111111111,21.2222222222222,11.1111111111111,24.6666666666667,12.4444444444444,"0","649"
"517","NV4118711774819960826-9",-7.00527117057661,-8.95728196161536,-0.0853165348653923,-0.0323165001486505,"NV4118711774819960826-9-before","NV4118711774819960826","9",9,"before","fire",1423.12414550781,0.346374192151583,-4.18314177190617,0.326319711963841,68.0666666666667,208.588890499539,24.7777777777778,10.5555555555556,28.2222222222222,13.8888888888889,13.6666666666667,"0","650"
"518","NV4118711774819960826-923",24.3327088458357,2.98011220663172,0.296562385230999,-0.245986162412487,"NV4118711774819960826-923-before","NV4118711774819960826","923",923,"before","fire",1913.736328125,-0.109966331917084,215.150293831382,0.644976412911316,183.811111111111,284.988888634576,11.6666666666667,25.2222222222222,8.22222222222222,32.3333333333333,13.6666666666667,"0","651"
"519","NV4123711703420000630-235",-4.3641703883458,1.19418237200093,0.0405295692527595,-0.0463085823538031,"NV4123711703420000630-235-before","NV4123711703420000630","235",235,"before","fire",1504.01574707031,0.182871326141589,28.3616698776726,0.296626407662001,73.9555555555555,249.32222366333,30.7777777777778,12.5555555555556,18.6666666666667,17.1111111111111,16.1111111111111,"0","654"
"520","NV4123711703420000630-263",-1.24586094466616,-1.75865569481844,0.0779438637692447,0.0196478854072399,"NV4123711703420000630-263-before","NV4123711703420000630","263",263,"before","fire",1442.76171875,0.345988173159754,29.5596815288192,0.464548328345658,115.822222222222,249.32222366333,23.7777777777778,15.8888888888889,20.7777777777778,15.3333333333333,15.2222222222222,"0","655"
"521","NV4123711703420000630-497",-1.07967802394138,-5.37891491556141,-0.0192615095905037,0.0862319084865052,"NV4123711703420000630-497-before","NV4123711703420000630","497",497,"before","fire",1452.13366699219,0.461779010272824,-7.92065857116116,0.430010247525639,107.211111111111,249.32222366333,21.6666666666667,16.8888888888889,24.6666666666667,15.1111111111111,16.6666666666667,"0","658"
"522","NV4123711703420000630-558",0.403001843475026,-5.60450062630088,-0.0802477934817781,0.109096708651434,"NV4123711703420000630-558-before","NV4123711703420000630","558",558,"before","fire",1458.57360839844,0.485819119930384,-13.6255032792053,0.431168944430568,107.5,249.32222366333,19.6666666666667,16.2222222222222,23.5555555555556,15.5555555555556,16.3333333333333,"0","660"
"523","NV4123711703420000630-605",0.599229139187681,-9.93996511484879,0.0475298071126939,0.089712562885689,"NV4123711703420000630-605-before","NV4123711703420000630","605",605,"before","fire",1458.04602050781,0.44746597815491,-2.60765713171368,0.437006994220791,108.955555555556,249.32222366333,17.8888888888889,15.7777777777778,27.5555555555556,16.4444444444444,15.7777777777778,"0","661"
"524","NV4123711703420000630-755",1.00380890897805,-2.83638959262902,0.0231572893432948,0.0932298043237456,"NV4123711703420000630-755-before","NV4123711703420000630","755",755,"before","fire",1430.87255859375,0.46746634753126,-4.38992764434272,0.449474021403832,109.666666666667,243.988887998793,19.6666666666667,17.3333333333333,20.8888888888889,14.6666666666667,16.4444444444444,"0","664"
"525","NV4123711703420000630-796",-3.60258612003869,-7.27379991252267,0.0762787824841318,0.0126719237384658,"NV4123711703420000630-796-before","NV4123711703420000630","796",796,"before","fire",1451.9384765625,0.387796630698995,23.9136817049794,0.483711392542572,120.6,249.32222366333,22.6666666666667,12.1111111111111,25.4444444444444,15.1111111111111,15.2222222222222,"0","665"
"526","NV4123711703420000630-918",-1.89217223584336,6.31642424961593,0.0153715667509431,0.0148312562355854,"NV4123711703420000630-918-before","NV4123711703420000630","918",918,"before","fire",1468.30041503906,0.180674313884733,5.73627102719434,0.201500663788326,55.5,275.433335834079,26,19,14.3333333333333,11.6666666666667,15.3333333333333,"0","667"
"527","NV4123711703420000630-940",-5.47183658765411,-9.28706380408134,0.0809019467552337,0.0520360762889013,"NV4123711703420000630-940-before","NV4123711703420000630","940",940,"before","fire",1459.13208007812,0.398889529184153,15.1590866988994,0.459690714398068,114.611111111111,249.32222366333,25.3333333333333,11.1111111111111,28.4444444444444,16.3333333333333,14,"0","669"
"528","NV4132211765719990818-511",-1.94416580743444,-0.0316130954145921,-0.0593127436522466,0.0915834229210676,"NV4132211765719990818-511-before","NV4132211765719990818","511",511,"before","fire",1426.94360351562,0.233332258573766,6.50965254472728,0.251099316212482,92,366.388891008165,20.8888888888889,15,18,11.3333333333333,17.5555555555556,"0","671"
"529","NV4133911718219960826-282",1.72499323901519,4.25322439777257,-0.0946377065770744,-0.0186783839350844,"NV4133911718219960826-282-before","NV4133911718219960826","282",282,"before","fire",1511.40441894531,0.282064090353616,-3.45297073229395,0.266421700394801,58.8111111111111,220.74444770813,18.7777777777778,20.5555555555556,14.3333333333333,10.4444444444444,16.6666666666667,"0","676"
"530","NV4133911718219960826-303",-7.8494211580831,6.30013822825204,-0.150765701376612,-0.00746650927569772,"NV4133911718219960826-303-before","NV4133911718219960826","303",303,"before","fire",1414.75939941406,0.469350866954227,-47.6034191523428,0.241061437531883,50.2666666666667,208.522222306993,31.8888888888889,16.1111111111111,16.4444444444444,10.1111111111111,15.4444444444444,"0","677"
"531","NV4133911718219960826-329",-2.206446818805,1.93979399278019,-0.261761519935763,-0.0650972144662848,"NV4133911718219960826-329-before","NV4133911718219960826","329",329,"before","fire",1390.91906738281,0.412703884527791,-31.7690422675748,0.260350615336158,54.2888888888889,208.522222306993,23.4444444444444,14.5555555555556,16.3333333333333,12.4444444444444,19.5555555555556,"0","678"
"532","NV4133911718219960826-349",0.205986122434819,5.0626827403534,-0.0864884475122906,-0.0249627498647882,"NV4133911718219960826-349-before","NV4133911718219960826","349",349,"before","fire",1428.94458007812,0.266002210172443,-9.56782826817965,0.221169361294327,47.2,213.41111501058,19.1111111111111,18.2222222222222,12.8888888888889,9.11111111111111,15.6666666666667,"0","680"
"533","NV4133911718219960826-361",-5.07859965483059,0.467014013017057,-0.17153471195673,-0.0342894251782029,"NV4133911718219960826-361-before","NV4133911718219960826","361",361,"before","fire",1494.56091308594,0.410559712227811,-26.0732213713812,0.292444753314527,64.5555555555556,220.74444770813,27.5555555555556,12.6666666666667,19,13.6666666666667,16,"0","681"
"534","NV4133911718219960826-372",6.77647303150258,3.48451315138763,-0.0755407386193867,-0.0106994245367387,"NV4133911718219960826-372-before","NV4133911718219960826","372",372,"before","fire",1575.17736816406,0.262346704630765,3.21724003216426,0.27549260533277,67.4222222222222,244.733328289456,20.3333333333333,20.8888888888889,13.8888888888889,18.5555555555556,17.1111111111111,"0","682"
"535","NV4133911718219960826-373",-4.61828309971123,1.82750767945802,-0.115037371300814,-0.0191554915337787,"NV4133911718219960826-373-before","NV4133911718219960826","373",373,"before","fire",1420.24731445312,0.394141287461662,-34.3807982955654,0.233040033228203,49.7333333333333,213.41111501058,23.2222222222222,14.8888888888889,17.4444444444444,9.11111111111111,15.3333333333333,"0","683"
"536","NV4133911718219960826-394",-4.97348851302955,3.23712886343377,-0.256593927696984,-0.0633026487506367,"NV4133911718219960826-394-before","NV4133911718219960826","394",394,"before","fire",1391.03295898438,0.420204082916286,-35.7774447477315,0.248627910593228,51.8444444444444,208.522222306993,27.2222222222222,15.1111111111111,17.1111111111111,11.4444444444444,15.6666666666667,"0","684"
"537","NV4133911718219960826-403",-2.69263725857149,-3.0017942923748,-0.226186501579814,-0.014152458149445,"NV4133911718219960826-403-before","NV4133911718219960826","403",403,"before","fire",1414.87768554688,0.451447045595336,-45.0877620827427,0.247193835374809,54.5666666666667,220.74444770813,22.8888888888889,16.1111111111111,22.5555555555556,13.2222222222222,16.5555555555556,"0","685"
"538","NV4133911718219960826-534",-3.32009711566798,2.12175134584235,-0.151404356618649,-0.040432781056815,"NV4133911718219960826-534-before","NV4133911718219960826","534",534,"before","fire",1418.4404296875,0.402920271645275,-36.5646350569682,0.237277894513714,52.3777777777778,220.74444770813,23.6666666666667,16.4444444444444,17.5555555555556,10.5555555555556,17.3333333333333,"0","687"
"539","NV4133911718219960826-551",3.05108839544866,5.54771182653325,-0.0935591358491053,-0.00208885984828788,"NV4133911718219960826-551-before","NV4133911718219960826","551",551,"before","fire",1531.28137207031,0.244694802801731,5.89270436571931,0.270723926380368,61.2888888888889,226.388888888889,20.8888888888889,20,12.6666666666667,13.5555555555556,16.8888888888889,"0","688"
"540","NV4133911718219960826-59",0.480284524073734,6.3084265847412,-0.00535910423944794,0.0164698527411095,"NV4133911718219960826-59-before","NV4133911718219960826","59",59,"before","fire",1522.32690429688,0.211700990479951,-7.25473244677733,0.182057572080489,44.5555555555556,244.733328289456,18.4444444444444,18.7777777777778,11.5555555555556,8.11111111111111,13.2222222222222,"0","690"
"541","NV4133911718219960826-592",0.282158354399431,-2.47543590218313,-0.190216191390505,-0.0168309118911237,"NV4133911718219960826-592-before","NV4133911718219960826","592",592,"before","fire",1424.65100097656,0.440616071041215,-36.1968845866524,0.276639649606995,61.0666666666667,220.74444770813,20.4444444444444,17.4444444444444,21,14.2222222222222,18.1111111111111,"0","691"
"542","NV4133911718219960826-666",13.9759054105817,2.81702207332111,-0.130499733237054,0.00729558649489515,"NV4133911718219960826-666-before","NV4133911718219960826","666",666,"before","fire",1761.6416015625,0.322305190036755,6.29272855159609,0.346765134973767,89.2111111111111,257.266668743557,17,21.7777777777778,11.6666666666667,24.8888888888889,16.8888888888889,"0","693"
"543","NV4133911718219960826-703",-3.25300376823247,5.67463276093699,-0.116377859525599,-0.0108789235738122,"NV4133911718219960826-703-before","NV4133911718219960826","703",703,"before","fire",1435.14233398438,0.322708282782619,-23.0797917966209,0.220760736196319,49.9777777777778,226.388888888889,24.1111111111111,17.5555555555556,14.3333333333333,9,16.5555555555556,"0","694"
"544","NV4133911718219960826-771",-1.06622104506299,3.27446283508865,-0.155711494560422,-0.0226606129754787,"NV4133911718219960826-771-before","NV4133911718219960826","771",771,"before","fire",1483.00476074219,0.345917801438372,-19.3786133811871,0.260319018404908,58.9333333333333,226.388888888889,22.5555555555556,16.8888888888889,15.4444444444444,11.7777777777778,18,"0","695"
"545","NV4133911718219960826-797",1.63162994603555,7.4859564665884,-0.108252095411195,0.00449930739889348,"NV4133911718219960826-797-before","NV4133911718219960826","797",797,"before","fire",1564.47473144531,0.30631376499659,-4.39047735339467,0.286920245398773,64.9555555555555,226.388888888889,24.1111111111111,19.2222222222222,11.4444444444444,13.8888888888889,16.7777777777778,"0","698"
"546","NV4133911718219960826-848",-6.02303842616964,6.2754370505086,-0.181148317054716,-0.0331513225370169,"NV4133911718219960826-848-before","NV4133911718219960826","848",848,"before","fire",1401.82055664062,0.383234234983215,-31.4572987872649,0.232375979017803,48.4555555555556,208.522222306993,30.3333333333333,16.7777777777778,15.7777777777778,10.8888888888889,15.4444444444444,"0","700"
"547","NV4133911718219960826-854",0.77111623979881,-1.46299030852641,-0.120583487834596,-0.0325567981986841,"NV4133911718219960826-854-before","NV4133911718219960826","854",854,"before","fire",1413.48291015625,0.369182825925951,-24.8877185236139,0.252564164698394,53.9,213.41111501058,17.2222222222222,17.3333333333333,18.8888888888889,11.5555555555556,17.5555555555556,"0","701"
"548","NV4137211700719960812-284",19.9429577247084,7.65566757524104,-0.00262043897888925,-0.00901545122195618,"NV4137211700719960812-284-before","NV4137211700719960812","284",284,"before","fire",2041.25805664062,0.128516525040606,68.297142732814,0.327035494863092,112.511111111111,344.033332400852,14.7777777777778,28.8888888888889,7.33333333333333,26.1111111111111,15.5555555555556,"0","703"
"549","NV4137211700719960812-338",28.4931961360929,9.13880097158273,-0.128303958705003,-0.0186028878931014,"NV4137211700719960812-338-before","NV4137211700719960812","338",338,"before","fire",2137.64599609375,0.239082262124223,77.1477326434694,0.463327198232857,159.4,344.033332400852,9.55555555555556,35.7777777777778,4.88888888888889,29.6666666666667,13.1111111111111,"0","704"
"550","NV4137211700719960812-909",22.3001742727177,6.69619916643148,0.0339457828127768,0.0139495678045715,"NV4137211700719960812-909-before","NV4137211700719960812","909",909,"before","fire",2026.82727050781,0.220578626511342,89.2024889537888,0.479863063665398,165.088888888889,344.033332400852,17.1111111111111,25.8888888888889,6.55555555555556,32.5555555555556,19.2222222222222,"0","706"
"551","NV4143011696219990805-254",8.78845746167975,2.46365176788207,-0.0455212393181066,-0.0125125675706013,"NV4143011696219990805-254-before","NV4143011696219990805","254",254,"before","fire",1666.90930175781,0.176796461191488,27.960950773868,0.25522830104238,90.9888888888889,356.499998304579,21.1111111111111,19.3333333333333,13.6666666666667,22.7777777777778,16.5555555555556,"0","710"
"552","NV4143011696219990805-451",12.4568855814502,4.45964080194599,-0.140453372364387,0.107051080058938,"NV4143011696219990805-451-before","NV4143011696219990805","451",451,"before","fire",1637.76672363281,0.363407734933967,3.66736533439225,0.373694874770806,133.222222222222,356.499998304579,18.8888888888889,22.6666666666667,11.3333333333333,23.5555555555556,16.2222222222222,"0","711"
"553","NV4143011696219990805-537",13.0746406447703,1.03972685412762,-0.0761504873753288,-0.00860109261814207,"NV4143011696219990805-537-before","NV4143011696219990805","537",537,"before","fire",1655.44018554688,0.222955667657217,25.4263505266915,0.310445021676602,90.2222222222222,290.622222688463,16.5555555555556,22.7777777777778,14.3333333333333,23.8888888888889,14.7777777777778,"0","712"
"554","NV4143011696219990805-556",12.226275698391,1.34616533370909,-0.136805066047674,0.092267354722281,"NV4143011696219990805-556-before","NV4143011696219990805","556",556,"before","fire",1567.71459960938,0.412567051488437,5.60995759951614,0.431870315869323,125.511111111111,290.622222688463,16,22.2222222222222,13.8888888888889,22.3333333333333,15.6666666666667,"0","713"
"555","NV4143011696219990805-782",11.0351071036353,2.32198794628758,-0.12811280037905,0.122781362214264,"NV4143011696219990805-782-before","NV4143011696219990805","782",782,"before","fire",1584.46875,0.308892705480259,3.16863990887966,0.31778089601027,113.288888888889,356.499998304579,15.8888888888889,21.5555555555556,12.8888888888889,20.4444444444444,15.5555555555556,"0","715"
"556","NV4143511804519960724-281",-11.0091279579073,7.58218592983901,0.163558794207061,-0.151855237207411,"NV4143511804519960724-281-before","NV4143511804519960724","281",281,"before","fire",1270.03759765625,0.163001864850744,31.202117336562,0.324587141914271,62.6777777777778,193.100002076891,34.1111111111111,16,16.6666666666667,7.44444444444444,15.7777777777778,"0","716"
"557","NV4149411707519960826-156",6.63569904964923,2.1294262323576,-0.0584580292213169,-0.0143557749518842,"NV4149411707519960826-156-before","NV4149411707519960826","156",156,"before","fire",1646.26428222656,0.268914618570866,-7.83084611910925,0.236697752776053,57.5333333333333,243.066664801704,16.4444444444444,17.3333333333333,12.6666666666667,16.6666666666667,18.5555555555556,"0","719"
"558","NV4149411707519960826-195",3.79953601523465,1.88134862436136,-0.055713737273486,0.00181165234003222,"NV4149411707519960826-195-before","NV4149411707519960826","195",195,"before","fire",1519.73364257812,0.253702159776106,-1.64431560754481,0.24693728476173,60.0222222222222,243.066664801704,17.5555555555556,16.6666666666667,13.8888888888889,14.3333333333333,14.1111111111111,"0","721"
"559","NV4149411707519960826-26",7.37472392444418,4.37013134257425,-0.0364490886741352,-0.01907361180293,"NV4149411707519960826-26-before","NV4149411707519960826","26",26,"before","fire",1563.24829101562,0.235247456902129,-2.10303697450525,0.22659535737947,55.0777777777778,243.066664801704,16.4444444444444,21.3333333333333,12,15.3333333333333,14.2222222222222,"0","722"
"560","NV4149411707519960826-260",2.48802729151004,8.00991270237205,-0.107486258116138,-0.0345339135960699,"NV4149411707519960826-260-before","NV4149411707519960826","260",260,"before","fire",1598.40295410156,0.290857567000925,-12.9755565210307,0.237474860114252,57.7222222222222,243.066664801704,25.4444444444444,19.6666666666667,11.1111111111111,15.7777777777778,15.7777777777778,"0","723"
"561","NV4149411707519960826-294",8.11593309396529,-5.31350164461229,-0.041127940934035,0.00441193208385021,"NV4149411707519960826-294-before","NV4149411707519960826","294",294,"before","fire",1573.45764160156,0.301267952749704,-1.15041870872999,0.296535017817353,72.0777777777778,243.066664801704,13.4444444444444,15.2222222222222,18.4444444444444,20.1111111111111,16.8888888888889,"0","726"
"562","NV4149411707519960826-357",0.491439341066555,3.84077056250832,-0.106936549096773,-0.0184347761815593,"NV4149411707519960826-357-before","NV4149411707519960826","357",357,"before","fire",1450.8828125,0.302937070533578,-19.0139244442429,0.220207883761295,50.6111111111111,229.833329518636,20,18.4444444444444,14.4444444444444,10.7777777777778,16,"0","728"
"563","NV4149411707519960826-442",5.24946762445641,0.743301910086278,-0.0800857295557234,-0.016266220687482,"NV4149411707519960826-442-before","NV4149411707519960826","442",442,"before","fire",1646.23046875,0.302370086736338,-11.540532963248,0.254891206929175,61.9555555555556,243.066664801704,16.4444444444444,16.2222222222222,14.1111111111111,15.8888888888889,16.5555555555556,"0","731"
"564","NV4149411707519960826-501",7.94397944863817,0.549769859660241,-0.0396805695465803,0.0153519430894516,"NV4149411707519960826-501-before","NV4149411707519960826","501",501,"before","fire",1581.80480957031,0.293212762667201,-10.9369149654766,0.24821722625994,60.3333333333333,243.066664801704,16,19.6666666666667,15,18,17.7777777777778,"0","732"
"565","NV4149411707519960826-519",-2.09549491226916,-2.93993306257699,-0.0978416522493737,-0.0209034536706912,"NV4149411707519960826-519-before","NV4149411707519960826","519",519,"before","fire",1449.87634277344,0.365424784580193,-25.7992284770735,0.251010151302493,56.6,225.488888422648,22.4444444444444,11,19.5555555555556,15.1111111111111,17,"0","733"
"566","NV4149411707519960826-935",-5.24309998912924,-5.78012338913854,-0.114425170797383,-0.0365441317504302,"NV4149411707519960826-935-before","NV4149411707519960826","935",935,"before","fire",1432.46789550781,0.340572915301127,-21.5287414314453,0.245097073533294,55.2666666666667,225.488888422648,25.2222222222222,9.88888888888889,23.8888888888889,15.2222222222222,16.6666666666667,"0","739"
"567","NV4149411707519960826-95",3.38271516696701,-1.00878641171269,-0.0769839858912989,-0.0187771341544969,"NV4149411707519960826-95-before","NV4149411707519960826","95",95,"before","fire",1542.50732421875,0.231922699980467,-4.67023299412901,0.211602614099492,48.6333333333333,229.833329518636,13.3333333333333,21.1111111111111,18.4444444444444,10.1111111111111,11.8888888888889,"0","740"
"568","NV4152811891720000908-655",22.3012009490826,7.58506449998385,-0.0296199428223037,0.0362658032971619,"NV4152811891720000908-655-before","NV4152811891720000908","655",655,"before","fire",2011.99267578125,0.0676779471565717,85.5927003522255,0.239305766910089,119.344444444444,498.711109161377,13.6666666666667,27.6666666666667,5.66666666666667,28.5555555555556,12.7777777777778,"0","742"
"569","NV4152811891720000908-689",12.1661438346058,-11.7848759777483,0.0690670784394529,-0.0189815239758068,"NV4152811891720000908-689-before","NV4152811891720000908","689",689,"before","fire",1785.33654785156,0.096804336746768,105.165800142133,0.444779407086309,134.422222222222,302.222225401136,13.4444444444444,12.1111111111111,22.4444444444444,29.3333333333333,12.7777777777778,"0","744"
"570","NV4152811891720000908-744",26.9524002119603,5.57242463779401,-0.0468509019097921,0.101714128900911,"NV4152811891720000908-744-before","NV4152811891720000908","744",744,"before","fire",2148.44604492188,0.0990518433625748,104.801745332171,0.30919704247074,154.2,498.711109161377,8.88888888888889,30,6.22222222222222,30.5555555555556,16.1111111111111,"0","745"
"571","NV4152811891720000908-886",21.3238141753729,8.72677383111266,0.0646902253731413,0.00826814617809896,"NV4152811891720000908-886-before","NV4152811891720000908","886",886,"before","fire",2253.39990234375,-0.0555991157854612,154.73900781287,0.254678728381829,127.011111111111,498.711109161377,14,30.7777777777778,6.44444444444444,26.1111111111111,12.1111111111111,"0","746"
"572","NV4152811891720000908-98",19.4592198627557,7.43912497048966,-0.0565877528921597,0.0674724748713759,"NV4152811891720000908-98-before","NV4152811891720000908","98",98,"before","fire",2191.40698242188,0.106276130174878,65.2766910208855,0.23716692009663,118.277777777778,498.711109161377,13.3333333333333,28.1111111111111,7,24.5555555555556,11.7777777777778,"0","747"
"573","NV4156911899519970804-369",19.5635587084054,7.43865325653875,-0.0401119355806075,0.0220434793339154,"NV4156911899519970804-369-before","NV4156911899519970804","369",369,"before","fire",2000.880859375,0.123411341464211,56.8617713317453,0.298970842436507,96.8333333333333,323.888886769613,11.3333333333333,24.5555555555556,4.66666666666667,24,13.2222222222222,"0","748"
"574","NV4156911899519970804-544",21.83877630242,6.57892241380111,-0.0770837846285992,-0.0144640230235838,"NV4156911899519970804-544-before","NV4156911899519970804","544",544,"before","fire",1967.4794921875,0.155010495822998,80.5938230702837,0.403842198182737,130.8,323.888886769613,11.5555555555556,24.4444444444444,4.77777777777778,27.5555555555556,16.8888888888889,"0","749"
"575","NV4156911899519970804-790",26.530147389978,6.05061078823887,-0.0816773827294632,0.0628712634674553,"NV4156911899519970804-790-before","NV4156911899519970804","790",790,"before","fire",1961.78442382812,0.220520965503187,76.6423766404793,0.457152661653343,148.066666666667,323.888886769613,9.22222222222222,31,6.44444444444444,29.7777777777778,13.8888888888889,"0","750"
"576","NV4158311803020000717-22",24.2116000492203,-0.0976333995180916,0.0501131464444455,0.0655009814784974,"NV4158311803020000717-22-before","NV4158311803020000717","22",22,"before","fire",1882.11291503906,0.16618182949866,79.253603848045,0.380213646741211,140.788888888889,370.288889143202,10,25.4444444444444,11.3333333333333,32.1111111111111,13.7777777777778,"0","753"
"577","NV4158311803020000717-256",1.18654933768059,-13.5029900288314,0.0179004855562865,0.0110454457395134,"NV4158311803020000717-256-before","NV4158311803020000717","256",256,"before","fire",1315.30554199219,0.169829759506133,28.4576309378433,0.265725625356722,78.8555555555556,296.755555470784,14.5555555555556,12.3333333333333,28.6666666666667,17,19.5555555555556,"0","755"
"578","NV4158311803020000717-326",14.9525877291191,5.33336753650356,0.0586377811697973,0.0644986774342315,"NV4158311803020000717-326-before","NV4158311803020000717","326",326,"before","fire",1940.45288085938,0.0912217804074072,71.1092372242597,0.276428879051964,106.133333333333,383.944447835286,16.7777777777778,25.3333333333333,10.3333333333333,23.6666666666667,14.1111111111111,"0","757"
"579","NV4158311803020000717-391",-0.303524426711674,0.245252891900339,-0.0170625904813389,-0.0410128078754098,"NV4158311803020000717-391-before","NV4158311803020000717","391",391,"before","fire",1259.61401367188,0.196761272465057,9.77091626228272,0.237458350939617,57.0111111111111,240.088886684842,24.8888888888889,19.2222222222222,20.2222222222222,15.5555555555556,13.6666666666667,"0","758"
"580","NV4158311803020000717-401",0.842125461242157,-20.6838174116638,-0.02506650234647,-0.00661383186180947,"NV4158311803020000717-401-before","NV4158311803020000717","401",401,"before","fire",1327.62890625,0.248714670730901,5.31476195574062,0.266624232515882,79.1222222222222,296.755555470784,13,10.3333333333333,35.2222222222222,19.2222222222222,14.6666666666667,"0","759"
"581","NV4158311803020000717-506",-5.04999350415345,-23.7148755627044,-0.212396697103137,0.0889874163823202,"NV4158311803020000717-506-before","NV4158311803020000717","506",506,"before","fire",1322.18078613281,0.431891357512047,4.60050696514812,0.447394039366982,132.766666666667,296.755555470784,18.5555555555556,6,39.7777777777778,19.3333333333333,15.3333333333333,"0","767"
"582","NV4158311803020000717-532",1.77234025568989,-1.12858391434097,-0.0385086780130228,0.0851122346689818,"NV4158311803020000717-532-before","NV4158311803020000717","532",532,"before","fire",1323.42297363281,0.336144634727927,8.94441872448562,0.376316184588478,83.7888888888889,222.655554877387,14.6666666666667,18,17.8888888888889,10.2222222222222,16.5555555555556,"0","768"
"583","NV4158311803020000717-688",7.66113506190699,7.55871966938168,0.0766826744628502,0.0553846697246209,"NV4158311803020000717-688-before","NV4158311803020000717","688",688,"before","fire",1904.08312988281,0.0769593277352007,49.5250382459471,0.210706355253475,78.0222222222222,370.288889143202,24.3333333333333,22.8888888888889,11.1111111111111,20.6666666666667,17.5555555555556,"0","771"
"584","NV4158311803020000717-850",-4.62305329106053,-1.87784794017629,-0.0341254795907719,0.0154553880461044,"NV4158311803020000717-850-before","NV4158311803020000717","850",850,"before","fire",1301.29479980469,0.417523533793342,9.46414157662804,0.454836164743687,115.366666666667,253.644445207384,26.6666666666667,11.6666666666667,20.6666666666667,14.8888888888889,15.6666666666667,"0","776"
"585","NV4158311803020000717-942",0.940905734860825,2.92003077129258,0.129114042065635,-0.0125364163770956,"NV4158311803020000717-942-before","NV4158311803020000717","942",942,"before","fire",1339.31298828125,0.0835896715821031,40.9651131382115,0.237516699612865,63.2111111111111,266.13333384196,22,19.5555555555556,16.3333333333333,13.2222222222222,18,"0","778"
"586","NV4160911818719960826-472",-10.1398734200964,10.7813134606342,-0.034439907145659,-0.000440966794854364,"NV4160911818719960826-472-before","NV4160911818719960826","472",472,"before","fire",1270.01049804688,0.255843089937127,-8.27399214730397,0.209998153888958,37.9,180.477777057224,34.7777777777778,18.7777777777778,14.4444444444444,6.77777777777778,17.5555555555556,"0","780"
"587","NV4160911818719960826-718",-2.87141920558607,-6.2417599869254,-0.165088124640948,0.255576601429028,"NV4160911818719960826-718-before","NV4160911818719960826","718",718,"before","fire",1299.32360839844,0.576055988814365,-36.2986376550508,0.374930740892336,67.6666666666667,180.477777057224,18.3333333333333,16,25,10.5555555555556,21.7777777777778,"0","781"
"588","NV4161111751719960910-302",11.9913221378554,2.6981912520839,-0.017656743082974,-0.00195423601163919,"NV4161111751719960910-302-before","NV4161111751719960910","302",302,"before","fire",1689.85314941406,0.0972958501878695,51.4576814078369,0.244992984216228,85.3555555555556,348.399999406603,15,23.8888888888889,13.1111111111111,20,12,"0","782"
"589","NV4165011862419990824-132",28.4407904015772,6.46183770147764,0.165744411563395,-0.026769997338253,"NV4165011862419990824-132-before","NV4165011862419990824","132",132,"before","fire",2197.6455078125,-0.0941809237403343,175.256616753262,0.366576116979327,139.433333333333,380.366660224067,9.88888888888889,29,4.44444444444444,33.2222222222222,12.5555555555556,"0","793"
"590","NV4168911761620010817-125",16.6477761040656,-0.996031405766309,NA,NA,"NV4168911761620010817-125-before","NV4168911761620010817","125",125,"before","fire",1556.65270996094,NA,116.1,0.414346888305747,116.1,280.200004577637,15,23,15,28,14,"0","794"
"591","NV4168911761620010817-158",35.7781699299729,-6.1316115397978,-0.0154421960424161,0.168929325081392,"NV4168911761620010817-158-before","NV4168911761620010817","158",158,"before","fire",2274.15454101562,0.0912208793168262,205.035100098202,0.440395098928192,258.6,587.199995252821,6.22222222222222,26.6666666666667,13.4444444444444,46.1111111111111,11.3333333333333,"0","795"
"592","NV4168911761620010817-168",28.951388542362,-4.72157951017663,-0.151139072659911,0.220679250145466,"NV4168911761620010817-168-before","NV4168911761620010817","168",168,"before","fire",1819.0537109375,0.133815979347958,533.567878458272,1.30689368575908,594.433333333333,454.844445122613,5.11111111111111,21.6666666666667,11.5555555555556,37.2222222222222,11.8888888888889,"0","796"
"593","NV4168911761620010817-272",29.7453617430128,1.88315751602195,-0.0188922412641858,0.150949736752454,"NV4168911761620010817-272-before","NV4168911761620010817","272",272,"before","fire",2047.61987304688,0.0804554351296662,166.856568873796,0.364611719568932,214.1,587.199995252821,7.11111111111111,32.5555555555556,10.1111111111111,33.5555555555556,11.3333333333333,"0","797"
"594","NV4168911761620010817-276",21.0796448439583,-5.23928911874751,-0.0329135425277814,0.0324812638722816,"NV4168911761620010817-276-before","NV4168911761620010817","276",276,"before","fire",1811.94128417969,0.108857341106839,88.8090653089592,0.30410885239004,138.322222222222,454.844445122613,9.88888888888889,21.4444444444444,16,31.6666666666667,11.4444444444444,"0","798"
"595","NV4168911761620010817-29",26.5287613635227,1.77211844856041,-0.0542337752621961,0.102231669424162,"NV4168911761620010817-29-before","NV4168911761620010817","29",29,"before","fire",2192.984375,0.109343110466564,106.710408627875,0.289249388617101,171.566666666667,593.144440121121,8.22222222222222,33,11.8888888888889,30.3333333333333,11.5555555555556,"0","799"
"596","NV4168911761620010817-377",20.5397201935122,7.24360086403816,-0.00419350651100587,0.081779434567754,"NV4168911761620010817-377-before","NV4168911761620010817","377",377,"before","fire",1942.45751953125,0.0353851243850313,81.3892879858021,0.172601765864773,102.377777777778,593.144440121121,14.8888888888889,30.5555555555556,8.44444444444444,26.6666666666667,11.6666666666667,"0","800"
"597","NV4168911761620010817-475",7.81142809841687,-20.5877128489695,-0.082110567520427,0.144976300471998,"NV4168911761620010817-475-before","NV4168911761620010817","475",475,"before","fire",1546.8271484375,0.206783451314724,84.6056865478755,0.456931672292489,154.544444444444,338.222219679091,9.22222222222222,8.11111111111111,30.5555555555556,25.4444444444444,12.1111111111111,"0","801"
"598","NV4168911761620010817-547",22.2382949053576,4.30353369097397,-0.0149504013105278,0.127812741731944,"NV4168911761620010817-547-before","NV4168911761620010817","547",547,"before","fire",1755.36547851562,0.0925224540080801,101.905564634201,0.316567324132262,143.988888888889,454.844445122613,11.2222222222222,26.5555555555556,8.11111111111111,28.2222222222222,12.1111111111111,"0","802"
"599","NV4168911761620010817-626",19.4189514543122,-1.15630109820957,0.00493218412541024,0.078090496013334,"NV4168911761620010817-626-before","NV4168911761620010817","626",626,"before","fire",1672.35974121094,0.0954225267836847,78.0990190231301,0.244302298553085,128.155555555556,524.577772352431,10.7777777777778,23.7777777777778,13.5555555555556,27.6666666666667,11.2222222222222,"0","804"
"600","NV4168911761620010817-647",10.4091339126004,1.86697096384802,-0.0106934100800875,0.0745772193008508,"NV4168911761620010817-647-before","NV4168911761620010817","647",647,"before","fire",1655.63989257812,0.0691090914621816,49.6538283388436,0.18503242725251,79.2555555555556,428.333329094781,17.2222222222222,22.7777777777778,14.5555555555556,20.6666666666667,11.2222222222222,"0","805"
"601","NV4168911761620010817-681",27.2496052363134,4.00312888868539,-0.0261702268433338,0.0842584653426834,"NV4168911761620010817-681-before","NV4168911761620010817","681",681,"before","fire",2433.91845703125,0.0667965367137666,114.888185069882,0.262450804422704,154.111111111111,587.199995252821,13.4444444444444,32.3333333333333,10.1111111111111,35,12.6666666666667,"0","806"
"602","NV4168911761620010817-698",31.1318910177721,-0.739256998909165,-0.0560855071618625,0.0605117262154756,"NV4168911761620010817-698-before","NV4168911761620010817","698",698,"before","fire",2099.78686523438,0.123567309476983,125.163498683934,0.336720408413989,197.722222222222,587.199995252821,6,34.5555555555556,13.2222222222222,35,11.8888888888889,"0","807"
"603","NV4168911761620010817-75",34.6779804833548,-1.62305787606706,-0.0732674422625475,0.0622174693598662,"NV4168911761620010817-75-before","NV4168911761620010817","75",75,"before","fire",1885.38854980469,0.154315102661574,146.110632755857,0.475547194913399,216.3,454.844445122613,5.55555555555556,32.7777777777778,11.8888888888889,40.1111111111111,11.5555555555556,"0","809"
"604","NV4168911761620010817-754",31.237934667041,0.904212909470994,-0.119247091589388,0.314871686301871,"NV4168911761620010817-754-before","NV4168911761620010817","754",754,"before","fire",2206.939453125,0.315965259082672,219.087423588821,0.689070547502322,404.622222222222,587.199995252821,10.8888888888889,33.4444444444444,12,39,11.8888888888889,"0","810"
"605","NV4168911761620010817-766",23.7097035559517,0.222221700425905,-0.00296329609922488,0.0914988629005046,"NV4168911761620010817-766-before","NV4168911761620010817","766",766,"before","fire",1971.05920410156,0.0531155141329702,101.959004140995,0.247479456935516,129.822222222222,524.577772352431,9.88888888888889,28,12.4444444444444,30.4444444444444,11.8888888888889,"0","811"
"606","NV4168911761620010817-768",23.9359450615135,0.136069573489962,0.00633285265638284,0.142152012182404,"NV4168911761620010817-768-before","NV4168911761620010817","768",768,"before","fire",1682.95068359375,0.157281383825804,87.4928301371264,0.415965837556078,140.688888888889,338.222219679091,10.2222222222222,24.5555555555556,10.7777777777778,32.1111111111111,12.2222222222222,"0","812"
"607","NV4168911761620010817-79",12.4819001725253,-5.6417133832108,-0.0230512781836733,0.0513679573862525,"NV4168911761620010817-79-before","NV4168911761620010817","79",79,"before","fire",1700.55456542969,0.103534278076539,81.7413420704396,0.283247019315809,128.833333333333,454.844445122613,14.3333333333333,15.8888888888889,17.7777777777778,26.4444444444444,16.5555555555556,"0","813"
"608","NV4168911761620010817-822",29.3539913266006,2.82238448944054,-0.0164945223572514,0.0842982965682868,"NV4168911761620010817-822-before","NV4168911761620010817","822",822,"before","fire",1757.92919921875,0.107778361891179,101.072978122442,0.300453277698587,157.611111111111,524.577772352431,9.44444444444444,31.4444444444444,9.22222222222222,35,11.7777777777778,"0","814"
"609","NV4168911761620010817-837",29.2146201124481,3.74241620181128,-0.050589394741055,0.0599579908955014,"NV4168911761620010817-837-before","NV4168911761620010817","837",837,"before","fire",1821.82263183594,0.0847553917897061,116.705036405817,0.341337697360915,155.255555555556,454.844445122613,9,31.7777777777778,8.33333333333333,33.8888888888889,12.2222222222222,"0","815"
"610","NV4168911761620010817-849",27.731377002392,3.79317947000032,-0.0427264304881026,0.0945845704808012,"NV4168911761620010817-849-before","NV4168911761620010817","849",849,"before","fire",2155.033203125,0.0830288643396172,100.64545125393,0.254427794972436,149.4,587.199995252821,9.22222222222222,33.7777777777778,9.88888888888889,31.5555555555556,11.5555555555556,"0","816"
"611","NV4168911761620010817-856",20.0350923057929,3.00719995758407,0.00504561995284251,0.0658420339376989,"NV4168911761620010817-856-before","NV4168911761620010817","856",856,"before","fire",1784.30895996094,0.0899582660227492,79.4163157400236,0.264559311702477,120.333333333333,454.844445122613,11.7777777777778,25.6666666666667,10,26.7777777777778,11.8888888888889,"0","817"
"612","NV4168911761620010817-864",24.7253352221189,1.82402012475632,0.0138632356746827,0.0930676516616576,"NV4168911761620010817-864-before","NV4168911761620010817","864",864,"before","fire",2134.9873046875,0.0536539048597045,86.7765763329092,0.21907566099658,114.922222222222,524.577772352431,10.5555555555556,28.7777777777778,10.8888888888889,31.3333333333333,12.1111111111111,"0","818"
"613","NV4168911761620010817-869",26.0898763523365,7.3837499921274,0.00420786658682071,0.0768806746954976,"NV4168911761620010817-869-before","NV4168911761620010817","869",869,"before","fire",2300.94750976562,0.0302126597961749,131.2480152,0.253727673864747,148.988888888889,587.199995252821,11.2222222222222,34.3333333333333,7.33333333333333,29.3333333333333,14.1111111111111,"0","819"
"614","NV4168911761620010817-916",10.341103994857,4.38634270667834,-0.014493861575209,0.0460172145629233,"NV4168911761620010817-916-before","NV4168911761620010817","916",916,"before","fire",1685.884765625,0.0793126324152153,63.1139786067765,0.218072112240813,99.1888888888889,454.844445122613,18,20.7777777777778,11,20.6666666666667,16.4444444444444,"0","820"
"615","NV4168911761620010817-924",28.2317852629963,1.55681269176007,0.0282859253305473,0.0902867419775583,"NV4168911761620010817-924-before","NV4168911761620010817","924",924,"before","fire",1836.09704589844,0.153349300281502,115.370939251624,0.422697799254122,181.055555555556,428.333329094781,8.66666666666667,32.6666666666667,11.4444444444444,33.1111111111111,12.4444444444444,"0","821"
"616","NV4168911761620010817-949",30.3596986387494,3.16127743137263,0.123818382403764,0.155495365503677,"NV4168911761620010817-949-before","NV4168911761620010817","949",949,"before","fire",2212.51708984375,-0.0603848260430381,267.11352512137,0.394508783086443,231.655555555556,587.199995252821,7.55555555555556,33.3333333333333,9,33.8888888888889,14.3333333333333,"0","822"
"617","NV4168911761620010817-954",14.5778354863545,0.429432628865443,0.0127512963087051,0.0997135147225982,"NV4168911761620010817-954-before","NV4168911761620010817","954",954,"before","fire",1612.29431152344,0.0930428411456698,65.3022027686887,0.236613249598355,107.622222222222,454.844445122613,13.3333333333333,21.4444444444444,13,23.6666666666667,16.7777777777778,"0","823"
"618","NV4173411813819950916-311",-4.07253532192426,-2.92350264592216,0.0533006512810295,0.269892538532411,"NV4173411813819950916-311-before","NV4173411813819950916","311",311,"before","fire",1294.4970703125,0.214374508578261,29.1064678659865,0.356890262605564,72.8888888888889,204.23333591885,21.7777777777778,12.7777777777778,21,11.4444444444444,18.4444444444444,"0","825"
"619","NV4175311853719990804-108",-5.67576126318472,-4.09168333959361,-0.0509740727593332,0.158578636649873,"NV4175311853719990804-108-before","NV4175311853719990804","108",108,"before","fire",1327.10290527344,0.492514865988728,-10.4893319082402,0.447206752131251,103.533333333333,231.511113908556,21.8888888888889,13.6666666666667,23.3333333333333,9.77777777777778,20.3333333333333,"0","827"
"620","NV4175311853719990804-160",-1.53359440223955,-3.03150395499941,0.0294687706909499,0.0598753745181523,"NV4175311853719990804-160-before","NV4175311853719990804","160",160,"before","fire",1338.67687988281,0.239613569230074,9.87144408291496,0.278849976508562,70.1555555555556,251.588888168335,17.7777777777778,16.4444444444444,21.1111111111111,10.1111111111111,17.4444444444444,"0","830"
"621","NV4175311853719990804-262",7.68919829246946,-10.5003913867126,-0.0145518451881721,0.0697341071336653,"NV4175311853719990804-262-before","NV4175311853719990804","262",262,"before","fire",1468.14050292969,0.20501917635813,56.4038271509474,0.409743502226504,112.888888888889,275.511114332411,12.8888888888889,9.33333333333333,21.1111111111111,23.3333333333333,17.2222222222222,"0","833"
"622","NV4175311853719990804-290",-6.56311888962544,-1.01538342214773,0.123506690116221,-0.0595929936314269,"NV4175311853719990804-290-before","NV4175311853719990804","290",290,"before","fire",1383.56005859375,0.0398795211794487,82.1744047446387,0.375300462661146,91.9444444444444,244.98889181349,27.7777777777778,9,19.3333333333333,13.7777777777778,19.1111111111111,"0","834"
"623","NV4175311853719990804-296",-6.93181904993791,1.59716086889215,-0.00995774772143454,0.244714960707406,"NV4175311853719990804-296-before","NV4175311853719990804","296",296,"before","fire",1293.43664550781,0.47729347444843,-18.6542994863965,0.396717215402116,91.8444444444444,231.511113908556,25.8888888888889,14.3333333333333,18.8888888888889,8.77777777777778,20,"0","835"
"624","NV4175311853719990804-332",-2.94232200731989,-1.80349118721011,0.0486456002137918,0.0470074653124505,"NV4175311853719990804-332-before","NV4175311853719990804","332",332,"before","fire",1347.94714355469,0.210503580816387,10.6955376660636,0.244116206696142,77.6777777777778,318.200003306071,22.2222222222222,14.8888888888889,20.5555555555556,12.1111111111111,16.4444444444444,"0","838"
"625","NV4175311853719990804-360",1.06363180439698,6.83348577085495,0.0715617079240597,0.0566041475943477,"NV4175311853719990804-360-before","NV4175311853719990804","360",360,"before","fire",1380.21643066406,0.193623217768098,17.6087721403711,0.263613479534306,66.3222222222222,251.588888168335,20.4444444444444,21.1111111111111,12.4444444444444,9.66666666666667,17.3333333333333,"0","840"
"626","NV4175311853719990804-365",-3.78268847175977,1.43479010034691,0.0558912287188316,0.0271159067300457,"NV4175311853719990804-365-before","NV4175311853719990804","365",365,"before","fire",1365.6572265625,0.210919192528235,5.30174152512509,0.231992227842806,58.3666666666667,251.588888168335,21.2222222222222,16.8888888888889,18.1111111111111,8,16,"0","842"
"627","NV4175311853719990804-379",2.55849368503965,3.51995261224637,0.107167194377196,0.066469562633769,"NV4175311853719990804-379-before","NV4175311853719990804","379",379,"before","fire",1386.68493652344,0.209025162644882,13.9893695087465,0.264629245999257,66.5777777777778,251.588888168335,18.5555555555556,20.5555555555556,14.7777777777778,11.6666666666667,16,"0","844"
"628","NV4175311853719990804-443",3.42018232530392,-4.20415807959267,0.0112338768862201,0.0746186419508446,"NV4175311853719990804-443-before","NV4175311853719990804","443",443,"before","fire",1376.24658203125,0.19472933897074,16.7149014734994,0.247258884224772,78.6777777777778,318.200003306071,14.3333333333333,17.1111111111111,20.1111111111111,13.7777777777778,16.7777777777778,"0","845"
"629","NV4175311853719990804-445",-4.61970604601878,5.00582945502348,0.0490410984737388,0.00295919681454915,"NV4175311853719990804-445-before","NV4175311853719990804","445",445,"before","fire",1319.71240234375,0.277651041708305,2.70958694512833,0.289354959068396,66.9888888888889,231.511113908556,25.8888888888889,19.1111111111111,16.7777777777778,8.66666666666667,19,"0","846"
"630","NV4175311853719990804-531",-16.2789023556406,14.792452897903,NA,NA,"NV4175311853719990804-531-before","NV4175311853719990804","531",531,"before","fire",1336.77526855469,0.0653545158481646,34.5459521964307,0.265969798430802,45.8,172.200002670288,41,12.6666666666667,10.6666666666667,4.33333333333333,18,"0","847"
"631","NV4175311853719990804-572",-3.15753202116894,-2.57817576507334,-0.12189335837318,0.155297077085049,"NV4175311853719990804-572-before","NV4175311853719990804","572",572,"before","fire",1295.4306640625,0.621044860922477,-37.5256109186199,0.455255015042479,103.044444444444,226.344446606106,21.4444444444444,13.6666666666667,20.6666666666667,11.8888888888889,17.2222222222222,"0","848"
"632","NV4175311853719990804-574",3.24620716492851,3.81656170171901,0.033275027372998,0.0399444280420617,"NV4175311853719990804-574-before","NV4175311853719990804","574",574,"before","fire",1458.23181152344,0.159030734388072,21.6519753475043,0.227075910763125,72.2555555555556,318.200003306071,17,20.6666666666667,13.8888888888889,11,16.2222222222222,"0","849"
"633","NV4175311853719990804-615",-3.89462936508127,9.61534459147063,0.0928585231236173,0.0742322343693591,"NV4175311853719990804-615-before","NV4175311853719990804","615",615,"before","fire",1392.18444824219,0.164710365057923,12.1495912741656,0.213001811324168,53.5888888888889,251.588888168335,24.3333333333333,18.4444444444444,10.7777777777778,6.22222222222222,18,"0","850"
"634","NV4175311853719990804-701",2.12070370439861,4.30839654495675,0.0178154862056775,0.0492355220434944,"NV4175311853719990804-701-before","NV4175311853719990804","701",701,"before","fire",1426.21264648438,0.199053338866733,21.8786783057976,0.271638161057172,81.8777777777778,301.422220865885,22.5555555555556,17,13.2222222222222,15.3333333333333,16.4444444444444,"0","854"
"635","NV4175311853719990804-707",-10.9910193661812,-0.976469035067433,-0.0208236211665203,0.219216597166333,"NV4175311853719990804-707-before","NV4175311853719990804","707",707,"before","fire",1321.5595703125,0.466062046085927,-7.20965455096475,0.434920324942412,100.688888888889,231.511113908556,31.8888888888889,9.88888888888889,22.3333333333333,11.4444444444444,20.6666666666667,"0","855"
"636","NV4175311853719990804-733",-0.250730828773434,-2.73329267710464,0.0840277581189594,0.191513256007241,"NV4175311853719990804-733-before","NV4175311853719990804","733",733,"before","fire",1424.14538574219,0.245181810785501,58.0607972075595,0.455920304396715,125.611111111111,275.511114332411,21.4444444444444,13,19.4444444444444,15.8888888888889,17.7777777777778,"0","856"
"637","NV4175311853719990804-76",6.08978054714793,-0.224642530737197,0.14231077756413,0.0955911173064802,"NV4175311853719990804-76-before","NV4175311853719990804","76",76,"before","fire",1452.67834472656,0.246201265986609,13.1362750025703,0.298414521898694,75.0777777777778,251.588888168335,13.8888888888889,19,15.6666666666667,14.3333333333333,14.6666666666667,"0","858"
"638","NV4175311853719990804-857",1.21653118323744,7.54631094312073,0.0782391985155127,0.0474231850213912,"NV4175311853719990804-857-before","NV4175311853719990804","857",857,"before","fire",1365.76403808594,0.183835019651093,19.9491517995774,0.263127678181504,66.2,251.588888168335,20.4444444444444,21,11.5555555555556,9.55555555555556,17.4444444444444,"0","860"
"639","NV4175311853719990804-931",-3.92799229404419,0.986376061709688,0.0599885969015293,0.0960089344929297,"NV4175311853719990804-931-before","NV4175311853719990804","931",931,"before","fire",1381.00268554688,0.186765055790961,2.72309837596629,0.197588659312529,49.7111111111111,251.588888168335,17.4444444444444,14.7777777777778,16.6666666666667,5.33333333333333,14.6666666666667,"0","862"
"640","NV4175311853719990804-945",-3.32087072856359,5.01175412627322,0.0682934854763151,0.251553154293732,"NV4175311853719990804-945-before","NV4175311853719990804","945",945,"before","fire",1432.06665039062,0.445420163530304,-5.47393597702353,0.421236066862143,95.3444444444444,226.344446606106,22.2222222222222,16.1111111111111,13.8888888888889,8,16.8888888888889,"0","865"
"641","NV4183111859919990819-292",3.81823930433497,-1.32965140203733,0.0651957203803454,0.240378285180336,"NV4183111859919990819-292-before","NV4183111859919990819","292",292,"before","fire",1462.06982421875,0.20674383317932,81.7286650283002,0.503387637282601,138.688888888889,275.511114332411,19.6666666666667,11.4444444444444,15.2222222222222,19.3333333333333,19.6666666666667,"0","868"
"642","NV4187611740319990817-286",20.3577146621279,6.64535305009079,0.0288322786822639,0.0362862059693668,"NV4187611740319990817-286-before","NV4187611740319990817","286",286,"before","fire",2009.16796875,0.052349088869755,96.2839433942974,0.223632195622792,125.711111111111,562.133331298828,13.8888888888889,27.4444444444444,7.33333333333333,26.7777777777778,13.7777777777778,"0","875"
"643","NV4187611740319990817-35",18.5412438486889,6.1238442698549,0.0379574943204494,0.0489708814492652,"NV4187611740319990817-35-before","NV4187611740319990817","35",35,"before","fire",2009.71936035156,0.0698136486186375,79.499865576324,0.211238931820822,118.744444444444,562.133331298828,15.3333333333333,25.8888888888889,8.11111111111111,26.4444444444444,13,"0","876"
"644","NV4187611740319990817-725",22.4452566263529,6.16780496799635,0.0350056947084152,0.0463605138095877,"NV4187611740319990817-725-before","NV4187611740319990817","725",725,"before","fire",1976.33435058594,0.0801737318478426,92.7650063670466,0.245196869957639,137.833333333333,562.133331298828,12.7777777777778,27.5555555555556,6.88888888888889,28.6666666666667,13,"0","877"
"645","NV4192111742519960826-121",28.1026080298426,-1.06939515063569,0.0150873362202893,0.023658439455129,"NV4192111742519960826-121-before","NV4192111742519960826","121",121,"before","fire",1908.33959960938,0.170605552842538,113.060660231812,0.440733759230727,184.466666666667,418.544445037842,8.11111111111111,27.6666666666667,11.6666666666667,35.2222222222222,11.2222222222222,"0","878"
"646","NV4192111742519960826-124",17.3986342071119,8.9123627210932,0.0757469803497524,-0.00179517545997709,"NV4192111742519960826-124-before","NV4192111742519960826","124",124,"before","fire",1882.814453125,0.100640454878946,54.7103821705256,0.226956720595769,98.3,433.122225867377,16.7777777777778,26,5.88888888888889,24.8888888888889,13.8888888888889,"0","879"
"647","NV4192111742519960826-148",14.8490261969942,3.55496016369062,0.00490105258529006,0.0122163806293854,"NV4192111742519960826-148-before","NV4192111742519960826","148",148,"before","fire",2076.85327148438,0.077603078206251,51.2711677697347,0.208456219714234,81.6777777777778,391.822215186225,12.3333333333333,23.5555555555556,10.3333333333333,21,11.4444444444444,"0","880"
"648","NV4192111742519960826-182",21.9690902125982,2.22140492416299,-0.0396135500948388,0.0133797298212085,"NV4192111742519960826-182-before","NV4192111742519960826","182",182,"before","fire",2022.90466308594,0.134826870168437,66.957168634638,0.280333212862341,129,460.166666242811,10.4444444444444,25.3333333333333,9.66666666666667,28.5555555555556,13,"0","882"
"649","NV4192111742519960826-219",17.428997044608,-0.75052949955444,-0.0276132949126662,0.00585944989364839,"NV4192111742519960826-219-before","NV4192111742519960826","219",219,"before","fire",1758.72204589844,0.165907762019268,44.2363758403465,0.279463774558922,108.866666666667,389.555558098687,11.4444444444444,19.2222222222222,11.6666666666667,26.8888888888889,15.3333333333333,"0","883"
"650","NV4192111742519960826-222",23.2099996649862,0.823982734869599,-0.0488615916393371,0.0116895180441888,"NV4192111742519960826-222-before","NV4192111742519960826","222",222,"before","fire",1736.88220214844,0.22340921728029,74.4377575815268,0.401258328561164,167.944444444444,418.544445037842,9.88888888888889,25.6666666666667,10.7777777777778,30.2222222222222,11.5555555555556,"0","884"
"651","NV4192111742519960826-249",10.1758599941793,12.4814567016164,0.0193692208101967,-0.0125851847043108,"NV4192111742519960826-249-before","NV4192111742519960826","249",249,"before","fire",1884.35546875,0.165320075261151,7.16556210322363,0.182493610493766,76.1444444444444,417.244440714518,21.6666666666667,25.3333333333333,5.44444444444444,18.4444444444444,13.1111111111111,"0","885"
"652","NV4192111742519960826-268",17.9755726816391,6.43614780810118,-0.0046791785531784,0.00775042228105374,"NV4192111742519960826-268-before","NV4192111742519960826","268",268,"before","fire",2248.99926757812,0.0976335729301676,44.9571740175453,0.201431464916693,87.2444444444444,433.122225867377,11.3333333333333,24.5555555555556,6.33333333333333,22.4444444444444,12.1111111111111,"0","886"
"653","NV4192111742519960826-300",13.1110418504087,13.0912068311148,-0.0283394660187985,0.00386838940963205,"NV4192111742519960826-300-before","NV4192111742519960826","300",300,"before","fire",1899.91918945312,0.209026591597442,-0.948516638869914,0.206753303936028,86.2666666666667,417.244440714518,20.8888888888889,27.5555555555556,4.66666666666667,20.5555555555556,13.2222222222222,"0","887"
"654","NV4192111742519960826-301",18.2748827434511,8.11592065822822,0.00824231529837183,0.0252935095925879,"NV4192111742519960826-301-before","NV4192111742519960826","301",301,"before","fire",2018.86120605469,0.138621261540126,38.2499381464382,0.230293994389331,96.0888888888889,417.244440714518,16.3333333333333,26,6.33333333333333,26,12.6666666666667,"0","888"
"655","NV4192111742519960826-305",24.2863041999788,0.792235342855756,-0.0107549843855907,0.0269169081828971,"NV4192111742519960826-305-before","NV4192111742519960826","305",305,"before","fire",2112.16455078125,0.156295219612827,96.6781498410774,0.366388989834037,168.6,460.166666242811,9.11111111111111,24.3333333333333,9.55555555555556,31.3333333333333,11.8888888888889,"0","889"
"656","NV4192111742519960826-380",13.7309566386131,9.03633339202936,-0.0137795847594009,-0.00320413294562441,"NV4192111742519960826-380-before","NV4192111742519960826","380",380,"before","fire",1658.2587890625,0.122410875775836,49.0030518586842,0.248203078813201,96.6888888888889,389.555558098687,21.4444444444444,22.7777777777778,6.55555555555556,25.2222222222222,15.1111111111111,"0","892"
"657","NV4192111742519960826-404",21.3119042515484,-0.268704346750621,-0.0112907461756823,0.0199177259834664,"NV4192111742519960826-404-before","NV4192111742519960826","404",404,"before","fire",1755.59411621094,0.196934403299766,63.0922814082637,0.357957129839856,140.255555555556,391.822215186225,9.88888888888889,21.5555555555556,10.5555555555556,29.5555555555556,14,"0","893"
"658","NV4192111742519960826-415",13.143747100734,0.846838262190764,-0.0439457336780615,-0.012543016311913,"NV4192111742519960826-415-before","NV4192111742519960826","415",415,"before","fire",1770.06750488281,0.172673699834174,37.6454893519245,0.286540076195869,94.7333333333333,330.611112382677,13,17.7777777777778,11.1111111111111,22.4444444444444,15.7777777777778,"0","894"
"659","NV4192111742519960826-419",23.2833560842708,-1.90755390281917,-0.0805258145338049,0.039026085630249,"NV4192111742519960826-419-before","NV4192111742519960826","419",419,"before","fire",1731.63452148438,0.232510038258994,69.1397706267176,0.39770102680614,166.455555555556,418.544445037842,9.11111111111111,21.7777777777778,11.5555555555556,32.1111111111111,11.5555555555556,"0","895"
"660","NV4192111742519960826-430",15.7468507149504,-1.75255220655119,-0.0339822296333348,0.00799037885020659,"NV4192111742519960826-430-before","NV4192111742519960826","430",430,"before","fire",1638.29260253906,0.235639240825026,41.9506040253842,0.362527304940751,119.855555555556,330.611112382677,15.5555555555556,17.2222222222222,13.3333333333333,29.4444444444444,14.7777777777778,"0","896"
"661","NV4192111742519960826-457",22.3507747484842,4.9449044221153,-0.0196084006273086,-0.00081066563766552,"NV4192111742519960826-457-before","NV4192111742519960826","457",457,"before","fire",2019.57531738281,0.127034877316443,56.7538951198391,0.250368224304015,115.211111111111,460.166666242811,11.5555555555556,25.8888888888889,7.11111111111111,28.5555555555556,13.4444444444444,"0","897"
"662","NV4192111742519960826-468",28.3150259902387,4.57739163032607,-0.0311995498949955,0.0124830282463909,"NV4192111742519960826-468-before","NV4192111742519960826","468",468,"before","fire",2072.97021484375,0.181437721071746,106.513136392693,0.427559120205574,185.033333333333,432.766662173801,8,36.2222222222222,9.77777777777778,30.1111111111111,11.6666666666667,"0","898"
"663","NV4192111742519960826-499",23.7030179137203,0.580025507863193,-0.0294473613612427,0.0238961893561284,"NV4192111742519960826-499-before","NV4192111742519960826","499",499,"before","fire",2059.4130859375,0.153441570950034,103.280192721752,0.377882410102984,173.888888888889,460.166666242811,11,23.6666666666667,10.1111111111111,32.5555555555556,12.7777777777778,"0","899"
"664","NV4192111742519960826-51",22.8457528068596,4.35863310204394,0.259712441956425,-0.176113666631406,"NV4192111742519960826-51-before","NV4192111742519960826","51",51,"before","fire",2016.99536132812,-0.125742592340975,236.546518852077,0.477966206405036,187.277777777778,391.822215186225,11.3333333333333,24.2222222222222,6.66666666666667,29.7777777777778,12.4444444444444,"0","900"
"665","NV4192111742519960826-536",20.5389407938458,4.42756944365666,-0.0293196655911074,0.0140085158803651,"NV4192111742519960826-536-before","NV4192111742519960826","536",536,"before","fire",1705.54638671875,0.17477189306541,49.6055265458292,0.302110665455002,117.688888888889,389.555558098687,14,23.2222222222222,7.55555555555556,29.4444444444444,14,"0","901"
"666","NV4192111742519960826-594",11.812923095275,12.126672789213,-0.0205008095812945,-0.00813543600567429,"NV4192111742519960826-594-before","NV4192111742519960826","594",594,"before","fire",1869.19934082031,0.175124955700342,3.27453024810065,0.182972945819738,76.3444444444444,417.244440714518,20.4444444444444,25.2222222222222,4.88888888888889,19.6666666666667,12.4444444444444,"0","903"
"667","NV4192111742519960826-602",16.8453739879931,2.49324702762037,0.0124812773384565,0.00958363286810754,"NV4192111742519960826-602-before","NV4192111742519960826","602",602,"before","fire",1771.04846191406,0.179026545441415,55.0423112768964,0.319504316082204,125.188888888889,391.822215186225,16.4444444444444,20.3333333333333,10.1111111111111,28.6666666666667,13.4444444444444,"0","904"
"668","NV4192111742519960826-604",23.9382266376059,0.39831199184007,0.0420872452525283,0.00660094615532048,"NV4192111742519960826-604-before","NV4192111742519960826","604",604,"before","fire",1798.84631347656,0.117467173116837,68.8236561065381,0.281902890571684,117.988888888889,418.544445037842,9.55555555555556,24.7777777777778,10.4444444444444,31.3333333333333,12,"0","905"
"669","NV4192111742519960826-61",14.0504246295961,-3.48907798480766,-0.0619049932835547,0.00491816434429215,"NV4192111742519960826-61-before","NV4192111742519960826","61",61,"before","fire",1797.25512695312,0.229192163124472,20.9751967190246,0.282724596728461,110.777777777778,391.822215186225,13.6666666666667,17.5555555555556,15.5555555555556,26.3333333333333,12,"0","906"
"670","NV4192111742519960826-625",18.0075392622226,-0.834513372602354,-0.0523342270774256,0.00928343005692783,"NV4192111742519960826-625-before","NV4192111742519960826","625",625,"before","fire",1776.10546875,0.169741626385213,33.2984282231516,0.255219621836419,99.4222222222222,389.555558098687,12.1111111111111,20.4444444444444,12.3333333333333,27.8888888888889,16.3333333333333,"0","907"
"671","NV4192111742519960826-669",21.89875242499,5.11627043807882,0.00678178743567812,0.0229932278203095,"NV4192111742519960826-669-before","NV4192111742519960826","669",669,"before","fire",1935.97290039062,0.18172371380398,58.941850582658,0.333029090809347,129.733333333333,389.555558098687,11.8888888888889,25.7777777777778,7.11111111111111,28.2222222222222,14.5555555555556,"0","908"
"672","NV4192111742519960826-763",23.6823703387526,-1.43636000544406,0.0202069214585796,0.0257640709199083,"NV4192111742519960826-763-before","NV4192111742519960826","763",763,"before","fire",2083.47924804688,0.126504789472646,109.064490542402,0.3635156347668,167.277777777778,460.166666242811,8.44444444444444,25.5555555555556,12.6666666666667,30.6666666666667,11.7777777777778,"0","909"
"673","NV4192111742519960826-772",17.7820121849559,4.67697998896756,-0.00725669408988053,0.0194150912562338,"NV4192111742519960826-772-before","NV4192111742519960826","772",772,"before","fire",1829.75451660156,0.122343237805886,60.5317031129891,0.262214693728429,113.477777777778,432.766662173801,15.6666666666667,21.8888888888889,8,27.6666666666667,14.3333333333333,"0","910"
"674","NV4192111742519960826-776",26.3888371364537,5.53037659578203,-0.0618200750885885,0.0194409770215079,"NV4192111742519960826-776-before","NV4192111742519960826","776",776,"before","fire",2030.74792480469,0.182035786216928,48.4587900785902,0.283588692122039,135.322222222222,477.177778879801,11.3333333333333,29.6666666666667,6.88888888888889,32.1111111111111,11.8888888888889,"0","911"
"675","NV4192111742519960826-792",12.7029241103197,5.42796170767564,-0.00148268557593999,0.0251193716246696,"NV4192111742519960826-792-before","NV4192111742519960826","792",792,"before","fire",1984.78820800781,0.0707914247761388,65.979701617741,0.214173608793193,98.5555555555556,460.166666242811,17,21.4444444444444,9.11111111111111,22.1111111111111,11.3333333333333,"0","912"
"676","NV4192111742519960826-8",18.5845220613633,4.18551194206673,0.0180410365265378,0.0183158633770952,"NV4192111742519960826-8-before","NV4192111742519960826","8",8,"before","fire",1814.91088867188,0.114580439733802,67.2937271753787,0.286326003326707,112.188888888889,391.822215186225,13.4444444444444,22.8888888888889,8.22222222222222,26.6666666666667,14.6666666666667,"0","913"
"677","NV4192111742519960826-838",15.28575318682,5.80185920296874,0.00183179649987905,0.0306735986439856,"NV4192111742519960826-838-before","NV4192111742519960826","838",838,"before","fire",1904.11218261719,0.143366225983152,42.9037055301702,0.252864115248514,99.0777777777778,391.822215186225,17.8888888888889,23,8.77777777777778,25.5555555555556,15.7777777777778,"0","915"
"678","NV4192111742519960826-846",20.5652904038437,-1.21921897539359,-0.0344487670127113,0.0305983679347244,"NV4192111742519960826-846-before","NV4192111742519960826","846",846,"before","fire",1801.62145996094,0.274502595270931,33.9797249588791,0.377281127770916,124.733333333333,330.611112382677,10.8888888888889,22.4444444444444,12.5555555555556,29.6666666666667,13.3333333333333,"0","916"
"679","NV4192111742519960826-865",21.7040781555784,2.17429734780047,0.0301770534784308,0.0209726785579114,"NV4192111742519960826-865-before","NV4192111742519960826","865",865,"before","fire",1924.19763183594,0.113225317728069,102.410172227272,0.357907031800305,149.8,418.544445037842,11.1111111111111,22.5555555555556,8.55555555555556,29.6666666666667,16.5555555555556,"0","917"
"680","NV4192111742519960826-871",24.5638705961343,4.86905248378688,0.0215180498803074,0.013412707803331,"NV4192111742519960826-871-before","NV4192111742519960826","871",871,"before","fire",2128.2099609375,0.123992547254713,117.648102834886,0.349973325369866,182.2,520.611106024848,12.1111111111111,28.5555555555556,7.88888888888889,31.1111111111111,14.3333333333333,"0","918"
"681","NV4192111742519960826-872",15.4081709855927,11.3296309382392,-0.00415952218313655,0.0213628876461712,"NV4192111742519960826-872-before","NV4192111742519960826","872",872,"before","fire",2042.59716796875,0.0793288945201494,44.5671264401059,0.186141884919221,77.6666666666667,417.244440714518,16.7777777777778,28.4444444444444,5.22222222222222,20.4444444444444,11.6666666666667,"0","919"
"682","NV4192111742519960826-899",17.3699324881692,5.41495563305313,0.00201114136170166,0.00873456058453076,"NV4192111742519960826-899-before","NV4192111742519960826","899",899,"before","fire",1758.54846191406,0.137245373690819,49.3714443956948,0.251328663165338,108.766666666667,432.766662173801,14.2222222222222,22.1111111111111,7.11111111111111,25.4444444444444,14.8888888888889,"0","920"
"683","NV4192111742519960826-93",24.8895757723806,3.00919100510116,0.00561111646257634,0.0146923823359152,"NV4192111742519960826-93-before","NV4192111742519960826","93",93,"before","fire",2098.0283203125,0.165267535980641,67.4639575672547,0.305863010728745,146.766666666667,479.844445122613,9.22222222222222,29.2222222222222,9.44444444444444,29.6666666666667,12,"0","921"
"684","NV4192111742519960826-937",22.2756562765355,-3.43982495335993,0.0211137189945348,0.0128180658032871,"NV4192111742519960826-937-before","NV4192111742519960826","937",937,"before","fire",1958.33081054688,0.138338739831638,95.7213111321551,0.36703920944007,153.622222222222,418.544445037842,10.4444444444444,19.7777777777778,12.8888888888889,33.3333333333333,12.3333333333333,"0","922"
"685","NV4192111742519960826-96",13.0977324044413,-2.40163693354987,-0.00603948810984165,0.00625735669492056,"NV4192111742519960826-96-before","NV4192111742519960826","96",96,"before","fire",1702.11755371094,0.178346288904576,35.1145128137137,0.28455721617997,94.0777777777778,330.611112382677,14.6666666666667,16.5555555555556,14.4444444444444,25.7777777777778,12.8888888888889,"0","923"
"686","NV4192111832719960826-136",9.12808217486233,-3.07991822832238,-0.0626767602561291,0.0385704713090919,"NV4192111832719960826-136-before","NV4192111832719960826","136",136,"before","fire",1531.32397460938,0.199521243373736,37.1040810173302,0.302220447233839,109.188888888889,361.288886600071,16.6666666666667,17.6666666666667,17.6666666666667,22.4444444444444,17.8888888888889,"0","924"
"687","NV4192111832719960826-162",4.63566092287373,2.77003711254854,-0.0509038718302434,0.0256362770483988,"NV4192111832719960826-162-before","NV4192111832719960826","162",162,"before","fire",1504.66650390625,0.128906400100048,33.271994676675,0.22099889425281,79.8444444444444,361.288886600071,19.6666666666667,20.5555555555556,15.1111111111111,15.6666666666667,17.3333333333333,"0","925"
"688","NV4195811760319990629-500",12.5679149086405,-8.423746846063,-0.0390105143783115,0.0407730479222355,"NV4195811760319990629-500-before","NV4195811760319990629","500",500,"before","fire",1608.2158203125,0.21206654261815,31.2602358010187,0.318029452477153,93.8222222222222,295.011111365424,12.6666666666667,16.8888888888889,20.8888888888889,26.1111111111111,14.2222222222222,"0","928"
"689","NV4196811857819990804-658",-14.0122750713317,14.6911754816135,0.0957377020133728,-0.066248662021091,"NV4196811857819990804-658-before","NV4196811857819990804","658",658,"before","fire",1283.73681640625,0.0389026433892701,51.3846355992437,0.243722039558895,61.1444444444444,250.877780914307,42.1111111111111,12.4444444444444,10.1111111111111,8.33333333333333,18.6666666666667,"0","929"
"690","unburned-1005",18.3208816450147,6.90056433177192,-0.0860594027435811,0.0115446705802977,"unburned-1005-before","unburned","1005",1005,"before","unburned",1902.90856933594,0.224108253471573,16.5594982519661,0.262069599467716,114.32,436.219997406006,15.4,24.4,6.6,26.3,16.1,"0","373"
"691","unburned-101",0.968174092950255,2.88312654150571,0.0213804536345781,-0.0348285151506629,"unburned-101-before","unburned","101",101,"before","unburned",1625.80590820312,0.134880893613002,38.5158071591627,0.303802461957844,69.27,228.01000213623,19.4,18.5,15.2,11.3,14.8,"0","602"
"692","unburned-1021",26.0550666449412,5.71820838363132,-0.095477122387919,0.0367591997040722,"unburned-1021-before","unburned","1021",1021,"before","unburned",2224.52783203125,0.154623452270336,90.4322872525963,0.33102506608071,169.7,512.64999961853,10.1,32,7.7,29.8,12,"0","394"
"693","unburned-104",-12.4975257364948,0.609265727070453,0.0860636039770785,0.0556771488655428,"unburned-104-before","unburned","104",104,"before","unburned",1267.5634765625,0.29309625448344,-15.0413256001635,0.217557254117392,43.32,199.11999797821,31.8,16.1,24.3,6.8,16.1,"0","667"
"694","unburned-1095",-2.44146863993721,-13.2441350186476,0.173357975461982,-0.101970061998145,"unburned-1095-before","unburned","1095",1095,"before","unburned",1370.18688964844,0.034446239106851,91.7337502702492,0.40989644524881,100.15,244.330003738403,20,8.8,29.2,18.1,20.2,"0","385"
"695","unburned-1098",-26.7589321701139,29.6407631622302,-0.0541362815393965,-0.016224407153948,"unburned-1098-before","unburned","1098",1098,"before","unburned",1264.50183105469,0.104025717110058,-7.88988980375976,0.0675962693007535,14.64,216.579999923706,62.8,14.8,4.6,2.4,10.6,"0","613"
"696","unburned-1099",20.3654438884388,6.04438793163283,0.255904883719326,-0.107298882250222,"unburned-1099-before","unburned","1099",1099,"before","unburned",2113.28100585938,-0.203201842279348,302.15092839351,0.478608177798154,212.1,443.159999847412,10.9,27.9,7.5,24.3,12,"0","164"
"697","unburned-110",20.9129189012724,5.30866217543426,-0.05755886479486,0.0409702050888566,"unburned-110-before","unburned","110",110,"before","unburned",2044.55041503906,0.125715233689328,88.4336611835306,0.311017513811771,148.43,477.240005493164,15.4,29.3,9.9,28.9,13.4,"0","369"
"698","unburned-1123",10.0702391236854,4.42529416784739,-0.0988614876347814,-0.0100515459542615,"unburned-1123-before","unburned","1123",1123,"before","unburned",1913.95874023438,0.177796717540231,47.4993944103018,0.297841688589309,117.85,395.680002212525,14.1,18,8.7,17.7,14.1,"0","195"
"699","unburned-1127",21.061790833528,-10.6321598518026,NA,NA,"unburned-1127-before","unburned","1127",1127,"before","unburned",1332.04345703125,0.110809553611227,189.499156785446,1.11451273888684,210.42,188.799995422363,11.6,14.6,18.8,37.8,15.8,"0","530"
"700","unburned-1136",7.16170362183039,5.34777685426965,-0.0784217320921108,0.0219735008743489,"unburned-1136-before","unburned","1136",1136,"before","unburned",1714.28332519531,0.215154934337462,22.2762795051608,0.289585351113892,86.67,299.290000915528,19,20.5,11.2,17.1,15.2,"0","555"
"701","unburned-1153",4.32610205364027,7.83217168236377,-0.0839650459259726,-0.0158935519761091,"unburned-1153-before","unburned","1153",1153,"before","unburned",1737.36596679688,0.230383925700817,13.9569756705109,0.276056151809096,84.36,305.590002059937,17.9,20.2,9.1,11.4,13.7,"0","650"
"702","unburned-1181",-9.47199478725327,-1.30694295609733,NA,NA,"unburned-1181-before","unburned","1181",1181,"before","unburned",1324.6572265625,0.0636471691553501,27.4733023153805,0.214301383406165,39.08,182.359998703003,24.8,10.2,20.6,7.2,14.4,"0","683"
"703","unburned-119",2.54395228598794,4.59623384713891,0.0311380567780772,0.00562881285340638,"unburned-119-before","unburned","119",119,"before","unburned",1622.82336425781,0.0784767620243917,16.9652046177887,0.142378245147285,37.8,265.48999786377,14.7,20,12.4,7.9,10,"0","92"
"704","unburned-1218",22.1587636045751,4.48620850545758,-0.103543135856894,-0.0112652708853582,"unburned-1218-before","unburned","1218",1218,"before","unburned",1731.52160644531,0.176718518942855,67.8923974131928,0.322770789983397,150.04,464.849994659424,12.8,27.3,8.7,29.2,12.6,"0","445"
"705","unburned-122",-1.23192090357259,-0.0245303631381121,-0.0438855934429344,-0.109318736717069,"unburned-122-before","unburned","122",122,"before","unburned",1472.10290527344,0.235263284370154,17.7225885294601,0.304584212454047,77.87,255.660000801086,18.3,18.5,18.9,8.9,12.6,"0","842"
"706","unburned-1222",-4.17185522294597,4.49493768273895,0.0180359105496993,-0.0467304722838759,"unburned-1222-before","unburned","1222",1222,"before","unburned",1342.23364257812,0.181439004552981,-1.62158693930978,0.174555331270511,41.12,235.570003509522,21.2,15.3,14.1,6.5,16.2,"0","383"
"707","unburned-1229",-13.9692922072467,17.9715729046081,-0.0567258417365134,-0.0197676049133603,"unburned-1229-before","unburned","1229",1229,"before","unburned",1259.47082519531,0.156843554785245,-9.81400323597349,0.0989199088619891,16.76,169.429998397827,36.4,14.7,6.3,1.1,8.8,"0","706"
"708","unburned-123",20.5521656441043,-3.11764895240319,-0.10394078098305,-0.00829836332391967,"unburned-123-before","unburned","123",123,"before","unburned",1727.23010253906,0.117407647545812,33.096098585607,0.187796424033034,88.3,470.18999671936,11.8,20,13.6,32.1,13.6,"0","161"
"709","unburned-1233",13.2138209202378,3.9572424590845,0.00670885975338847,0.00747484553183764,"unburned-1233-before","unburned","1233",1233,"before","unburned",1626.64306640625,0.109384517320761,35.7437521386494,0.204107591182814,77.02,377.350002288818,15.6,24.2,11.6,21.4,12.2,"0","346"
"710","unburned-1240",1.26429776167466,4.33631514593408,-0.0632937853646996,-0.027074737136227,"unburned-1240-before","unburned","1240",1240,"before","unburned",1652.86022949219,0.128177344031494,10.3958541126572,0.167249220321872,44.5,266.069999694824,16.9,22.4,14.9,7.6,13.1,"0","112"
"711","unburned-1250",34.1275983612602,3.43130109413638,-0.417538968914259,0.212069986031514,"unburned-1250-before","unburned","1250",1250,"before","unburned",2344.79467773438,0.66901602338407,26.157737177601,0.713474751866051,419.78,588.359992980957,8.8,35.6,8.8,39,10.3,"0","365"
"712","unburned-1251",-7.780099344421,-4.06207290769626,-0.117316013495891,-0.0657127816459883,"unburned-1251-before","unburned","1251",1251,"before","unburned",1430.82934570312,0.332894669544656,-26.6690349187705,0.230541910205414,60.07,260.559999465942,30,11.1,24.7,15,14.5,"0","260"
"713","unburned-1258",-4.07731356214458,2.86555400183187,0.0419376260717901,-0.0257402536810344,"unburned-1258-before","unburned","1258",1258,"before","unburned",1326.69299316406,0.148571325572975,12.2745955020297,0.201777201661662,46.55,230.699997901916,19.3,16.7,16.1,5.3,14,"0","217"
"714","unburned-1260",-3.17238437377302,-5.20225295209539,-0.332975585001685,-0.0705698209361636,"unburned-1260-before","unburned","1260",1260,"before","unburned",1348.32983398438,0.371725774715571,-21.5585639786043,0.262319208068849,51.69,197.050000190735,19.7,15.6,24.1,11,16.8,"0","202"
"715","unburned-1266",-9.24220885918855,-5.31150365092355,-0.0448504560033673,-0.0286011567142672,"unburned-1266-before","unburned","1266",1266,"before","unburned",1343.23278808594,0.308170733931066,-28.5264051272662,0.193205172389977,47.94,248.130002975464,23.7,13.3,26.2,7.5,16.3,"0","352"
"716","unburned-1267",9.27726551809875,11.9332785469394,-0.00202270432012516,0.00267405996496425,"unburned-1267-before","unburned","1267",1267,"before","unburned",1848.5537109375,0.0894015214813619,48.2296545947698,0.195812374058557,88.75,453.239997863769,26.1,23.9,6.7,21.9,15.3,"0","123"
"717","unburned-1275",0.275946758856283,-0.275162489580005,0.0237926220859095,-0.0241151310475364,"unburned-1275-before","unburned","1275",1275,"before","unburned",1520.62084960938,0.131606807787505,27.8964762024256,0.215059231339986,71.89,334.280000686645,22,16.9,18.7,14.7,16,"0","830"
"718","unburned-1279",-13.1384803148923,16.7280579690094,-0.0458788324884419,-0.030053255452654,"unburned-1279-before","unburned","1279",1279,"before","unburned",1297.85400390625,0.140372553361388,-1.10972693639478,0.134984221470935,27.8,205.949996948242,35.1,15.4,7.4,1.4,14.1,"0","700"
"719","unburned-1310",2.28110163466597,4.04419551736014,-0.0898584496632721,-0.0152049348960405,"unburned-1310-before","unburned","1310",1310,"before","unburned",1590.58422851562,0.201318150659452,-7.18412734711666,0.174271515148504,46.29,265.620000839234,12.5,18.3,11.7,6.4,9.9,"0","184"
"720","unburned-1324",-2.50353136283126,0.361322224904827,-0.118804659426634,-0.0146551601255132,"unburned-1324-before","unburned","1324",1324,"before","unburned",1280.31262207031,0.295109697937676,-11.0198488746957,0.240407047985028,48.43,201.450000762939,18.5,19.7,19.6,6.9,15.4,"0","273"
"721","unburned-1329",8.79569336391241,7.06017764697252,-0.00876909319351514,0.025359769722858,"unburned-1329-before","unburned","1329",1329,"before","unburned",1677.62109375,0.109283074641756,42.6162325999612,0.239943587485494,78.26,326.159997940063,17.9,22.5,9.5,16.8,15,"0","220"
"722","unburned-133",-8.221594630813,-0.960491669594671,NA,NA,"unburned-133-before","unburned","133",133,"before","unburned",1485.31433105469,0.274852833017902,-28.3542762185736,0.178311203759491,52.37,293.699996948242,25.8,13.9,21.9,8.4,12.9,"0","48"
"723","unburned-1342",3.30558293836172,6.31018793269642,-0.158243534479799,-0.0359674317642981,"unburned-1342-before","unburned","1342",1342,"before","unburned",1496.46472167969,0.290555701017111,-3.73782686783838,0.276053385336593,71.15,257.740001678467,22,19,11.5,14.8,16.9,"0","204"
"724","unburned-1346",25.6013364400748,5.23699759698631,-0.0180452851765339,0.00720744171694793,"unburned-1346-before","unburned","1346",1346,"before","unburned",2156.48364257812,0.0811562271633855,136.675087995459,0.362288130021478,176.13,486.160007476807,9.9,32.9,8.8,29,14.2,"0","909"
"725","unburned-135",-6.47994968101007,-2.60084707041295,-0.0524773166117035,0.00869266158308238,"unburned-135-before","unburned","135",135,"before","unburned",1245.44030761719,0.231581898384778,-7.15031929605744,0.206602617334056,59.14,286.250003814697,23.3,17.9,24.5,8,14.6,"0","820"
"726","unburned-1350",-6.15162665719715,-9.8647449622295,0.0586600538840725,-0.163171233272162,"unburned-1350-before","unburned","1350",1350,"before","unburned",1354.54431152344,0.0348950991772241,83.8604560692698,0.349568480300187,93.16,266.5,20.9,11.2,28.3,11.8,18.6,"0","238"
"727","unburned-1396",-2.28426580179364,-26.0039130641759,0.259442909187008,-0.140996825641386,"unburned-1396-before","unburned","1396",1396,"before","unburned",1520.80053710938,0.0253798294066584,109.966812493495,0.391972526498949,117.58,299.970003128052,14.1,5.8,40.1,20.1,16.3,"0","876"
"728","unburned-1405",-2.8494022207037,3.33095670599856,-0.00166197708435127,-0.00750800718761281,"unburned-1405-before","unburned","1405",1405,"before","unburned",1536.17797851562,0.0599114923239194,17.9533104260887,0.124216483160791,34.68,279.190000534058,17.6,12.9,12.8,6.3,16.2,"0","188"
"729","unburned-1412",0.768905598985534,1.0196544569157,0.0354232734208196,-0.00576328605540857,"unburned-1412-before","unburned","1412",1412,"before","unburned",1606.89831542969,0.0970529286656862,40.7419077427287,0.240692430775193,68.27,283.639995574951,17.9,19.2,17.3,10.4,14,"0","326"
"730","unburned-1418",14.1072500905059,7.70506226066717,-0.0951983957607821,-0.0017644289072038,"unburned-1418-before","unburned","1418",1418,"before","unburned",1840.93786621094,0.192255101736048,14.1408930502919,0.227849375361328,90.52,397.280000686646,17.5,24.3,7.7,22.4,18.4,"0","203"
"731","unburned-1449",7.63502006705387,-33.5773951964747,-0.766253500587994,0.0640376753690537,"unburned-1449-before","unburned","1449",1449,"before","unburned",1385.86828613281,1.00088369213162,-51.6208869243595,0.844062333522745,277.84,329.170001983643,12.4,4.9,43.9,35.2,13.2,"0","800"
"732","unburned-1459",7.75525038117881,1.96823832155103,-0.104011277282206,-0.0137371840514916,"unburned-1459-before","unburned","1459",1459,"before","unburned",1861.24487304688,0.245875244566466,-1.11792871229553,0.242320170082172,76.2,314.459997177124,13.1,20.4,13.2,14.3,10.5,"0","531"
"733","unburned-1463",15.7711099198434,0.370840287232414,-0.0353998832600935,-0.0440974766178192,"unburned-1463-before","unburned","1463",1463,"before","unburned",1844.06604003906,0.262023154647091,28.4602823943906,0.369383985243429,97.92,265.089998245239,13.7,21.6,12.8,25.5,12.5,"0","53"
"734","unburned-1472",-11.7430320974608,6.62816380149566,-0.0941979916489101,-0.0434642418682018,"unburned-1472-before","unburned","1472",1472,"before","unburned",1400.48742675781,0.252507820949505,-28.007233343368,0.146044777007841,38.42,263.070003509522,33.6,11.4,15.5,7.9,17.4,"0","491"
"735","unburned-1474",0.351885835034964,10.4702323155773,0.0401077265603138,0.0125602237806932,"unburned-1474-before","unburned","1474",1474,"before","unburned",1570.39868164062,0.12894961751476,19.1189825847846,0.1926859320257,57.8,299.9700050354,26.8,20.2,9.8,12.9,17.8,"0","539"
"736","unburned-1488",8.68576418628348,4.34470545190429,-0.0968346823902102,0.00413005117565085,"unburned-1488-before","unburned","1488",1488,"before","unburned",1733.04296875,0.220201646662826,3.23828966259206,0.22835279863875,90.72,397.280000686646,17,19.4,10.7,18.1,17.5,"0","742"
"737","unburned-1502",19.7771419851542,2.82605003440102,-0.0181173689705088,0.0353153070430054,"unburned-1502-before","unburned","1502",1502,"before","unburned",2120.67651367188,0.0699718337276037,105.994317044371,0.25991899732896,145.04,558.020004272461,16.2,23.8,10.4,31,15.2,"0","798"
"738","unburned-1513",-5.33529322290146,4.20895619297201,0.017484999173441,-0.0448083916222222,"unburned-1513-before","unburned","1513",1513,"before","unburned",1301.30236816406,0.144025113606648,11.0808880212091,0.208561444611415,35.81,171.699999809265,20.8,16.6,15.4,4.4,14.9,"0","159"
"739","unburned-1514",-10.7230967176113,-7.72369605795723,-0.183992509897235,0.121343959557069,"unburned-1514-before","unburned","1514",1514,"before","unburned",1436.77844238281,0.673256086531686,-95.527320402106,0.324323334305946,88.79,273.770002365112,26.7,10,28.4,10.4,16.5,"0","120"
"740","unburned-1517",16.8136387145778,-14.3351024166302,-0.0030127269930037,0.0241530289897336,"unburned-1517-before","unburned","1517",1517,"before","unburned",1720.34582519531,0.166256627448432,130.363184163989,0.487269149650101,197.88,406.099996566773,7.3,15.7,23.9,30,11.7,"0","20"
"741","unburned-1522",28.3447961710347,-0.301885642160661,0.0230106859785811,0.0547839379834296,"unburned-1522-before","unburned","1522",1522,"before","unburned",2172.04125976562,0.0739902090773231,170.250793933426,0.365725351666384,213.43,583.579998016357,9.2,30.4,12.4,35.3,12.3,"0","816"
"742","unburned-1540",-9.39271249907535,3.61180263643402,-0.105777042832888,-0.0373495051158594,"unburned-1540-before","unburned","1540",1540,"before","unburned",1432.14306640625,0.231759016553072,-4.67259434276594,0.212198591640066,50.69,238.88000202179,31.3,12.8,18.1,9.9,18.3,"0","419"
"743","unburned-156",-4.37095607513487,-21.0251285337396,0.0881386265610035,-0.0286316536351257,"unburned-156-before","unburned","156",156,"before","unburned",1314.88720703125,0.433244515025333,102.486180195384,0.849871933625416,209.06,245.990003585815,22.9,6.5,37.9,22.6,14.3,"0","925"
"744","unburned-1568",4.21587361502224,15.9287283100019,-0.033706549860389,0.0095678666247091,"unburned-1568-before","unburned","1568",1568,"before","unburned",1775.84362792969,0.123060917445719,-0.365409524720364,0.12219374405402,51.49,421.380001068115,28.7,23.9,4.8,15.8,14.4,"0","421"
"745","unburned-1570",-5.32461472240558,-8.56579413887913,0.0949015158597242,-0.0293458947863063,"unburned-1570-before","unburned","1570",1570,"before","unburned",1346.15319824219,0.204036013661505,4.79884771049308,0.225339608289641,50.76,225.259999275208,17.1,13.8,27,8.1,13.5,"0","809"
"746","unburned-1577",-17.3354394532298,12.9632808116645,0.00571847156628907,-0.0235269192556927,"unburned-1577-before","unburned","1577",1577,"before","unburned",1276.90795898438,0.1927725006724,-12.1477817510559,0.137630504335015,30.32,220.299999237061,43.8,14.4,14.6,5.8,14.4,"0","750"
"747","unburned-1589",12.7800062997704,9.35278701824957,-0.0532000545116732,0.0149020323587489,"unburned-1589-before","unburned","1589",1589,"before","unburned",1939.625,0.172578286798542,26.557900180407,0.233460182031072,101.84,436.219997406006,22.8,23.6,7.3,24.8,17.2,"0","495"
"748","unburned-16",3.29130625782604,-9.94829204486637,-0.00991138467245706,0.0108092567831877,"unburned-16-before","unburned","16",16,"before","unburned",1530.21789550781,0.303043182990863,4.80532216145994,0.324685853653563,72.09,222.029999732971,11.9,14.5,24.5,15,14.1,"0","178"
"749","unburned-1626",-3.35534074477346,7.29680578844666,-0.0529709618672876,-0.020638272090182,"unburned-1626-before","unburned","1626",1626,"before","unburned",1401.09838867188,0.179310952516475,3.35266607908699,0.191943930634347,50.94,265.390001296997,24.6,18.3,13.1,8.3,16,"0","904"
"750","unburned-1628",-7.25171122918346,9.80651210655891,-0.0265627199424912,0.010692428819041,"unburned-1628-before","unburned","1628",1628,"before","unburned",1443.1962890625,0.161654151934931,-10.4521096390652,0.121900197743419,32.05,262.920000076294,25.8,17.2,11.5,3.5,9,"0","468"
"751","unburned-1635",2.71069642151358,-3.63087843779065,-0.117185031960892,-0.0554278041142994,"unburned-1635-before","unburned","1635",1635,"before","unburned",1629.43688964844,0.268133282614632,-1.19520329719825,0.264036472763566,77.03,291.73999786377,16.8,19,21.3,14.2,15.4,"0","199"
"752","unburned-1656",-4.53267002960738,4.6073296091586,-0.00677536329934417,-0.0364684586404051,"unburned-1656-before","unburned","1656",1656,"before","unburned",1488.97546386719,0.216059943950108,-12.6141501949436,0.170373054183153,47.04,276.099998474121,23,16.2,15,7.3,17.9,"0","98"
"753","unburned-1658",-11.2495726123394,-4.91456490013436,-0.0215295775846375,-0.0359612409596098,"unburned-1658-before","unburned","1658",1658,"before","unburned",1230.22863769531,0.245401065458394,-9.83630588078555,0.198215485855664,41.32,208.459999084473,23.1,8.7,24,5.6,16.3,"0","905"
"754","unburned-1668",12.6835998672591,8.32624374471848,-0.0923657009458014,0.00385778343977244,"unburned-1668-before","unburned","1668",1668,"before","unburned",1685.74743652344,0.1710183984824,24.2261241496143,0.229624789823443,94.92,413.370002746582,17.6,23.2,7,20.7,17,"0","249"
"755","unburned-1677",16.9064796109337,6.09263682704951,-0.0594397731315723,0.0168421872689996,"unburned-1677-before","unburned","1677",1677,"before","unburned",1951.74780273438,0.173398380216035,20.6576071674197,0.216111156479415,104.52,483.640001296997,15,24.8,8.1,24.4,14.4,"0","242"
"756","unburned-1690",1.05569406410849,7.05809407297292,-0.0399766563449074,0.00171539342411739,"unburned-1690-before","unburned","1690",1690,"before","unburned",1626.65698242188,0.133505704383903,-2.37758004118834,0.123955655982828,30.86,248.959999084473,15.1,19.9,10.3,5.2,8.4,"0","78"
"757","unburned-1692",20.6844926701854,7.8873582271091,-0.184006932299956,0.0993646341250891,"unburned-1692-before","unburned","1692",1692,"before","unburned",2032.58337402344,0.290324898411715,188.417107397222,0.978204523683511,267.94,273.909998893738,14.4,26.3,5.4,27.4,12.2,"0","46"
"758","unburned-1695",-0.460628532890441,6.61816077699388,-0.0455286698032156,0.00560490996813237,"unburned-1695-before","unburned","1695",1695,"before","unburned",1400.3642578125,0.158804740880766,15.9844414506569,0.224676501359988,54.52,242.660000801086,21.6,20.9,13.4,8.9,13.9,"0","887"
"759","unburned-1705",-5.31545374443547,7.93632851667407,0.0474272141547433,-0.0332185578104197,"unburned-1705-before","unburned","1705",1705,"before","unburned",1298.08093261719,0.157269651266557,-3.02164582051837,0.141990293151995,28.08,197.759997367859,24.1,19.1,13.4,4.8,16.1,"0","212"
"760","unburned-1711",-6.19564987310374,0.98391253659786,0.00920813625053107,0.0267456257129914,"unburned-1711-before","unburned","1711",1711,"before","unburned",1291.99182128906,0.186636971695355,15.2477112206461,0.246394423939869,62.87,255.159995079041,26.9,12.7,18.7,11.4,19.7,"0","547"
"761","unburned-1713",-9.34297680954097,6.09709856578207,0.0875671497672925,-0.0312016854370307,"unburned-1713-before","unburned","1713",1713,"before","unburned",1233.04309082031,0.223762193963214,-1.77212922761334,0.212491258045956,33.41,157.229997634888,26,12.8,14.1,4.1,13.3,"0","684"
"762","unburned-1723",-6.16414076135873,4.01424964046905,0.0601979804508259,0.01249983068011,"unburned-1723-before","unburned","1723",1723,"before","unburned",1428.76477050781,0.122105222423574,-7.74647713125277,0.0762028924383978,12.86,168.759998321533,23,17.5,16.9,5.1,4.8,"0","559"
"763","unburned-1724",-4.00929231852443,10.4109660256421,-0.0330820094918379,-0.00669222297509908,"unburned-1724-before","unburned","1724",1724,"before","unburned",1513.86181640625,0.107273652696417,1.96315152291205,0.115159062120145,28.67,248.959999084473,21.2,15.9,7.9,3.7,8.9,"0","143"
"764","unburned-1728",-0.837321706959152,3.62275990594683,-0.0273832707380915,0.0299818272281948,"unburned-1728-before","unburned","1728",1728,"before","unburned",1463.12341308594,0.184323754650988,22.4898191532768,0.273357083825555,69.05,252.600002288818,24.9,16.8,15.5,14,18.3,"0","721"
"765","unburned-1736",7.37276851406686,7.26377659509582,-0.0169178426997405,0.0313655875616912,"unburned-1736-before","unburned","1736",1736,"before","unburned",1700.08532714844,0.087286486850224,29.9370905622629,0.181680591905336,57.62,317.150001525879,15,22.9,9.3,12.2,9.8,"0","594"
"766","unburned-1737",1.56974541157646,4.22581057604004,-0.102571628853796,-0.0155489122658919,"unburned-1737-before","unburned","1737",1737,"before","unburned",1596.30078125,0.166850379566202,13.2185820605656,0.212597331811063,61.43,288.950004577637,17,19.2,13.3,9.1,15.6,"0","629"
"767","unburned-1740",-7.47447246332541,13.2058853025537,0.011639416384249,0.00574629695342635,"unburned-1740-before","unburned","1740",1740,"before","unburned",1436.01940917969,0.0657197611124795,-1.51770493349265,0.0585685340006373,12.43,212.230000495911,25.6,14.6,6.5,2.2,9.8,"0","541"
"768","unburned-1741",-8.64854765329253,-9.38152113166967,-0.15110905258631,0.211866270740297,"unburned-1741-before","unburned","1741",1741,"before","unburned",1378.83972167969,0.667098742707491,-60.3266092561492,0.397289678347012,88.83,223.590002059937,22.7,10.4,28.7,10.2,18.1,"0","513"
"769","unburned-1753",10.8692462352468,1.85040810534824,0.0436970576531302,-0.0114239428527191,"unburned-1753-before","unburned","1753",1753,"before","unburned",1838.30578613281,0.0464650684055389,104.733378650758,0.270656734397849,126.44,467.159999847412,17.8,17.4,11.8,23.4,17,"0","461"
"770","unburned-1762",-0.713799412869268,11.3057226852722,-0.0332238705744189,-0.00539590850921728,"unburned-1762-before","unburned","1762",1762,"before","unburned",1368.02319335938,0.11707108719046,-1.31811702714718,0.110526315475454,22.26,201.400000572205,18.9,22.4,8.5,3.5,10.4,"0","265"
"771","unburned-1766",-3.97305617182301,-6.56370449889244,-0.0456792663780648,-0.0160563531946067,"unburned-1766-before","unburned","1766",1766,"before","unburned",1276.31628417969,0.398927255760937,-18.5168110752371,0.307468146142173,62.25,202.459997177124,24,15,26.6,14.6,16.5,"0","825"
"772","unburned-1773",9.06286917169888,-12.6349914261807,-0.288658348053182,-0.111814558914478,"unburned-1773-before","unburned","1773",1773,"before","unburned",1257.26611328125,0.407343952371942,-34.0096583226231,0.253704370081534,56.16,221.3600025177,10,11.2,23.2,23,13.2,"0","25"
"773","unburned-1776",18.4603552970718,-19.7209273277651,-0.669340420091577,0.225155529067391,"unburned-1776-before","unburned","1776",1776,"before","unburned",1368.8017578125,1.0122674418649,-113.514604886105,0.54725328822205,133.59,244.109999656677,7.3,8.7,25.6,36.8,11.3,"0","223"
"774","unburned-1789",-4.98768695302734,2.74655566086757,0.00174929493067738,-0.00772249747068282,"unburned-1789-before","unburned","1789",1789,"before","unburned",1513.04565429688,0.267818565205161,1.75237777597091,0.275195755443508,65.37,237.540000915527,22.5,14.1,16,7.8,15.3,"0","753"
"775","unburned-179",7.91339562918746,1.91504665244143,-0.0918895420080976,-0.0182160226847949,"unburned-179-before","unburned","179",179,"before","unburned",1648.94274902344,0.286642354152695,13.8733956480595,0.332248519876773,101.07,304.20000076294,18.1,20.2,14.3,19,11.6,"0","488"
"776","unburned-1790",-8.56391860559159,3.09242981404539,-0.179100969554036,-0.0694956345140078,"unburned-1790-before","unburned","1790",1790,"before","unburned",1497.06359863281,0.316346867769563,-30.2383202444642,0.205846884993694,56.33,273.64999961853,30.2,12.6,18,10.3,17.6,"0","894"
"777","unburned-1792",10.6066454938566,-14.7046285274091,-0.815515446922195,0.297013373900394,"unburned-1792-before","unburned","1792",1792,"before","unburned",1296.2578125,1.12054906343887,-85.8049877720061,0.831497393527925,246.83,296.849998474121,21,12.1,28,35.4,12.4,"0","344"
"778","unburned-1798",8.17005858087943,7.02839330410391,-0.0447040924149909,0.0190679238505203,"unburned-1798-before","unburned","1798",1798,"before","unburned",1578.33569335938,0.14327846957305,45.7931314243096,0.288801323448295,90.88,314.679998397827,17.7,21.3,9.1,16.2,10.5,"0","579"
"779","unburned-1803",4.60050212037227,3.33630399573072,0.0100375413970804,-0.0217177093168859,"unburned-1803-before","unburned","1803",1803,"before","unburned",1586.22521972656,0.177594080882863,12.6050089728407,0.224206790956789,60.63,270.419998168945,11.3,18.8,11.6,8.5,12,"0","453"
"780","unburned-1807",6.76329552602422,5.37967310316537,-0.0245646343480069,0.0389351124199822,"unburned-1807-before","unburned","1807",1807,"before","unburned",1681.62219238281,0.118355840019595,41.4979351619657,0.279908122778645,71.9,256.870001792907,15.8,16.7,8.6,14.9,19.3,"0","478"
"781","unburned-1811",-5.24547879404594,9.23596992730996,-0.0508513496876976,-0.028223021851954,"unburned-1811-before","unburned","1811",1811,"before","unburned",1602.33972167969,0.188280509452661,15.0898153506736,0.25231265500774,59.46,235.659998893738,26.7,16,11,7.5,12.8,"0","16"
"782","unburned-1823",8.76187011636706,7.81118971655191,-0.0644833638878535,-0.0055386989891246,"unburned-1823-before","unburned","1823",1823,"before","unburned",1740.32751464844,0.172268768874297,23.1819889649879,0.230038877391282,92.31,401.279996871948,21.3,21.5,9,19.7,17.8,"0","109"
"783","unburned-1827",-5.56103181964009,11.2343478636907,0.00245183505278421,0.00829037100488075,"unburned-1827-before","unburned","1827",1827,"before","unburned",1563.09289550781,0.193098648436746,3.82083423320848,0.206330516528517,59.58,288.760000228882,29.1,19.5,11.3,7.2,14.1,"0","97"
"784","unburned-1831",11.2258345379354,3.30414759009414,-0.0376159930214356,0.00697802832878461,"unburned-1831-before","unburned","1831",1831,"before","unburned",1807.43957519531,0.103987857967032,43.7693676588363,0.186922084364419,98.65,527.760004043579,17.2,22.8,12.7,21,12.4,"0","799"
"785","unburned-1836",-8.21571008911879,-7.07342771696376,-0.336737978297486,0.119261043198166,"unburned-1836-before","unburned","1836",1836,"before","unburned",1399.21044921875,0.652315423036613,-48.9800482553819,0.418263488351992,87.53,209.269999504089,26.4,8.8,26.1,13.4,20.4,"0","908"
"786","unburned-1851",4.38766599355156,6.225072880253,-0.000192958679281971,-0.0116013600272994,"unburned-1851-before","unburned","1851",1851,"before","unburned",1634.65539550781,0.0950820288786742,27.3648009925995,0.186520531823631,55.82,299.270002365112,13.2,20.2,9.7,8.1,9.8,"0","878"
"787","unburned-1859",-3.63456869437796,1.97413167780337,0.0378603969737243,0.00415390731872084,"unburned-1859-before","unburned","1859",1859,"before","unburned",1369.65002441406,0.176249539802226,4.45285421520974,0.195969886343687,44.25,225.799998283386,17.8,16.6,16.5,5,13.5,"0","241"
"788","unburned-1889",-16.0437058326151,18.5350241465252,-0.0583553893667242,0.0038826808261247,"unburned-1889-before","unburned","1889",1889,"before","unburned",1248.83605957031,0.158542479104051,-5.20897811865902,0.132382484269031,26.36,199.11999797821,45,19.2,10.8,4.4,13.1,"0","645"
"789","unburned-1890",-0.42122192264532,-13.701245277628,-0.0118333023400269,0.0699362558814064,"unburned-1890-before","unburned","1890",1890,"before","unburned",1632.60363769531,0.21527097231643,60.352842529157,0.462284607996536,112.95,244.330003738403,19.7,13.9,31.5,19.1,17.9,"0","527"
"790","unburned-1893",-0.416476455591696,2.9261991005313,0.139911206143318,-0.124618826931411,"unburned-1893-before","unburned","1893",1893,"before","unburned",1423.67114257812,0.000393705442727345,88.5812193049454,0.353447590561592,88.68,250.899998664856,24.8,18.4,16.9,14.3,16.6,"0","691"
"791","unburned-1902",15.9702767352215,-0.0786721319353903,0.0365406181215891,0.00103668225310782,"unburned-1902-before","unburned","1902",1902,"before","unburned",1706.06274414062,0.138712900663816,72.1779366272445,0.416576836734277,108.21,259.760002136231,13.9,20.1,12.5,26.6,12.8,"0","703"
"792","unburned-1909",4.29069225987504,5.40009785975482,-0.0115611511367635,0.0380356343838955,"unburned-1909-before","unburned","1909",1909,"before","unburned",1660.28186035156,0.142665699922162,26.2789830058534,0.234643520404685,67.04,285.709999084473,16.6,20.1,11.4,11.4,15.1,"0","457"
"793","unburned-1915",4.50229503307816,7.62174883654649,-0.0513763544682064,0.00215092999840982,"unburned-1915-before","unburned","1915",1915,"before","unburned",1730.94140625,0.161331462808996,24.9544881500733,0.231918084131766,81.99,353.529998779297,26.5,21.9,12.2,18.8,17.6,"0","141"
"794","unburned-1922",-12.2230018685717,11.7958645069106,-0.045189332426264,-0.00399644258785506,"unburned-1922-before","unburned","1922",1922,"before","unburned",1499.11547851562,0.199196583484894,5.14570318808363,0.217677057476469,60.61,278.440000534058,34.8,13.3,11.3,5.3,15.6,"0","680"
"795","unburned-1926",6.97574421678411,7.3354599513675,-0.00662252038094223,0.0259608493015621,"unburned-1926-before","unburned","1926",1926,"before","unburned",1789.06970214844,0.131133725743648,33.9076777637437,0.220884062743813,83.45,377.800004959107,20.9,19.8,9.2,17.8,19.1,"0","463"
"796","unburned-1956",-10.3974102808039,9.64179565247209,NA,NA,"unburned-1956-before","unburned","1956",1956,"before","unburned",1465.658203125,0.0960123794453814,18.1396459978311,0.182573012243438,38.26,209.559997558594,32,16.6,14,5.2,16.2,"0","456"
"797","unburned-1986",1.16244491654078,-15.6335906085435,-0.465805539280011,0.0988910079039388,"unburned-1986-before","unburned","1986",1986,"before","unburned",1349.0869140625,0.601291861678995,-46.3649754395516,0.42562703251069,112.34,263.940002441406,17.4,11,31,20.9,16.4,"0","224"
"798","unburned-1996",8.66426223144028,7.43755270496098,-0.104800771401509,4.92620402271493e-05,"unburned-1996-before","unburned","1996",1996,"before","unburned",1734.00378417969,0.199755540935099,3.10111856014265,0.207561417281209,82.46,397.280000686646,19.6,23,9.8,17.8,16.8,"0","827"
"799","unburned-2008",23.722501823729,-1.02664466831353,0.0169335727309082,0.0290964734329203,"unburned-2008-before","unburned","2008",2008,"before","unburned",2105.29833984375,0.063268070831086,138.328019349896,0.300301587778353,175.25,583.579998016357,8.3,26.2,12.5,30.2,11.3,"0","807"
"800","unburned-201",-23.2241860054493,25.4403998106342,-0.00950364284400891,-0.00170329207307479,"unburned-201-before","unburned","201",201,"before","unburned",1235.00720214844,0.10594490607286,-5.44503765824473,0.0841473174687791,21.02,249.800001144409,57,14.2,6.2,4,12.4,"0","601"
"801","unburned-203",-0.898666551637123,2.73975079224845,-0.0326790682296095,-0.0392271497919553,"unburned-203-before","unburned","203",203,"before","unburned",1572.8369140625,0.204210435939373,5.23362540203796,0.223168038880591,61.61,276.069997787475,22.6,18.5,16.8,11.8,16.6,"0","412"
"802","unburned-2037",8.02185120815297,3.56751720995574,-0.102766447074277,-0.0361982254297479,"unburned-2037-before","unburned","2037",2037,"before","unburned",1575.04907226562,0.17001466779596,32.8310910323765,0.293208255159475,78.14,266.5,18.4,21.9,13.4,18.1,16.6,"0","94"
"803","unburned-204",-13.5058416742433,14.3056694294638,0.0363748759464286,-0.0233197547577995,"unburned-204-before","unburned","204",204,"before","unburned",1078.4580078125,0.150251627170294,-6.97281984665679,0.107788806364367,17.7,164.210000991821,35.7,13.8,9.5,3.1,15.8,"0","540"
"804","unburned-2040",-2.95635644290398,-0.243907857733949,-0.0936878866660734,-0.0654787871245205,"unburned-2040-before","unburned","2040",2040,"before","unburned",1426.35205078125,0.265958313248456,-11.0631825163739,0.218980892606524,51.57,235.499999046326,23.3,17.2,20.3,11.6,15.7,"0","290"
"805","unburned-2046",3.08335586656662,6.66299550765822,-0.0285383944403358,0.0264739624075708,"unburned-2046-before","unburned","2046",2046,"before","unburned",1458.0625,0.127794089191108,33.7475446844466,0.252900835893865,68.22,269.749998092651,17.2,19.7,10.4,9.9,17.3,"0","844"
"806","unburned-2049",-2.96728389943174,0.778922968534103,-0.13002244823782,-0.0616614229987383,"unburned-2049-before","unburned","2049",2049,"before","unburned",1537.23388671875,0.238488245799208,-1.8893198383919,0.232189883233984,69.65,299.970003128052,26.4,14,18.3,14.8,17.9,"0","331"
"807","unburned-2056",20.3643032683286,1.89488046636488,-0.0448031148494208,0.0246424310617736,"unburned-2056-before","unburned","2056",2056,"before","unburned",1877.64916992188,0.205963728041683,46.7000382275313,0.318447861745604,132.21,415.170003890991,11,23.5,9.8,27.7,14.3,"0","154"
"808","unburned-2059",-7.39170760597023,-2.1086073843144,-0.0952577101933877,-0.0524755802799379,"unburned-2059-before","unburned","2059",2059,"before","unburned",1431.28735351562,0.194608086487097,6.38266563876619,0.218496202328152,58.38,267.189998626709,24.4,12.5,21.8,9.2,18,"0","30"
"809","unburned-2063",-6.67386786631026,5.11070468299071,0.0423165312942212,-0.0243161733864158,"unburned-2063-before","unburned","2063",2063,"before","unburned",1339.73120117188,0.135008495339982,10.5428878352795,0.188889457585363,36.96,195.66999912262,21.3,14.6,14,3.3,14.8,"0","865"
"810","unburned-2085",2.85001862882077,4.12265821423686,0.00780693755511858,-0.0124246347674048,"unburned-2085-before","unburned","2085",2085,"before","unburned",1379.33666992188,0.164084081184834,22.2308171504453,0.247595790153448,65.91,266.200002670288,21,22.9,15.8,13.2,18.8,"0","169"
"811","unburned-2087",-4.63094285889691,5.86911794099323,-0.145943384606552,-0.0211986206756054,"unburned-2087-before","unburned","2087",2087,"before","unburned",1451.10314941406,0.194735527712305,3.23268800432553,0.208003280467381,50.68,243.650003433228,23.9,18.4,15,6.7,15.5,"0","399"
"812","unburned-2094",3.9127844745284,5.59820364023971,-0.0308355223038179,0.0203114023773322,"unburned-2094-before","unburned","2094",2094,"before","unburned",1521.86291503906,0.181333819593703,16.4580835180557,0.242701073105689,65.09,268.18999671936,18.4,19.8,11.6,12.5,14.7,"0","149"
"813","unburned-21",22.8317937529143,-1.68192387209483,-0.0220413120437963,0.0496910738953296,"unburned-21-before","unburned","21",21,"before","unburned",1999.36486816406,0.103547498012817,173.520480467733,0.466386470929507,223.04,478.229995727539,8.3,22.8,11.8,30.4,12.2,"0","359"
"814","unburned-2102",-6.05925826628015,-1.4000090308834,-0.0762590824227111,-0.00727769862591815,"unburned-2102-before","unburned","2102",2102,"before","unburned",1378.81665039062,0.233570640436485,-1.16520122535721,0.229536010170765,66.29,288.800001144409,23.5,14.4,21.3,9.2,15.7,"0","338"
"815","unburned-2131",2.68598899307825,6.64657763978922,0.0518728826259436,0.0049651545329141,"unburned-2131-before","unburned","2131",2131,"before","unburned",1681.02209472656,0.0949203379610949,20.1250597305185,0.152157218557247,53.5,351.6100025177,16.2,22.4,11.7,7.7,11.9,"0","397"
"816","unburned-2139",19.9656116495933,5.62272861464212,-0.0224155385432648,-0.0103652725444427,"unburned-2139-before","unburned","2139",2139,"before","unburned",2422.83081054688,0.0463080587359949,67.1560909141647,0.17322120519109,91.66,529.149995803833,9.9,26.6,7.2,23.5,12.8,"0","566"
"817","unburned-2165",0.885927015995069,-16.6510167117524,-0.286023471414724,0.0823624083876974,"unburned-2165-before","unburned","2165",2165,"before","unburned",1315.68310546875,0.441761196782533,-21.9096396923976,0.36352924690253,101.81,280.059997558594,15.3,10.6,31.5,19.3,18,"0","26"
"818","unburned-2172",-5.66436463193759,4.06609441272356,0.00448520493931254,-0.0232713849370556,"unburned-2172-before","unburned","2172",2172,"before","unburned",1321.72485351562,0.104794892139563,8.42391906823759,0.151217900819226,27.44,181.459998130798,19.4,13,13.5,3.9,14,"0","900"
"819","unburned-2178",0.741615206473382,-7.27801710498096,-0.122546865086608,-0.0314526923696051,"unburned-2178-before","unburned","2178",2178,"before","unburned",1408.44128417969,0.320956298087363,-19.4302144289248,0.236270916023865,54.21,229.440004348755,16.2,15,23.8,14.1,16.1,"0","237"
"820","unburned-2190",2.09485122987133,-1.25778911487316,-0.00808399389280368,-0.0356178646368709,"unburned-2190-before","unburned","2190",2190,"before","unburned",1447.91455078125,0.270497815151066,-3.63213995468131,0.253961027841038,55.78,219.639999389648,13.7,19.8,18.6,9.3,13.4,"0","3"
"821","unburned-2207",-8.04425595240111,-1.21000717228501,0.0158130757329898,0.0254613695157182,"unburned-2207-before","unburned","2207",2207,"before","unburned",1352.55346679688,0.295573414473139,-7.89040002887585,0.261114509426792,59.79,228.979998588562,24.2,11.7,20.6,8,15.3,"0","525"
"822","unburned-2208",11.4769037228089,9.98000073908057,-0.0413040475372839,0.0156084631837103,"unburned-2208-before","unburned","2208",2208,"before","unburned",1785.51257324219,0.122955740151562,35.8220682321305,0.23171509454249,76.32,329.369997024536,16.6,23.8,5.7,17.3,17.6,"0","245"
"823","unburned-2219",23.1547434719881,6.7531186878493,-0.044492274999648,0.0084040854671017,"unburned-2219-before","unburned","2219",2219,"before","unburned",2297.2255859375,0.0874219392965365,85.6506811880747,0.249286593680522,131.91,529.149995803833,12.6,30,7.2,28.4,12.1,"0","93"
"824","unburned-2232",19.4488834442019,-8.73189698479943,NA,NA,"unburned-2232-before","unburned","2232",2232,"before","unburned",1338.02026367188,-0.0839261632351485,42.0141910348609,0.159014683176155,27.5,172.940004348755,10,12,15.6,34.2,14,"0","610"
"825","unburned-2236",8.5683236900037,-18.3770543120118,-0.407204959360563,-0.0797865645383554,"unburned-2236-before","unburned","2236",2236,"before","unburned",1485.03601074219,0.574096365710869,-38.7903217829729,0.417037812769253,103,246.980002403259,14,6.7,28.3,30,14.4,"0","542"
"826","unburned-2240",-4.58335840966686,-0.711093236331563,-0.0326323230859578,0.00144578884228361,"unburned-2240-before","unburned","2240",2240,"before","unburned",1385.25451660156,0.122478666964831,24.6366784823388,0.209303966164637,59.39,283.749998092651,22.7,16.9,21.1,9.3,18.3,"0","281"
"827","unburned-2259",7.18829586654648,7.77386094015581,-0.00846366094640923,0.0363093309530097,"unburned-2259-before","unburned","2259",2259,"before","unburned",1900.71337890625,0.0714811759349935,51.1513923702524,0.18546248458591,83.23,448.770004272461,22.5,21.7,10,18.7,17,"0","181"
"828","unburned-2273",-12.2755106958305,-2.52557414754454,-0.151184107568639,-0.0478005615850023,"unburned-2273-before","unburned","2273",2273,"before","unburned",1531.45202636719,0.339134863268812,-24.4010562497286,0.244615742319978,63.15,258.159999847412,31.1,9.7,24.2,9.9,15.5,"0","283"
"829","unburned-2276",2.96408296504231,5.48259641179767,-0.0112871004578868,0.00647264238347364,"unburned-2276-before","unburned","2276",2276,"before","unburned",1528.61486816406,0.223428157924327,3.59079351011777,0.236537549785231,64.79,273.909998893738,18.6,18.2,11.3,12,13.7,"0","332"
"830","unburned-2284",0.825157515978759,5.86557710347764,-0.0422690858506883,-0.0111225210916767,"unburned-2284-before","unburned","2284",2284,"before","unburned",1494.37145996094,0.13743045934314,25.7856042794577,0.21720031063968,70.21,323.249998092651,23.3,19.6,13.5,12.8,16.9,"0","253"
"831","unburned-2320",-7.65481803884596,-1.35976053066688,-0.185698950687885,-0.0590062013667752,"unburned-2320-before","unburned","2320",2320,"before","unburned",1421.3173828125,0.310400218673057,-29.0458340009843,0.201691681114493,53.89,267.189998626709,24.7,12.4,21.1,8.8,15.7,"0","213"
"832","unburned-2337",-1.7197441381606,5.64371191543078,-0.0189742514210799,0.000202570401856117,"unburned-2337-before","unburned","2337",2337,"before","unburned",1301.74206542969,0.120939226896038,-17.4724578434444,0.0402014698156854,8.7,216.409997940064,16.1,16.6,11.4,4.2,4.5,"0","600"
"833","unburned-2339",-9.21614398645704,11.4851996074682,-0.0148659284740483,-0.00600256176740305,"unburned-2339-before","unburned","2339",2339,"before","unburned",1353.71765136719,0.144752122700259,-1.56533804906274,0.138604139332323,35.29,254.610000610352,27.2,15.6,9.9,1.9,11.7,"0","256"
"834","unburned-2370",8.73899585054557,11.691156773619,-0.0448123532760062,-0.0126658953391713,"unburned-2370-before","unburned","2370",2370,"before","unburned",1679.39416503906,0.162157914625561,8.38511476256467,0.188905545065615,59.22,313.490003585815,23.2,22.8,5.9,19.1,15.6,"0","929"
"835","unburned-2376",13.5547838530079,0.498540530331429,-0.0920173969707982,-0.0239017690463237,"unburned-2376-before","unburned","2376",2376,"before","unburned",1886.2294921875,0.162468333124507,28.7075132519611,0.253257432921664,80.08,316.199998855591,13.3,20.1,12.6,22.7,13.6,"0","107"
"836","unburned-2388",2.426104309306,4.79511644155189,-0.0252125535296221,0.0187102260162864,"unburned-2388-before","unburned","2388",2388,"before","unburned",1588.87878417969,0.155413123962292,21.1078445309641,0.248522274254006,56.34,226.700001716614,16.7,19.4,12.4,9.6,12.4,"0","160"
"837","unburned-2401",-3.78293790360779,8.39927681060196,-0.0886765014385277,-0.0570444778323784,"unburned-2401-before","unburned","2401",2401,"before","unburned",1430.19409179688,0.298937765194158,-20.3494343077464,0.211270031977835,49.04,232.120000839233,27.7,18.5,12.9,9.9,13.8,"0","480"
"838","unburned-2402",6.64289613574726,0.963212371126201,-0.122061391878481,-0.042269946181404,"unburned-2402-before","unburned","2402",2402,"before","unburned",1688.24853515625,0.247708411313693,-10.9837424448455,0.217153031265772,78.06,359.469999313354,15.9,18.5,14.4,16.4,14.5,"0","122"
"839","unburned-2403",31.848532843905,-36.2212193421271,-1.26988942597811,0.602954193727265,"unburned-2403-before","unburned","2403",2403,"before","unburned",1228.86645507812,1.41564616199989,-98.7700126123777,1.01109972745109,246.86,244.150001525879,2.8,7.6,37.1,58.2,7.1,"0","917"
"840","unburned-2407",12.9820567559281,4.85662423978658,-0.0704187953593838,0.00809026809686755,"unburned-2407-before","unburned","2407",2407,"before","unburned",1785.80395507812,0.166097007195938,24.5785934719739,0.227347489810493,91.23,401.279996871948,18.1,23.8,11.1,23,15.3,"0","567"
"841","unburned-2412",-2.81793642702313,-2.64949376647258,-0.0486893230773024,-0.0308870800198823,"unburned-2412-before","unburned","2412",2412,"before","unburned",1599.04431152344,0.161225488108544,9.20740077975743,0.194907814796587,53.28,273.359998703003,19.3,16.2,21.4,9.7,18.5,"0","22"
"842","unburned-2436",-5.69242356802292,0.836419235252088,-0.0514303206929092,0.0217818640587283,"unburned-2436-before","unburned","2436",2436,"before","unburned",1388.37609863281,0.198521113442516,16.8268664530064,0.267864500887733,65,242.660000801086,26.2,11.7,18,11.8,17.5,"0","550"
"843","unburned-2443",28.6363093842519,4.91979313953158,-0.11340060153819,0.0328574896600387,"unburned-2443-before","unburned","2443",2443,"before","unburned",2166.1005859375,0.173682645629795,89.8030281610247,0.371173473062058,168.78,454.719995498657,8.6,34.2,8.4,31.5,14.4,"0","52"
"844","unburned-2444",-0.952604800711702,-4.52927994449441,0.104718668433885,0.00608178449077945,"unburned-2444-before","unburned","2444",2444,"before","unburned",1594.39916992188,0.0921391673815662,37.3875792409392,0.246531219184083,59.7,242.159999847412,15.9,15.5,21.6,10.2,13.6,"0","207"
"845","unburned-2489",-9.23918654423853,-10.7166765648609,0.0272402906524102,0.0126379099463081,"unburned-2489-before","unburned","2489",2489,"before","unburned",1207.9052734375,0.350768204693587,-28.677380948802,0.216749227431553,46.38,213.980001449585,20.9,11.7,30.6,8.1,17.6,"0","630"
"846","unburned-2491",1.4734951306774,8.72880856437125,-0.0486274843556553,0.0391675397687967,"unburned-2491-before","unburned","2491",2491,"before","unburned",1570.92138671875,0.174053309456961,19.1366194597102,0.260068319053438,57.86,222.480001449585,24.6,23.6,12.5,12.2,12.6,"0","474"
"847","unburned-2497",24.8628980112038,-0.0636417770764823,0.00493248328400127,0.0497700677823038,"unburned-2497-before","unburned","2497",2497,"before","unburned",1998.7705078125,0.100640754683688,112.898068581329,0.294098496493002,171.63,583.579998016357,9,25.6,10.9,32,13.8,"0","797"
"848","unburned-2501",-3.65092717618856,-4.64517898780169,-0.273796625868946,0.0384187115325894,"unburned-2501-before","unburned","2501",2501,"before","unburned",1382.50390625,0.526238853004417,-47.8590341096784,0.359004824149793,102.74,286.179998397827,24.5,13.8,23.9,14.9,16.5,"0","351"
"849","unburned-252",-11.7653327277975,-12.8698685206169,0.0902039855675849,0.245310542086349,"unburned-252-before","unburned","252",252,"before","unburned",1424.75109863281,0.598761403921127,-22.8250196241958,0.497424965215276,112.04,225.240001678467,27,9.3,34.1,12,16.1,"0","768"
"850","unburned-2528",18.7255343390104,5.84255460564754,-0.0275181419190295,0.014030663455987,"unburned-2528-before","unburned","2528",2528,"before","unburned",1800.99609375,0.104074859669331,65.1438234827766,0.248800316287993,111.99,450.120006561279,12.6,25.9,7.7,24.4,12.3,"0","343"
"851","unburned-2553",-17.5534285151411,15.6621280794572,-0.0324727156256752,-0.0153810175536523,"unburned-2553-before","unburned","2553",2553,"before","unburned",1251.73669433594,0.231662769910967,-10.7150668786069,0.178377838940539,35.87,201.090002059936,41.2,13.2,10.5,2.3,15.8,"0","780"
"852","unburned-2560",-6.96038216314756,-20.9966322469487,-0.397897233268794,0.0745064403509251,"unburned-2560-before","unburned","2560",2560,"before","unburned",1383.89245605469,0.567524417551395,-51.2879798078651,0.387459186285015,110.36,284.829999923706,17.3,5.6,37,14.6,15.5,"0","814"
"853","unburned-2563",-9.19239911387155,-5.50720638693937,0.0279621578551908,-0.0100403597863484,"unburned-2563-before","unburned","2563",2563,"before","unburned",1431.18676757812,0.260583928495755,0.566075508234596,0.263097138866987,59.26,225.240001678467,24.8,12.4,26.2,8.9,14.3,"0","166"
"854","unburned-2593",-13.5342617258166,8.9500067350285,-0.0913880062071401,-0.0408141030924193,"unburned-2593-before","unburned","2593",2593,"before","unburned",1448.75134277344,0.262036973762533,-10.0862332848323,0.22292030382063,57.48,257.849998474121,35.3,13.7,15.2,5.3,17.2,"0","428"
"855","unburned-2599",-5.78495171485851,2.4383244846784,-0.0578908038000803,-0.0305682939845484,"unburned-2599-before","unburned","2599",2599,"before","unburned",1386.08410644531,0.306032716842683,-32.395491491679,0.16786795664726,39.36,234.470001220703,25.8,17.2,19,8.9,17,"0","549"
"856","unburned-2615",-4.65023557938133,-3.35133935721093,-0.0678233749721975,-0.050534372360015,"unburned-2615-before","unburned","2615",2615,"before","unburned",1403.47094726562,0.335092362510814,-27.7142510517278,0.217409767334769,51.2,235.499999046326,23.8,15.4,23.5,11.9,17.1,"0","179"
"857","unburned-2618",4.47578122418621,5.14761948281466,0.0244584802394434,0.0631553865983593,"unburned-2618-before","unburned","2618",2618,"before","unburned",1510.27758789062,0.135011778968464,24.4501600298468,0.255533096555219,51.84,202.870002746582,16.3,21.4,12.2,11.1,16.1,"0","585"
"858","unburned-2621",-5.30540530748383,-16.3669006690593,-0.245751962610489,-0.0278181643679351,"unburned-2621-before","unburned","2621",2621,"before","unburned",1335.14001464844,0.478562853703564,-39.1294335820599,0.304010353065024,68.15,224.169997215271,21.3,8.7,33.9,17.1,14.4,"0","377"
"859","unburned-2625",-2.20869064494366,3.47457331300683,0.0505863403317053,-0.0359296742007693,"unburned-2625-before","unburned","2625",2625,"before","unburned",1364.85107421875,0.150203281840169,14.3183805322991,0.207142004005015,52.09,251.470001220703,19.8,18.5,15.8,7.3,15.9,"0","266"
"860","unburned-2627",-5.67390527359377,2.59285013365389,0.18018262198488,-0.191806298240748,"unburned-2627-before","unburned","2627",2627,"before","unburned",1275.06201171875,0.00948808013959048,81.9621855046628,0.380189963558124,84.06,221.099997520447,28.2,15.5,18.5,11.6,14.1,"0","485"
"861","unburned-2652",-13.7028915671373,8.76681228185717,0.000316824937022786,-0.00832248732629234,"unburned-2652-before","unburned","2652",2652,"before","unburned",1515.61120605469,0.245967957639302,-4.26005302540015,0.228790324340254,56.74,247.999998092651,36.5,13.8,15.8,6.2,16,"0","716"
"862","unburned-2661",9.07396137104516,10.4042024921374,-0.0174028120115788,-0.00208825820483066,"unburned-2661-before","unburned","2661",2661,"before","unburned",1798.97290039062,0.0580865935171947,30.0521311767408,0.154222651387197,48.21,312.599994659424,16.6,23.2,5.8,14.2,9,"0","607"
"863","unburned-2663",-9.41574019226701,12.9372957932499,0.0998341811332069,-0.0615846824543543,"unburned-2663-before","unburned","2663",2663,"before","unburned",1242.23876953125,-0.0190133545585715,40.9765660620984,0.177403890719639,37.01,208.620001792908,29.9,16.7,9.6,3,11.9,"0","733"
"864","unburned-2684",-10.709153874412,12.5166677683957,-0.0711394818135131,-0.0359362928391623,"unburned-2684-before","unburned","2684",2684,"before","unburned",1300.35546875,0.226410050974513,-12.6212136611753,0.165818530813119,34.54,208.300000190735,32.9,17,11.4,4.1,14.5,"0","455"
"865","unburned-2685",-9.77818675310539,3.20351439160727,0.00719898423407156,-0.0108073848413542,"unburned-2685-before","unburned","2685",2685,"before","unburned",1321.17468261719,0.198732774920747,39.188308606027,0.346395868535836,91.93,265.390001296997,30.4,15.8,20,7.9,15.4,"0","218"
"866","unburned-2690",-1.19032050124379,1.78123880398292,-0.0546836974015889,-0.0316277705568184,"unburned-2690-before","unburned","2690",2690,"before","unburned",1705.58642578125,0.132394693499179,22.3944860426518,0.201886675211915,65.06,322.260000228882,23.1,16.6,17.1,12.9,17.7,"0","170"
"867","unburned-2700",-3.80698010187167,-7.2899121484352,-0.0384253928793455,-0.0359971970922971,"unburned-2700-before","unburned","2700",2700,"before","unburned",1252.91857910156,0.221492780984231,-17.6464391901975,0.146366384645302,34.38,234.889999389648,16.9,17.3,26.8,8.2,13.8,"0","802"
"868","unburned-2706",-2.83214452731261,0.692080695671323,-0.0724736076849674,-0.0209255352241948,"unburned-2706-before","unburned","2706",2706,"before","unburned",1533.04431152344,0.262998910830062,-14.968732221462,0.208130202368426,56.78,272.809997558594,18.7,14.4,16.7,8.1,15.1,"0","633"
"869","unburned-2714",-6.02354073432819,3.15118888262866,-0.115776020247484,-0.0350435119929759,"unburned-2714-before","unburned","2714",2714,"before","unburned",1447.62866210938,0.242402442971898,-15.303173082385,0.182986488964611,47.13,257.559999465942,24.3,17.3,18,6.9,14.7,"0","227"
"870","unburned-2740",-10.2807928476015,4.51454394925051,0.185631908721063,-0.0584881664721866,"unburned-2740-before","unburned","2740",2740,"before","unburned",1356.20202636719,0.0984426688127353,49.5885978342056,0.315005679293436,72.13,228.979998588562,28.4,13.7,17.2,5.5,14.6,"0","340"
"871","unburned-2743",-5.30185597704075,0.82992120201904,-0.0117212465960336,-0.0297630794599988,"unburned-2743-before","unburned","2743",2743,"before","unburned",1428.703125,0.242663991132835,-16.4711628285073,0.182288040926063,49.73,272.809997558594,20.4,14.3,17.8,6.4,14.5,"0","31"
"872","unburned-2754",-4.85791993751869,9.15905207632694,0.00100470168441465,0.00372545759735256,"unburned-2754-before","unburned","2754",2754,"before","unburned",1368.18139648438,0.110572303182558,-0.837264621387039,0.106896704464251,24.35,227.78999710083,20.7,15.8,9.4,2.8,9.1,"0","200"
"873","unburned-2758",-1.75173017563451,-3.99094936760858,-0.0613656786464766,-0.0271614017296497,"unburned-2758-before","unburned","2758",2758,"before","unburned",1482.55456542969,0.29556928581239,-19.2197192906098,0.213866687812583,50.31,235.240001678467,17.6,19.2,23.6,9.3,12.7,"0","187"
"874","unburned-2761",-8.04043090213481,5.50439555994175,-0.054676384774948,-0.0324547862362037,"unburned-2761-before","unburned","2761",2761,"before","unburned",1468.47644042969,0.146892475633056,-2.30718625870864,0.137674791720461,34.46,250.299997329712,21.8,11.3,12.5,2.8,9.4,"0","913"
"875","unburned-2769",1.51918336280855,10.3269688749689,-0.0379210059770653,0.010275530372583,"unburned-2769-before","unburned","2769",2769,"before","unburned",1756.50085449219,0.141196580917696,23.7759310290856,0.204129166192964,77.12,377.800004959107,26.1,18.7,8.6,14.3,18.8,"0","758"
"876","unburned-2777",5.34763572285856,5.93254650157287,-0.0217168558753714,0.103921568308414,"unburned-2777-before","unburned","2777",2777,"before","unburned",1749.85754394531,0.138464997938834,311.642628352816,1.32305762544071,348.07,263.079999923706,15,15.1,7.5,12.6,14.5,"0","233"
"877","unburned-2810",-15.3778203591265,12.7262798243432,-0.0758950504772392,-0.00490815364561972,"unburned-2810-before","unburned","2810",2810,"before","unburned",1518.31127929688,0.319389984682244,-28.3879142517128,0.205824699529258,51.45,249.969999313354,40.8,16.3,14.4,5.2,14.5,"0","1"
"878","unburned-2816",12.3368467485225,5.58303830495945,-0.0333902683932308,0.0282833490243534,"unburned-2816-before","unburned","2816",2816,"before","unburned",1831.22717285156,0.165384994471132,39.5459557494878,0.259080248710454,109.35,422.069997787476,18.6,22.7,10.1,22.6,16.1,"0","56"
"879","unburned-2835",-2.50728544434591,6.1431773043577,0.0467466631446636,-0.117162724689089,"unburned-2835-before","unburned","2835",2835,"before","unburned",1427.17297363281,0.0624205626239631,59.4607527715752,0.277095822512896,76.75,276.979996681214,25,18.6,14.3,10.2,17.7,"0","208"
"880","unburned-2836",2.70838047280076,0.677066730665152,-0.175521219910754,-0.032210279005443,"unburned-2836-before","unburned","2836",2836,"before","unburned",1524.94274902344,0.236019143236167,-1.15476618238354,0.231260556808483,56.12,242.670002937317,14.5,18.7,15.9,10.2,16.8,"0","167"
"881","unburned-2840",12.2128980096661,9.00819134386419,-0.0517838687752513,0.00334619911838507,"unburned-2840-before","unburned","2840",2840,"before","unburned",2002.45654296875,0.0996755104631781,76.9805571546677,0.305170711929221,114.32,374.609998703003,18.4,26.1,8.1,19.6,14.6,"0","571"
"882","unburned-2851",6.20738493043706,4.99059044986423,-0.0748399397063732,-0.0248951916315514,"unburned-2851-before","unburned","2851",2851,"before","unburned",1810.98120117188,0.163219133997597,2.24745269870453,0.168899109447803,66.83,395.680002212525,15.2,18.5,10,13.3,16.6,"0","815"
"883","unburned-2858",2.55295441569017,1.83332861607708,0.0830137045664612,-0.012004223866278,"unburned-2858-before","unburned","2858",2858,"before","unburned",1565.95275878906,0.223465037385043,10.8023293470667,0.264858030355457,69.12,260.969999313355,18.9,23.1,18,12,17.5,"0","294"
"884","unburned-2868",6.00954101666227,5.62028825218004,-0.0925389726643473,-0.00991080266733615,"unburned-2868-before","unburned","2868",2868,"before","unburned",1667.56164550781,0.190512016334767,13.2882870977283,0.228099454865052,80.64,353.529998779297,22.7,19.7,11.8,19,17.3,"0","206"
"885","unburned-2874",-2.20949622428186,-6.66608421875971,-0.0441230136563427,-0.0631429831275081,"unburned-2874-before","unburned","2874",2874,"before","unburned",1524.16088867188,0.158904028443727,33.9210875067128,0.300643486677257,71.95,239.320002555847,18.6,12.5,23.5,12.9,18.5,"0","371"
"886","unburned-2888",5.19333019503834,-0.386048615600927,-0.0107516632977352,0.0126720362924943,"unburned-2888-before","unburned","2888",2888,"before","unburned",1596.55517578125,0.141814184399242,18.7958859084713,0.199441992920155,65.05,326.159997940063,13.7,17,15.1,13.7,14.1,"0","438"
"887","unburned-2890",-5.94519000238082,8.9257303105801,-0.0422743812781726,0.00239201193745214,"unburned-2890-before","unburned","2890",2890,"before","unburned",1586.26916503906,0.204415258184692,-12.4729712157968,0.157384712279759,41.74,265.21000289917,25.4,18,12.3,5,10.3,"0","744"
"888","unburned-2917",-11.4999107906359,2.90207044295809,-0.0555128877787651,-0.0364281735425296,"unburned-2917-before","unburned","2917",2917,"before","unburned",1298.8037109375,0.223056603491706,-6.36030105711174,0.193623029014587,41.84,216.089998245239,31.1,14,20.2,7,15.2,"0","115"
"889","unburned-292",-1.73371470557783,-3.55138541142502,-0.105571866837367,-0.0612958410969037,"unburned-292-before","unburned","292",292,"before","unburned",1444.63061523438,0.391025092948899,-28.6077515193691,0.272610623280626,65.86,241.589998245239,18.7,16.5,22,10.9,15.2,"0","132"
"890","unburned-2927",-8.37616286118908,-2.17817934348148,0.0693400451170282,0.0034843255066824,"unburned-2927-before","unburned","2927",2927,"before","unburned",1418.330078125,0.145824214038857,16.2871934553772,0.207670401810822,54.69,263.349998474121,25.8,15.5,24.1,8.3,19.3,"0","100"
"891","unburned-2931",28.716408794478,3.1901022477711,0.00597650137318112,0.019756665503344,"unburned-2931-before","unburned","2931",2931,"before","unburned",2398.05639648438,0.0641570438667103,170.960478269481,0.388093069635279,204.82,527.760004043579,11.2,31.3,9.4,35.6,11.3,"0","173"
"892","unburned-2939",-8.5214421328014,5.36343269964432,-0.165462892060141,-0.0363622069190243,"unburned-2939-before","unburned","2939",2939,"before","unburned",1389.29528808594,0.235952513906839,-13.4965353478987,0.172775359944759,36.91,213.629999160766,24.9,13.9,14.9,4.2,15,"0","76"
"893","unburned-2941",-8.15990318690556,10.2405798592941,0.0182806378896128,-0.0473787248389006,"unburned-2941-before","unburned","2941",2941,"before","unburned",1226.25085449219,0.169856590433276,4.72275030290397,0.195365665841962,36.17,185.140003204346,34.7,17.8,13.8,9.8,13.2,"0","748"
"894","unburned-2963",-7.94680213505241,6.52434112064057,0.0407855853156899,-0.00602243356155352,"unburned-2963-before","unburned","2963",2963,"before","unburned",1377.51440429688,0.139068021132191,6.79381832051948,0.167106891493031,40.49,242.300001144409,25,13.8,13.4,4.5,15.4,"0","193"
"895","unburned-2973",-2.1138845760885,2.68855207291695,-0.00685118460768126,-0.00182368159006582,"unburned-2973-before","unburned","2973",2973,"before","unburned",1515.61987304688,0.116524159036157,16.6452456585799,0.169934220249321,52.96,311.650001525879,22.7,16.7,16.4,10.9,15.4,"0","303"
"896","unburned-2974",-2.63545806143186,9.38764280887803,-0.0352127505745813,0.00254673597952573,"unburned-2974-before","unburned","2974",2974,"before","unburned",1351.08410644531,0.144135754515154,-0.0720459393534065,0.14378800889017,29.79,207.180002212524,16.5,16.9,7.9,1.5,10,"0","850"
"897","unburned-2975",-11.4441082839822,12.6085179585829,-0.0143598415308306,-0.0432113096651857,"unburned-2975-before","unburned","2975",2975,"before","unburned",1236.86059570312,0.178888572266777,-0.240743515681893,0.177206345194878,25.36,143.109999656677,33.3,15.9,11.1,3.8,17,"0","509"
"898","unburned-2977",2.9316696826329,2.94506062999114,-0.0335068911052232,0.0188907598413438,"unburned-2977-before","unburned","2977",2977,"before","unburned",1483.49438476562,0.146169306380277,12.0030055198261,0.194492529396428,48.31,248.390003204346,16.1,20.4,14.6,10.3,16.7,"0","885"
"899","unburned-2986",2.54534974198665,-2.66067592263559,-0.218750802570891,-0.0332401079678081,"unburned-2986-before","unburned","2986",2986,"before","unburned",1532.74328613281,0.337706378517439,-10.4104425659136,0.297315121831949,76.63,257.740001678467,21.2,13.4,18.5,19.1,17.9,"0","244"
"900","unburned-2995",-7.22698431940506,9.67075027412954,-0.031039262802777,-0.0224993247081105,"unburned-2995-before","unburned","2995",2995,"before","unburned",1251.00512695312,0.144033620995953,-3.30147530304277,0.124336256333818,20.84,167.610000610352,25,17.5,11.6,2.8,12.2,"0","570"
"901","unburned-3",3.66541435673154,5.81291647180003,-0.0717236496118909,-0.00727052924871291,"unburned-3-before","unburned","3",3,"before","unburned",1490.85314941406,0.211835755213365,25.9586813888052,0.312197947906006,80.75,258.650002479553,17.7,21,11.9,11.1,13,"0","846"
"902","unburned-3011",21.8349544827955,3.0567828529373,-0.00699118981599089,0.0743500647968831,"unburned-3011-before","unburned","3011",3011,"before","unburned",1948.72253417969,0.160012790919201,81.3192923838588,0.336112429827968,155.21,461.780006408691,11.7,26.3,9.6,28.8,15.7,"0","339"
"903","unburned-3016",-6.91351959940996,9.77996823967501,NA,NA,"unburned-3016-before","unburned","3016",3016,"before","unburned",1443.87377929688,0.0658601365077936,24.0254455447062,0.186882931482978,37.1,198.520002365112,30.2,20.6,14.2,6.8,13.8,"0","489"
"904","unburned-3017",-3.5767890658661,7.23889425354118,-0.0882093684258624,-0.0344736285975653,"unburned-3017-before","unburned","3017",3017,"before","unburned",1553.48291015625,0.137601207215681,19.8401305451408,0.20626405625817,59.6,288.950004577637,24.5,16.5,12.3,8.5,16.4,"0","144"
"905","unburned-3018",17.5793096895695,6.17952176746999,-0.000733797981563158,0.0337504464661367,"unburned-3018-before","unburned","3018",3018,"before","unburned",2106.71459960938,0.0620181246058352,61.9245616082373,0.184032157585482,93.4,507.519996643066,14.6,28,9.3,23.9,12.5,"0","435"
"906","unburned-3021",-9.39601414760504,12.817560752977,-0.0719435534772047,-0.0320746117226085,"unburned-3021-before","unburned","3021",3021,"before","unburned",1432.41577148438,0.216834821407064,-5.75566544411949,0.195166026037987,51.84,265.620000839234,32.3,16.7,10.3,5.2,13.9,"0","726"
"907","unburned-3034",3.27617571871154,5.26504598472121,-0.0548211629195632,0.0105466870983411,"unburned-3034-before","unburned","3034",3034,"before","unburned",1665.16333007812,0.161425155134433,-12.746573022321,0.114433180528162,31.04,271.249998092651,14.7,19.4,11.1,8.7,7.9,"0","536"
"908","unburned-3047",-4.69813645312093,9.43680403397244,-0.0480264140342048,-0.0411462936066424,"unburned-3047-before","unburned","3047",3047,"before","unburned",1449.95471191406,0.219884275957394,-19.0400482563198,0.150923579247704,41.67,276.099998474121,27,20.2,12.8,7.1,18.7,"0","291"
"909","unburned-3048",1.97435646512245,1.6097960914619,0.0226939697964884,0.00233889265276316,"unburned-3048-before","unburned","3048",3048,"before","unburned",1534.0966796875,0.155707516315978,2.92124308314178,0.168644819705483,38.08,225.799998283386,11.1,20.4,15.2,5.3,11.8,"0","269"
"910","unburned-3062",6.88638092213184,6.47745542468102,-0.038293663201129,0.00852078341971535,"unburned-3062-before","unburned","3062",3062,"before","unburned",1628.73791503906,0.118907612133396,16.9271600458285,0.159856785835789,66.08,413.370002746582,19.3,21.4,10.6,16.2,13,"0","36"
"911","unburned-309",28.7435938946472,2.49295536966395,-0.0095992013290644,0.00441918352173176,"unburned-309-before","unburned","309",309,"before","unburned",2287.22680664062,0.0787568358127897,164.482628633985,0.358318040850924,210.82,588.359992980957,8.3,31,9.3,33.5,11.5,"0","801"
"912","unburned-3108",0.933062692475132,9.72715410353708,-0.0105183777369813,-0.0158714232910828,"unburned-3108-before","unburned","3108",3108,"before","unburned",1589.40795898438,0.132812454220695,30.8602474386544,0.235690231733858,70.7,299.9700050354,26.5,22.3,11.4,13.1,16.5,"0","739"
"913","unburned-314",2.80705199475572,0.86094201388195,0.0195946487376802,-0.0257205799735891,"unburned-314-before","unburned","314",314,"before","unburned",1640.58764648438,0.216020627381451,12.7237023390537,0.263072259750387,71.14,270.419998168945,13.8,19.1,15.7,9.5,11.3,"0","216"
"914","unburned-3144",6.9391694213254,5.06413056103156,-0.0671607688543554,-0.00618815471212059,"unburned-3144-before","unburned","3144",3144,"before","unburned",1692.81555175781,0.177301042358929,26.4068190468801,0.249773581223431,91.01,364.370000839233,21.7,21.6,12.8,19,18.8,"0","325"
"915","unburned-3167",5.58786632135205,-1.18438887157844,-0.0951177528481169,-0.0237003945323132,"unburned-3167-before","unburned","3167",3167,"before","unburned",1734.25720214844,0.266558553754125,-3.64357497337132,0.252700441125515,66.44,262.920000076294,11,19,16.2,11.6,10,"0","603"
"916","unburned-3188",-9.326161542215,6.7570538250232,0.168417405184861,-0.136763710859488,"unburned-3188-before","unburned","3188",3188,"before","unburned",1269.76525878906,0.033714289106419,63.6242051226857,0.347969974228371,70.45,202.459997177124,35.2,14.2,16.3,11.5,17.9,"0","454"
"917","unburned-3193",-5.49225274448617,2.99029259720982,0.0802297644147612,-0.0100849540843499,"unburned-3193-before","unburned","3193",3193,"before","unburned",1373.07446289062,0.171784149558804,6.53938021674863,0.201252764590855,44.66,221.90999507904,22.2,19.3,18.5,5.2,15.2,"0","298"
"918","unburned-3202",-4.98147355121709,8.92478605286295,-0.0896675734624033,-0.0344990234793848,"unburned-3202-before","unburned","3202",3202,"before","unburned",1453.01403808594,0.230676263861141,-19.0941265764862,0.157733885953654,41.29,261.770004272461,27.2,19.4,13.1,7.4,15.6,"0","501"
"919","unburned-3204",-15.0773082511304,16.7011084271775,-0.0834556865561917,-0.0309579860606142,"unburned-3204-before","unburned","3204",3204,"before","unburned",1265.73608398438,0.193938369427431,-8.47871913502295,0.148184124327553,27.46,185.309999465942,42.2,16.7,10.5,4.8,16.3,"0","582"
"920","unburned-321",-3.65461623004797,6.00727945717663,-0.0856022863983465,-0.0222983539842725,"unburned-321-before","unburned","321",321,"before","unburned",1366.40478515625,0.215267905673443,-10.8706271599626,0.175605663851207,48.13,274.079998016357,23.1,18,14.1,7.3,14.6,"0","255"
"921","unburned-3227",-2.7879917144599,-3.65090611523004,-0.0325663811023048,-0.0172351443595397,"unburned-3227-before","unburned","3227",3227,"before","unburned",1621.572265625,0.184525998590308,-15.0185182766714,0.134841869861692,40.76,302.279996871948,14.9,14,20.3,7,14.2,"0","924"
"922","unburned-3241",1.56011911288061,0.257233811190709,-0.104828652493054,-0.022732516973943,"unburned-3241-before","unburned","3241",3241,"before","unburned",1478.3671875,0.269818373829057,-5.38393457297866,0.252251372346002,77.31,306.479997634888,20.6,15.1,16.4,15.4,15.6,"0","899"
"923","unburned-3242",-18.5716748211477,11.0847576055422,0.042082353504727,-0.0402231778582546,"unburned-3242-before","unburned","3242",3242,"before","unburned",1227.95202636719,0.219812316564917,-11.2555916802493,0.152554524355126,25.53,167.350002288818,43.7,12.5,16.1,5.6,13.3,"0","651"
"924","unburned-3254",0.00181107229485865,6.57258057165463,0.01821785728502,0.0040020912531151,"unburned-3254-before","unburned","3254",3254,"before","unburned",1526.08972167969,0.128059888964474,-5.2534161154237,0.105288254100146,24.29,230.699997901916,18.6,19.8,12,7.2,5.8,"0","624"
"925","unburned-326",-9.4549748823382,0.148610947487817,0.259531099642249,0.144102249095728,"unburned-326-before","unburned","326",326,"before","unburned",1456.19750976562,0.475937673259621,-6.54854989663878,0.447217223124604,101.97,228.01000213623,31.8,11.2,21.2,12.4,14.8,"0","34"
"926","unburned-3261",-11.136037805964,11.2045703322123,0.0125903136868083,-0.0363242594989736,"unburned-3261-before","unburned","3261",3261,"before","unburned",1257.91491699219,0.11367318798236,4.09353048283112,0.134751044644382,26.17,194.209997177124,32,15.3,11.9,3.9,15.4,"0","83"
"927","unburned-3264",-5.91720490980016,5.03592119505845,-0.0461576168402652,0.00663914279370756,"unburned-3264-before","unburned","3264",3264,"before","unburned",1267.58032226562,0.223385239315181,-10.2309566304725,0.172598659063379,34.77,201.450000762939,23.1,20.2,17.1,4.2,16.5,"0","113"
"928","unburned-3276",7.5819492827769,6.95809236856264,-0.029006783182681,-0.00728402927741956,"unburned-3276-before","unburned","3276",3276,"before","unburned",1678.98120117188,0.115342299801066,19.3065907890888,0.185827462325486,50.9,273.909998893738,10.2,22.5,8.2,8.5,12.1,"0","239"
"929","unburned-3285",9.57981488143593,13.4855620023379,-0.0924072132425974,-0.00740076653420774,"unburned-3285-before","unburned","3285",3285,"before","unburned",1759.77514648438,0.191366457241577,7.27903721315769,0.210266665745505,80.98,385.129995346069,25.6,25.9,5.8,20.5,17,"0","620"
"930","unburned-3291",-4.49764796745843,12.6852561494454,-0.0865442102186825,-0.0162839682503367,"unburned-3291-before","unburned","3291",3291,"before","unburned",1586.19885253906,0.201383322855468,-23.5707300462393,0.124251447181026,37.97,305.590002059937,25.3,22.2,9.8,3.7,9.6,"0","502"
"931","unburned-3293",-7.13320345161742,7.49878883942531,-0.0203238234814625,-0.0257323634452949,"unburned-3293-before","unburned","3293",3293,"before","unburned",1411.16711425781,0.259042301879796,-9.35048538712268,0.213658205392675,44.02,206.029999732971,26.5,18.1,14.6,5.1,13.2,"0","576"
"932","unburned-3303",17.6251966340081,7.1741392687295,0.113994935852671,-0.00534867440331888,"unburned-3303-before","unburned","3303",3303,"before","unburned",1901.96240234375,-0.0154048883259532,151.041330629504,0.513247700360129,146.64,285.709999084473,16.4,20.3,4.7,27.4,18,"0","847"
"933","unburned-331",-8.6446750680259,3.68788321698195,-0.0498283957846692,-0.0125589170972284,"unburned-331-before","unburned","331",331,"before","unburned",1431.40539550781,0.354986749431594,-34.6062892781342,0.209941739249479,50.09,238.590002059937,30.3,16.9,19.6,8.7,16.4,"0","451"
"934","unburned-3317",3.62549698948152,7.45305111250431,-0.0294321654825088,-0.00535625978903978,"unburned-3317-before","unburned","3317",3317,"before","unburned",1448.68334960938,0.115121325713911,5.76146054439255,0.138625978637649,33.98,245.120000839233,14.4,22.5,10.1,6.9,10.8,"0","529"
"935","unburned-334",-5.66772996309174,9.23289425200548,-0.0750845975008422,-0.0132194053028987,"unburned-334-before","unburned","334",334,"before","unburned",1580.61840820312,0.114602346265195,20.8805541406504,0.183051958008568,55.84,305.050001144409,28.3,16.9,12,8.1,14.9,"0","880"
"936","unburned-3340",-1.31639964166548,0.6311044727305,-0.0326788934865851,-0.00887413396438499,"unburned-3340-before","unburned","3340",3340,"before","unburned",1551.60900878906,0.173543422675292,15.7952190574042,0.231173381708134,63.36,274.079998016357,21.2,17.3,18.3,11.4,11.5,"0","32"
"937","unburned-336",-1.73463342923248,-1.0370375763542,-0.122481578533756,-0.139486058420191,"unburned-336-before","unburned","336",336,"before","unburned",1551.97290039062,0.324746343004108,23.7160367283382,0.419055948973862,105.38,251.470001220703,21.7,18.3,20.9,11.8,14.1,"0","282"
"938","unburned-3363",-2.8503012969864,4.60976456903707,-0.0173956521443756,-0.011119540624603,"unburned-3363-before","unburned","3363",3363,"before","unburned",1522.91796875,0.100458206507055,26.562012613129,0.193374611559612,55.28,285.869998931885,20.3,17.1,14.2,6.8,14.5,"0","586"
"939","unburned-3380",-8.58784724052483,1.82628545121252,0.0649830081146766,0.0187418066465526,"unburned-3380-before","unburned","3380",3380,"before","unburned",1439.10693359375,0.16071976931088,3.44227276843931,0.172120288494661,51.97,301.940000534058,25.2,13.8,18.8,6.1,12.6,"0","389"
"940","unburned-3392",7.66776497084987,-0.351190899114879,0.0953820452122703,-0.0615758987581317,"unburned-3392-before","unburned","3392",3392,"before","unburned",1678.56750488281,0.0751573443809737,68.5163661661103,0.28394685862536,93.18,328.159996032715,13.8,17.8,14.6,16.7,15.7,"0","142"
"941","unburned-340",-8.29350502843038,13.0513338031925,-0.00383545887932632,0.0135551149432115,"unburned-340-before","unburned","340",340,"before","unburned",1400.42468261719,0.136078458454139,12.2350607011029,0.189708075290209,43.28,228.139998435974,31.3,16.1,9.1,5.8,12.4,"0","479"
"942","unburned-3412",-2.60341532268456,7.95698239405451,-0.0465937867256381,-0.0117380214236342,"unburned-3412-before","unburned","3412",3412,"before","unburned",1502.60876464844,0.0913597096124212,35.5768680336401,0.207802835249126,63.49,305.529998779297,25.6,18.4,12.4,9.8,16.9,"0","558"
"943","unburned-3419",24.7696967139294,3.65938444036824,-0.0995283387368032,0.00457869713412812,"unburned-3419-before","unburned","3419",3419,"before","unburned",2056.84936523438,0.206553737870331,53.800226359569,0.31149907367371,159.69,512.64999961853,10.1,26.5,7.6,30.8,12,"0","443"
"944","unburned-3437",-3.01117044222121,5.12608501356866,0.0414069078733812,-0.0266002170484803,"unburned-3437-before","unburned","3437",3437,"before","unburned",1290.48815917969,0.168910626455955,-5.98542978645025,0.142337061628006,32.06,225.240001678467,22.4,17.1,14.2,8.2,15.9,"0","18"
"945","unburned-3449",-5.18554591555727,8.26455399324359,0.0322562650889056,0.0246027903098078,"unburned-3449-before","unburned","3449",3449,"before","unburned",1307.14880371094,0.115299748374334,8.9356698594397,0.154157244712643,35.45,229.960000038147,22.8,16,11.1,4.6,13.7,"0","229"
"946","unburned-3452",26.7611273649757,5.7992639746864,-0.00956300793401499,0.0376552172886526,"unburned-3452-before","unburned","3452",3452,"before","unburned",2241.01513671875,0.103363095551242,110.16091178549,0.305470960831941,166.5,545.059993743897,8.9,35,8.6,28.7,14.1,"0","805"
"947","unburned-3464",-1.85853050835412,4.18573493076351,-0.0622494129473196,-0.0382760467075254,"unburned-3464-before","unburned","3464",3464,"before","unburned",1580.96142578125,0.254142626960601,-13.7322324826792,0.208713777467472,63.09,302.279996871948,22.8,16.7,14.7,10.6,16.8,"0","449"
"948","unburned-3478",8.12142276051989,2.84136665620492,-0.0240999196536399,0.00223798505661388,"unburned-3478-before","unburned","3478",3478,"before","unburned",1700.57299804688,0.147101008015066,25.7674195282711,0.259868707886958,59.38,228.500000953674,13.6,21.7,12.9,14.4,8.8,"0","75"
"949","unburned-3483",-3.0933612915559,-5.55982280915957,-0.121081884451033,-0.033980728998393,"unburned-3483-before","unburned","3483",3483,"before","unburned",1375.85070800781,0.258294419230381,-1.81792527544848,0.250123601318031,55.65,222.489999771118,21.5,11.5,22.8,14.1,15.2,"0","381"
"950","unburned-35",-5.06198877137995,6.18146797955007,0.02775274439623,0.011975705663211,"unburned-35-before","unburned","35",35,"before","unburned",1469.0986328125,0.144382159245969,11.3252507601638,0.181890441487912,54.92,301.940000534058,24.5,17.5,14.5,6.8,10.8,"0","38"
"951","unburned-3533",6.49912948986997,6.38953015891043,-0.100698503828876,0.0301094861952898,"unburned-3533-before","unburned","3533",3533,"before","unburned",1764.33154296875,0.200068936449927,30.2913678267327,0.301279694357213,90.17,299.290000915528,23.8,19.8,11.1,20.2,17.5,"0","545"
"952","unburned-3540",15.0792364676566,3.2782806163844,-0.0429464156456209,0.02920347786511,"unburned-3540-before","unburned","3540",3540,"before","unburned",1724.9921875,0.107056594897435,50.0623250795948,0.211739123234944,101.26,478.229995727539,16,23.1,11.2,24.8,12,"0","41"
"953","unburned-3549",-11.2878884090481,9.23850062585372,-0.0443740379392997,-0.02816355497368,"unburned-3549-before","unburned","3549",3549,"before","unburned",1550.5771484375,0.143030680348718,18.2412842584954,0.206160232068778,59.57,288.950004577637,35.8,14.3,14.5,8.3,16.8,"0","794"
"954","unburned-355",-3.80508259461014,4.23126870870871,-0.00369158852934015,-0.0459863153645255,"unburned-355-before","unburned","355",355,"before","unburned",1278.41809082031,0.258440147933923,-10.3621398414362,0.207875858772827,42.6,204.93000125885,23,21.2,17.7,6.9,14.6,"0","655"
"955","unburned-357",-10.3004486932463,8.46978475055958,0.00332629288320972,-0.0214871668975023,"unburned-357-before","unburned","357",357,"before","unburned",1304.05676269531,0.106939625580608,-4.07521485504549,0.0891555762124647,20.43,229.149996757507,27.6,13.3,12.5,3,9.7,"0","19"
"956","unburned-3579",-0.467771923875729,15.856811058564,-0.0766350277102604,-0.00658797728833674,"unburned-3579-before","unburned","3579",3579,"before","unburned",1735.42565917969,0.176140539746805,0.741845657302195,0.178364764421571,59.49,333.530000686645,36,21.5,7.1,17,15.7,"0","704"
"957","unburned-3580",27.4031604510592,3.71466961775241,-0.0576471719410256,0.048261988194661,"unburned-3580-before","unburned","3580",3580,"before","unburned",2015.63208007812,0.159393517898903,104.18772420267,0.382417159128248,178.65,467.159999847412,9,33.7,10,31,13.8,"0","157"
"958","unburned-3595",-9.32833774284829,-2.87872701110087,-0.0520564495667417,-0.0335013598211836,"unburned-3595-before","unburned","3595",3595,"before","unburned",1353.50720214844,0.265857587398355,-19.4772439522034,0.187361461502087,46.49,248.130002975464,24.9,11.6,23,7.8,15,"0","57"
"959","unburned-366",21.6907363118134,3.85122837087652,-0.0463864572024887,0.0224542282941522,"unburned-366-before","unburned","366",366,"before","unburned",1908.46325683594,0.182461111307255,61.6663176144985,0.314999888351625,146.56,465.27000617981,13.9,24.9,8.6,30.6,14.1,"0","333"
"960","unburned-3670",-5.91624124586072,8.47744484703069,-0.0798022736708167,-0.0144634071811079,"unburned-3670-before","unburned","3670",3670,"before","unburned",1447.22937011719,0.247320550502739,-9.16665318973115,0.207917811770681,48.37,232.640001296997,25.5,17.8,12.7,5.4,11,"0","557"
"961","unburned-3726",14.0402203522045,9.61496421846047,-0.015111191433232,0.0234387571930509,"unburned-3726-before","unburned","3726",3726,"before","unburned",1974.92492675781,0.113756708899613,47.4696087020742,0.208709219959571,104.34,499.929998397827,18.5,25.9,6.7,21.8,16.1,"0","148"
"962","unburned-3727",-8.58206898210193,7.05101405782358,0.0333888522275383,-0.0270357875444312,"unburned-3727-before","unburned","3727",3727,"before","unburned",1284.52954101562,0.224225757292204,-2.54308567970978,0.21175720626581,43.19,203.960000991822,31.1,16.5,15.9,8,14,"0","535"
"963","unburned-3732",1.55891106709232,2.93469673481894,-0.00802617643767264,0.00303638060232733,"unburned-3732-before","unburned","3732",3732,"before","unburned",1487.69714355469,0.124728762376182,8.49645910920152,0.151774629216649,47.68,314.150001525879,14.2,20.3,14.6,6.9,10.7,"0","444"
"964","unburned-3740",-13.4367463713398,14.6287715705962,0.0161057934880881,-0.0301123145445883,"unburned-3740-before","unburned","3740",3740,"before","unburned",1244.92626953125,0.123888857612223,-0.474606150976708,0.120924421947976,19.36,160.10000038147,35.1,15.8,10,1.9,11.7,"0","511"
"965","unburned-3749",4.98807049127445,-2.56519277680105,0.0377623516546031,-0.119410153882787,"unburned-3749-before","unburned","3749",3749,"before","unburned",1630.10302734375,0.112229743145577,67.1167743085215,0.298940106838584,107.46,359.469999313354,16.4,17.2,18.3,16.8,15.2,"0","375"
"966","unburned-375",-10.7499466719155,11.7763835090363,0.0135039299728291,-0.0253196557133932,"unburned-375-before","unburned","375",375,"before","unburned",1260.93505859375,0.0771756028181653,-2.01303290830024,0.0682383230574687,15.37,225.240001678467,37.3,14.3,11.9,9.1,9,"0","677"
"967","unburned-3750",-4.57068689161358,12.1475187016829,-0.0759518748564554,-0.0365300833098955,"unburned-3750-before","unburned","3750",3750,"before","unburned",1447.18359375,0.211304232329701,-21.0310982238057,0.135132199225626,37.31,276.099998474121,27.4,20.6,10.1,6.2,17.8,"0","713"
"968","unburned-3758",-15.2958963002832,12.3692121185154,-0.0483872354761657,-0.0333788423616996,"unburned-3758-before","unburned","3758",3758,"before","unburned",1256.06530761719,0.156678747726856,-8.81618476237908,0.119322032933946,28.16,236.000001907349,43.2,17.6,16,7.2,12,"0","58"
"969","unburned-3762",-7.88414295531417,2.96060644623998,-0.139826915704985,-0.0273800975881343,"unburned-3762-before","unburned","3762",3762,"before","unburned",1354.65966796875,0.224904050662831,-3.35931908186744,0.210037175572202,47.46,225.959999084473,27.8,15.3,18.7,8.3,16.8,"0","812"
"970","unburned-377",-11.6261574777169,-1.45100954389127,0.0313993740070733,-0.0372738427097479,"unburned-377-before","unburned","377",377,"before","unburned",1317.99572753906,0.204800148757416,-0.942881119064268,0.200533911419652,44.32,221.010001182556,27.6,14.1,24.2,5.8,14.5,"0","147"
"971","unburned-3778",22.4541139432653,2.93697037148459,-0.0159237544877636,0.0319857987903622,"unburned-3778-before","unburned","3778",3778,"before","unburned",2082.39721679688,0.125505958099457,96.2732165666788,0.315199403093678,159.97,507.519996643066,11.3,25.3,8.9,29.6,14.3,"0","467"
"972","unburned-3784",-4.58339919133337,-3.16447601586144,-0.109680419123271,-0.0326508557649884,"unburned-3784-before","unburned","3784",3784,"before","unburned",1345.66540527344,0.281443107086363,-14.3080578452873,0.220795184737007,52.09,235.920000076294,22.8,17.1,23.9,10.5,18.5,"0","296"
"973","unburned-3792",11.132005214902,6.81219623802766,0.0270366164293057,0.011083637800276,"unburned-3792-before","unburned","3792",3792,"before","unburned",1929.80493164062,0.0627583671358369,60.9053978134196,0.197136176024023,89.35,453.239997863769,21.3,23.2,10.1,22.7,13.9,"0","272"
"974","unburned-3816",9.75005394506185,6.59732056605239,-0.0186510014833484,0.0304412006574039,"unburned-3816-before","unburned","3816",3816,"before","unburned",1777.43481445312,0.0864956061302178,54.5780584468644,0.204686211373878,94.52,461.780006408691,21,22.1,10.2,21.1,18.1,"0","366"
"975","unburned-3821",-8.69354894798314,-9.82156205520683,0.0197829871566506,0.0947358078968966,"unburned-3821-before","unburned","3821",3821,"before","unburned",1344.03674316406,0.460295498743282,-18.866163713293,0.376542663024573,84.82,225.259999275208,22,12.5,30.1,9.1,15.1,"0","279"
"976","unburned-3838",15.1040170224085,3.85659815884662,-0.13477471580553,-0.00893054540076493,"unburned-3838-before","unburned","3838",3838,"before","unburned",1907.82873535156,0.237044760595622,13.7786792096769,0.271381581062838,108.9,401.279996871948,14.1,22.7,9.9,23,17.2,"0","182"
"977","unburned-3853",29.2023198981315,0.663619889394274,-0.0349568534277265,0.0471518495149069,"unburned-3853-before","unburned","3853",3853,"before","unburned",2182.22412109375,0.101409373765189,196.600188491627,0.473927539191368,250.12,527.760004043579,11,28.5,10.5,38.1,10.7,"0","368"
"978","unburned-3856",5.32405282207422,5.05955245613987,0.00631769625385444,-0.00966056819287009,"unburned-3856-before","unburned","3856",3856,"before","unburned",1678.15478515625,0.0996478583845395,36.435692839142,0.208664951658425,69.74,334.219999313354,18.7,19.9,11.8,14.8,16.2,"0","711"
"979","unburned-3864",-1.26362722233651,5.55840225853351,0.0201538046643223,0.00538026003550328,"unburned-3864-before","unburned","3864",3864,"before","unburned",1384.10412597656,0.13683821189837,-12.4997022458053,0.0844987844546089,20.18,238.820003509521,17.4,17.5,12.1,5.7,5.8,"0","234"
"980","unburned-3866",4.41562637226177,1.27628426200544,-0.0140189532874977,0.0144171335876612,"unburned-3866-before","unburned","3866",3866,"before","unburned",1525.96643066406,0.121567750224288,26.5567983640766,0.20219192857132,66.6,329.390003204346,16.9,18.1,14.9,14.4,14.3,"0","392"
"981","unburned-3868",-5.307758839442,5.92477811707468,-0.0774753073260977,-0.0137971437905291,"unburned-3868-before","unburned","3868",3868,"before","unburned",1374.47180175781,0.199658434172227,-9.24238324187306,0.165936953915498,45.48,274.079998016357,25.1,16.3,14.4,7.5,14.2,"0","292"
"982","unburned-3878",-10.1496984797652,1.09878488104628,0.03518486837496,0.0423676889467403,"unburned-3878-before","unburned","3878",3878,"before","unburned",1410.02941894531,0.195368482736617,5.36992665161665,0.21814557243854,51.43,235.759999275208,26.9,12.3,19.8,6.4,14,"0","477"
"983","unburned-3880",-2.95827637694443,-3.888615177012,0.0521683740249536,-0.00742904881667217,"unburned-3880-before","unburned","3880",3880,"before","unburned",1558.73913574219,0.221622821291719,14.6649377478644,0.270625185818629,80.99,299.270002365112,21.5,13.4,21.9,12.9,13.8,"0","422"
"984","unburned-3887",1.50993310167711,-8.86920060571079,-0.0414986004205228,-0.00340194424446719,"unburned-3887-before","unburned","3887",3887,"before","unburned",1300.20080566406,0.193707724756014,0.824053484130867,0.196326427845903,61.78,314.679998397827,15,13.3,24.1,15.3,13.6,"0","811"
"985","unburned-3901",-2.01197318574096,8.92059105959465,0.013989663938305,-0.00598590709918248,"unburned-3901-before","unburned","3901",3901,"before","unburned",1531.81726074219,0.168399012757525,12.0874167829122,0.219564846859441,51.87,236.240002632141,20.5,17.4,9.4,5.9,10.9,"0","263"
"986","unburned-3907",11.137157712842,4.96250353373783,-0.110857980825098,-0.0129646404148916,"unburned-3907-before","unburned","3907",3907,"before","unburned",2004.30090332031,0.207106964908498,8.86891987216553,0.229183782588253,92.07,401.729995727539,14.6,22.8,10.3,17.8,15,"0","665"
"987","unburned-3943",26.6262652179683,3.41341402490224,0.295019006290958,-0.130330475756575,"unburned-3943-before","unburned","3943",3943,"before","unburned",2276.45947265625,-0.26424347858324,477.060291204499,0.546587130050511,321.59,588.359992980957,10.6,29.6,8.9,32.8,13.9,"0","361"
"988","unburned-3945",11.1174661982783,10.335632289101,-0.0331284470092536,0.0958131420473935,"unburned-3945-before","unburned","3945",3945,"before","unburned",1864.458984375,0.130507722973129,47.1212346277369,0.343235072472769,76.03,221.509997367859,18,25.8,6.8,17.3,17.6,"0","605"
"989","unburned-3954",-1.00232044567527,3.03303733518541,-0.0150693489883993,-0.0316002001071384,"unburned-3954-before","unburned","3954",3954,"before","unburned",1327.91418457031,0.161948155424198,-6.7204192903393,0.132620556098718,30.39,229.149996757507,17,21.1,16.5,5.8,13.6,"0","893"
"990","unburned-3955",-0.875806725093944,5.23075448794479,0.0427610062663724,-0.0194861923328392,"unburned-3955-before","unburned","3955",3955,"before","unburned",1597.40063476562,0.102612688967923,35.5415633122445,0.229915111132963,64.19,279.190000534058,20.5,21.1,14.9,8,14.3,"0","505"
"991","unburned-3956",-8.2961639016802,-22.4482664798638,-0.384139143379892,0.135121682569203,"unburned-3956-before","unburned","3956",3956,"before","unburned",1425.353515625,0.742032787260837,-72.8443333928892,0.465426241542374,122.57,263.349998474121,17.8,7,39.9,13.6,17.2,"0","355"
"992","unburned-3958",15.4752737017258,4.18750092732524,-0.0230005868460829,0.0680543167214331,"unburned-3958-before","unburned","3958",3958,"before","unburned",1893.82995605469,0.129944715940956,74.6147092719933,0.296209636861768,132.93,448.770004272461,18.4,19.1,8.6,28.2,17,"0","43"
"993","unburned-3980",7.22588712420348,7.36114545217527,-0.109716283394916,-0.0411844757587452,"unburned-3980-before","unburned","3980",3980,"before","unburned",1768.458984375,0.301756188215841,21.0580120495339,0.375574016994692,107.14,285.270000457764,20.1,20.8,9.4,17.1,14.6,"0","574"
"994","unburned-3985",6.11234687231047,13.4038784146906,-0.0239073747339965,0.00761300611659826,"unburned-3985-before","unburned","3985",3985,"before","unburned",1906.27807617188,0.0716173582013355,44.9966728822253,0.163340605159187,80.13,490.569995880127,29.7,23.3,6.8,20.5,17,"0","150"
"995","unburned-3999",-10.6601677859017,16.0875898402864,0.110590280262903,-0.0674854894283478,"unburned-3999-before","unburned","3999",3999,"before","unburned",1254.80688476562,-0.00789558149019793,41.9071762246411,0.192982454481834,40.26,208.620001792908,33.4,16,7.1,3.2,14.5,"0","681"
"996","unburned-4002",25.8408131715113,2.1740655379739,0.00991445741935926,0.0375929867941395,"unburned-4002-before","unburned","4002",4002,"before","unburned",2110.67553710938,0.102489199802697,101.914681660185,0.303298394187722,153.93,507.519996643066,10.5,28.6,10,32.6,13.6,"0","884"
"997","unburned-4009",-5.32728278291276,0.282707004879192,-0.344899843761083,0.127366050951827,"unburned-4009-before","unburned","4009",4009,"before","unburned",1371.56103515625,0.613573106227979,-60.6940972070053,0.361343139317807,86.95,240.630001068115,26,14.2,19.7,11.6,16.8,"0","437"
"998","unburned-4018",1.56306948681331,7.02545670152517,-0.0184348792023202,0.0129068581083958,"unburned-4018-before","unburned","4018",4018,"before","unburned",1573.0546875,0.145207312972214,2.94787161614394,0.157021482756345,39.18,249.519997596741,13.9,18.6,9.2,5.2,10,"0","133"
"999","unburned-402",-7.43778925776152,5.89692125156089,0.018540673401267,-0.00981688939519654,"unburned-402-before","unburned","402",402,"before","unburned",1406.41760253906,0.15076361207864,4.71169205489004,0.169472681606426,42.68,251.839999198914,22.3,13.7,13.2,3.1,13.9,"0","660"
"1000","unburned-4059",-7.90898062090355,8.64757701747966,0.0173380368311936,-0.0119322674372697,"unburned-4059-before","unburned","4059",4059,"before","unburned",1459.28198242188,0.195076158861057,-6.25620695165596,0.17184134157657,46.27,269.260002136231,27.4,18.6,14.1,4.2,13.5,"0","307"
"1001","unburned-407",-15.7591972626819,17.1060939203109,-0.0846364097048508,-0.0216266983287387,"unburned-407-before","unburned","407",407,"before","unburned",1214.49719238281,0.149011849582264,-10.2555638411832,0.104058909733318,23.74,228.140003204346,42.4,16.4,10.2,4,11,"0","619"
"1002","unburned-4072",11.1627719129546,5.41166638234179,0.00504811575436703,0.0515061743850447,"unburned-4072-before","unburned","4072",4072,"before","unburned",1841.06689453125,0.0731967765497506,78.941482275038,0.249103101668375,111.79,448.770004272461,20.9,21.4,10.6,23.6,18,"0","862"
"1003","unburned-4078",-11.9997409033857,14.0703246113109,-0.0896108050702621,0.00587493075915055,"unburned-4078-before","unburned","4078",4078,"before","unburned",1241.76501464844,0.202369574857124,-8.53735100936335,0.159990071372238,32.23,201.450000762939,38.9,20.3,13.3,6,14.9,"0","562"
"1004","unburned-4081",9.69229111990002,2.07593613267977,-0.0916368207303073,-0.0351889276186425,"unburned-4081-before","unburned","4081",4081,"before","unburned",1542.67810058594,0.147874726445978,42.5196783279576,0.298691164150132,84.21,281.930000305176,13.2,19.8,12.1,17,13.8,"0","710"
"1005","unburned-409",-15.1701975073861,-1.12638355612582,-0.0279428767940863,-0.0394801315487356,"unburned-409-before","unburned","409",409,"before","unburned",1396.22253417969,0.354764003451069,-36.0853956078682,0.200776651633483,47.05,234.339997291565,35.5,11.7,25.8,8.8,14.8,"0","896"
"1006","unburned-412",5.95509686195544,-6.34366899486065,NA,NA,"unburned-412-before","unburned","412",412,"before","unburned",1263.06103515625,0.286034783373813,-3.34601480445252,0.269055108243728,53.02,197.060001373291,18.4,12.6,20.2,23,14.4,"0","518"
"1007","unburned-4124",9.25782945414423,13.0599775096794,-0.0265264719551926,-0.00427343247901357,"unburned-4124-before","unburned","4124",4124,"before","unburned",1828.96252441406,0.110638261322905,44.9508252558694,0.207869178072149,96.1,462.310001373291,25.7,25.5,6.2,20.5,15.5,"0","201"
"1008","unburned-4127",18.5292654839104,8.82843138876542,-0.0234676920626352,0.0143227620310094,"unburned-4127-before","unburned","4127",4127,"before","unburned",1932.67321777344,0.111066688948892,52.9685501044389,0.213395669853194,110.46,517.629997253418,16.4,27.8,6.4,25.5,14.7,"0","838"
"1009","unburned-4133",27.6094590010006,6.46617669331565,0.248631172581701,-0.129607273342031,"unburned-4133-before","unburned","4133",4133,"before","unburned",2050.642578125,-0.186633471122384,308.58656805451,0.477207706891608,221.83,464.849994659424,9.5,34,7.2,30.3,11.8,"0","564"
"1010","unburned-4140",10.0889504481493,-9.01929755941697,-3.014074023039,1.72346131043039,"unburned-4140-before","unburned","4140",4140,"before","unburned",1312.6806640625,3.91123920314102,-426.308284817842,1.86826088971804,389.85,208.670000076294,20.4,12.4,22,31.4,15.8,"0","267"
"1011","unburned-4174",19.7156067761365,6.15370574077801,-0.0544997664709559,-0.039236887791163,"unburned-4174-before","unburned","4174",4174,"before","unburned",1828.31262207031,0.190714962350404,64.8336327373181,0.323204249024715,158.16,489.350002288818,15.2,23.3,6.3,28.6,14.7,"0","29"
"1012","unburned-418",-2.05936385101643,2.73401866942472,0.0233960782046192,-0.00890047591994644,"unburned-418-before","unburned","418",418,"before","unburned",1420.68395996094,0.129163759730499,2.22802482193202,0.139131212978804,31.1,223.529999732971,14,17.6,14.7,3,9.3,"0","156"
"1013","unburned-4188",-8.20411485627484,-3.9755760747985,0.0908917838610925,0.228127623793851,"unburned-4188-before","unburned","4188",4188,"before","unburned",1431.71203613281,0.51486606939734,-24.8668635930592,0.397950070743812,84.64,212.689998626709,21.2,11.6,22.9,6.5,13.9,"0","192"
"1014","unburned-419",-6.2902063703823,-2.29888621079184,-0.332166870077885,0.688605967180787,"unburned-419-before","unburned","419",419,"before","unburned",1293.54418945312,0.597339384045947,12.7377756724617,0.657029054595297,140.21,213.399999618531,32.5,12,23.3,18,16.9,"0","544"
"1015","unburned-4196",4.35354196421066,4.80378019321913,-0.149242401155099,-0.0133350061346947,"unburned-4196-before","unburned","4196",4196,"before","unburned",1634.23986816406,0.274651245702347,-34.1595683419791,0.157199834878329,45.72,290.840000152588,13.6,19.5,11,9.3,9,"0","275"
"1016","unburned-4197",-4.59143999935253,11.7205007540255,-0.0477721839144451,0.0385227350309654,"unburned-4197-before","unburned","4197",4197,"before","unburned",1634.46875,0.164961042579984,44.6981787221057,0.289973427814491,103.68,357.550003051758,36.2,17.1,10.9,15.2,15.9,"0","124"
"1017","unburned-4233",27.9490760542965,-23.8089754761287,-0.515091635214078,-0.220590729469237,"unburned-4233-before","unburned","4233",4233,"before","unburned",1303.42138671875,0.725530855710063,82.6598498485686,1.10009968558609,242.77,220.68000125885,8.4,5,25,53,11,"0","682"
"1018","unburned-4240",-3.25615637916095,9.03716272364091,-0.0155422622786167,-0.0034723943110806,"unburned-4240-before","unburned","4240",4240,"before","unburned",1350.10205078125,0.140584367958218,3.34253592808766,0.152787412540699,41.85,273.909998893738,23,19.9,11.6,5.7,14.1,"0","897"
"1019","unburned-4253",-1.04342877817398,4.2074518643194,-0.0194557532386521,0.00297445047426401,"unburned-4253-before","unburned","4253",4253,"before","unburned",1563.92980957031,0.132451516990065,13.973230450422,0.191720394210033,45.2,235.759999275208,17.2,18,13.7,6.3,12.2,"0","68"
"1020","unburned-4256",-7.98795701453833,9.77240691514562,0.023150915770081,0.000597992774162531,"unburned-4256-before","unburned","4256",4256,"before","unburned",1511.76452636719,0.18534284097183,-8.05541375600989,0.155425981088815,41.85,269.260002136231,28,18.9,13.2,4,10.7,"0","403"
"1021","unburned-427",6.61621684586439,5.09112571238415,-0.0644087833745861,0.0188518323066041,"unburned-427-before","unburned","427",427,"before","unburned",1660.81262207031,0.194413706727628,27.5139215354972,0.286344347415028,85.7,299.290000915528,21,19.8,11.8,18.5,14.4,"0","175"
"1022","unburned-4270",-11.6007312132573,14.9851824713527,-0.0347782379597028,-0.0362458636615296,"unburned-4270-before","unburned","4270",4270,"before","unburned",1257.67297363281,0.20957676094232,-7.92777335177915,0.168621171732545,32.64,193.56999874115,38.7,19.3,11.6,6.2,14.8,"0","486"
"1023","unburned-4284",-10.1694605072674,0.352440667716667,-0.0776406924614284,0.101257542863287,"unburned-4284-before","unburned","4284",4284,"before","unburned",1413.19982910156,0.342984280983587,-20.0555776786301,0.267047823259388,70.53,264.109997749329,27.7,11.1,20.2,7.8,12.5,"0","219"
"1024","unburned-4287",-0.913758725703247,0.895081328544842,-0.0711724441636628,-0.0367017433276922,"unburned-4287-before","unburned","4287",4287,"before","unburned",1603.02795410156,0.159753699162673,8.86289068212551,0.18464736181052,65.74,356.029998779297,22.1,18.9,18.9,12.1,19.2,"0","27"
"1025","unburned-4289",4.54226269921753,0.721075583318712,0.0220067138475219,-0.00127650431776469,"unburned-4289-before","unburned","4289",4289,"before","unburned",1790.81274414062,0.087892078456186,33.6717468786004,0.215906933336,56.79,263.029996871948,16.6,19.3,16,14.2,15.6,"0","722"
"1026","unburned-4295",0.577930393550123,-15.8626107186451,-0.0552307295567961,-0.00820773535013991,"unburned-4295-before","unburned","4295",4295,"before","unburned",1353.23571777344,0.31887138867563,0.424663042059277,0.320931359768914,66.16,206.150000572205,12.4,14.8,32.2,14.7,14.4,"0","276"
"1027","unburned-4311",-14.5911788647779,14.1566474328935,-0.0175802775311984,0.0088902964121807,"unburned-4311-before","unburned","4311",4311,"before","unburned",1230.54663085938,0.148050898669268,-0.738303239314948,0.144850901956749,33.42,230.719999313354,41.6,16.4,12.8,6.2,14.8,"0","408"
"1028","unburned-4349",15.5522164195954,2.85527292825896,-0.125824982045013,-0.0262661931260699,"unburned-4349-before","unburned","4349",4349,"before","unburned",1850.72229003906,0.300566237163486,21.1592919553321,0.372868619732168,109.12,292.649995803833,13.5,24.1,11.4,23.1,11.3,"0","654"
"1029","unburned-4363",-0.892802919364828,4.77798927269346,0.0205459473598503,-0.0849605605012559,"unburned-4363-before","unburned","4363",4363,"before","unburned",1441.77905273438,0.068381055387842,58.5467008249318,0.242647936316719,81.52,335.959997177124,23.3,19,15,11.3,18.1,"0","849"
"1030","unburned-439",24.8902101902869,2.27274142854013,-0.097376124091857,0.0523586825516944,"unburned-439-before","unburned","439",439,"before","unburned",2073.677734375,0.223876454735381,151.618728725594,0.560717133922017,252.39,450.120006561279,8.8,30.7,10.9,29.2,11,"0","163"
"1031","unburned-4411",13.3692150761463,7.25849417304635,-0.0124262767994005,0.0435672510798669,"unburned-4411-before","unburned","4411",4411,"before","unburned",1849.97180175781,0.102502297441098,75.8264884307444,0.266707086254833,123.16,461.780006408691,19.5,21.1,7.3,24.4,17.1,"0","65"
"1032","unburned-4426",-2.52889362729558,2.95768828394989,0.0192821401911918,-0.0369841302196331,"unburned-4426-before","unburned","4426",4426,"before","unburned",1353.05737304688,0.204960436323419,7.77658114273375,0.251357316667166,42.13,167.610000610352,19.4,20.1,17.2,6.3,14.5,"0","423"
"1033","unburned-4436",2.26529274908769,8.50819780797857,0.30351718179772,-0.137929979024694,"unburned-4436-before","unburned","4436",4436,"before","unburned",1786.34899902344,-0.19445911762611,196.343339982857,0.380956568376948,129.99,341.219999313354,17.6,16.8,7.3,9.2,13,"0","205"
"1034","unburned-447",14.0664749209551,-2.49899906248549,-0.0811635758415956,-0.0390602630526843,"unburned-447-before","unburned","447",447,"before","unburned",1765.10192871094,0.199093189113181,28.0946255405013,0.273886537895947,102.88,375.629999160767,14.5,22.9,17.4,25,15.9,"0","264"
"1035","unburned-4480",26.1687348832128,6.0316130955225,-0.0555362391633293,-0.0243314311730897,"unburned-4480-before","unburned","4480",4480,"before","unburned",2200.78564453125,0.102743724800531,58.9209283731036,0.228056744609992,107.23,470.18999671936,12.1,32.2,7.9,31.5,11.6,"0","293"
"1036","unburned-4493",-2.83253013179839,9.34721095535792,-0.0254802978584018,-0.0110985617555029,"unburned-4493-before","unburned","4493",4493,"before","unburned",1659.65185546875,0.0917284839919179,10.5297366404395,0.127369347183785,37.63,295.440000534058,17.8,14.3,7,3.2,8.2,"0","378"
"1037","unburned-4496",0.461944587794712,3.89647841659008,0.0236838775257591,0.0312887855539477,"unburned-4496-before","unburned","4496",4496,"before","unburned",1417.07507324219,0.165521038192737,9.87531403481557,0.211021010916398,45.8,217.039999008179,16,17.4,12.9,7.5,14,"0","577"
"1038","unburned-4534",0.423140762712798,1.51279212470781,-0.0491083058740227,-0.0289601159195648,"unburned-4534-before","unburned","4534",4534,"before","unburned",1406.19165039062,0.233799210444346,-11.3777045329454,0.192721498446103,53.38,276.979996681214,19.9,17.5,16.5,12,19.9,"0","73"
"1039","unburned-4537",-11.4173208453691,9.01338534603206,0.0488395429247535,-0.0100146478975617,"unburned-4537-before","unburned","4537",4537,"before","unburned",1332.20275878906,0.155543736128668,3.42829619053281,0.171633735637952,36.57,213.069999694824,29.2,13.7,12.9,2.6,12.5,"0","258"
"1040","unburned-4557",-12.1329808168884,16.5349367922712,-0.0556177240779942,-0.0138570302076037,"unburned-4557-before","unburned","4557",4557,"before","unburned",1436.66711425781,0.198796873299765,-19.442738845251,0.11442829398658,26.37,230.449996948242,36.1,16.6,8.1,3.3,12.8,"0","569"
"1041","unburned-4562",-11.5927631185411,6.75409825495586,0.183890921496299,-0.108205924602928,"unburned-4562-before","unburned","4562",4562,"before","unburned",1284.42028808594,0.140227998253005,39.6973528940465,0.33343066761569,68.51,205.470002174377,38.4,10.3,15.9,12.6,13.7,"0","749"
"1042","unburned-4565",6.26242948809899,12.1755420972944,-0.00544934194083216,0.00783711720611191,"unburned-4565-before","unburned","4565",4565,"before","unburned",1853.02453613281,0.0606163993102719,45.566655141353,0.157554353663619,74.06,470.06000328064,21.6,24.4,6.7,13.8,16.1,"0","409"
"1043","unburned-4572",16.4095085974193,11.5983170350651,-0.0354672779179892,0.0269744973780658,"unburned-4572-before","unburned","4572",4572,"before","unburned",2125.26806640625,0.0792003687591063,72.7260086743672,0.239136174077309,108.74,454.719995498657,19.7,28.7,5.4,24.1,16,"0","127"
"1044","unburned-4576",9.24081254721142,5.98329720077036,-0.0399193023422082,-0.0245505926112573,"unburned-4576-before","unburned","4576",4576,"before","unburned",1591.58386230469,0.164448891876012,32.7278914701173,0.262372090778998,87.69,334.219999313354,20.3,23.5,11.6,19.7,17.5,"0","165"
"1045","unburned-4581",-2.61593678388561,-2.10362810796823,0.0193071877499404,-0.0200107933835038,"unburned-4581-before","unburned","4581",4581,"before","unburned",1275.19091796875,0.257959845655921,-9.66435214584107,0.206134705586527,38.44,186.480000495911,16.2,17.4,20.6,6.6,16.1,"0","612"
"1046","unburned-4584",-5.81602275591669,7.38175702519752,-0.106641634871036,-0.0236130915679206,"unburned-4584-before","unburned","4584",4584,"before","unburned",1477.51098632812,0.145252781005377,3.19150720677168,0.158404415604385,38.44,242.670002937317,24.4,18.4,13.9,4.9,13.8,"0","497"
"1047","unburned-4608",-5.28344759800525,4.15691862554481,0.0135240516836362,-0.0385926874687672,"unburned-4608-before","unburned","4608",4608,"before","unburned",1320.1162109375,0.171148020197996,2.89061964333713,0.183981529440566,41.44,225.240001678467,29.4,16.2,17.3,12.2,11,"0","614"
"1048","unburned-4622",9.36744177618089,2.64035788182095,-0.0628372842608474,0.0362849027082189,"unburned-4622-before","unburned","4622",4622,"before","unburned",1556.77307128906,0.178925406829841,43.6322519736248,0.296538894292249,110.01,370.980003356934,18.3,17.2,11.5,21.6,15.9,"0","289"
"1049","unburned-4665",-8.02405949263173,-13.0772815622879,-0.0688046023522637,-0.00138560989769743,"unburned-4665-before","unburned","4665",4665,"before","unburned",1401.34497070312,0.420948107445385,27.7286978502914,0.536812630068481,128.47,239.320002555847,25.1,7.7,31.7,15.7,16.7,"0","299"
"1050","unburned-4673",9.0064876551411,6.02645754446854,-0.0154931799409443,0.0229753063912757,"unburned-4673-before","unburned","4673",4673,"before","unburned",1881.00085449219,0.142946950922555,12.9248227494367,0.174656525842428,71.19,407.60000038147,20.4,22.4,11.1,19.8,11.8,"0","105"
"1051","unburned-4675",23.7842972577484,7.20471888176916,-0.0420697934279181,0.00395857712029513,"unburned-4675-before","unburned","4675",4675,"before","unburned",2267.96313476562,0.0585504066343263,57.7601844966889,0.181394756577322,85.29,470.18999671936,12.7,29.6,6.3,29.2,13.2,"0","47"
"1052","unburned-4677",-8.09386440906107,-4.30398130883564,-0.0982701278777025,-0.0321127047202235,"unburned-4677-before","unburned","4677",4677,"before","unburned",1457.56591796875,0.186392047119712,31.0165194425966,0.302776735459662,80.69,266.5,33,11.3,25.9,17.3,18.1,"0","690"
"1053","unburned-471",-1.27960695440912,2.4215921649657,0.018979616765414,-0.0165409289278528,"unburned-471-before","unburned","471",471,"before","unburned",1478.77478027344,0.139114330090395,20.9806701077676,0.214262688081849,59.82,279.190000534058,18.6,16.3,15.2,8.6,13.8,"0","221"
"1054","unburned-4716",9.39358642346997,9.40037084176481,-0.0384103263363469,0.0123323714137063,"unburned-4716-before","unburned","4716",4716,"before","unburned",1919.07775878906,0.120656194967263,26.8905348853168,0.186629047911695,76.07,407.60000038147,20.4,24,8.1,18.2,13.6,"0","840"
"1055","unburned-4718",-4.61185396976484,1.00155719608478,-0.0883546567489168,0.0079103670471011,"unburned-4718-before","unburned","4718",4718,"before","unburned",1458.60803222656,0.364532403689019,-42.6922146213279,0.193084613419247,48.08,249.01000213623,24.9,19.5,21.1,9.6,14.9,"0","151"
"1056","unburned-4730",-15.1682754706489,19.7457468283166,-0.00578171300894124,-0.0190099074744283,"unburned-4730-before","unburned","4730",4730,"before","unburned",1288.38330078125,0.0875934154478454,-0.278118008184757,0.0862606028342302,18,208.670000076294,39.5,15.2,5.8,1.3,12.1,"0","723"
"1057","unburned-474",-2.95272813807223,2.9052333978993,-0.0948757054360222,-0.0544118465555697,"unburned-474-before","unburned","474",474,"before","unburned",1592.46398925781,0.233767263232664,-2.48794196828772,0.224613687164704,61.05,271.79999923706,23.2,17.9,17.2,9.8,16.5,"0","400"
"1058","unburned-4746",-6.83850150324633,10.7064024350224,-0.0152845839467662,-0.00204241200605382,"unburned-4746-before","unburned","4746",4746,"before","unburned",1437.3486328125,0.207643817375352,-3.23439362600276,0.194729488554836,48.77,250.449997901917,30.3,17.1,11.4,7.6,13.7,"0","695"
"1059","unburned-4747",-8.56434591543872,4.27563353448496,-0.00504545234665782,-0.0208897507113608,"unburned-4747-before","unburned","4747",4747,"before","unburned",1284.78491210938,0.217585426461859,-4.25488254701753,0.195295717745579,37.28,190.890002250671,26.1,19.6,19.3,4,18,"0","459"
"1060","unburned-4751",-5.69398901067935,4.74011149891494,0.0374764017054617,-0.069115307105976,"unburned-4751-before","unburned","4751",4751,"before","unburned",1486.21118164062,0.0231573996492928,71.8561444200193,0.213898917357381,80.58,376.719999313354,31.1,14.2,16.2,13.5,18.3,"0","895"
"1061","unburned-479",22.0333176796403,5.60121833183721,0.170803293923895,-0.103094666178867,"unburned-479-before","unburned","479",479,"before","unburned",2104.12548828125,-0.0822038113388889,212.471059057104,0.399600894730277,176.22,440.990003585815,12.4,28.8,8.2,27.7,12.1,"0","835"
"1062","unburned-4796",-20.5277440506937,20.4603187511086,-0.0325810814415907,0.0175530452862657,"unburned-4796-before","unburned","4796",4796,"before","unburned",1246.96313476562,0.145327556436636,-4.28623635503649,0.124050632441583,24.99,201.450000762939,51.6,18.4,11.5,3.8,12.6,"0","615"
"1063","unburned-4803",-3.7038268990748,3.67759569792773,0.021962065369138,-0.0308915856199827,"unburned-4803-before","unburned","4803",4803,"before","unburned",1350.03491210938,0.170972767235681,2.56245738546285,0.182436362227512,40.78,223.529999732971,19.1,18.4,15.9,4.7,13.8,"0","658"
"1064","unburned-4813",29.0461081522931,5.36904574299389,-0.0159403715996561,0.0343180681288366,"unburned-4813-before","unburned","4813",4813,"before","unburned",2076.03686523438,0.133740905468816,98.3286168331324,0.308961636837894,173.38,561.169994354248,9.2,38.3,10,31.1,13.1,"0","55"
"1065","unburned-4827",15.0706993910079,-7.1995759920885,-0.0497503303474493,0.0377345318677957,"unburned-4827-before","unburned","4827",4827,"before","unburned",1630.60876464844,0.175524042046485,77.7196871275362,0.36690470637692,149,406.099996566773,10,15.5,17.3,26.8,15.7,"0","515"
"1066","unburned-4832",2.03437835910016,2.62521103369109,0.016654519655277,0.021605336349911,"unburned-4832-before","unburned","4832",4832,"before","unburned",1579.38403320312,0.157799310092592,14.7950080906287,0.206120586310433,63.11,306.17999458313,20.1,17.2,14.6,13.8,18.3,"0","261"
"1067","unburned-4834",-8.05490824633275,-1.00713065923653,-0.051753652368111,-0.0324790057508782,"unburned-4834-before","unburned","4834",4834,"before","unburned",1458.98962402344,0.343105518270413,-31.7567058374681,0.215573669890707,53.68,249.01000213623,28,16.8,23.9,9.7,15.6,"0","903"
"1068","unburned-4835",0.69624148452537,1.48173603418693,-0.0304059341946822,-0.00531422189540773,"unburned-4835-before","unburned","4835",4835,"before","unburned",1303.43212890625,0.154141544828968,-0.824107216754571,0.150049652006658,30.22,201.400000572205,14.6,21.1,17,6.6,13.2,"0","329"
"1069","unburned-4850",-8.28984962752008,-0.664632185342043,0.000592539538601167,-0.0354717622307049,"unburned-4850-before","unburned","4850",4850,"before","unburned",1255.45361328125,0.216057097006464,-14.6494830784676,0.152127429601885,34.86,229.149996757507,25.1,15.4,22.2,7.1,15.3,"0","458"
"1070","unburned-4864",-6.3963192182483,0.715323446046054,0.184321005325118,-0.0987045216013239,"unburned-4864-before","unburned","4864",4864,"before","unburned",1341.33312988281,0.00667419788727221,55.612068728715,0.292641536703715,56.91,194.470001220703,21.2,17.8,20.3,4.7,12.7,"0","4"
"1071","unburned-4882",-5.88165257880162,10.413258155492,0.0494294928907638,0.00152837170070641,"unburned-4882-before","unburned","4882",4882,"before","unburned",1574.98486328125,0.115290876415866,10.1655450318023,0.151503276628168,42.53,280.720001220703,26,18,10.8,4.9,12.1,"0","919"
"1072","unburned-4894",9.35731393952907,3.0929276010912,-0.0465368902587058,0.0108169360702831,"unburned-4894-before","unburned","4894",4894,"before","unburned",1720.75830078125,0.144206939718881,22.5007629553646,0.222812224104939,63.78,286.250003814697,15.6,20.8,12.2,17.9,13.1,"0","128"
"1073","unburned-4899",-7.46515870793986,2.6477443317059,-0.230630171637651,-0.0509297200869067,"unburned-4899-before","unburned","4899",4899,"before","unburned",1385.44958496094,0.284922462273829,-16.9713589112221,0.215267799141952,52.45,243.650003433228,24.7,15.8,18.4,6.1,16.5,"0","854"
"1074","unburned-4905",-5.55948413446295,6.21849543159171,-0.0510420720232792,-0.0143164347250147,"unburned-4905-before","unburned","4905",4905,"before","unburned",1480.07788085938,0.216128890757554,4.29245588016986,0.233024997529006,59.2,254.049997329712,26.7,15.8,14.3,8.6,14.1,"0","448"
"1075","unburned-4913",-3.38973237084252,8.1249569716254,0.191042615812376,-0.0168862171314056,"unburned-4913-before","unburned","4913",4913,"before","unburned",1640.60070800781,0.0253304210196267,80.3207419289043,0.309913546909795,87.47,282.240001678467,27.8,15.6,11.6,11.5,18,"0","507"
"1076","unburned-492",-17.2242009237616,17.9366757172789,-0.0492222109461939,-0.00942059003237707,"unburned-492-before","unburned","492",492,"before","unburned",1251.33361816406,0.176754475380727,-11.6590031357543,0.125743786433835,28.74,228.560001373291,46,17.4,11.2,4.6,13.6,"0","560"
"1077","unburned-4942",21.518592956861,-1.28547448258787,-0.00327874258432927,0.0284829378683705,"unburned-4942-before","unburned","4942",4942,"before","unburned",1936.45080566406,0.0810138347870476,117.212599717803,0.296059152849552,161.37,545.059993743897,11.7,21.9,12.2,31.8,12.1,"0","362"
"1078","unburned-4943",-8.75057724815768,5.56721589259841,-0.0526561472803031,-0.0238653726936835,"unburned-4943-before","unburned","4943",4943,"before","unburned",1459.85705566406,0.26917915011357,-19.1147632853075,0.199112937524708,54.32,272.809997558594,29.5,17.1,17.5,6.9,16.4,"0","646"
"1079","unburned-4945",-8.11851059592381,4.71918829633984,-0.0125233394959997,-0.0419968703819039,"unburned-4945-before","unburned","4945",4945,"before","unburned",1330.17834472656,0.173239687599937,-1.77007381590552,0.165725684163442,39.04,235.570003509522,25.4,16.1,16.7,4.8,16.7,"0","118"
"1080","unburned-4947",24.7720386141289,7.71292974201218,-0.570541693224769,0.150582068130222,"unburned-4947-before","unburned","4947",4947,"before","unburned",2008.6806640625,0.710518388938032,-100.660558167664,0.491966652863533,226.59,460.579998016357,10.7,28.8,4.5,28.7,12,"0","882"
"1081","unburned-4949",-0.769100363201168,0.263392878137977,-0.00305475664761473,-0.0239349844497604,"unburned-4949-before","unburned","4949",4949,"before","unburned",1453.27197265625,0.212859420411225,-0.778549130473484,0.209544893898829,49.22,234.889999389648,18,18.8,18.5,9,13.8,"0","209"
"1082","unburned-495",29.7863487103421,-38.2302140167042,-0.0652548816830631,-0.074864923840392,"unburned-495-before","unburned","495",495,"before","unburned",1368.93994140625,0.328725459548989,252.384828182355,1.36262340939666,332.63,244.109999656677,2.3,6.2,39.2,56.5,7.7,"0","69"
"1083","unburned-4970",-12.0186255739428,-7.34456596247828,-0.0391504443034388,0.224665326932018,"unburned-4970-before","unburned","4970",4970,"before","unburned",1199.58569335938,0.804137481361327,-95.7093394273623,0.356855778496623,76.36,213.980001449585,25.7,8.6,27.5,8.1,18.4,"0","745"
"1084","unburned-4971",-7.832135672012,12.1348077953053,0.092696900842014,-0.0696929290695854,"unburned-4971-before","unburned","4971",4971,"before","unburned",1511.38916015625,-0.0399111418789092,49.0887904627768,0.197026737928726,40.82,207.180002212524,25.8,10.4,5.7,3.7,17.4,"0","698"
"1085","unburned-4972",-5.86800291473095,9.20954166216976,-0.000340135163731242,-0.0381515896351123,"unburned-4972-before","unburned","4972",4972,"before","unburned",1317.34094238281,0.143966957593967,0.415703294334081,0.145731627493109,34.33,235.570003509522,24.2,15.7,10.5,4.6,16.5,"0","254"
"1086","unburned-4978",10.1784775926563,7.48433254784952,-0.00934076005920008,0.0369511374687153,"unburned-4978-before","unburned","4978",4978,"before","unburned",1735.02819824219,0.0746918999589003,80.050515736326,0.253069498671414,113.57,448.770004272461,19,22.3,8.7,19.4,17.8,"0","404"
"1087","unburned-4981",-9.09559865799442,5.9536342079451,0.0307937397008609,0.00650074875234943,"unburned-4981-before","unburned","4981",4981,"before","unburned",1271.50708007812,0.217069376001317,-2.26237070772827,0.205638642787103,40.7,197.91999912262,32,16.7,17.6,8.6,18.3,"0","556"
"1088","unburned-4997",12.2786102546672,9.9880777515534,-0.00493631182272632,0.0113623145437126,"unburned-4997-before","unburned","4997",4997,"before","unburned",1931.8984375,0.0865160876318224,45.9678032468922,0.180218930514461,88.41,490.569995880127,19.8,26.6,7.6,20.3,16.1,"0","347"
"1089","unburned-5013",13.2416255198714,-9.14348855144205,0.0304384497769873,-0.0943533636479794,"unburned-5013-before","unburned","5013",5013,"before","unburned",1351.97143554688,0.246694902450107,23.5023896196007,0.362219823254389,73.69,203.439997673035,12.9,13,19.5,28.7,14.3,"0","523"
"1090","unburned-5025",7.60318919079013,12.025574040322,-0.0077016120653811,0.0107772371413709,"unburned-5025-before","unburned","5025",5025,"before","unburned",1835.56518554688,0.108989004910552,16.7629432407362,0.153476646522895,57.83,376.799997329712,25.7,23.1,6.7,19.6,15.7,"0","608"
"1091","unburned-5027",-2.66312182326216,2.18595735735903,0.0208786111537004,0.033629612696075,"unburned-5027-before","unburned","5027",5027,"before","unburned",1307.97265625,0.170525864784695,-6.91510621712025,0.137378965361385,28.66,208.620001792908,15.6,17.6,15.9,3.9,11.5,"0","70"
"1092","unburned-5040",-6.99334525668567,5.19604427851542,0.0289860670515013,-0.0194800282455692,"unburned-5040-before","unburned","5040",5040,"before","unburned",1427.69079589844,0.152849313185295,2.84120966321646,0.165652745776082,36.76,221.90999507904,23.5,19.2,16.9,3.4,12.1,"0","406"
"1093","unburned-5070",-10.2459860701694,6.98932272012073,0.0247603372070253,-0.16125922191902,"unburned-5070-before","unburned","5070",5070,"before","unburned",1367.99523925781,0.0763899461246423,57.8228302855893,0.34775671121894,74.1,213.079999923706,32.7,16.2,16.8,7.4,15.1,"0","732"
"1094","unburned-5071",26.1333011111311,1.88953463574885,-0.0301804238575152,0.044867072110531,"unburned-5071-before","unburned","5071",5071,"before","unburned",2313.25341796875,0.0808560180510781,142.787553787,0.323543412657157,190.36,588.359992980957,9.8,29.9,10.7,32.1,12.3,"0","617"
"1095","unburned-5091",23.4849681275003,5.20111317560755,-0.00523709192578466,0.0608512746831019,"unburned-5091-before","unburned","5091",5091,"before","unburned",1980.11303710938,0.106063577106709,148.580303033837,0.370832371818928,208.1,561.169994354248,12.3,30,8.7,29.3,11,"0","810"
"1096","unburned-5095",-13.5095305620739,13.5808936572593,-0.0369224634964484,-0.00826646908577572,"unburned-5095-before","unburned","5095",5095,"before","unburned",1325.37036132812,0.132712605605128,1.55409931259293,0.13969794946735,31.08,222.480001449585,35.4,16.7,11.7,2.3,12,"0","578"
"1097","unburned-5110",26.2305575026561,-10.906354340925,0.011958209013353,0.0498512579936418,"unburned-5110-before","unburned","5110",5110,"before","unburned",2128.90405273438,0.0993959069481537,148.455836401969,0.378050152399575,201.41,532.76000213623,6.4,21.1,19.3,38,11.8,"0","813"
"1098","unburned-5116",-4.45321913292968,7.87884333360559,-0.0335887032094561,-0.0189077766772061,"unburned-5116-before","unburned","5116",5116,"before","unburned",1593.14086914062,0.149265982769202,10.4745219318982,0.188892668004233,49.93,264.330005645752,20.7,15.9,10.7,3.9,14.6,"0","401"
"1099","unburned-5139",-15.183782109621,14.2597134878041,0.127524937582219,-0.104848774061525,"unburned-5139-before","unburned","5139",5139,"before","unburned",1238.32861328125,0.0219857294665893,45.0244351637943,0.253509537155037,49.3,194.470001220703,38.9,16.1,12.1,3.1,15.2,"0","475"
"1100","unburned-5157",-3.05276651360549,6.26586045564463,0.0227882506090013,-0.0197673366186493,"unburned-5157-before","unburned","5157",5157,"before","unburned",1482.0498046875,0.124603047543788,9.42818253044532,0.162242005199442,40.64,250.490000724792,18.9,18.8,13,4,14.2,"0","309"
"1101","unburned-518",-6.47725689081779,-4.16385571897329,-0.0317442448294606,-0.0513993913190651,"unburned-518-before","unburned","518",518,"before","unburned",1540.73840332031,0.185153215039475,6.68079919084506,0.208077413890993,60.64,291.429996490479,22.9,12.6,23.4,10,16.1,"0","196"
"1102","unburned-5191",-1.05342558980083,-7.12717650144899,-0.020137842755418,0.00649288212941579,"unburned-5191-before","unburned","5191",5191,"before","unburned",1401.37780761719,0.15239874178085,31.6568573103612,0.263964759483605,74.9,283.749998092651,18,13.4,23.9,13.8,17.3,"0","364"
"1103","unburned-521",-0.0202100949355439,-6.15009972083426,0.130070719384376,-0.0472618667081844,"unburned-521-before","unburned","521",521,"before","unburned",1462.51513671875,0.284953654043859,15.3777167327332,0.352396821399058,80.35,228.01000213623,18.7,15.3,23.6,14.7,14.9,"0","328"
"1104","unburned-5221",0.604964606196424,8.15280588918031,0.0312527144947604,0.0417484291580482,"unburned-5221-before","unburned","5221",5221,"before","unburned",1445.77355957031,0.167576043548396,9.66811109260767,0.21223038361379,45.95,216.509998321533,19.6,19.8,10.3,8.1,15.5,"0","581"
"1105","unburned-5226",8.03149903811278,-5.61552992720507,-0.00703324547435125,0.0190446470293553,"unburned-5226-before","unburned","5226",5226,"before","unburned",1649.29443359375,0.180692305002689,45.3447800937939,0.296182155422773,116.29,392.630001068115,17.3,13.4,18.8,24.1,16.5,"0","28"
"1106","unburned-5229",24.0971998507881,4.59106502535361,-0.00630736627720936,0.038272651013109,"unburned-5229-before","unburned","5229",5229,"before","unburned",2101.140625,0.0912542502183652,105.035381992745,0.303288450542968,150.24,495.370000839233,11.8,27.8,7.9,30.6,16.4,"0","145"
"1107","unburned-5235",-8.10526706115665,9.96434953384527,-0.0195444301064387,-0.00219706355525773,"unburned-5235-before","unburned","5235",5235,"before","unburned",1335.99011230469,0.156073052669945,0.540030315832983,0.158044613832422,43.29,273.909998893738,29.5,19.5,13.7,4.9,12.5,"0","91"
"1108","unburned-5241",-1.77315855464531,5.51416622961033,-0.0114705950638476,0.0164372983417249,"unburned-5241-before","unburned","5241",5241,"before","unburned",1351.0322265625,0.17342007802637,13.7982716875027,0.229893992307795,56.17,244.330003738403,24.5,18.6,14.6,11,18.8,"0","236"
"1109","unburned-5263",-20.0173490924458,21.6634420315571,-0.0304224153990034,-0.0157746052046915,"unburned-5263-before","unburned","5263",5263,"before","unburned",1258.48803710938,0.109325770186659,-3.04005008224437,0.096669441824509,23.22,240.20000076294,51.6,18,9.8,4,12.2,"0","6"
"1110","unburned-5316",-4.60579523264423,6.57470904981235,0.0198510185212364,-0.00630923759415356,"unburned-5316-before","unburned","5316",5316,"before","unburned",1338.88122558594,0.1491575398533,-1.72739337279813,0.141903242131024,33.79,238.119999885559,17.3,15,10.9,1.6,10.3,"0","883"
"1111","unburned-5332",-8.32652144433435,-6.5025538594813,0.0813998758072882,0.331952718337869,"unburned-5332-before","unburned","5332",5332,"before","unburned",1265.21252441406,0.528368543499052,-29.4409774832087,0.386230865732257,80,207.13000202179,22.5,10.6,25.5,9,16.2,"0","278"
"1112","unburned-5336",-0.0662907463484932,3.80096219993777,-0.00986048791508476,-0.01482173984427,"unburned-5336-before","unburned","5336",5336,"before","unburned",1375.60180664062,0.163840743924973,19.4855935296702,0.237039817306669,63.1,266.200002670288,25,21.4,17.4,13.6,18.2,"0","162"
"1113","unburned-5338",-5.62906791180597,6.51177933784007,-0.101753568225782,-0.0400665242725283,"unburned-5338-before","unburned","5338",5338,"before","unburned",1607.81481933594,0.205364182323359,11.4900109127334,0.244975347813472,71.06,290.070003509521,30.6,16.5,15.3,11.6,18.8,"0","573"
"1114","unburned-5354",-1.27430099491845,4.43815054600931,-0.129235500479397,0.108663900617372,"unburned-5354-before","unburned","5354",5354,"before","unburned",1500.25952148438,0.335683923085779,-4.9897017520475,0.319387294173622,97.79,306.17999458313,24.7,10.1,11.3,14.9,23.6,"0","106"
"1115","unburned-5355",2.12320403761014,5.77412274374757,-0.00607761744785579,0.000543788023964986,"unburned-5355-before","unburned","5355",5355,"before","unburned",1667.21801757812,0.194016509919444,16.8854999146473,0.250224691458059,75.17,300.410001754761,23.2,19,12.8,14.6,14.1,"0","638"
"1116","unburned-5359",-5.64506127062275,7.2738107171337,0.03220357837292,-0.0403201506600145,"unburned-5359-before","unburned","5359",5359,"before","unburned",1332.2265625,0.169697623496457,2.32240120497632,0.180163133191724,39.98,221.90999507904,25,18.4,14.1,5.7,15.9,"0","17"
"1117","unburned-5368",-1.21410320376258,9.12238435471086,0.0117325274496156,0.0386425579542754,"unburned-5368-before","unburned","5368",5368,"before","unburned",1368.23217773438,0.0949586663395502,16.0413343654105,0.180686190790284,33.81,187.119999885559,17.4,17.7,8.3,4,12.7,"0","712"
"1118","unburned-5378",-1.03019011314531,-7.61699599440519,0.165597622300496,-0.161937044581401,"unburned-5378-before","unburned","5378",5378,"before","unburned",1519.17687988281,-0.0311056327709569,97.7106922280907,0.408063284162876,90.79,222.489999771118,18.7,14,24.9,14.5,14.7,"0","431"
"1119","unburned-5396",2.02817240337807,10.8304556746974,0.0553940785605892,-0.0437515948079325,"unburned-5396-before","unburned","5396",5396,"before","unburned",1808.99377441406,0.0143249128756209,86.3719704501468,0.24395820277244,91.76,376.130004882812,27.6,20.8,9.3,15.4,16.1,"0","171"
"1120","unburned-5410",-3.10604380115993,6.01160415901816,-0.0587581224999319,-0.00644254846235764,"unburned-5410-before","unburned","5410",5410,"before","unburned",1621.63928222656,0.160848563198049,6.30289838174851,0.184693371759797,48.82,264.330005645752,18.8,16.7,12.2,4.6,13.1,"0","66"
"1121","unburned-5451",-11.6455093468239,-15.7196800127646,-0.518756482269541,0.152097438126531,"unburned-5451-before","unburned","5451",5451,"before","unburned",1375.86254882812,0.752595597909158,-74.811180415139,0.439996652496389,105.3,239.320002555847,23.1,6.9,35,10.8,17.2,"0","417"
"1122","unburned-5454",17.4526495566235,4.46778171067586,0.140109105867769,-0.0778311296329302,"unburned-5454-before","unburned","5454",5454,"before","unburned",2001.86047363281,-0.116358219577743,193.480951401304,0.249286593680522,131.91,529.149995803833,9.7,24.8,8.4,21.2,12.7,"0","767"
"1123","unburned-5474",14.3872855645061,3.20469283516393,-0.00203309288533836,0.0237037997356589,"unburned-5474-before","unburned","5474",5474,"before","unburned",1656.04833984375,0.0871131464931061,52.2651654545495,0.186145216096914,98.24,527.760004043579,14.2,23.3,11.2,22.3,13.1,"0","367"
"1124","unburned-5481",-5.82602468029112,-7.82414207415492,0.178679790307195,0.254032380764014,"unburned-5481-before","unburned","5481",5481,"before","unburned",1446.99951171875,0.652038433356682,-54.035770718549,0.420522706766817,98.15,233.400000572205,21.1,10.6,25.7,11.6,11.8,"0","139"
"1125","unburned-5483",7.37851018624054,-7.16365399036471,-0.0450441737055449,0.00378328683111939,"unburned-5483-before","unburned","5483",5483,"before","unburned",1521.67639160156,0.142017819791826,83.3315611407532,0.330982559271543,145.96,440.990003585815,18,9.5,18.9,25.8,18.1,"0","759"
"1126","unburned-5503",6.16374158442662,8.31329632961694,0.0347726011139292,-0.0160229872320794,"unburned-5503-before","unburned","5503",5503,"before","unburned",1829.26525878906,0.049725244609979,45.3387259279658,0.20122297431779,60.22,299.270002365112,15.4,23.9,9.2,10.2,6.6,"0","172"
"1127","unburned-5510",14.3551112128428,2.61107805967184,-0.115612381992793,-0.00444853557682984,"unburned-5510-before","unburned","5510",5510,"before","unburned",1871.61389160156,0.215653821779931,27.3082021839938,0.298086212158521,98.75,331.279998779297,14.7,20.6,10.6,23.8,15.8,"0","248"
"1128","unburned-5521",22.0693095094045,0.659456163696384,-0.00414588416966022,0.0241805554609993,"unburned-5521-before","unburned","5521",5521,"before","unburned",1903.40673828125,0.138459210593799,81.814470668267,0.292026427239591,155.58,532.76000213623,11.3,23.3,10.5,30.8,14.6,"0","877"
"1129","unburned-5522",5.64258531243567,-12.7130270537901,-0.916703280482123,0.244717198718705,"unburned-5522-before","unburned","5522",5522,"before","unburned",1340.7607421875,1.33136646473441,-152.81792552765,0.656524641793365,148.67,226.449992179871,20.9,12.1,27.6,28,14.3,"0","74"
"1130","unburned-5526",14.064423380296,2.65230854678751,0.0394974934867867,-0.0525124523089078,"unburned-5526-before","unburned","5526",5526,"before","unburned",1776.62927246094,0.0557976706452047,105.294662812226,0.254785979531559,134.82,529.149995803833,17,19.4,10.6,25.8,14.8,"0","388"
"1131","unburned-5556",6.56975022349791,9.01630930749358,-0.0421900277592751,0.0161412887415229,"unburned-5556-before","unburned","5556",5556,"before","unburned",1763.82348632812,0.101388542141695,58.9722503486442,0.285091272859211,91.52,321.019998550415,20.9,18.4,6.8,16.9,16.4,"0","678"
"1132","unburned-5557",7.57173951977375,0.532520532795208,-0.0661162975403046,-0.0369824145935674,"unburned-5557-before","unburned","5557",5557,"before","unburned",1705.14978027344,0.164500965281348,22.208502549422,0.223624311656878,84,375.629999160767,21.1,20.1,16.6,21.9,17.7,"0","353"
"1133","unburned-5563",-10.5333397372102,5.67024183288949,0.043662071036994,-0.00663725175706054,"unburned-5563-before","unburned","5563",5563,"before","unburned",1240.92333984375,0.184516104601425,-3.00789274958387,0.167138481801959,28.93,173.090001106262,27.4,14.5,16.2,3.5,12.1,"0","533"
"1134","unburned-5568",31.9396540944321,2.19839593008655,0.0200779383883174,-0.0298640994307593,"unburned-5568-before","unburned","5568",5568,"before","unburned",2290.83129882812,0.0606070335298834,456.453179103414,1.03139157230827,484.95,470.18999671936,8.7,34.6,10.4,37,10.3,"0","821"
"1135","unburned-5569",4.10764591295892,4.72325357906374,0.0102141117551891,0.0289539584345726,"unburned-5569-before","unburned","5569",5569,"before","unburned",1487.64721679688,0.136382389228616,7.3095663770882,0.170060819059482,36.91,217.039999008179,15.3,20.9,12.3,10.1,9.3,"0","572"
"1136","unburned-5579",-6.20684988889301,-17.2188307101604,0.00077304155554625,-0.0260702032174783,"unburned-5579-before","unburned","5579",5579,"before","unburned",1350.32360839844,0.342330968838553,-5.79950897396809,0.317476640721772,74.08,233.340002059937,15.3,12.2,35.5,10,13.7,"0","819"
"1137","unburned-5587",-7.25588981670451,-4.08750818253785,-0.0550967045842526,-0.0298788781110266,"unburned-5587-before","unburned","5587",5587,"before","unburned",1311.52001953125,0.276465118894652,-14.1316307950698,0.208331322667318,43.21,207.410001754761,20.1,14.9,24.1,5.8,11.1,"0","222"
"1138","unburned-5592",5.86575077992058,-2.91016812437819,-0.010915241649632,0.0199432583044438,"unburned-5592-before","unburned","5592",5592,"before","unburned",1571.21728515625,0.205074145063662,10.1411495933373,0.249173769309857,57.3,229.960000038147,12.1,19.5,18.5,13.6,13.3,"0","240"
"1139","unburned-5609",0.648972724250891,2.50504013209194,0.0818898130526219,-0.0527132110650027,"unburned-5609-before","unburned","5609",5609,"before","unburned",1501.23791503906,0.0374712929810988,70.5160906774629,0.283867361260406,81.24,286.189999580383,20.8,17.2,15.4,12.7,15.8,"0","210"
"1140","unburned-5620",-5.87621127915612,-2.63834993177812,NA,NA,"unburned-5620-before","unburned","5620",5620,"before","unburned",1333.84094238281,0.0900229291054793,28.8127076194042,0.225065614142071,48.02,213.3600025177,22.4,12.6,21.4,9.6,18.2,"0","117"
"1141","unburned-5629",-9.34427307949794,3.1196796111072,0.0914415476975358,0.0259304209334659,"unburned-5629-before","unburned","5629",5629,"before","unburned",1524.62927246094,0.354559351705041,-14.8320287286242,0.292119220899878,69.39,237.540000915527,29.3,13.9,18.7,8.1,17.4,"0","694"
"1142","unburned-5659",8.58290765921028,4.44405503233394,-0.0489345112427204,-0.0205724016488469,"unburned-5659-before","unburned","5659",5659,"before","unburned",1924.67797851562,0.17315599587502,18.7680425169303,0.219874047094823,88.33,401.729995727539,16.8,21.2,11.5,17.2,16.3,"0","372"
"1143","unburned-5680",-1.25207375601945,9.23194449938699,0.0192627702330419,0.0442481292073645,"unburned-5680-before","unburned","5680",5680,"before","unburned",1416.74536132812,0.141251955656932,16.4739594461097,0.221117954774828,45.61,206.269997596741,23.1,21.1,11.3,7.9,14.2,"0","731"
"1144","unburned-5688",2.69770713130152,18.8998390549262,-0.0380257983172495,0.0050727920949874,"unburned-5688-before","unburned","5688",5688,"before","unburned",1804.1494140625,0.120340157652092,4.81844359596999,0.132325143358928,53.2,402.039995193481,32.1,26,4,14.8,13.2,"0","561"
"1145","unburned-5690",-4.81180264753958,3.1334908906865,-0.131673293287444,-0.0317119949209077,"unburned-5690-before","unburned","5690",5690,"before","unburned",1402.54821777344,0.331519484239536,-24.8632153356605,0.226668915675198,53.75,237.130000114441,28,15.4,17.5,12.3,16.1,"0","130"
"1146","unburned-5691",24.0393420357585,-3.00370052631788,0.0134755854575915,0.0404949855655177,"unburned-5691-before","unburned","5691",5691,"before","unburned",2082.73583984375,0.0846611228389149,128.41460891507,0.320258323860803,174.56,545.059993743897,8,24.5,13.6,31.8,10.7,"0","447"
"1147","unburned-5699",-13.5010789764359,10.1861835627698,-0.0586416292994698,-0.00211285164314265,"unburned-5699-before","unburned","5699",5699,"before","unburned",1234.48583984375,0.200067277858823,-7.61775715494695,0.167541949505183,39.24,234.210000038147,37.3,16.4,15.7,5.7,14.5,"0","152"
"1148","unburned-57",-10.3571441969407,-2.20092173927102,0.148740698962662,-0.0119768710007881,"unburned-57-before","unburned","57",57,"before","unburned",1394.01171875,0.174122518691631,14.5444909002036,0.234184010719085,56.71,242.159999847412,26.4,12.2,23.3,7.3,14.1,"0","85"
"1149","unburned-5705",3.22826335457891,19.1156249350229,-0.0495225085444364,0.00018704242669168,"unburned-5705-before","unburned","5705",5705,"before","unburned",1805.19934082031,0.146121797313421,1.17719689199577,0.148915467845985,62.75,421.380001068115,33.7,25.3,3.6,17,13.9,"0","616"
"1150","unburned-5709",-0.388348730431668,3.2458131699812,0.0408551202729448,-0.022419296541023,"unburned-5709-before","unburned","5709",5709,"before","unburned",1559.48229980469,0.139016240729048,26.4380556766145,0.233711808715156,65.25,279.190000534058,19.5,21.4,16.8,8.6,12.8,"0","99"
"1151","unburned-5750",5.11446692128627,2.30192143838333,-0.0356126276701218,0.0182568863347381,"unburned-5750-before","unburned","5750",5750,"before","unburned",1673.05883789062,0.117858579871673,27.7692458318364,0.202998529611737,66.21,326.159997940063,14.2,15.2,11.4,13.3,20.3,"0","104"
"1152","unburned-5751",-9.05932472131144,7.87376298713096,-0.0863102016251531,-0.0183019184712802,"unburned-5751-before","unburned","5751",5751,"before","unburned",1477.57287597656,0.246943343065789,-11.9650126265996,0.204904790216206,58.32,284.619993209839,27.8,18.1,15.2,3.6,14.4,"0","96"
"1153","unburned-5792",-4.2657392683114,7.16447781634728,-0.0124781694182008,-0.0237110436302706,"unburned-5792-before","unburned","5792",5792,"before","unburned",1283.34411621094,0.102203862136797,4.0915968906058,0.126033779988579,21.64,171.699999809265,17.6,14.4,9.9,2.2,10.5,"0","687"
"1154","unburned-5793",21.3540072303088,6.15348128494739,-0.0335950697295984,0.0120694786389215,"unburned-5793-before","unburned","5793",5793,"before","unburned",1999.36254882812,0.155476464863575,75.9507179196963,0.302204278789925,156.43,517.629997253418,12.9,27.5,7.3,27.4,14.7,"0","67"
"1155","unburned-5797",-1.93930661816039,6.01672830573239,0.0240423816061056,0.0165867677144578,"unburned-5797-before","unburned","5797",5797,"before","unburned",1570.80798339844,0.156606702542212,15.0298164319244,0.20653798861409,62.17,301.010000228882,23.2,18.6,13.8,9.4,14.2,"0","563"
"1156","unburned-5798",-2.97253394522324,5.32663281036367,0.0413334551406085,-0.0310396910505026,"unburned-5798-before","unburned","5798",5798,"before","unburned",1335.2783203125,0.212981123649375,-4.2026401009614,0.19404263419799,43.06,221.90999507904,22.5,17.9,14.4,8,15.2,"0","2"
"1157","unburned-5804",26.4686699507962,4.19249159356222,0.00382912763710282,0.0533948615615172,"unburned-5804-before","unburned","5804",5804,"before","unburned",2036.73620605469,0.110408160121494,82.4389483778154,0.265147532535445,141.26,532.76000213623,10.7,31.3,9,31.8,12.2,"0","465"
"1158","unburned-5814",4.78931073489539,6.02236946076571,0.0280839799741085,0.0106849334270006,"unburned-5814-before","unburned","5814",5814,"before","unburned",1707.88952636719,0.0850178286216772,10.9586168608486,0.126294776713981,33.53,265.48999786377,13,22.3,10.8,7.9,9.4,"0","757"
"1159","unburned-5817",-1.23419464860796,5.74733852764881,0.0278843330443289,0.00784770590703923,"unburned-5817-before","unburned","5817",5817,"before","unburned",1513.8173828125,0.152525316220941,2.41885468448644,0.163469369654629,36.13,221.019999504089,16.3,20.4,13.1,3.8,10,"0","103"
"1160","unburned-5819",-13.5390440589276,6.57000664749842,0.0627191816488398,-0.00266080292288409,"unburned-5819-before","unburned","5819",5819,"before","unburned",1329.060546875,0.277225471761989,-5.57934557742992,0.249654085787596,50.52,202.359996795654,34.3,13.2,17.3,5.7,14,"0","510"
"1161","unburned-5843",7.27376952957304,8.01742133847145,-0.0175860651306751,0.0172247169630557,"unburned-5843-before","unburned","5843",5843,"before","unburned",1672.27673339844,0.0899505859028778,38.6029757888139,0.207153051633046,68.23,329.369997024536,16.1,20.2,7.4,13.5,13.2,"0","126"
"1162","unburned-5848",8.39493224053203,6.07234014932054,0.0211303410102152,0.0196576637406837,"unburned-5848-before","unburned","5848",5848,"before","unburned",1940.51806640625,0.0839652297980346,27.7861164045666,0.169039527936205,55.21,326.609998703003,16.5,23.9,11.1,15.1,10.8,"0","639"
"1163","unburned-586",7.36829764038095,-19.6579248496699,-0.738628714414393,0.470448958729924,"unburned-586-before","unburned","586",586,"before","unburned",1354.55529785156,1.07489359845524,-98.8816477443953,0.663965421147855,159.77,240.630001068115,14,8.6,31.1,28.5,12.8,"0","111"
"1164","unburned-5875",5.9018012904257,-1.44547603858017,-0.0547666975467359,0.0242282923522194,"unburned-5875-before","unburned","5875",5875,"before","unburned",1817.89489746094,0.189782505039932,11.9698257521203,0.227884767315854,71.59,314.150001525879,13.6,19.4,17.2,14.3,11.1,"0","308"
"1165","unburned-5879",22.7726503676019,4.95048212432395,-0.149503416350041,-0.0106066193140292,"unburned-5879-before","unburned","5879",5879,"before","unburned",1756.23681640625,0.325496402037598,1.31766640530813,0.328729145914131,133.99,407.60000038147,12.5,27.3,7.9,29.5,13.8,"0","194"
"1166","unburned-5888",-2.35025113142461,4.02981710031724,-0.142718459798002,-0.0354957148380343,"unburned-5888-before","unburned","5888",5888,"before","unburned",1403.47924804688,0.29431065272707,-19.5527415372271,0.207216035634744,46.52,224.5,23,17.1,15.3,10.1,16.2,"0","621"
"1167","unburned-5894",2.09239350736236,-2.05464515246505,-0.0121435533792024,-0.024117221090214,"unburned-5894-before","unburned","5894",5894,"before","unburned",1469.46008300781,0.234840055571603,-14.7593742433978,0.178735695338591,47.02,263.070003509522,17.6,19.2,20.1,13.3,14.7,"0","848"
"1168","unburned-5905",-9.16563127008398,4.53024235023454,-0.014859383995115,-0.0357055372964184,"unburned-5905-before","unburned","5905",5905,"before","unburned",1482.32946777344,0.148229469167926,13.7816549644992,0.20475799579626,49.92,243.800003051758,25.5,10.6,14.5,5.3,11.6,"0","886"
"1169","unburned-5907",-9.7521191535133,0.962242706472982,0.110394722197386,-0.0215255253191868,"unburned-5907-before","unburned","5907",5907,"before","unburned",1336.33215332031,0.146106464724055,5.63885852471689,0.169392137536534,41.02,242.159999847412,25.4,12.8,19.7,5.5,16.1,"0","198"
"1170","unburned-5918",5.51089115741847,7.7846979555945,-0.0339712989569643,-0.0375592933965175,"unburned-5918-before","unburned","5918",5918,"before","unburned",1686.41149902344,0.110755495968675,54.3753577234465,0.255996582892023,95.84,374.379997253418,22,19.4,9.3,16.8,17.6,"0","376"
"1171","unburned-5920",14.6450655305275,8.13514118451302,-0.134461787156988,-0.00976104951421206,"unburned-5920-before","unburned","5920",5920,"before","unburned",1739.25341796875,0.229973638890635,-3.18006959837609,0.221177252491191,79.96,361.519998550415,19.1,22.3,6.4,24.9,17,"0","676"
"1172","unburned-5921",1.30465296267034,6.56487879650021,0.000451804250345467,-0.00162706714324427,"unburned-5921-before","unburned","5921",5921,"before","unburned",1514.16687011719,0.0850468949429927,6.83448503803148,0.114409694149562,26.63,232.759996414185,14.3,19.4,10.3,5.2,5.3,"0","225"
"1173","unburned-5929",-2.80366237538352,3.89807889662609,-0.0136737102746726,-0.00524845958353248,"unburned-5929-before","unburned","5929",5929,"before","unburned",1374.255859375,0.180432441217086,-4.11783118285025,0.161772702332023,35.7,220.680000305176,15.3,16.4,13.4,3,11.1,"0","153"
"1174","unburned-5930",-8.88172434701941,-10.2424833626097,0.0209174321151724,-0.0256117907893549,"unburned-5930-before","unburned","5930",5930,"before","unburned",1368.36938476562,0.249021845362209,5.93833324192064,0.277241838995347,58.34,210.429999351501,21.8,9.8,29.2,9.7,17.2,"0","589"
"1175","unburned-5939",2.67982682937016,5.20095905810231,-0.944191776589412,0.285540196833296,"unburned-5939-before","unburned","5939",5939,"before","unburned",1813.00463867188,1.11390254267151,-161.615824845516,0.640261416211338,218.47,341.219999313354,20.8,14.6,10.4,14.8,13.7,"0","434"
"1176","unburned-5947",-10.9341335961422,-4.18284956746823,0.0354702047146837,-0.00433451973541607,"unburned-5947-before","unburned","5947",5947,"before","unburned",1350.69213867188,0.275310833648634,-11.7454530800394,0.222744359419156,49.77,223.440001487732,27,11,25.2,8.4,15.7,"0","81"
"1177","unburned-595",2.10676961012425,4.18351088397478,-0.116057450419923,-0.0293667638362964,"unburned-595-before","unburned","595",595,"before","unburned",1512.17907714844,0.246126865946449,2.06703870684984,0.252871314924527,77.5,306.479997634888,21.3,15.9,12.5,14.6,15.7,"0","473"
"1178","unburned-5950",3.41938947826819,7.88747122036216,-0.0416251285936423,0.0177912008357557,"unburned-5950-before","unburned","5950",5950,"before","unburned",1728.126953125,0.187039734712919,21.4813929666821,0.258546651397465,77.67,300.410001754761,19.7,20.2,9.8,11.8,13.7,"0","452"
"1179","unburned-5960",5.94858399894666,0.355586467950779,-0.0883095405394068,-0.00739980892560657,"unburned-5960-before","unburned","5960",5960,"before","unburned",1591.23901367188,0.215724976148847,1.69769268283684,0.220898344942609,72.49,328.159996032715,14.8,18.6,15.1,14.8,15.2,"0","102"
"1180","unburned-5983",4.61979476364704,-13.7458343952344,-0.246302635268572,0.037414753714212,"unburned-5983-before","unburned","5983",5983,"before","unburned",1584.80676269531,0.453335393327116,-16.951439017974,0.398757206283922,123.85,310.589998245239,17.2,11.5,27.9,24.1,14.1,"0","189"
"1181","unburned-5984",-10.3916179312046,-3.10019088641923,0.0358127659616826,-0.0396449783009115,"unburned-5984-before","unburned","5984",5984,"before","unburned",1323.47180175781,0.238016310725288,-15.0676510809892,0.17386861980553,40.84,234.889999389648,27.6,14,25.5,8.2,16.3,"0","110"
"1182","unburned-5990",0.63659488393901,6.33441202619394,-0.0311364887615748,0.00218072943490291,"unburned-5990-before","unburned","5990",5990,"before","unburned",1669.57336425781,0.0685896171265719,26.1648201554094,0.14385157817453,50.01,347.649991989136,16.5,17.4,10.3,7,9.9,"0","71"
"1183","unburned-5998",-0.829676879431823,6.00221280887601,-0.0180775083350751,0.0235624828592755,"unburned-5998-before","unburned","5998",5998,"before","unburned",1407.89990234375,0.13828277033815,18.0789839063762,0.219899781404032,48.71,221.509997367859,20.5,17.1,12,8.9,12.1,"0","580"
"1184","unburned-6",-3.51299918965993,10.1011187111536,0.0185446795479402,0.00435950807093521,"unburned-6-before","unburned","6",6,"before","unburned",1469.84619140625,0.126633626062304,-5.82218760901433,0.103766544663077,26.42,254.610000610352,19.7,16.1,7.8,3.1,6.8,"0","892"
"1185","unburned-6003",-5.47132957835329,-0.727893314200269,0.0334148336072141,-0.0147619917035516,"unburned-6003-before","unburned","6003",6003,"before","unburned",1394.19396972656,0.202712622871672,-1.45428468681744,0.195914358691922,41.91,213.920001983643,19.8,17.6,21.1,5.4,10.3,"0","599"
"1186","unburned-601",9.81780155551141,7.50236196677403,-0.0288479703273068,0.0310648388562658,"unburned-601-before","unburned","601",601,"before","unburned",1916.0751953125,0.0831573562714896,51.6695954880217,0.195049588007249,90.07,461.780006408691,18.3,23,9,18.1,17.4,"0","918"
"1187","unburned-6027",-0.203205059535906,-29.2664631903811,-0.558708232997105,0.0492661996603884,"unburned-6027-before","unburned","6027",6027,"before","unburned",1546.10876464844,0.61432910081924,-22.8974635845643,0.536422721677187,157.66,293.909996032715,13.9,5.3,42.6,24.3,13.4,"0","755"
"1188","unburned-6036",-8.4543556099491,1.38739501739158,-0.0210764452312536,-0.0238578663088599,"unburned-6036-before","unburned","6036",6036,"before","unburned",1352.47058105469,0.216013899362833,-1.53058636050734,0.208889922831347,44.88,214.85000038147,29.6,15,20.9,10,14.4,"0","649"
"1189","unburned-6042",3.66003255642898,5.49543981734113,-0.0594486137917688,-0.0315803155371689,"unburned-6042-before","unburned","6042",6042,"before","unburned",1657.68273925781,0.140578918749108,21.8005413030921,0.213254656575419,63.97,299.970003128052,18.2,19.3,11.5,12.2,19.2,"0","268"
"1190","unburned-6067",-7.59816954395263,-4.56057140796142,0.255287778659027,-0.09644109376211,"unburned-6067-before","unburned","6067",6067,"before","unburned",1391.40344238281,-0.0319302178362861,92.2300176489329,0.381101656638203,85.1,223.300000190735,27.8,11.2,24.7,13.5,17.2,"0","413"
"1191","unburned-6075",-6.09613920558842,-7.33686566763732,-0.128639979171892,-0.0470771595925667,"unburned-6075-before","unburned","6075",6075,"before","unburned",1338.94177246094,0.263885510308636,-8.53586961214625,0.227704306470954,53.72,235.920000076294,21,16,28,9.3,15.6,"0","554"
"1192","unburned-608",1.64078229694573,12.1010529635689,-0.0918812011306197,-0.00112677992619314,"unburned-608-before","unburned","608",608,"before","unburned",1766.85437011719,0.160348386777662,6.1950265465695,0.176433933531824,67.95,385.129995346069,30,22.5,9.5,15.9,15.6,"0","12"
"1193","unburned-6088",-22.9872537312166,17.7089437594595,-0.00906387973869319,0.00795198986990189,"unburned-6088-before","unburned","6088",6088,"before","unburned",1226.35278320312,0.0853622973600714,-2.02785543098658,0.0775676501533184,20.18,260.160001754761,52.2,15.4,14,3.4,12.6,"0","543"
"1194","unburned-6108",-0.25385592335399,0.906107034784099,-0.0023372808057302,0.0128803047314733,"unburned-6108-before","unburned","6108",6108,"before","unburned",1554.89465332031,0.129608639613905,7.33344566752463,0.152952410525587,48.05,314.150001525879,14.5,16.7,15.7,6.9,11,"0","818"
"1195","unburned-613",-7.00065577269758,8.29675656239309,0.0172748129300875,-0.00804441796427677,"unburned-613-before","unburned","613",613,"before","unburned",1577.693359375,0.148247115952197,15.3932272142381,0.198849440658415,60.49,304.20000076294,28.3,16.7,13.4,6.9,13.1,"0","259"
"1196","unburned-6135",-6.44572317891426,-4.42396335213342,-0.0679914699209805,-0.0475574535609796,"unburned-6135-before","unburned","6135",6135,"before","unburned",1532.47375488281,0.239202238455542,-2.73680351348482,0.228478507007524,58.31,255.210000991821,22.6,12.6,23.6,9.9,17.3,"0","879"
"1197","unburned-6156",-4.92978265592218,2.35374816637472,0.073153098350047,-0.0226983873518995,"unburned-6156-before","unburned","6156",6156,"before","unburned",1563.80737304688,0.203063058858863,18.4366514512499,0.297286248586054,58.17,195.66999912262,23.4,16.6,17.9,8.1,13,"0","688"
"1198","unburned-6158",-7.15042846830065,-4.21441274410087,NA,NA,"unburned-6158-before","unburned","6158",6158,"before","unburned",1330.07751464844,0.237946426824679,13.8637677996191,0.312756310699926,57.96,185.320001602173,25.2,17.2,26.6,9.8,19.6,"0","446"
"1199","unburned-6159",21.0162639027852,4.59292654762381,-0.157500088914666,-0.045701331169497,"unburned-6159-before","unburned","6159",6159,"before","unburned",2217.87451171875,0.24354320758588,42.1048230835735,0.349954506737053,138.47,395.680002212525,12.3,24.8,7.6,28,15.3,"0","637"
"1200","unburned-6181",-10.1463778485052,6.79081749721247,-0.101867780852887,-0.0228877437038819,"unburned-6181-before","unburned","6181",6181,"before","unburned",1487.73022460938,0.339727247175804,-34.863035507042,0.195575768254549,47.3,241.850002288818,32.1,17.5,17.5,6.7,16.3,"0","140"
"1201","unburned-6195",1.94017033542574,2.33816789790853,-0.107678514204137,-0.00785458403390948,"unburned-6195-before","unburned","6195",6195,"before","unburned",1672.92553710938,0.14178654424679,17.0916923777784,0.203609927565527,56.29,276.459997177124,15.3,17.8,14.1,9.4,16.3,"0","740"
"1202","unburned-6196",-8.19550875331351,8.94919710812994,-0.0135965262157309,-0.0182455249571362,"unburned-6196-before","unburned","6196",6196,"before","unburned",1234.46520996094,0.133739107940741,-10.4240547539708,0.0826057091670879,16.84,203.860001564026,24.6,13.7,10.7,2.7,11.6,"0","211"
"1203","unburned-6227",-2.20981697973594,-3.40369661409817,-0.0787476643310623,-0.0164019250555051,"unburned-6227-before","unburned","6227",6227,"before","unburned",1377.66101074219,0.270939632732562,-14.5057396677957,0.215519216947327,56.41,261.740000724792,19.3,16,21.9,10.9,17.7,"0","90"
"1204","unburned-6243",-2.69505504036524,3.47253065536967,-0.097860043811084,-0.0150207478610833,"unburned-6243-before","unburned","6243",6243,"before","unburned",1591.96057128906,0.219083794526882,-0.0596370472919024,0.218878199165175,63.49,290.070003509521,22.3,15.8,15.2,9.7,17.1,"0","901"
"1205","unburned-6272",-3.33661542424974,2.74503870316541,-0.0400485710482081,-0.0164264464161668,"unburned-6272-before","unburned","6272",6272,"before","unburned",1316.92431640625,0.256823409111525,-6.52234016190661,0.222716102674005,42.59,191.229998588562,19,17.5,16.3,5.8,13.7,"0","553"
"1206","unburned-6277",-7.2166149914721,2.24945450547328,-0.0609590427382365,0.00610964280683043,"unburned-6277-before","unburned","6277",6277,"before","unburned",1244.67578125,0.22237235024221,-11.3540861051157,0.182707421145944,52.3,286.250003814697,25.8,19.7,21,6.4,14.1,"0","360"
"1207","unburned-6291",1.63619297228375,6.84883330302364,-0.0189947409220966,0.0154897190412627,"unburned-6291-before","unburned","6291",6291,"before","unburned",1420.55346679688,0.107131219611427,-2.35544631612583,0.0957621381799591,19.84,207.180002212524,13.2,18.8,9.3,4.7,7,"0","834"
"1208","unburned-630",-6.22528153167534,4.0209202072373,0.00688063251310597,-0.0442904073960496,"unburned-630-before","unburned","630",630,"before","unburned",1338.65856933594,0.20025167204925,4.59141448172237,0.224035222707133,43.25,193.050001144409,21.3,16.9,16.2,3.7,13.7,"0","286"
"1209","unburned-6300",8.72464902353919,3.99421241271253,0.0103697064720345,0.0258594674064471,"unburned-6300-before","unburned","6300",6300,"before","unburned",1713.16467285156,0.123347197047404,48.7498917356109,0.26199482193446,92.12,351.6100025177,16,21.5,11.9,16.8,11.3,"0","440"
"1210","unburned-6308",-8.80728634441567,8.10712806071152,-0.104332651724764,-0.0658157552011543,"unburned-6308-before","unburned","6308",6308,"before","unburned",1293.27600097656,0.231307655476341,-8.90327086599298,0.190105975906291,41.08,216.089998245239,31,15.9,14.5,7.3,14.9,"0","33"
"1211","unburned-6312",26.8478643777162,7.19505312018651,0.000109540181948767,0.0600672657542468,"unburned-6312-before","unburned","6312",6312,"before","unburned",2235.67846679688,0.110130658923923,121.047978753432,0.325837093642916,182.85,561.169994354248,8.8,37.5,8.3,27.3,11.6,"0","671"
"1212","unburned-6319",-6.72909072547048,-4.86578219535687,-0.160274006733343,-0.009551258697723,"unburned-6319-before","unburned","6319",6319,"before","unburned",1525.90991210938,0.247777242820621,-6.01049585074454,0.226036318592464,62.49,276.459997177124,22.1,11.3,23.4,9.7,15.8,"0","593"
"1213","unburned-6325",-4.80757775371861,-3.11275035743621,0.0357885690607821,-0.0432163822645074,"unburned-6325-before","unburned","6325",6325,"before","unburned",1340.33093261719,0.181168822824242,11.1041183798709,0.243362831910404,43.45,178.539999961853,16.1,15.7,21.6,4.7,15,"0","89"
"1214","unburned-6328",6.18563468158524,10.2112297977335,0.00358895900862485,0.0339250264839376,"unburned-6328-before","unburned","6328",6328,"before","unburned",1881.0390625,0.0692867004591766,66.3262071389106,0.217082244964067,97.42,448.770004272461,28.7,22.1,9.4,21.6,17.6,"0","302"
"1215","unburned-6332",3.67038831623205,-2.93338281652707,0.0591417441172957,0.0363197739824023,"unburned-6332-before","unburned","6332",6332,"before","unburned",1457.25903320312,0.215637072670923,28.5752971603454,0.331256320026474,81.87,247.150001525879,17.6,15.7,18.7,16.8,15.8,"0","534"
"1216","unburned-6338",-1.89642497649333,-9.35021868443381,-0.258896436418735,0.0345777068289761,"unburned-6338-before","unburned","6338",6338,"before","unburned",1559.41369628906,0.39877814308144,-27.3395315022916,0.296455707201317,79.21,267.189998626709,18.7,9.1,24.6,15.7,16.9,"0","370"
"1217","unburned-6341",-4.94226259645332,6.80512789881438,-0.136824126736145,-0.0240211473864063,"unburned-6341-before","unburned","6341",6341,"before","unburned",1403.34765625,0.26044255660682,-18.2293539582311,0.17924276169265,40.24,224.5,25.8,18.5,14.6,7.5,16.4,"0","215"
"1218","unburned-6350",0.577610484810733,-5.76057520880322,-0.0394817996351612,0.00701037568240798,"unburned-6350-before","unburned","6350",6350,"before","unburned",1576.51538085938,0.18041293335357,12.7142130114372,0.222894182217696,66.71,299.290000915528,16,14.3,21.8,13.2,16.4,"0","921"
"1219","unburned-6353",1.10418506014318,-0.6355954575444,-0.00345218669701558,-0.00137367306773362,"unburned-6353-before","unburned","6353",6353,"before","unburned",1667.35327148438,0.3018128480614,-9.34868546404137,0.270755124208595,81.5,301.010000228882,19.3,17.4,18.4,13.4,14.9,"0","125"
"1220","unburned-6354",-3.9034618182645,-17.5317448503708,-0.36696946139981,0.129570544941094,"unburned-6354-before","unburned","6354",6354,"before","unburned",1318.66979980469,0.649400729477849,-88.1654997215185,0.341323644373679,97.68,286.179998397827,20.8,9.4,34.9,18.8,17.6,"0","450"
"1221","unburned-6365",-1.04635807642642,6.03452006362051,-0.0477770835311895,-0.00851375334372972,"unburned-6365-before","unburned","6365",6365,"before","unburned",1315.74548339844,0.216698353845039,-4.70922589993053,0.192072374999206,36.73,191.229998588562,18.7,20.8,13.5,5.9,14.1,"0","482"
"1222","unburned-64",-3.3527966138562,16.1644821698515,0.0765306871968616,-0.0584377878194978,"unburned-64-before","unburned","64",64,"before","unburned",1631.73376464844,0.0470402086508494,49.3886566954522,0.21848097756411,62.94,288.079999923706,33.4,18.4,5.6,11.8,14.2,"0","583"
"1223","unburned-6406",-4.99562805907948,0.583398512205997,-0.00163323564399639,0.0101289223036349,"unburned-6406-before","unburned","6406",6406,"before","unburned",1225.111328125,0.242351248138681,-14.8882145169483,0.170472648362575,35.31,207.13000202179,21,14.1,18,7.5,16.9,"0","528"
"1224","unburned-6412",14.5710242755317,11.1948944441562,-0.0355422255848119,-0.0066416486110483,"unburned-6412-before","unburned","6412",6412,"before","unburned",1849.68029785156,0.141762011744978,49.4389176954603,0.240653692288058,120.31,499.929998397827,21.4,27.5,6.3,23.8,15.3,"0","345"
"1225","unburned-6422",9.00755995405835,11.7277850344884,-0.0254928116084702,0.00695087761662525,"unburned-6422-before","unburned","6422",6422,"before","unburned",1923.33972167969,0.104457631090318,28.9581924271844,0.167095671239058,77.25,462.310001373291,20.6,23.9,5.7,16.8,15.2,"0","920"
"1226","unburned-6434",-4.00650558823638,9.03649009280548,-0.0666593092740342,-0.0183429644269316,"unburned-6434-before","unburned","6434",6434,"before","unburned",1544.44885253906,0.232693369521167,-5.11260920532643,0.213415781385586,56.6,265.21000289917,27.5,19.6,12.8,8.8,14.2,"0","532"
"1227","unburned-644",3.74088131837277,5.05817102681735,-0.0838176478488426,-0.0257968868708925,"unburned-644-before","unburned","644",644,"before","unburned",1702.76098632812,0.186361599309377,-11.1395580270637,0.158208652572684,62.6,395.680002212525,18.8,20.1,12.5,12.8,15.9,"0","284"
"1228","unburned-6444",3.83739607194055,6.06055093073938,-0.0234741468367028,-0.00636149475974959,"unburned-6444-before","unburned","6444",6444,"before","unburned",1599.294921875,0.107540424728001,23.8350264694249,0.184020534956544,57.35,311.650001525879,20.8,19.8,11.7,14.3,15,"0","129"
"1229","unburned-6463",-5.84755361143307,-0.820173052939073,-0.0965566512181371,-0.0377123378948348,"unburned-6463-before","unburned","6463",6463,"before","unburned",1538.81872558594,0.249873112368006,-20.465511750986,0.174576895265606,47.45,271.79999923706,21.1,13,19.3,7.5,12.9,"0","552"
"1230","unburned-6470",9.34860881760828,-5.83177817541999,-0.0090756026761348,0.000191601974492916,"unburned-6470-before","unburned","6470",6470,"before","unburned",1477.83422851562,0.207730732585773,39.0020784309664,0.354244925071615,94.3,266.200002670288,15.6,18,20.5,23,15,"0","77"
"1231","unburned-6471",-9.18373263441819,-3.76163177420581,0.0829661287505093,-0.0431660226647428,"unburned-6471-before","unburned","6471",6471,"before","unburned",1301.08703613281,0.208646535609134,9.66413256042307,0.258036491165719,50.49,195.66999912262,23.3,13.9,24.7,6.3,17.4,"0","776"
"1232","unburned-6474",-3.0810022921497,6.67762570463467,-0.0248621134303084,-0.0210029553119226,"unburned-6474-before","unburned","6474",6474,"before","unburned",1419.05920410156,0.137551335223391,5.95661893576016,0.162759201642315,38.46,236.300004005432,18.6,19.8,13,3.2,10.8,"0","922"
"1233","unburned-6480",-0.545633882980173,6.77524412777361,-0.00511541289545332,0.00224447816532153,"unburned-6480-before","unburned","6480",6480,"before","unburned",1324.24743652344,0.121184483300618,-2.48261425336599,0.108860759081389,21.93,201.450000762939,13.4,17.2,9.4,2.6,10.8,"0","860"
"1234","unburned-650",-1.65846443229859,-5.8345553760154,0.183412608446949,-0.0290255960533032,"unburned-650-before","unburned","650",650,"before","unburned",1611.33020019531,0.1154250957238,41.1782573064387,0.272852387668382,71.37,261.570003509521,16.4,15.7,23.5,10.3,9.7,"0","911"
"1235","unburned-651",-3.58745436469986,6.34016286525508,-0.147432474715272,-0.0445333710582133,"unburned-651-before","unburned","651",651,"before","unburned",1512.46960449219,0.198081233360417,-1.25557328623637,0.193735937404905,55.98,288.950004577637,24.1,17.7,13.8,8.2,14.2,"0","858"
"1236","unburned-6510",-9.19751318791937,2.5018103206184,0.252966396711176,-0.172943691126123,"unburned-6510-before","unburned","6510",6510,"before","unburned",1345.76965332031,0.0776689038134323,56.4978757680584,0.351890501839368,72.5,206.029999732971,27.4,12.6,18.2,7.3,15.4,"0","402"
"1237","unburned-6524",15.2856849021241,9.3847332262555,-0.0804093394555192,-0.0039918537683403,"unburned-6524-before","unburned","6524",6524,"before","unburned",1764.80981445312,0.169935791769974,13.4126293064994,0.204762030880348,78.86,385.129995346069,16,25.9,5.9,21.3,16.2,"0","430"
"1238","unburned-6526",18.5027571603017,7.60317163820094,0.00252516363892147,0.0355522281910496,"unburned-6526-before","unburned","6526",6526,"before","unburned",2053.36547851562,0.0983974594972605,87.8526428362741,0.286454319812718,133.82,467.159999847412,16.7,26.2,7,26.8,16.4,"0","108"
"1239","unburned-6534",-3.48896981820079,5.57643962541692,-0.108750810272681,-0.0590739191857536,"unburned-6534-before","unburned","6534",6534,"before","unburned",1494.63232421875,0.224919357619044,-10.9917237262044,0.185128872318518,51.14,276.240001678467,27.7,16.6,14.9,12.2,16.7,"0","888"
"1240","unburned-6539",-4.00496956293056,3.75067484763639,0.0251524272932558,-0.0258140174469361,"unburned-6539-before","unburned","6539",6539,"before","unburned",1359.55004882812,0.137885526974528,10.7059263633982,0.180458900782253,45.38,251.470001220703,20.9,17.3,15.8,6.2,12.6,"0","565"
"1241","unburned-6547",1.88056619989177,-1.4583065577891,-0.0596260489196504,-0.0133015498066588,"unburned-6547-before","unburned","6547",6547,"before","unburned",1366.70666503906,0.21819741896586,-11.0596980958632,0.166456141093544,35.58,213.749999046326,14,18.1,18.1,9.9,10.2,"0","407"
"1242","unburned-657",-0.268255234697847,1.61869841182307,-0.0505466232718758,0.00714653637567367,"unburned-657-before","unburned","657",657,"before","unburned",1381.01293945312,0.186566257908809,0.838398047136237,0.190588123258604,39.73,208.459999084473,12.3,16.7,14.4,4.6,12.4,"0","231"
"1243","unburned-6574",-2.34116890664942,5.58638522668813,-0.0727813389573735,-0.0129681471491647,"unburned-6574-before","unburned","6574",6574,"before","unburned",1270.91845703125,0.171650140462473,-0.234134849555794,0.170366717496886,31.08,182.429998397827,16.8,16.1,11.6,4.2,13.3,"0","327"
"1244","unburned-6583",2.0651300083976,6.1129817080654,0.0239159889636833,0.0228099142521196,"unburned-6583-before","unburned","6583",6583,"before","unburned",1446.89147949219,0.111258966544914,15.9848880490874,0.180770568764586,41.57,229.960000038147,12.5,16.1,8.4,5.8,14.3,"0","868"
"1245","unburned-6585",2.34377169247252,-0.175302468357366,-0.0538937936632825,0.0297763911537699,"unburned-6585-before","unburned","6585",6585,"before","unburned",1528.7626953125,0.19228707562995,14.8304009586681,0.241839018271876,72.38,299.290000915528,16.7,15,15.6,13.2,17,"0","24"
"1246","unburned-659",4.86548947107685,7.2403700189321,-0.0760830379016346,-0.02245049795179,"unburned-659-before","unburned","659",659,"before","unburned",1796.95068359375,0.180736488723714,6.79065452258825,0.199627229357313,71.76,359.469999313354,19.1,21.3,10.4,13.1,14.1,"0","460"
"1247","unburned-6591",-8.83346803983503,-7.37841921852485,-0.0872244686825783,-0.0199661327796744,"unburned-6591-before","unburned","6591",6591,"before","unburned",1407.32019042969,0.219100098400681,5.2449638907626,0.241016210028411,57.68,239.320002555847,23.6,10.4,26.8,9.8,18.4,"0","889"
"1248","unburned-6601",2.04626271386833,7.62540461939949,-0.0340223397368801,-0.00611623301600628,"unburned-6601-before","unburned","6601",6601,"before","unburned",1554.11450195312,0.135275685059628,4.24708179702408,0.153409333479134,35.93,234.210000038147,13.7,21.1,9.6,4.6,16.1,"0","214"
"1249","unburned-6604",-5.40232610707759,-1.9212168687503,0.0634922653756207,-0.0155224292399946,"unburned-6604-before","unburned","6604",6604,"before","unburned",1473.54870605469,0.114595212754565,36.5896232968404,0.265692104561205,64.34,242.159999847412,20.3,13.3,20.3,7.8,17.2,"0","295"
"1250","unburned-662",-4.17069652536719,-5.26283719166615,-0.0287607786473459,-0.043620363240849,"unburned-662-before","unburned","662",662,"before","unburned",1519.78393554688,0.207811043178139,6.64000398661068,0.228311210120506,73.95,323.899995803833,20.5,13.8,23.8,11,17.6,"0","387"
"1251","unburned-6623",11.9610517795881,8.68732718884923,-0.0332380613136861,0.017675306645894,"unburned-6623-before","unburned","6623",6623,"before","unburned",1875.68273925781,0.157820512794188,18.1355363183046,0.1993948019743,86.98,436.219997406006,20.4,24.1,8,21.8,14.1,"0","277"
"1252","unburned-6626",-7.27458438691537,10.4130528987705,0.0541942307889779,-0.0230704480489885,"unburned-6626-before","unburned","6626",6626,"before","unburned",1451.01184082031,0.082418281968382,26.7550444900038,0.189229110395019,47.4,250.490000724792,27.1,16.3,10.7,4.6,11.1,"0","588"
"1253","unburned-6629",1.21463131702813,5.31774295155126,-0.098479716662928,-0.0249139961050393,"unburned-6629-before","unburned","6629",6629,"before","unburned",1671.728515625,0.146701797713889,35.3686164394913,0.262645466970746,80.12,305.050001144409,25.2,18.4,13.8,15.6,17.1,"0","916"
"1254","unburned-6631",8.45264160541182,2.83958151258618,0.131136978610796,-0.0791768659578595,"unburned-6631-before","unburned","6631",6631,"before","unburned",1768.85485839844,-0.00946430579884083,120.171266284474,0.422775342107937,117.54,278.019998550415,16.8,16.9,11.1,19.1,14.6,"0","493"
"1255","unburned-6639",11.9831401967208,2.43034860138678,0.398594892947014,-0.175523069750001,"unburned-6639-before","unburned","6639",6639,"before","unburned",1723.07775878906,-0.293166779537764,252.614368312574,0.447160190806637,152.58,341.219999313354,12.1,17.8,9.6,19.4,12.3,"0","116"
"1256","unburned-664",-17.0183359228703,18.1882778519429,0.181372852241683,-0.138341995117377,"unburned-664-before","unburned","664",664,"before","unburned",1260.03503417969,-0.0890251373979467,62.6593965611636,0.244216348801855,45.92,188.029999732971,43.9,17.7,10.5,2.8,14,"0","693"
"1257","unburned-6666",-1.75306590636426,6.87994583896397,-0.0612872406458003,-0.0203957447795874,"unburned-6666-before","unburned","6666",6666,"before","unburned",1747.93408203125,0.203534333323535,-8.41805733960686,0.175987432957482,53.78,305.590002059937,20.4,16.8,11.2,7.3,12.8,"0","587"
"1258","unburned-6673",7.2599488466818,2.17726954592353,-0.00228746996813914,-0.00476185145611863,"unburned-6673-before","unburned","6673",6673,"before","unburned",1607.67419433594,0.139982067417058,36.83506861603,0.245351563449705,85.77,349.580001831055,18.2,22.6,15.5,17.4,11,"0","504"
"1259","unburned-6688",-8.15965653978053,-2.73785045769606,-0.191953476377589,-0.0497939235195609,"unburned-6688-before","unburned","6688",6688,"before","unburned",1422.52722167969,0.346784348383029,-33.4577765843301,0.216881503788737,55.86,257.559999465942,23.1,12.4,22.4,7.4,15.1,"0","23"
"1260","unburned-6694",24.4649461158699,-21.6919166804035,-0.24208059680899,0.175473125623916,"unburned-6694-before","unburned","6694",6694,"before","unburned",1345.81701660156,0.530148554658394,202.917863943437,1.4262310053138,322.97,226.449992179871,10.6,11.5,27.8,47.5,13,"0","728"
"1261","unburned-6698",3.61186467362272,6.22080051945882,-0.044278688499088,-0.00507777605021562,"unburned-6698-before","unburned","6698",6698,"before","unburned",1566.20288085938,0.133532501425202,15.6918181752706,0.194200655397136,50.23,258.650002479553,17.3,18.3,10,11.3,10.1,"0","623"
"1262","unburned-6700",-7.30495337454443,-13.7247225574112,-0.271380187753506,0.0913342429003519,"unburned-6700-before","unburned","6700",6700,"before","unburned",1429.48498535156,0.517285501801573,-29.6367676132552,0.393448098756505,94.16,239.320002555847,20.5,8.6,31.5,12.6,19.6,"0","190"
"1263","unburned-6715",18.6969395193329,-33.3831313326425,-0.368388856993319,0.0171787502651481,"unburned-6715-before","unburned","6715",6715,"before","unburned",1317.775390625,0.636908857992853,161.123018508008,1.41194863730013,293.53,207.889998435974,4.9,6.1,38.5,42.3,9.2,"0","595"
"1264","unburned-672",12.7926515306004,-4.22895550347393,-0.0581253953654359,0.0128725955629352,"unburned-672-before","unburned","672",672,"before","unburned",1553.27954101562,0.206352956302221,36.0176280016571,0.291848656537771,122.95,421.279993057251,14.3,13.7,15,26.8,13.1,"0","795"
"1265","unburned-6733",-7.00406690291976,8.40306293570809,0.0351256377232816,-0.013190634601264,"unburned-6733-before","unburned","6733",6733,"before","unburned",1586.74426269531,0.148563375847732,9.78114818541362,0.181306908739549,54.16,298.720001220703,28.6,20.7,15.4,5.9,14.7,"0","262"
"1266","unburned-6738",-1.5157338560398,-16.5848271734917,0.146902286758182,-0.0739448321883053,"unburned-6738-before","unburned","6738",6738,"before","unburned",1284.5908203125,-0.335607640106679,299.788806549914,1.06881851859146,228.15,213.459999084473,25.5,10.9,34.9,25.1,16.7,"0","114"
"1267","unburned-6754",-17.6724060739042,16.9819153958684,-0.10829567348136,-0.0174238687314251,"unburned-6754-before","unburned","6754",6754,"before","unburned",1275.00341796875,0.281279055515765,-24.9926670075947,0.140744490062688,25.03,177.839999198913,44.9,13.8,10.3,4.6,14.3,"0","642"
"1268","unburned-6755",-10.4167076705879,9.40997206056987,-0.121129030042972,-0.0363615625037467,"unburned-6755-before","unburned","6755",6755,"before","unburned",1318.63684082031,0.222676500514453,-6.72149781906799,0.187601106186562,35.95,191.630000114441,33.7,14.9,13.8,7.3,18.8,"0","490"
"1269","unburned-676",1.07519023688277,-5.95501940879278,-0.0403276136975318,-0.0313772573919964,"unburned-676-before","unburned","676",676,"before","unburned",1555.654296875,0.172381940524758,39.5494954363853,0.300411126838939,92.8,308.909996032715,19.4,14.4,22.7,16.9,13.8,"0","747"
"1270","unburned-6763",-5.21752106866556,8.79441951775396,0.0192096526173074,-0.00579214611892959,"unburned-6763-before","unburned","6763",6763,"before","unburned",1416.13720703125,0.129127792387633,3.0901753905211,0.143109221206087,31.63,221.019999504089,20.4,15.3,9.6,2.4,13.8,"0","305"
"1271","unburned-6773",0.142887396914927,6.49400324831177,-0.0433132799975362,-0.0178998019955519,"unburned-6773-before","unburned","6773",6773,"before","unburned",1784.7626953125,0.120040411831084,30.0971476998937,0.197748571819107,76.59,387.31000328064,25,17.7,12.5,13.7,16.5,"0","856"
"1272","unburned-6776",0.614877668812681,-10.3940340133217,-0.207518390443138,0.125903578073873,"unburned-6776-before","unburned","6776",6776,"before","unburned",1860.88830566406,0.503666064306029,-25.7433993530792,0.415331302397194,121.04,291.429996490479,17,11.8,25.8,17.1,18.7,"0","136"
"1273","unburned-6806",8.66392894503364,-9.06331839074756,-0.238438493145324,0.0531600528106404,"unburned-6806-before","unburned","6806",6806,"before","unburned",1366.05944824219,0.429196016327162,123.319364715257,0.86952796587471,243.52,280.059997558594,18.8,9.7,20.8,29,11.8,"0","782"
"1274","unburned-6831",-11.7669388162965,9.97666831461204,0.0261480676416791,-0.0163856285132214,"unburned-6831-before","unburned","6831",6831,"before","unburned",1398.88293457031,0.140998285646901,5.7346175289929,0.164520096381971,40.11,243.800003051758,31.6,13.4,12.4,3.9,14.6,"0","135"
"1275","unburned-6861",-5.68680154448981,-8.46757939340263,-0.572964407972457,0.136321447437045,"unburned-6861-before","unburned","6861",6861,"before","unburned",1316.10473632812,0.83562932199387,-89.0366798295394,0.432164217219367,95.37,220.68000125885,24.2,11,27.3,14.7,12.7,"0","411"
"1276","unburned-6872",-4.04782726646235,1.94746550037561,0.0657851509673296,-0.0100670702657285,"unburned-6872-before","unburned","6872",6872,"before","unburned",1356.56176757812,0.18779698306809,3.98275280825861,0.212186161432243,34.65,163.29999923706,17.5,16,16.3,4.4,10.2,"0","257"
"1277","unburned-6874",-6.30309245573493,3.62676458936059,-0.0311137732032823,-0.0237594939629322,"unburned-6874-before","unburned","6874",6874,"before","unburned",1347.70642089844,0.194384687061167,-0.296812799979774,0.193039695219725,42.6,220.680000305176,21.6,14.1,15.3,4.9,15.1,"0","928"
"1278","unburned-6890",-1.40137115441135,-4.44027465750614,-0.0125021207213504,-0.0414581759168905,"unburned-6890-before","unburned","6890",6890,"before","unburned",1533.39990234375,0.209361431077984,2.56886896693843,0.219427137582256,56,255.210000991821,16.7,14.8,21.5,10.5,15.4,"0","158"
"1279","unburned-6906",23.126409345194,-22.2717890772507,0.456847566144865,-0.240712423602323,"unburned-6906-before","unburned","6906",6906,"before","unburned",1275.451171875,0.201405084411682,318.690341733287,1.74731990783495,360.21,206.150000572205,10.1,11.9,29,45.5,13.1,"0","855"
"1280","unburned-6914",-14.8628723238813,15.7189850923988,0.0393204219714454,0.0253078501238866,"unburned-6914-before","unburned","6914",6914,"before","unburned",1284.38806152344,0.0835269968698221,6.5861635859292,0.104043362254127,33.4,321.019998550415,45.4,15.6,11.7,8.7,13.9,"0","685"
"1281","unburned-6917",25.2394700778892,2.87412172275475,0.00115106670687017,0.0297353760437096,"unburned-6917-before","unburned","6917",6917,"before","unburned",1981.10083007812,0.094073695579058,100.661297742338,0.283016741863899,150.78,532.76000213623,10.3,28,9.1,31.5,13.7,"0","363"
"1282","unburned-6926",-3.36344932050467,0.109598838724964,-0.148943381859078,-0.045119832390334,"unburned-6926-before","unburned","6926",6926,"before","unburned",1378.90576171875,0.30264123237556,-26.1333163813311,0.202796667888036,53.08,261.740000724792,21.9,14.8,18.5,10.4,17.8,"0","551"
"1283","unburned-6932",6.64071078435891,13.7223615124047,-0.0221819630787385,0.0049424826906582,"unburned-6932-before","unburned","6932",6932,"before","unburned",1763.87768554688,0.116713476647882,8.32236231073677,0.138800425612094,52.3,376.799997329712,24.2,24.2,5.4,15.9,14,"0","483"
"1284","unburned-6935",-1.13272178476041,-2.37117697305056,0.0881734034320456,-0.00829076628650574,"unburned-6935-before","unburned","6935",6935,"before","unburned",1453.56677246094,0.11860074765357,31.8002069043957,0.255848080676715,59.28,231.699998855591,17.9,20.8,22.5,9.1,11.4,"0","833"
"1285","unburned-6939",-9.74053584821298,3.08291558673724,0.0102639339052337,-0.0167632087564216,"unburned-6939-before","unburned","6939",6939,"before","unburned",1319.25793457031,0.122415322365804,-6.48413499578742,0.0948103369997345,22.27,234.889999389648,24.8,13.7,17.7,3.7,11.8,"0","342"
"1286","unburned-6953",19.762766824453,4.69170195028854,-0.0649057525260508,-0.0112103453916924,"unburned-6953-before","unburned","6953",6953,"before","unburned",1980.27893066406,0.116055500358226,73.2993144009637,0.283016719990562,124.25,439.019998550415,10.8,26.2,8.3,24.6,11.7,"0","134"
"1287","unburned-6966",-1.12395411296799,-0.0396409658997306,0.038754917315744,0.026658625576721,"unburned-6966-before","unburned","6966",6966,"before","unburned",1329.92028808594,0.227035477714036,11.7049190794183,0.27520783331387,66.87,242.980002403259,20.9,18.3,19.4,11.4,21.3,"0","907"
"1288","unburned-6974",-2.32204963996955,-14.833680226409,-0.304250890374811,0.126872393652733,"unburned-6974-before","unburned","6974",6974,"before","unburned",1325.91918945312,0.511807218187228,-48.5589888808172,0.342127334363502,97.91,286.179998397827,19,8.9,30.7,18.1,17.5,"0","358"
"1289","unburned-6994",27.2508680158689,1.55549474055053,-0.0505941243676764,0.0294171529424573,"unburned-6994-before","unburned","6994",6994,"before","unburned",2201.60083007812,0.116443642347544,111.719219405722,0.306326062529941,180.23,588.359992980957,8.7,30.3,10.6,32.6,13.4,"0","822"
"1290","unburned-6996",-3.38880882999575,10.2831768550921,-0.0302274311743793,0.00262977426884645,"unburned-6996-before","unburned","6996",6996,"before","unburned",1549.83508300781,0.130907515803944,1.20926498529942,0.135764781990265,33.8,248.959999084473,22.9,18.4,9.5,5.3,10.3,"0","492"
"1291","unburned-7010",-6.50066316142119,1.12219276748917,0.0124069715977409,-0.0480203613626332,"unburned-7010-before","unburned","7010",7010,"before","unburned",1305.62072753906,0.211412376810051,-10.5351454605202,0.165437488703599,37.91,229.149996757507,22.8,15.1,18.9,6.6,15.6,"0","95"
"1292","unburned-706",7.56399533148239,1.37768076241099,0.00147911194399925,0.0322851036539581,"unburned-706-before","unburned","706",706,"before","unburned",1478.78430175781,0.108286150911589,34.7315639221887,0.229848448463241,65.67,285.709999084473,13.1,19.2,13.3,14.7,11.3,"0","138"
"1293","unburned-7064",-2.99240931118345,1.99734128020609,0.0689559839542138,-0.0320417437845954,"unburned-7064-before","unburned","7064",7064,"before","unburned",1382.39025878906,0.1820816082311,6.96929816072327,0.213259965360115,47.67,223.529999732971,17.8,17.3,16.6,5.6,13.9,"0","778"
"1294","unburned-7065",23.5620932162084,-8.40466064794109,-0.126242450571267,-0.030659588221635,"unburned-7065-before","unburned","7065",7065,"before","unburned",2206.9599609375,0.232312078175239,76.9032082398159,0.430869325828078,166.88,387.31000328064,11.2,17.2,16.7,38.8,13.6,"0","719"
"1295","unburned-7067",7.45430549386706,4.15425682846092,-0.0826335870597214,-0.0203992221330625,"unburned-7067-before","unburned","7067",7067,"before","unburned",1972.34875488281,0.152787936054802,9.14526316728302,0.183042214412351,55.33,302.279996871948,11.6,18.9,9.8,12,15.1,"0","647"
"1296","unburned-707",-2.86935515740748,9.97462254147716,0.00617757796662001,0.000740077257656957,"unburned-707-before","unburned","707",707,"before","unburned",1389.60437011719,0.0704008055688834,7.090630748694,0.101234997374057,23.28,229.960000038147,17.5,13.6,5.9,2.8,7.3,"0","300"
"1297","unburned-7074",8.74459295999877,3.39363567433887,-0.0237362724697184,0.0377782268804082,"unburned-7074-before","unburned","7074",7074,"before","unburned",1707.13500976562,0.214036733853936,50.9428026936376,0.383276302821418,115.37,301.010000228882,16.6,22.3,13.1,17.4,12.2,"0","301"
"1298","unburned-7091",-9.53951900225609,1.64130774085786,0.0103620560361251,1.38081252355838,"unburned-7091-before","unburned","7091",7091,"before","unburned",1340.05810546875,0.228178618782772,-2.57736601067005,0.215533314030888,43.93,203.819999694824,31.2,15,21.4,9.9,14.4,"0","568"
"1299","unburned-7092",-4.2826830089759,1.70003226743956,-0.190995546821088,-0.0595649861986997,"unburned-7092-before","unburned","7092",7092,"before","unburned",1549.77014160156,0.335636884795335,-30.7587040531933,0.230204978719993,67.16,291.73999786377,24.8,15.2,18,10.9,15.5,"0","664"
"1300","unburned-7093",0.840695658954147,-4.38905633644382,-0.0325424156730961,0.0128473605159419,"unburned-7093-before","unburned","7093",7093,"before","unburned",1471.9951171875,0.102575068756546,23.4042649301301,0.160206846958942,65.06,406.099996566773,19.5,14.2,21,16,19.8,"0","357"
"1301","unburned-7107",-9.34028228341638,5.82859806767969,-0.0536219705423073,-0.0494178522717994,"unburned-7107-before","unburned","7107",7107,"before","unburned",1322.46789550781,0.265492041357818,-16.1301870785638,0.191618960886857,41.84,218.349999427795,27,14.5,15.5,4.6,14.1,"0","82"
"1302","unburned-7110",-3.2564802035096,2.43837116332364,-0.131250118468177,-0.0303629956557638,"unburned-7110-before","unburned","7110",7110,"before","unburned",1432.37133789062,0.288658736100992,-12.1401520310405,0.239412622351468,59.02,246.520001411438,22.6,15.6,16.5,9.8,18.1,"0","271"
"1303","unburned-7118",6.47602272326471,-12.3347885399794,-0.0991458795802339,-0.0142086295253148,"unburned-7118-before","unburned","7118",7118,"before","unburned",1592.49462890625,0.396814466579518,13.3933955213819,0.439936896783489,136.64,310.589998245239,13.5,11.3,24.7,22.6,13.7,"0","398"
"1304","unburned-7120",17.2082063485736,9.95922297096216,-0.402823296644493,0.211039249924726,"unburned-7120-before","unburned","7120",7120,"before","unburned",2056.20336914062,0.442976924747827,25.5603460963461,0.500654391362925,221.87,443.159999847412,12.9,27.4,4.6,20.3,12.7,"0","121"
"1305","unburned-7123",-5.50186548712068,7.76426862382888,0.237133941398553,-0.211889543937386,"unburned-7123-before","unburned","7123",7123,"before","unburned",1356.17797851562,-0.132762727634218,100.230773482191,0.336438540403804,71.87,213.619997024536,26.9,16.5,13,7.9,16.1,"0","771"
"1306","unburned-7126",23.1878359840783,4.92646666439318,-0.0806824311798165,0.0441382279254432,"unburned-7126-before","unburned","7126",7126,"before","unburned",1901.2998046875,0.198545872088038,78.2991235856469,0.389221705094349,159.83,410.6399974823,11.9,29,8.5,29,12.9,"0","235"
"1307","unburned-7127",26.7366066687578,2.09895710333467,-0.0173860189322774,0.0344847389987893,"unburned-7127-before","unburned","7127",7127,"before","unburned",1988.82653808594,0.120972073207815,135.714102360948,0.362813411351916,203.6,561.169994354248,8.7,30.9,10.5,31.5,11.6,"0","796"
"1308","unburned-7129",3.81009266216104,3.14439106440735,-0.0329805894564107,-0.000495630044543227,"unburned-7129-before","unburned","7129",7129,"before","unburned",1468.16467285156,0.155728309545565,10.8107663900015,0.189815543781695,60.2,317.150001525879,19.3,21.9,15.6,13.7,10.4,"0","715"
"1309","unburned-7137",-7.43767588280125,-13.4733028810232,0.231661963623553,-0.189968557282317,"unburned-7137-before","unburned","7137",7137,"before","unburned",1300.95910644531,0.010323859177965,95.0968884553605,0.455951266044665,97.3,213.399999618531,24,11.9,33.8,14.4,15.5,"0","306"
"1310","unburned-715",17.0765053506477,6.73585305118166,-0.0267219327207955,0.0187934988418322,"unburned-715-before","unburned","715",715,"before","unburned",1864.61706542969,0.0905594215837706,64.2114211459036,0.225106861879664,107.43,477.240005493164,14.1,27.5,8.5,22.7,14.5,"0","174"
"1311","unburned-7153",-3.73305530939327,-5.17779096244057,-0.117056890949029,-0.0871323921439301,"unburned-7153-before","unburned","7153",7153,"before","unburned",1412.0263671875,0.309836027134895,-18.6563840947851,0.230615712186549,54.31,235.499999046326,21.5,14.8,24.3,12.1,16.1,"0","669"
"1312","unburned-7155",-12.5122824909558,0.971335185318223,0.133485749303087,-0.00076627278608199,"unburned-7155-before","unburned","7155",7155,"before","unburned",1364.57995605469,0.163800535320123,6.67023620443317,0.188514267473277,50.88,269.899995803833,31.1,12.1,21.7,7.2,15.6,"0","898"
"1313","unburned-7175",27.8330882227573,3.77337995375425,0.0122947789778257,0.0485366956520819,"unburned-7175-before","unburned","7175",7175,"before","unburned",2197.04736328125,0.091949353041247,94.5401967345837,0.25394975925108,148.2,583.579998016357,8.7,32.9,9.3,31.5,13.1,"0","875"
"1314","unburned-7185",1.00251498297937,5.27589964983112,0.00239408270511118,0.0231487100476833,"unburned-7185-before","unburned","7185",7185,"before","unburned",1429.08959960938,0.140544163611276,14.0103855524094,0.199729638166046,47.28,236.720000267029,18.2,19.3,12.7,8.9,14.1,"0","72"
"1315","unburned-7190",-5.97477197438782,7.10887161649747,0.01724669210443,-0.0171841676260948,"unburned-7190-before","unburned","7190",7190,"before","unburned",1373.0908203125,0.229683289824825,-5.26730571795245,0.204519398301663,42.81,209.319997787476,23.8,17.4,13.6,4.6,15.5,"0","494"
"1316","unburned-7206",2.7712475899632,2.30679742919786,-0.110775902460488,-0.0315407333005294,"unburned-7206-before","unburned","7206",7206,"before","unburned",1438.91589355469,0.229143071676451,-10.5880472324664,0.190916313934618,52.88,276.979996681214,17.4,18.9,14.9,12,19.3,"0","640"
"1317","unburned-722",13.8241542992961,8.51628825474426,-0.0466701232615807,0.0185783773807571,"unburned-722-before","unburned","722",722,"before","unburned",1981.0048828125,0.154016217735672,22.851596254561,0.201265403479777,97.34,483.640001296997,19.7,24.6,7.6,23.5,14.4,"0","912"
"1318","unburned-7225",3.79265779402387,4.05547610092918,-0.0876453510641271,-0.0869576311208264,"unburned-7225-before","unburned","7225",7225,"before","unburned",1860.05786132812,0.162915275964122,357.150249211788,1.52048806490803,400.01,263.079999923706,15.1,12.1,8.6,12.5,15.6,"0","701"
"1319","unburned-7254",5.16847359296777,-8.02011751824459,-0.0808873940764598,0.000563701395914606,"unburned-7254-before","unburned","7254",7254,"before","unburned",1653.04406738281,0.325045468942008,2.25592815425893,0.333909626719057,84.98,254.5,16.9,12.5,21.9,21.5,14.4,"0","538"
"1320","unburned-7261",2.0595615158294,10.5297291424972,-0.0438261784418597,-0.0115395514553713,"unburned-7261-before","unburned","7261",7261,"before","unburned",1579.7646484375,0.2118797345625,19.0931965040715,0.280555357192608,78,278.019998550415,27.7,21.7,10.1,15.4,14.9,"0","484"
"1321","unburned-7267",-2.69274774724413,4.09378638738652,0.0268693509484222,-0.00360213068038964,"unburned-7267-before","unburned","7267",7267,"before","unburned",1607.974609375,0.0995314837263841,4.53942917736573,0.115235590679264,33.31,289.060001373291,16.7,18,14.3,3.8,16.2,"0","155"
"1322","unburned-727",-8.75199870083876,8.02885683259802,0.0069835498589513,-0.0218360285332516,"unburned-727-before","unburned","727",727,"before","unburned",1281.51696777344,0.1883229673202,-9.72976310279503,0.141840246100826,29.69,209.319997787476,27,15.5,13.4,4,12.8,"0","915"
"1323","unburned-7270",-0.0711128176511913,-8.96786238341371,-0.0464894783633307,-0.0313449438585562,"unburned-7270-before","unburned","7270",7270,"before","unburned",1399.02514648438,0.234290736388137,10.2894601554542,0.278491347598238,64.83,232.78999710083,18.7,11.6,24.8,17.1,14.1,"0","781"
"1324","unburned-7274",22.5456043396477,3.9723955397389,-0.0817010228745468,0.03284978437936,"unburned-7274-before","unburned","7274",7274,"before","unburned",1824.92272949219,0.15858191947932,76.7602251122381,0.330320385878784,147.64,446.960000991821,12.3,27.3,9,29.5,13.3,"0","471"
"1325","unburned-7288",18.1604611466822,4.71589797546374,0.141198421229929,-0.0276519870192592,"unburned-7288-before","unburned","7288",7288,"before","unburned",2221.9287109375,-0.094129730265064,179.532227801366,0.213509716617305,124.6,583.579998016357,12.9,25.5,9,24.6,11.9,"0","823"
"1326","unburned-729",7.39791832576768,4.82037057849305,-0.0641137741808261,-0.0137312583149038,"unburned-729-before","unburned","729",729,"before","unburned",1880.5234375,0.121755113710692,24.1630265092771,0.184141900275998,71.32,387.31000328064,16.6,19.3,10.5,15.9,17.8,"0","252"
"1327","unburned-7349",2.99808054937969,-8.86511628534469,0.156434823741958,-0.128627989433979,"unburned-7349-before","unburned","7349",7349,"before","unburned",1577.38781738281,0.0116643443578479,140.606687290249,0.454533998667926,144.31,317.490001678467,18.4,11,23.2,20.9,14.3,"0","185"
"1328","unburned-7357",23.1070127118073,-2.21994270747947,0.0348596947779734,-0.0799981414255098,"unburned-7357-before","unburned","7357",7357,"before","unburned",1861.3505859375,0.123522938330608,145.59682416184,0.457292194732505,199.48,436.219997406006,8.7,19.7,10.8,32.3,13.1,"0","64"
"1329","unburned-7367",15.0739655185111,-1.32624472973778,-0.052988228392881,0.0292452549784416,"unburned-7367-before","unburned","7367",7367,"before","unburned",1588.65625,0.133735389433772,70.990058810089,0.308544696033746,125.3,406.099996566773,13.1,20.9,14.4,25.1,14.9,"0","395"
"1330","unburned-7383",-3.57831682993115,-5.57698705332718,0.0832520716740915,0.168357938512105,"unburned-7383-before","unburned","7383",7383,"before","unburned",1299.9736328125,0.512167676718486,-41.3508904863909,0.328598065516139,74.02,225.259999275208,18.7,14.2,23.7,10.2,13,"0","379"
"1331","unburned-7386",13.2793801104045,7.76025383610585,-0.0107725641393949,0.0403611513985825,"unburned-7386-before","unburned","7386",7386,"before","unburned",1952.90832519531,0.0811442995235326,74.6235482769287,0.231786341129816,114.82,495.370000839233,20.1,23,7.9,24,17.5,"0","415"
"1332","unburned-7394",-7.2027423656558,15.5690483781799,-0.0553726297884388,-0.0300314104492529,"unburned-7394-before","unburned","7394",7394,"before","unburned",1263.96105957031,0.178595633720437,-5.7369281175409,0.153345069907601,34.84,227.20000076294,35.4,21.1,9.5,8.1,15.5,"0","15"
"1333","unburned-7431",-3.81952853592204,-0.729768292927481,-0.174188629247812,-0.0637460409396098,"unburned-7431-before","unburned","7431",7431,"before","unburned",1320.00402832031,0.345611239800049,-18.2294819224355,0.250482700888872,48,191.630000114441,23.8,16.1,20.7,11.5,20.5,"0","537"
"1334","unburned-7432",18.9759270917465,-14.7967736479592,0.634149874693167,-0.225606079127473,"unburned-7432-before","unburned","7432",7432,"before","unburned",1308.77368164062,-0.46622425885915,773.835232021527,2.46563610661658,650.78,263.940002441406,12.4,16,25,37.4,13,"0","845"
"1335","unburned-7444",21.4251442734583,3.3573745969145,0.000235884069695144,0.0269421387031529,"unburned-7444-before","unburned","7444",7444,"before","unburned",2059.12231445312,0.108775553299987,99.8742315543429,0.305564314757565,155.08,507.519996643066,12.5,25.1,9,29.2,14.4,"0","508"
"1336","unburned-7446",-5.31856162737644,1.29003887311208,-0.0605840184184639,-0.0344727481046616,"unburned-7446-before","unburned","7446",7446,"before","unburned",1624.41564941406,0.188411139281419,5.85593121040018,0.209833188001731,57.36,273.359998703003,22.4,15.7,18.5,7.5,16.3,"0","611"
"1337","unburned-7458",3.61511813457892,-0.941654435023974,0.00682706565184985,-0.0318548820511146,"unburned-7458-before","unburned","7458",7458,"before","unburned",1556.7939453125,0.185428922468163,23.7815803141625,0.279860229606862,70.48,251.839999198914,13.1,18.7,17,10.9,12.8,"0","548"
"1338","unburned-7462",18.8280092137094,9.14599090565155,0.139053388346587,-0.0726308852364808,"unburned-7462-before","unburned","7462",7462,"before","unburned",2270.20458984375,-0.115289094875038,158.87151526723,0.243207870830198,107.78,443.159999847412,12.1,26.6,4.3,22.3,12.4,"0","80"
"1339","unburned-7468",-5.08966251569635,-21.961097301783,0.15107215304,0.0207326248138094,"unburned-7468-before","unburned","7468",7468,"before","unburned",1370.16259765625,0.190239055738298,97.4312030001042,0.658906157249249,136.98,207.889998435974,16.9,7.6,38.3,16.5,17.6,"0","632"
"1340","unburned-747",14.8190535077556,9.20977486263524,-0.0599677580425513,-0.00936343265256068,"unburned-747-before","unburned","747",747,"before","unburned",2168.01586914062,0.117624369372631,39.5967625944785,0.216189980642878,86.85,401.729995727539,17.4,26.3,6.8,21.9,13.7,"0","270"
"1341","unburned-7471",11.1053932826328,-13.2585088504179,NA,NA,"unburned-7471-before","unburned","7471",7471,"before","unburned",1337.99340820312,0.477106994231693,41.2891143427498,0.71585519189847,123.8,172.940004348755,9.2,6.6,20.6,26.6,14.4,"0","609"
"1342","unburned-7472",19.618622413698,3.60644578781741,-0.0874214144089169,-0.0366072026022177,"unburned-7472-before","unburned","7472",7472,"before","unburned",2120.76342773438,0.160229427524177,71.3515305887526,0.31514612146671,145.15,460.579998016357,13.4,25.3,9.7,27.5,13.8,"0","186"
"1343","unburned-7478",-0.38357113753273,-0.867858606489437,-0.0589917052275944,0.00251830564831801,"unburned-7478-before","unburned","7478",7478,"before","unburned",1450.861328125,0.128813286697849,13.7389247142487,0.162644670175809,66.05,406.099996566773,22.8,14.4,18.5,15.6,18.8,"0","354"
"1344","unburned-7486",-1.82948792260229,-2.31278452732405,0.00365695122130841,0.0123107436796488,"unburned-7486-before","unburned","7486",7486,"before","unburned",1307.34069824219,0.237754380254417,-20.0146826314853,0.144219084918881,30.86,213.980001449585,15,16.9,20,6.8,14.1,"0","661"
"1345","unburned-7491",26.457755843823,5.20304212453254,-0.277030095685229,0.201150372232404,"unburned-7491-before","unburned","7491",7491,"before","unburned",1961.498046875,0.423471091160884,13.0728497011274,0.447455331154968,243.89,545.059993743897,9.6,32.4,8.2,30,12.4,"0","356"
"1346","unburned-751",-6.27091399799979,-4.67417330532665,-0.225835956229618,-0.0612340655016456,"unburned-751-before","unburned","751",751,"before","unburned",1413.92785644531,0.355698787353501,-30.383779480804,0.237731014625571,61.23,257.559999465942,22.1,13.6,24.2,9.5,17.6,"0","168"
"1347","unburned-7519",2.15490689051009,7.17055761066947,-0.00953305485766612,-0.0256403612412397,"unburned-7519-before","unburned","7519",7519,"before","unburned",1487.96337890625,0.141881331166811,29.4361133376205,0.252797768085165,67.09,265.390001296997,20.7,22.2,12.3,10.8,14.8,"0","246"
"1348","unburned-7529",-1.5763104245874,4.88065121418642,-0.0325507041868166,0.00683696732722591,"unburned-7529-before","unburned","7529",7529,"before","unburned",1429.65783691406,0.153215870113826,0.165502911491094,0.154057353298894,30.3,196.679998397827,17.3,19.6,14,4.9,9.5,"0","416"
"1349","unburned-7530",4.65454885653221,-0.796062854318294,-0.00698927103690522,-0.0114968472409646,"unburned-7530-before","unburned","7530",7530,"before","unburned",1509.04150390625,0.16253013668639,17.0774826536853,0.217327128728975,67.73,311.650001525879,15.9,19.8,17.7,14.3,15.7,"0","433"
"1350","unburned-7533",3.03610281362108,3.96807808652743,-0.0572431697345942,-0.0266415898554851,"unburned-7533-before","unburned","7533",7533,"before","unburned",1705.72302246094,0.193889492266961,20.3571721776712,0.257059516977483,82.84,322.260000228882,23.2,20.1,15,16.3,19.5,"0","923"
"1351","unburned-754",13.0465605458735,4.96584631630031,-0.0270879547256143,0.0285298587540146,"unburned-754-before","unburned","754",754,"before","unburned",1686.55163574219,0.141133333962203,91.8823552929267,0.388808018477539,144.24,370.980003356934,16.7,21.8,9.6,22.4,15.2,"0","746"
"1352","unburned-7549",13.4477020595782,9.46653248930048,-0.0317369053070858,0.0301070095650515,"unburned-7549-before","unburned","7549",7549,"before","unburned",1942.05078125,0.108589874929935,39.7262430341907,0.193103006778919,90.77,470.06000328064,18.6,25.9,7.1,21.2,13.2,"0","439"
"1353","unburned-7550",16.5006499414519,4.75746096472007,-0.122148974371916,0.00861975637105711,"unburned-7550-before","unburned","7550",7550,"before","unburned",1918.73571777344,0.254423862907205,17.0124875695267,0.29724627415399,118.09,397.280000686646,14.7,22,8.2,25.1,15.8,"0","191"
"1354","unburned-7554",16.2394740542211,2.2231002865661,-0.0864931682814641,0.0298146123694902,"unburned-7554-before","unburned","7554",7554,"before","unburned",1840.08361816406,0.263722157392761,19.7605952724757,0.329747067052382,98.69,299.290000915528,12.8,22,10.6,24.3,11.7,"0","606"
"1355","unburned-7564",2.02749702701338,-4.0314935358113,-0.0828457119261788,-0.0203724813146309,"unburned-7564-before","unburned","7564",7564,"before","unburned",1358.85314941406,0.324029372138958,-18.0125852159084,0.251608234853513,62.58,248.719999313354,16.7,18.1,21.5,13.7,19.4,"0","906"
"1356","unburned-7590",-9.40096797948668,12.4869593891029,0.00871211846078167,0.0164386168529529,"unburned-7590-before","unburned","7590",7590,"before","unburned",1561.21118164062,0.0978290794441706,9.29326353502026,0.140639396281804,30.53,217.079998970032,29.5,13,8.1,4,15.2,"0","14"
"1357","unburned-7593",17.2584158946457,7.93575758514234,-0.0113062031942103,0.0107111542598041,"unburned-7593-before","unburned","7593",7593,"before","unburned",2016.69799804688,0.0591421610644343,64.2041706151146,0.185647857470065,94.22,507.519996643066,13.6,26.9,6.7,22.1,13.8,"0","348"
"1358","unburned-760",-6.76339582941932,8.38261357139206,-0.0551334722537149,-0.0215360131005823,"unburned-760-before","unburned","760",760,"before","unburned",1593.80200195312,0.191003909373031,11.8266106229996,0.229881656228186,69.93,304.20000076294,28.4,17.2,13.5,7.1,15.6,"0","472"
"1359","unburned-779",7.52774237513365,6.78868302571367,-0.00835198528691559,0.0358029556263328,"unburned-779-before","unburned","779",779,"before","unburned",1534.22888183594,0.103691375113827,26.922562361741,0.173070482649797,67.16,388.049995422363,16.7,21,9.2,14.7,11.3,"0","817"
"1360","unburned-786",0.35458181390164,5.8144173559872,-0.15307554277299,-0.0321715447766943,"unburned-786-before","unburned","786",786,"before","unburned",1511.81140136719,0.204967899718406,7.11426275569121,0.238006783537368,51.25,215.329997062683,18.8,20.1,12.9,8.1,14.4,"0","575"
"1361","unburned-790",1.15567399584201,1.39608411440863,-0.00795424141163983,-0.130534308963991,"unburned-790-before","unburned","790",790,"before","unburned",1552.38061523438,0.19042776492081,54.6935594496603,0.437898735270622,96.78,221.010001182556,17.4,21.1,17.6,9.7,14.9,"0","146"
"1362","unburned-802",-2.87835705646587,6.02230900679225,-0.0395013930614197,-0.0159185282370344,"unburned-802-before","unburned","802",802,"before","unburned",1450.9296875,0.181756787855971,-15.9850688512453,0.123162641767861,33.6,272.809997558594,19.2,16.5,12.1,5.3,10.8,"0","910"
"1363","unburned-807",0.875779045723726,-16.6899301297904,0.109957545547156,-0.195047725946088,"unburned-807-before","unburned","807",807,"before","unburned",1358.91430664062,0.00432727509547533,139.822135699912,0.497092514354639,141.05,283.749998092651,16.1,7,29.9,21.1,17,"0","336"
"1364","unburned-811",25.5128490251918,2.31590669448369,-0.0836515416692441,0.0564133835518265,"unburned-811-before","unburned","811",811,"before","unburned",2038.33239746094,0.156688486441408,155.341985869987,0.482189249332108,230.12,477.240005493164,7.4,31.5,10.7,28.5,12.1,"0","226"
"1365","unburned-82",28.9202509206922,4.39964711518104,0.239587549471884,-0.0825936946324763,"unburned-82-before","unburned","82",82,"before","unburned",2177.97265625,-0.12886695562924,381.090161109497,0.518849010200937,305.27,588.359992980957,5.8,35,8.6,29.4,12.8,"0","804"
"1366","unburned-826",1.39013306510939,8.42609082405414,-0.0255063370870211,0.00111861573855926,"unburned-826-before","unburned","826",826,"before","unburned",1513.0078125,0.12451222935199,7.07143549452298,0.152916131667733,38.07,248.959999084473,17,20.4,9.4,6.5,9.1,"0","119"
"1367","unburned-828",-12.8464425737123,9.5580356925935,-0.0427920470343047,-0.0116537326547548,"unburned-828-before","unburned","828",828,"before","unburned",1475.12805175781,0.222290029892424,-8.36443604196233,0.192249676401837,53.53,278.440000534058,33.7,13.3,13.7,4.6,13.6,"0","310"
"1368","unburned-841",2.38163501939731,2.94899408861934,-0.0450129233407538,-0.01639071696737,"unburned-841-before","unburned","841",841,"before","unburned",1669.18701171875,0.210814050753832,6.26172586451696,0.231596413186936,69.78,301.300003051758,18,20.3,15.2,11.3,15.5,"0","426"
"1369","unburned-843",21.5862182748575,4.65645995723661,-0.0668872129829987,-0.0058555676138326,"unburned-843-before","unburned","843",843,"before","unburned",1868.06921386719,0.188155180158995,45.6562621585428,0.281454989998571,137.73,489.350002288818,13.8,26.2,8.4,29.6,14.6,"0","396"
"1370","unburned-879",13.0931420364202,-2.5848085689321,-0.113975779143679,-0.0139142292626719,"unburned-879-before","unburned","879",879,"before","unburned",1603.57373046875,0.270368761158341,7.9585483773264,0.297379853996424,87.62,294.639999389648,13.7,17.9,15.1,24.6,17,"0","622"
"1371","unburned-880",20.32261503903,5.71738260200093,-0.0501438843516762,0.0179977840460806,"unburned-880-before","unburned","880",880,"before","unburned",2116.78198242188,0.118527703911877,30.9067726347912,0.178815956438531,91.67,512.64999961853,12,24.5,6.4,26.4,10.6,"0","806"
"1372","unburned-895",-8.97918627771639,13.7860663213417,-0.0208252110178122,-0.0186297139293627,"unburned-895-before","unburned","895",895,"before","unburned",1258.76611328125,0.108646274617027,1.04961694704986,0.113391807421085,25.08,221.180000305176,33.3,18.2,10.1,5.7,12.7,"0","604"
"1373","unburned-898",4.54398754707226,5.16804005128161,-0.0902648389568933,-0.026102451654576,"unburned-898-before","unburned","898",898,"before","unburned",1728.10668945312,0.189540543259735,-11.5874025763752,0.160255761336004,63.41,395.680002212525,17,19.4,11.3,12.4,15.1,"0","21"
"1374","unburned-901",6.38893876057443,-5.63134218827173,-0.304929597524787,0.107873732270786,"unburned-901-before","unburned","901",901,"before","unburned",1691.39404296875,0.378038415025873,5.24938106372671,0.395246679389202,120.57,305.050001144409,14.5,14.5,19.3,19.2,15.9,"0","512"
"1375","unburned-916",-9.07068966693245,3.91400732549631,0.10072255223253,-0.033813869138704,"unburned-916-before","unburned","916",916,"before","unburned",1329.90490722656,0.168666440681238,5.39302974558209,0.193068185926818,42.67,221.010001182556,28.4,16.8,19,6.4,15.7,"0","177"
"1376","unburned-943",-16.4086771504423,16.5461264877376,-0.0457965372695861,0.0117590271437789,"unburned-943-before","unburned","943",943,"before","unburned",1292.65563964844,0.167613715267413,-9.62047000616058,0.118044104989852,22.91,194.08000087738,39.6,14.3,9.3,1.6,15.1,"0","793"
"1377","unburned-965",-1.87912532243384,2.67316739021606,-0.0110983871482929,0.00650384468130913,"unburned-965-before","unburned","965",965,"before","unburned",1588.24426269531,0.233934175232114,-9.08168329152394,0.19969080887245,52.96,265.21000289917,18.6,17,15.5,7.5,12.4,"0","176"
"1378","unburned-969",-9.00209623427213,3.28902455048138,0.0895045069561007,-0.00237831519346904,"unburned-969-before","unburned","969",969,"before","unburned",1422.9287109375,0.12926366418826,14.0117375780007,0.181178216970189,48.9,269.899995803833,25.5,15.9,18.5,4.5,14.6,"0","584"
